DELETE FROM `instance_template` WHERE `map` = 1864;
INSERT INTO `instance_template` (`map`, `parent`, `script`, `allowMount`, `insideResurrection`) VALUES (1864, 0, 'instance_shrine_of_the_storm', 1, 1);

DELETE FROM `game_tele` WHERE `id` = 1875;
INSERT INTO `game_tele` (`id`, `position_x`, `position_y`, `position_z`, `orientation`, `map`, `name`) VALUES (1875,  4167.202148, -1238.527832, 186.893570, 4.730950, 1864, 'shrineofthestormdungeon');

DELETE FROM `areatrigger` WHERE `guid` IN (57, 58);
INSERT INTO `areatrigger` (`guid`, `id`, `map_id`, `spawn_mask`, `position_x`, `position_y`, `position_z`, `ScriptName`) VALUES
(57, 100007, 1864, 8388870, 4167.646484, -1220.450928, 187.704132, ''),
(58, 100004, 1643, 1, 4161.293945, -1142.094604, 164.760132, '');

DELETE FROM `areatrigger_teleport` WHERE `ID` IN (-57, -58);
INSERT INTO `areatrigger_teleport` (`ID`, `PortLocID`, `Name`) VALUES
(-57, 6574, 'Shrine of the storm - Exit Target'),
(-58, 6524, 'Shrine of the storm- Entrance Target');

DELETE FROM `creature` WHERE `map` = 1864;
DELETE FROM `gameobject` WHERE `map` = 1864;

DELETE FROM `scenarios` WHERE `map` = 1864;
INSERT INTO `scenarios` (`map`, `scenario_A`, `scenario_H`) VALUES
('1864', '1523', '1523');

DELETE FROM `creature_template_journal` WHERE entry IN (134056, 134063, 139737, 134067);
INSERT INTO `creature_template_journal` VALUES
(134056, 2153), -- Aqu'sirr
(134063, 2154), -- Tidesage Council 
(139737, 2155), -- Lord Stormsong
(134067, 2156); -- Vol'zith the Whisperer

SET @CGUID = 280004000;
SET @OGUID = 210410000;
SET @PHASEID = 0;
SET @CDIFFS = "1,2,23,8";
SET @ODIFFS = "1,2,23,8";

DELETE FROM creature WHERE guid BETWEEN @CGUID AND @CGUID+645;
INSERT INTO creature (guid, id, map, spawnDifficulties, PhaseId, position_x, position_y, position_z, orientation) VALUES (@CGUID+0, 136347, 1864, @CDIFFS, @PHASEID, 4161.389, -1273.97, 179.8398, 2.466918);
INSERT INTO creature (guid, id, map, spawnDifficulties, PhaseId, position_x, position_y, position_z, orientation) VALUES (@CGUID+1, 136347, 1864, @CDIFFS, @PHASEID, 4146.408, -1277.873, 179.9103, 1.525839);
INSERT INTO creature (guid, id, map, spawnDifficulties, PhaseId, position_x, position_y, position_z, orientation) VALUES (@CGUID+2, 136347, 1864, @CDIFFS, @PHASEID, 4152.338, -1280.092, 179.8938, 1.90288);
INSERT INTO creature (guid, id, map, spawnDifficulties, PhaseId, position_x, position_y, position_z, orientation) VALUES (@CGUID+3, 139970, 1864, @CDIFFS, @PHASEID, 4171.817, -1259.208, 181.575, 2.248472);
INSERT INTO creature (guid, id, map, spawnDifficulties, PhaseId, position_x, position_y, position_z, orientation) VALUES (@CGUID+4, 134139, 1864, @CDIFFS, @PHASEID, 4167.143, -1298.083, 179.8676, 4.997312);
INSERT INTO creature (guid, id, map, spawnDifficulties, PhaseId, position_x, position_y, position_z, orientation) VALUES (@CGUID+5, 136347, 1864, @CDIFFS, @PHASEID, 4167.314, -1300.906, 180.3886, 4.704023);
INSERT INTO creature (guid, id, map, spawnDifficulties, PhaseId, position_x, position_y, position_z, orientation) VALUES (@CGUID+6, 136347, 1864, @CDIFFS, @PHASEID, 4173.642, -1301.844, 180.5688, 4.537932);
INSERT INTO creature (guid, id, map, spawnDifficulties, PhaseId, position_x, position_y, position_z, orientation) VALUES (@CGUID+7, 141587, 1864, @CDIFFS, @PHASEID, 4155.908, -1281.961, 179.7781, 5.316593);
INSERT INTO creature (guid, id, map, spawnDifficulties, PhaseId, position_x, position_y, position_z, orientation) VALUES (@CGUID+8, 141587, 1864, @CDIFFS, @PHASEID, 4171.049, -1292.705, 179.7723, 1.797061);
INSERT INTO creature (guid, id, map, spawnDifficulties, PhaseId, position_x, position_y, position_z, orientation) VALUES (@CGUID+9, 134173, 1864, @CDIFFS, @PHASEID, 4099.845, -1284.849, 177.1672, 5.250216);
INSERT INTO creature (guid, id, map, spawnDifficulties, PhaseId, position_x, position_y, position_z, orientation) VALUES (@CGUID+10, 134173, 1864, @CDIFFS, @PHASEID, 4094.64, -1278.922, 177.1731, 5.41825);
INSERT INTO creature (guid, id, map, spawnDifficulties, PhaseId, position_x, position_y, position_z, orientation) VALUES (@CGUID+11, 134137, 1864, @CDIFFS, @PHASEID, 4097.677, -1285.557, 177.4269, 2.439706);
INSERT INTO creature (guid, id, map, spawnDifficulties, PhaseId, position_x, position_y, position_z, orientation) VALUES (@CGUID+12, 134173, 1864, @CDIFFS, @PHASEID, 4097.822, -1293.474, 177.2563, 2.506015);
INSERT INTO creature (guid, id, map, spawnDifficulties, PhaseId, position_x, position_y, position_z, orientation) VALUES (@CGUID+13, 134137, 1864, @CDIFFS, @PHASEID, 4098.537, -1295.155, 177.4269, 3.977275);
INSERT INTO creature (guid, id, map, spawnDifficulties, PhaseId, position_x, position_y, position_z, orientation) VALUES (@CGUID+14, 134139, 1864, @CDIFFS, @PHASEID, 4080.123, -1255.819, 171.8398, 3.310308);
INSERT INTO creature (guid, id, map, spawnDifficulties, PhaseId, position_x, position_y, position_z, orientation) VALUES (@CGUID+15, 141585, 1864, @CDIFFS, @PHASEID, 4110.734, -1287.454, 177.1781, 0.1490221);
INSERT INTO creature (guid, id, map, spawnDifficulties, PhaseId, position_x, position_y, position_z, orientation) VALUES (@CGUID+16, 134173, 1864, @CDIFFS, @PHASEID, 4090.001, -1284.739, 177.2172, 0.8592663);
INSERT INTO creature (guid, id, map, spawnDifficulties, PhaseId, position_x, position_y, position_z, orientation) VALUES (@CGUID+17, 141585, 1864, @CDIFFS, @PHASEID, 4096.233, -1264.312, 177.1811, 4.100448);
INSERT INTO creature (guid, id, map, spawnDifficulties, PhaseId, position_x, position_y, position_z, orientation) VALUES (@CGUID+18, 134173, 1864, @CDIFFS, @PHASEID, 4090.82, -1290.349, 177.2755, 2.993632);
INSERT INTO creature (guid, id, map, spawnDifficulties, PhaseId, position_x, position_y, position_z, orientation) VALUES (@CGUID+19, 134173, 1864, @CDIFFS, @PHASEID, 4091.216, -1295.636, 177.3665, 2.204913);
INSERT INTO creature (guid, id, map, spawnDifficulties, PhaseId, position_x, position_y, position_z, orientation) VALUES (@CGUID+20, 140999, 1864, @CDIFFS, @PHASEID, 4091.172, -1271.391, 179.8687, 0);
INSERT INTO creature (guid, id, map, spawnDifficulties, PhaseId, position_x, position_y, position_z, orientation) VALUES (@CGUID+21, 134173, 1864, @CDIFFS, @PHASEID, 4092.804, -1300.947, 177.1896, 2.149544);
INSERT INTO creature (guid, id, map, spawnDifficulties, PhaseId, position_x, position_y, position_z, orientation) VALUES (@CGUID+22, 141585, 1864, @CDIFFS, @PHASEID, 4104.313, -1297.547, 177.2225, 4.046015);
INSERT INTO creature (guid, id, map, spawnDifficulties, PhaseId, position_x, position_y, position_z, orientation) VALUES (@CGUID+23, 136186, 1864, @CDIFFS, @PHASEID, 4065.482, -1257.493, 163.7524, 1.968111);
INSERT INTO creature (guid, id, map, spawnDifficulties, PhaseId, position_x, position_y, position_z, orientation) VALUES (@CGUID+24, 134137, 1864, @CDIFFS, @PHASEID, 4058.023, -1218.427, 168.3666, 2.55935);
INSERT INTO creature (guid, id, map, spawnDifficulties, PhaseId, position_x, position_y, position_z, orientation) VALUES (@CGUID+25, 134137, 1864, @CDIFFS, @PHASEID, 4058.45, -1211.807, 168.296, 3.412688);
INSERT INTO creature (guid, id, map, spawnDifficulties, PhaseId, position_x, position_y, position_z, orientation) VALUES (@CGUID+26, 140999, 1864, @CDIFFS, @PHASEID, 4091.144, -1308.72, 179.7543, 0);
INSERT INTO creature (guid, id, map, spawnDifficulties, PhaseId, position_x, position_y, position_z, orientation) VALUES (@CGUID+27, 141585, 1864, @CDIFFS, @PHASEID, 4096.605, -1314.508, 177.1781, 4.206201);
INSERT INTO creature (guid, id, map, spawnDifficulties, PhaseId, position_x, position_y, position_z, orientation) VALUES (@CGUID+28, 136186, 1864, @CDIFFS, @PHASEID, 4053.01, -1222.839, 168.799, 2.979155);
INSERT INTO creature (guid, id, map, spawnDifficulties, PhaseId, position_x, position_y, position_z, orientation) VALUES (@CGUID+29, 134144, 1864, @CDIFFS, @PHASEID, 4069.736, -1291.609, 148.5996, 3.220906);
INSERT INTO creature (guid, id, map, spawnDifficulties, PhaseId, position_x, position_y, position_z, orientation) VALUES (@CGUID+30, 136188, 1864, @CDIFFS, @PHASEID, 4050.624, -1215.094, 172.6193, 2.370022);
INSERT INTO creature (guid, id, map, spawnDifficulties, PhaseId, position_x, position_y, position_z, orientation) VALUES (@CGUID+31, 136505, 1864, @CDIFFS, @PHASEID, 4047.844, -1214.755, 185.122, 6.157097);
INSERT INTO creature (guid, id, map, spawnDifficulties, PhaseId, position_x, position_y, position_z, orientation) VALUES (@CGUID+32, 136186, 1864, @CDIFFS, @PHASEID, 4048.649, -1203.497, 168.7991, 4.129323);
INSERT INTO creature (guid, id, map, spawnDifficulties, PhaseId, position_x, position_y, position_z, orientation) VALUES (@CGUID+33, 136188, 1864, @CDIFFS, @PHASEID, 4043.294, -1224.918, 172.2415, 5.94437);
INSERT INTO creature (guid, id, map, spawnDifficulties, PhaseId, position_x, position_y, position_z, orientation) VALUES (@CGUID+34, 136188, 1864, @CDIFFS, @PHASEID, 4042.148, -1205.819, 174.3258, 0);
INSERT INTO creature (guid, id, map, spawnDifficulties, PhaseId, position_x, position_y, position_z, orientation) VALUES (@CGUID+35, 134137, 1864, @CDIFFS, @PHASEID, 4051.175, -1287.207, 149.271, 6.171191);
INSERT INTO creature (guid, id, map, spawnDifficulties, PhaseId, position_x, position_y, position_z, orientation) VALUES (@CGUID+36, 136186, 1864, @CDIFFS, @PHASEID, 4069.911, -1324.385, 166.5314, 4.220911);
INSERT INTO creature (guid, id, map, spawnDifficulties, PhaseId, position_x, position_y, position_z, orientation) VALUES (@CGUID+37, 134173, 1864, @CDIFFS, @PHASEID, 4044.716, -1275.803, 149.1916, 0.0722049);
INSERT INTO creature (guid, id, map, spawnDifficulties, PhaseId, position_x, position_y, position_z, orientation) VALUES (@CGUID+38, 136186, 1864, @CDIFFS, @PHASEID, 4033.772, -1227.436, 168.799, 0.1583457);
INSERT INTO creature (guid, id, map, spawnDifficulties, PhaseId, position_x, position_y, position_z, orientation) VALUES (@CGUID+39, 140999, 1864, @CDIFFS, @PHASEID, 4053.818, -1283.594, 150.5587, 0);
INSERT INTO creature (guid, id, map, spawnDifficulties, PhaseId, position_x, position_y, position_z, orientation) VALUES (@CGUID+40, 134173, 1864, @CDIFFS, @PHASEID, 4041.485, -1281.135, 149.3076, 5.175911);
INSERT INTO creature (guid, id, map, spawnDifficulties, PhaseId, position_x, position_y, position_z, orientation) VALUES (@CGUID+41, 136188, 1864, @CDIFFS, @PHASEID, 4069.4, -1339.168, 170.9942, 0);
INSERT INTO creature (guid, id, map, spawnDifficulties, PhaseId, position_x, position_y, position_z, orientation) VALUES (@CGUID+42, 140999, 1864, @CDIFFS, @PHASEID, 4053.648, -1295.934, 150.4771, 0);
INSERT INTO creature (guid, id, map, spawnDifficulties, PhaseId, position_x, position_y, position_z, orientation) VALUES (@CGUID+43, 139800, 1864, @CDIFFS, @PHASEID, 4084.173, -1153.373, 109.5308, 1.824002);
INSERT INTO creature (guid, id, map, spawnDifficulties, PhaseId, position_x, position_y, position_z, orientation) VALUES (@CGUID+44, 134137, 1864, @CDIFFS, @PHASEID, 4085.688, -1151.267, 109.474, 3.013074);
INSERT INTO creature (guid, id, map, spawnDifficulties, PhaseId, position_x, position_y, position_z, orientation) VALUES (@CGUID+45, 136186, 1864, @CDIFFS, @PHASEID, 4029.045, -1207.526, 168.7991, 5.734609);
INSERT INTO creature (guid, id, map, spawnDifficulties, PhaseId, position_x, position_y, position_z, orientation) VALUES (@CGUID+46, 134173, 1864, @CDIFFS, @PHASEID, 4035.226, -1280.558, 149.1916, 0.3505614);
INSERT INTO creature (guid, id, map, spawnDifficulties, PhaseId, position_x, position_y, position_z, orientation) VALUES (@CGUID+47, 136505, 1864, @CDIFFS, @PHASEID, 4086.093, -1145.28, 112.4452, 3.726858);
INSERT INTO creature (guid, id, map, spawnDifficulties, PhaseId, position_x, position_y, position_z, orientation) VALUES (@CGUID+48, 139799, 1864, @CDIFFS, @PHASEID, 4084.467, -1149.345, 109.1306, 4.207229);
INSERT INTO creature (guid, id, map, spawnDifficulties, PhaseId, position_x, position_y, position_z, orientation) VALUES (@CGUID+49, 141585, 1864, @CDIFFS, @PHASEID, 4048.884, -1293.633, 149.2074, 3.836404);
INSERT INTO creature (guid, id, map, spawnDifficulties, PhaseId, position_x, position_y, position_z, orientation) VALUES (@CGUID+50, 134173, 1864, @CDIFFS, @PHASEID, 4035.603, -1285.671, 149.1544, 3.254579);
INSERT INTO creature (guid, id, map, spawnDifficulties, PhaseId, position_x, position_y, position_z, orientation) VALUES (@CGUID+51, 140999, 1864, @CDIFFS, @PHASEID, 4040.253, -1274.184, 150.491, 0);
INSERT INTO creature (guid, id, map, spawnDifficulties, PhaseId, position_x, position_y, position_z, orientation) VALUES (@CGUID+52, 139799, 1864, @CDIFFS, @PHASEID, 4054.396, -1180.2, 109.9807, 2.473711);
INSERT INTO creature (guid, id, map, spawnDifficulties, PhaseId, position_x, position_y, position_z, orientation) VALUES (@CGUID+53, 134137, 1864, @CDIFFS, @PHASEID, 4050.695, -1182.443, 109.9807, 1.820573);
INSERT INTO creature (guid, id, map, spawnDifficulties, PhaseId, position_x, position_y, position_z, orientation) VALUES (@CGUID+54, 141585, 1864, @CDIFFS, @PHASEID, 4033.646, -1269.689, 148.5668, 4.607579);
INSERT INTO creature (guid, id, map, spawnDifficulties, PhaseId, position_x, position_y, position_z, orientation) VALUES (@CGUID+55, 136347, 1864, @CDIFFS, @PHASEID, 4019.445, -1234.316, 152.6164, 0.9374982);
INSERT INTO creature (guid, id, map, spawnDifficulties, PhaseId, position_x, position_y, position_z, orientation) VALUES (@CGUID+56, 139800, 1864, @CDIFFS, @PHASEID, 4046.37, -1182.158, 110.3197, 1.361046);
INSERT INTO creature (guid, id, map, spawnDifficulties, PhaseId, position_x, position_y, position_z, orientation) VALUES (@CGUID+57, 136347, 1864, @CDIFFS, @PHASEID, 4017.786, -1226.278, 152.6164, 5.837338);
INSERT INTO creature (guid, id, map, spawnDifficulties, PhaseId, position_x, position_y, position_z, orientation) VALUES (@CGUID+58, 136186, 1864, @CDIFFS, @PHASEID, 4039.135, -1317.736, 148.9734, 4.908019);
INSERT INTO creature (guid, id, map, spawnDifficulties, PhaseId, position_x, position_y, position_z, orientation) VALUES (@CGUID+59, 140999, 1864, @CDIFFS, @PHASEID, 4040.826, -1304.901, 150.6247, 0);
INSERT INTO creature (guid, id, map, spawnDifficulties, PhaseId, position_x, position_y, position_z, orientation) VALUES (@CGUID+60, 134137, 1864, @CDIFFS, @PHASEID, 4022.385, -1281.611, 149.1232, 2.223784);
INSERT INTO creature (guid, id, map, spawnDifficulties, PhaseId, position_x, position_y, position_z, orientation) VALUES (@CGUID+61, 136347, 1864, @CDIFFS, @PHASEID, 4015.283, -1217.84, 152.6164, 0.9374982);
INSERT INTO creature (guid, id, map, spawnDifficulties, PhaseId, position_x, position_y, position_z, orientation) VALUES (@CGUID+62, 141587, 1864, @CDIFFS, @PHASEID, 4065.711, -1160.545, 108.9884, 0.1883566);
INSERT INTO creature (guid, id, map, spawnDifficulties, PhaseId, position_x, position_y, position_z, orientation) VALUES (@CGUID+63, 136347, 1864, @CDIFFS, @PHASEID, 4013.623, -1209.802, 152.6164, 5.837338);
INSERT INTO creature (guid, id, map, spawnDifficulties, PhaseId, position_x, position_y, position_z, orientation) VALUES (@CGUID+64, 136505, 1864, @CDIFFS, @PHASEID, 4054.105, -1153.127, 112.1372, 0);
INSERT INTO creature (guid, id, map, spawnDifficulties, PhaseId, position_x, position_y, position_z, orientation) VALUES (@CGUID+65, 136186, 1864, @CDIFFS, @PHASEID, 4030.855, -1313.835, 149.1578, 4.469481);
INSERT INTO creature (guid, id, map, spawnDifficulties, PhaseId, position_x, position_y, position_z, orientation) VALUES (@CGUID+66, 136347, 1864, @CDIFFS, @PHASEID, 4060.268, -1146.984, 108.9338, 1.538827);
INSERT INTO creature (guid, id, map, spawnDifficulties, PhaseId, position_x, position_y, position_z, orientation) VALUES (@CGUID+67, 136347, 1864, @CDIFFS, @PHASEID, 4066.62, -1140.021, 108.9016, 3.295199);
INSERT INTO creature (guid, id, map, spawnDifficulties, PhaseId, position_x, position_y, position_z, orientation) VALUES (@CGUID+68, 141585, 1864, @CDIFFS, @PHASEID, 4032.336, -1297.827, 149.1218, 1.107149);
INSERT INTO creature (guid, id, map, spawnDifficulties, PhaseId, position_x, position_y, position_z, orientation) VALUES (@CGUID+69, 136188, 1864, @CDIFFS, @PHASEID, 4041.831, -1335.611, 153.2847, 0);
INSERT INTO creature (guid, id, map, spawnDifficulties, PhaseId, position_x, position_y, position_z, orientation) VALUES (@CGUID+70, 136186, 1864, @CDIFFS, @PHASEID, 4057.083, -1359.191, 184.6429, 4.209801);
INSERT INTO creature (guid, id, map, spawnDifficulties, PhaseId, position_x, position_y, position_z, orientation) VALUES (@CGUID+71, 136505, 1864, @CDIFFS, @PHASEID, 4070.15, -1130.313, 112.2034, 5.066953);
INSERT INTO creature (guid, id, map, spawnDifficulties, PhaseId, position_x, position_y, position_z, orientation) VALUES (@CGUID+72, 134150, 1864, @CDIFFS, @PHASEID, 4060.475, -1141.115, 108.9337, 0.9287231);
INSERT INTO creature (guid, id, map, spawnDifficulties, PhaseId, position_x, position_y, position_z, orientation) VALUES (@CGUID+73, 141587, 1864, @CDIFFS, @PHASEID, 4073.421, -1138.947, 109.0472, 4.568737);
INSERT INTO creature (guid, id, map, spawnDifficulties, PhaseId, position_x, position_y, position_z, orientation) VALUES (@CGUID+74, 141585, 1864, @CDIFFS, @PHASEID, 4034.744, -1315.028, 148.9958, 0);
INSERT INTO creature (guid, id, map, spawnDifficulties, PhaseId, position_x, position_y, position_z, orientation) VALUES (@CGUID+75, 136347, 1864, @CDIFFS, @PHASEID, 4053.527, -1142.085, 109.5239, 0.1353253);
INSERT INTO creature (guid, id, map, spawnDifficulties, PhaseId, position_x, position_y, position_z, orientation) VALUES (@CGUID+76, 136347, 1864, @CDIFFS, @PHASEID, 4060.082, -1133.717, 109.6221, 4.783997);
INSERT INTO creature (guid, id, map, spawnDifficulties, PhaseId, position_x, position_y, position_z, orientation) VALUES (@CGUID+77, 136188, 1864, @CDIFFS, @PHASEID, 4051.965, -1366.915, 195.0896, 0);
INSERT INTO creature (guid, id, map, spawnDifficulties, PhaseId, position_x, position_y, position_z, orientation) VALUES (@CGUID+78, 136188, 1864, @CDIFFS, @PHASEID, 4025.712, -1331.267, 152.0999, 1.746599);
INSERT INTO creature (guid, id, map, spawnDifficulties, PhaseId, position_x, position_y, position_z, orientation) VALUES (@CGUID+79, 136186, 1864, @CDIFFS, @PHASEID, 4046.863, -1364.703, 184.6429, 5.36829);
INSERT INTO creature (guid, id, map, spawnDifficulties, PhaseId, position_x, position_y, position_z, orientation) VALUES (@CGUID+80, 136188, 1864, @CDIFFS, @PHASEID, 3997.717, -1232.22, 137.3097, 4.885124);
INSERT INTO creature (guid, id, map, spawnDifficulties, PhaseId, position_x, position_y, position_z, orientation) VALUES (@CGUID+81, 136347, 1864, @CDIFFS, @PHASEID, 4018.769, -1170.003, 116.6346, 0.06554841);
INSERT INTO creature (guid, id, map, spawnDifficulties, PhaseId, position_x, position_y, position_z, orientation) VALUES (@CGUID+82, 136188, 1864, @CDIFFS, @PHASEID, 3995.268, -1242.118, 134.0544, 4.392668);
INSERT INTO creature (guid, id, map, spawnDifficulties, PhaseId, position_x, position_y, position_z, orientation) VALUES (@CGUID+83, 134137, 1864, @CDIFFS, @PHASEID, 3997.035, -1282.059, 140.4492, 1.906982);
INSERT INTO creature (guid, id, map, spawnDifficulties, PhaseId, position_x, position_y, position_z, orientation) VALUES (@CGUID+84, 136347, 1864, @CDIFFS, @PHASEID, 4013.083, -1170.527, 119.1223, 0.1154722);
INSERT INTO creature (guid, id, map, spawnDifficulties, PhaseId, position_x, position_y, position_z, orientation) VALUES (@CGUID+85, 134144, 1864, @CDIFFS, @PHASEID, 3993.683, -1275.175, 140.4831, 4.959386);
INSERT INTO creature (guid, id, map, spawnDifficulties, PhaseId, position_x, position_y, position_z, orientation) VALUES (@CGUID+86, 136186, 1864, @CDIFFS, @PHASEID, 4030.501, -1363.33, 184.6463, 4.766553);
INSERT INTO creature (guid, id, map, spawnDifficulties, PhaseId, position_x, position_y, position_z, orientation) VALUES (@CGUID+87, 141585, 1864, @CDIFFS, @PHASEID, 4000.277, -1286, 140.4567, 3.785574);
INSERT INTO creature (guid, id, map, spawnDifficulties, PhaseId, position_x, position_y, position_z, orientation) VALUES (@CGUID+88, 136188, 1864, @CDIFFS, @PHASEID, 3989.517, -1225.906, 134.2235, 6.002255);
INSERT INTO creature (guid, id, map, spawnDifficulties, PhaseId, position_x, position_y, position_z, orientation) VALUES (@CGUID+89, 136188, 1864, @CDIFFS, @PHASEID, 4034.481, -1370.658, 189.4507, 4.231082);
INSERT INTO creature (guid, id, map, spawnDifficulties, PhaseId, position_x, position_y, position_z, orientation) VALUES (@CGUID+90, 136347, 1864, @CDIFFS, @PHASEID, 4005.587, -1171.142, 122.4569, 0.145294);
INSERT INTO creature (guid, id, map, spawnDifficulties, PhaseId, position_x, position_y, position_z, orientation) VALUES (@CGUID+91, 140999, 1864, @CDIFFS, @PHASEID, 3993.603, -1265.03, 143.764, 0);
INSERT INTO creature (guid, id, map, spawnDifficulties, PhaseId, position_x, position_y, position_z, orientation) VALUES (@CGUID+92, 136186, 1864, @CDIFFS, @PHASEID, 3997.615, -1311.118, 140.4429, 5.419919);
INSERT INTO creature (guid, id, map, spawnDifficulties, PhaseId, position_x, position_y, position_z, orientation) VALUES (@CGUID+93, 134173, 1864, @CDIFFS, @PHASEID, 3986.029, -1249.234, 133.0722, 0.1849634);
INSERT INTO creature (guid, id, map, spawnDifficulties, PhaseId, position_x, position_y, position_z, orientation) VALUES (@CGUID+94, 139799, 1864, @CDIFFS, @PHASEID, 3995.386, -1179.014, 124.3688, 3.323112);
INSERT INTO creature (guid, id, map, spawnDifficulties, PhaseId, position_x, position_y, position_z, orientation) VALUES (@CGUID+95, 136186, 1864, @CDIFFS, @PHASEID, 3982.325, -1242.976, 132.8301, 0.9841956);
INSERT INTO creature (guid, id, map, spawnDifficulties, PhaseId, position_x, position_y, position_z, orientation) VALUES (@CGUID+96, 134173, 1864, @CDIFFS, @PHASEID, 3982.38, -1242.498, 132.8347, 5.042953);
INSERT INTO creature (guid, id, map, spawnDifficulties, PhaseId, position_x, position_y, position_z, orientation) VALUES (@CGUID+97, 136186, 1864, @CDIFFS, @PHASEID, 4013.123, -1355.309, 184.241, 4.529748);
INSERT INTO creature (guid, id, map, spawnDifficulties, PhaseId, position_x, position_y, position_z, orientation) VALUES (@CGUID+98, 134173, 1864, @CDIFFS, @PHASEID, 3980.849, -1248.363, 132.7956, 1.052667);
INSERT INTO creature (guid, id, map, spawnDifficulties, PhaseId, position_x, position_y, position_z, orientation) VALUES (@CGUID+99, 134137, 1864, @CDIFFS, @PHASEID, 3979.973, -1236.573, 132.9042, 0.483899);
INSERT INTO creature (guid, id, map, spawnDifficulties, PhaseId, position_x, position_y, position_z, orientation) VALUES (@CGUID+100, 136188, 1864, @CDIFFS, @PHASEID, 3997.726, -1324.778, 143.7568, 4.885124);
INSERT INTO creature (guid, id, map, spawnDifficulties, PhaseId, position_x, position_y, position_z, orientation) VALUES (@CGUID+101, 134139, 1864, @CDIFFS, @PHASEID, 3980.337, -1257.363, 133.1463, 0.9863815);
INSERT INTO creature (guid, id, map, spawnDifficulties, PhaseId, position_x, position_y, position_z, orientation) VALUES (@CGUID+102, 136188, 1864, @CDIFFS, @PHASEID, 4016.325, -1362.908, 186.1794, 1.516923);
INSERT INTO creature (guid, id, map, spawnDifficulties, PhaseId, position_x, position_y, position_z, orientation) VALUES (@CGUID+103, 136186, 1864, @CDIFFS, @PHASEID, 3991.799, -1312.092, 140.4429, 4.535259);
INSERT INTO creature (guid, id, map, spawnDifficulties, PhaseId, position_x, position_y, position_z, orientation) VALUES (@CGUID+104, 136186, 1864, @CDIFFS, @PHASEID, 3978.917, -1230.302, 132.9294, 6.068381);
INSERT INTO creature (guid, id, map, spawnDifficulties, PhaseId, position_x, position_y, position_z, orientation) VALUES (@CGUID+105, 134173, 1864, @CDIFFS, @PHASEID, 3981.25, -1282.314, 140.3667, 1.570796);
INSERT INTO creature (guid, id, map, spawnDifficulties, PhaseId, position_x, position_y, position_z, orientation) VALUES (@CGUID+106, 139799, 1864, @CDIFFS, @PHASEID, 3993.605, -1169.882, 124.2475, 3.428464);
INSERT INTO creature (guid, id, map, spawnDifficulties, PhaseId, position_x, position_y, position_z, orientation) VALUES (@CGUID+107, 134173, 1864, @CDIFFS, @PHASEID, 3976.554, -1220.656, 132.7935, 3.034926);
INSERT INTO creature (guid, id, map, spawnDifficulties, PhaseId, position_x, position_y, position_z, orientation) VALUES (@CGUID+108, 134173, 1864, @CDIFFS, @PHASEID, 3973.918, -1278.982, 140.3667, 2.064929);
INSERT INTO creature (guid, id, map, spawnDifficulties, PhaseId, position_x, position_y, position_z, orientation) VALUES (@CGUID+109, 134173, 1864, @CDIFFS, @PHASEID, 3970.225, -1221.523, 132.7935, 0.4502557);
INSERT INTO creature (guid, id, map, spawnDifficulties, PhaseId, position_x, position_y, position_z, orientation) VALUES (@CGUID+110, 140999, 1864, @CDIFFS, @PHASEID, 3973.961, -1270.127, 143.7419, 0);
INSERT INTO creature (guid, id, map, spawnDifficulties, PhaseId, position_x, position_y, position_z, orientation) VALUES (@CGUID+111, 141585, 1864, @CDIFFS, @PHASEID, 3978.229, -1298.262, 140.3667, 2.220435);
INSERT INTO creature (guid, id, map, spawnDifficulties, PhaseId, position_x, position_y, position_z, orientation) VALUES (@CGUID+112, 134137, 1864, @CDIFFS, @PHASEID, 3974.267, -1306.304, 140.4521, 3.95897);
INSERT INTO creature (guid, id, map, spawnDifficulties, PhaseId, position_x, position_y, position_z, orientation) VALUES (@CGUID+113, 136186, 1864, @CDIFFS, @PHASEID, 3970.483, -1295.24, 141.086, 1.272714);
INSERT INTO creature (guid, id, map, spawnDifficulties, PhaseId, position_x, position_y, position_z, orientation) VALUES (@CGUID+114, 134137, 1864, @CDIFFS, @PHASEID, 3967.906, -1295.264, 141.086, 1.086429);
INSERT INTO creature (guid, id, map, spawnDifficulties, PhaseId, position_x, position_y, position_z, orientation) VALUES (@CGUID+115, 134139, 1864, @CDIFFS, @PHASEID, 3981.401, -1333.334, 140.4482, 4.593718);
INSERT INTO creature (guid, id, map, spawnDifficulties, PhaseId, position_x, position_y, position_z, orientation) VALUES (@CGUID+116, 140999, 1864, @CDIFFS, @PHASEID, 3960.715, -1264.497, 160.015, 0);
INSERT INTO creature (guid, id, map, spawnDifficulties, PhaseId, position_x, position_y, position_z, orientation) VALUES (@CGUID+117, 140999, 1864, @CDIFFS, @PHASEID, 3962.909, -1254.413, 140.5876, 0);
INSERT INTO creature (guid, id, map, spawnDifficulties, PhaseId, position_x, position_y, position_z, orientation) VALUES (@CGUID+118, 140999, 1864, @CDIFFS, @PHASEID, 3960.457, -1258.892, 152.1475, 0);
INSERT INTO creature (guid, id, map, spawnDifficulties, PhaseId, position_x, position_y, position_z, orientation) VALUES (@CGUID+119, 139799, 1864, @CDIFFS, @PHASEID, 4010.859, -1112.434, 105.715, 5.849209);
INSERT INTO creature (guid, id, map, spawnDifficulties, PhaseId, position_x, position_y, position_z, orientation) VALUES (@CGUID+120, 139799, 1864, @CDIFFS, @PHASEID, 4015.801, -1106.092, 105.715, 5.504992);
INSERT INTO creature (guid, id, map, spawnDifficulties, PhaseId, position_x, position_y, position_z, orientation) VALUES (@CGUID+121, 141585, 1864, @CDIFFS, @PHASEID, 4012.197, -1120.043, 105.7781, 5.355319);
INSERT INTO creature (guid, id, map, spawnDifficulties, PhaseId, position_x, position_y, position_z, orientation) VALUES (@CGUID+122, 139800, 1864, @CDIFFS, @PHASEID, 4013.085, -1107.073, 105.715, 5.611127);
INSERT INTO creature (guid, id, map, spawnDifficulties, PhaseId, position_x, position_y, position_z, orientation) VALUES (@CGUID+123, 134173, 1864, @CDIFFS, @PHASEID, 3956.045, -1236.102, 129.0158, 1.062514);
INSERT INTO creature (guid, id, map, spawnDifficulties, PhaseId, position_x, position_y, position_z, orientation) VALUES (@CGUID+124, 134137, 1864, @CDIFFS, @PHASEID, 3984.392, -1353.497, 143.3679, 3.102281);
INSERT INTO creature (guid, id, map, spawnDifficulties, PhaseId, position_x, position_y, position_z, orientation) VALUES (@CGUID+125, 134173, 1864, @CDIFFS, @PHASEID, 3953.917, -1249.423, 127.9781, 4.939575);
INSERT INTO creature (guid, id, map, spawnDifficulties, PhaseId, position_x, position_y, position_z, orientation) VALUES (@CGUID+126, 140999, 1864, @CDIFFS, @PHASEID, 3955.438, -1221.458, 140.6336, 0);
INSERT INTO creature (guid, id, map, spawnDifficulties, PhaseId, position_x, position_y, position_z, orientation) VALUES (@CGUID+127, 134173, 1864, @CDIFFS, @PHASEID, 3950.985, -1230.8, 128.0442, 2.658993);
INSERT INTO creature (guid, id, map, spawnDifficulties, PhaseId, position_x, position_y, position_z, orientation) VALUES (@CGUID+128, 134173, 1864, @CDIFFS, @PHASEID, 3950.739, -1238.499, 128.1167, 4.791966);
INSERT INTO creature (guid, id, map, spawnDifficulties, PhaseId, position_x, position_y, position_z, orientation) VALUES (@CGUID+129, 140999, 1864, @CDIFFS, @PHASEID, 3951.531, -1218.399, 152.2671, 0);
INSERT INTO creature (guid, id, map, spawnDifficulties, PhaseId, position_x, position_y, position_z, orientation) VALUES (@CGUID+130, 140999, 1864, @CDIFFS, @PHASEID, 3950.386, -1212.851, 160.6089, 0);
INSERT INTO creature (guid, id, map, spawnDifficulties, PhaseId, position_x, position_y, position_z, orientation) VALUES (@CGUID+131, 134173, 1864, @CDIFFS, @PHASEID, 3948.764, -1248.275, 128.2619, 2.096998);
INSERT INTO creature (guid, id, map, spawnDifficulties, PhaseId, position_x, position_y, position_z, orientation) VALUES (@CGUID+132, 134173, 1864, @CDIFFS, @PHASEID, 3948.817, -1255.263, 128.0883, 2.772542);
INSERT INTO creature (guid, id, map, spawnDifficulties, PhaseId, position_x, position_y, position_z, orientation) VALUES (@CGUID+133, 134137, 1864, @CDIFFS, @PHASEID, 3975.595, -1353.248, 143.3679, 6.201974);
INSERT INTO creature (guid, id, map, spawnDifficulties, PhaseId, position_x, position_y, position_z, orientation) VALUES (@CGUID+134, 134173, 1864, @CDIFFS, @PHASEID, 3945.188, -1235.77, 128.3636, 1.882321);
INSERT INTO creature (guid, id, map, spawnDifficulties, PhaseId, position_x, position_y, position_z, orientation) VALUES (@CGUID+135, 136347, 1864, @CDIFFS, @PHASEID, 3953.5, -1184.54, 120.4463, 1.928763);
INSERT INTO creature (guid, id, map, spawnDifficulties, PhaseId, position_x, position_y, position_z, orientation) VALUES (@CGUID+136, 136214, 1864, @CDIFFS, @PHASEID, 3948.75, -1191.021, 120.4463, 1.979272);
INSERT INTO creature (guid, id, map, spawnDifficulties, PhaseId, position_x, position_y, position_z, orientation) VALUES (@CGUID+137, 136347, 1864, @CDIFFS, @PHASEID, 3947.062, -1196.823, 120.4463, 1.498741);
INSERT INTO creature (guid, id, map, spawnDifficulties, PhaseId, position_x, position_y, position_z, orientation) VALUES (@CGUID+138, 136347, 1864, @CDIFFS, @PHASEID, 3947.36, -1180.691, 120.4463, 1.84084);
INSERT INTO creature (guid, id, map, spawnDifficulties, PhaseId, position_x, position_y, position_z, orientation) VALUES (@CGUID+139, 136249, 1864, @CDIFFS, @PHASEID, 3995.303, -1095.894, 107.6388, 5.603457);
INSERT INTO creature (guid, id, map, spawnDifficulties, PhaseId, position_x, position_y, position_z, orientation) VALUES (@CGUID+140, 139986, 1864, @CDIFFS, @PHASEID, 3938.002, -1242.674, 153.0798, 0);
INSERT INTO creature (guid, id, map, spawnDifficulties, PhaseId, position_x, position_y, position_z, orientation) VALUES (@CGUID+141, 136347, 1864, @CDIFFS, @PHASEID, 3941.56, -1192.872, 120.4463, 1.337753);
INSERT INTO creature (guid, id, map, spawnDifficulties, PhaseId, position_x, position_y, position_z, orientation) VALUES (@CGUID+142, 139800, 1864, @CDIFFS, @PHASEID, 3927.766, -1195.611, 119.9901, 1.790093);
INSERT INTO creature (guid, id, map, spawnDifficulties, PhaseId, position_x, position_y, position_z, orientation) VALUES (@CGUID+143, 139737, 1864, @CDIFFS, @PHASEID, 3912.141, -1247.88, 130.6833, 3.335572);
INSERT INTO creature (guid, id, map, spawnDifficulties, PhaseId, position_x, position_y, position_z, orientation) VALUES (@CGUID+144, 140999, 1864, @CDIFFS, @PHASEID, 3918.483, -1179.964, 124.4574, 0);
INSERT INTO creature (guid, id, map, spawnDifficulties, PhaseId, position_x, position_y, position_z, orientation) VALUES (@CGUID+145, 139800, 1864, @CDIFFS, @PHASEID, 3980.651, -1059.535, 100.4354, 2.375311);
INSERT INTO creature (guid, id, map, spawnDifficulties, PhaseId, position_x, position_y, position_z, orientation) VALUES (@CGUID+146, 134137, 1864, @CDIFFS, @PHASEID, 3980.839, -1056.955, 100.6019, 3.564382);
INSERT INTO creature (guid, id, map, spawnDifficulties, PhaseId, position_x, position_y, position_z, orientation) VALUES (@CGUID+147, 139800, 1864, @CDIFFS, @PHASEID, 3965.915, -1071.019, 99.83109, 0.7221187);
INSERT INTO creature (guid, id, map, spawnDifficulties, PhaseId, position_x, position_y, position_z, orientation) VALUES (@CGUID+148, 141585, 1864, @CDIFFS, @PHASEID, 3951.153, -1097.434, 100.1578, 0.7944773);
INSERT INTO creature (guid, id, map, spawnDifficulties, PhaseId, position_x, position_y, position_z, orientation) VALUES (@CGUID+149, 139799, 1864, @CDIFFS, @PHASEID, 3964.547, -1069.595, 99.80098, 0.7453263);
INSERT INTO creature (guid, id, map, spawnDifficulties, PhaseId, position_x, position_y, position_z, orientation) VALUES (@CGUID+150, 141585, 1864, @CDIFFS, @PHASEID, 3974.101, -1064.705, 100.0189, 4.249322);
INSERT INTO creature (guid, id, map, spawnDifficulties, PhaseId, position_x, position_y, position_z, orientation) VALUES (@CGUID+151, 139799, 1864, @CDIFFS, @PHASEID, 3939.848, -1092.05, 99.90003, 1.749952);
INSERT INTO creature (guid, id, map, spawnDifficulties, PhaseId, position_x, position_y, position_z, orientation) VALUES (@CGUID+152, 139800, 1864, @CDIFFS, @PHASEID, 3937.683, -1091.328, 99.8103, 0.5557996);
INSERT INTO creature (guid, id, map, spawnDifficulties, PhaseId, position_x, position_y, position_z, orientation) VALUES (@CGUID+153, 136347, 1864, @CDIFFS, @PHASEID, 3953.182, -1059.705, 101.1353, 1.714236);
INSERT INTO creature (guid, id, map, spawnDifficulties, PhaseId, position_x, position_y, position_z, orientation) VALUES (@CGUID+154, 136347, 1864, @CDIFFS, @PHASEID, 3959.389, -1050.589, 104.1115, 2.442286);
INSERT INTO creature (guid, id, map, spawnDifficulties, PhaseId, position_x, position_y, position_z, orientation) VALUES (@CGUID+155, 136347, 1864, @CDIFFS, @PHASEID, 3965.361, -1043.26, 104.6703, 2.886231);
INSERT INTO creature (guid, id, map, spawnDifficulties, PhaseId, position_x, position_y, position_z, orientation) VALUES (@CGUID+156, 141585, 1864, @CDIFFS, @PHASEID, 3937.845, -1083.554, 99.08652, 3.369846);
INSERT INTO creature (guid, id, map, spawnDifficulties, PhaseId, position_x, position_y, position_z, orientation) VALUES (@CGUID+157, 136347, 1864, @CDIFFS, @PHASEID, 3970.703, -1034.222, 107.6142, 3.551182);
INSERT INTO creature (guid, id, map, spawnDifficulties, PhaseId, position_x, position_y, position_z, orientation) VALUES (@CGUID+158, 141585, 1864, @CDIFFS, @PHASEID, 3915.144, -1108.207, 110.7067, 0.8014431);
INSERT INTO creature (guid, id, map, spawnDifficulties, PhaseId, position_x, position_y, position_z, orientation) VALUES (@CGUID+159, 136347, 1864, @CDIFFS, @PHASEID, 3944.798, -1057.099, 101.473, 1.152893);
INSERT INTO creature (guid, id, map, spawnDifficulties, PhaseId, position_x, position_y, position_z, orientation) VALUES (@CGUID+160, 136347, 1864, @CDIFFS, @PHASEID, 3967.484, -1028.095, 108.2101, 3.551182);
INSERT INTO creature (guid, id, map, spawnDifficulties, PhaseId, position_x, position_y, position_z, orientation) VALUES (@CGUID+161, 134417, 1864, @CDIFFS, @PHASEID, 3900.036, -1106.719, 110.845, 4.734901);
INSERT INTO creature (guid, id, map, spawnDifficulties, PhaseId, position_x, position_y, position_z, orientation) VALUES (@CGUID+162, 139572, 1864, @CDIFFS, @PHASEID, 3895.123, -1122.722, 114.0807, 4.656858);
INSERT INTO creature (guid, id, map, spawnDifficulties, PhaseId, position_x, position_y, position_z, orientation) VALUES (@CGUID+163, 136347, 1864, @CDIFFS, @PHASEID, 3929.079, -1049.035, 104.8045, 2.927174);
INSERT INTO creature (guid, id, map, spawnDifficulties, PhaseId, position_x, position_y, position_z, orientation) VALUES (@CGUID+164, 136347, 1864, @CDIFFS, @PHASEID, 3947.398, -1023.049, 109.2569, 2.288647);
INSERT INTO creature (guid, id, map, spawnDifficulties, PhaseId, position_x, position_y, position_z, orientation) VALUES (@CGUID+165, 136347, 1864, @CDIFFS, @PHASEID, 3954.929, -1015.474, 109.3056, 2.288647);
INSERT INTO creature (guid, id, map, spawnDifficulties, PhaseId, position_x, position_y, position_z, orientation) VALUES (@CGUID+166, 136347, 1864, @CDIFFS, @PHASEID, 3927.495, -1041.799, 105.243, 3.268651);
INSERT INTO creature (guid, id, map, spawnDifficulties, PhaseId, position_x, position_y, position_z, orientation) VALUES (@CGUID+167, 136347, 1864, @CDIFFS, @PHASEID, 3932.817, -1023.684, 109.3056, 0.7674863);
INSERT INTO creature (guid, id, map, spawnDifficulties, PhaseId, position_x, position_y, position_z, orientation) VALUES (@CGUID+168, 134058, 1864, @CDIFFS, @PHASEID, 3945.272, -1001.462, 109.4021, 4.444855);
INSERT INTO creature (guid, id, map, spawnDifficulties, PhaseId, position_x, position_y, position_z, orientation) VALUES (@CGUID+169, 139986, 1864, @CDIFFS, @PHASEID, 3939.92, -1007.333, 124.6382, 0);
INSERT INTO creature (guid, id, map, spawnDifficulties, PhaseId, position_x, position_y, position_z, orientation) VALUES (@CGUID+170, 136347, 1864, @CDIFFS, @PHASEID, 3927.715, -1018.859, 109.0369, 0.7674863);
INSERT INTO creature (guid, id, map, spawnDifficulties, PhaseId, position_x, position_y, position_z, orientation) VALUES (@CGUID+171, 134063, 1864, @CDIFFS, @PHASEID, 3930.023, -1002.766, 109.3062, 4.97556);
INSERT INTO creature (guid, id, map, spawnDifficulties, PhaseId, position_x, position_y, position_z, orientation) VALUES (@CGUID+172, 134417, 1864, @CDIFFS, @PHASEID, 3838.54, -1126.101, 106.3934, 5.221285);
INSERT INTO creature (guid, id, map, spawnDifficulties, PhaseId, position_x, position_y, position_z, orientation) VALUES (@CGUID+173, 134417, 1864, @CDIFFS, @PHASEID, 3851.893, -1077.698, 109.9454, 0.05356576);
INSERT INTO creature (guid, id, map, spawnDifficulties, PhaseId, position_x, position_y, position_z, orientation) VALUES (@CGUID+174, 121028, 1864, @CDIFFS, @PHASEID, 3621.982, -1392.46, 323.6458, 0.4713688);
INSERT INTO creature (guid, id, map, spawnDifficulties, PhaseId, position_x, position_y, position_z, orientation) VALUES (@CGUID+175, 139626, 1864, @CDIFFS, @PHASEID, 3897.78, -1099, 110.8517, 5.078906);
INSERT INTO creature (guid, id, map, spawnDifficulties, PhaseId, position_x, position_y, position_z, orientation) VALUES (@CGUID+176, 139626, 1864, @CDIFFS, @PHASEID, 3903.292, -1100.398, 110.845, 4.158065);
INSERT INTO creature (guid, id, map, spawnDifficulties, PhaseId, position_x, position_y, position_z, orientation) VALUES (@CGUID+177, 140999, 1864, @CDIFFS, @PHASEID, 3895.117, -1122.538, 114.5282, 0);
INSERT INTO creature (guid, id, map, spawnDifficulties, PhaseId, position_x, position_y, position_z, orientation) VALUES (@CGUID+178, 139799, 1864, @CDIFFS, @PHASEID, 3953.343, -1061.115, 100.8674, 3.258657);
INSERT INTO creature (guid, id, map, spawnDifficulties, PhaseId, position_x, position_y, position_z, orientation) VALUES (@CGUID+179, 139800, 1864, @CDIFFS, @PHASEID, 3952.153, -1063.604, 100.6375, 3.455936);
INSERT INTO creature (guid, id, map, spawnDifficulties, PhaseId, position_x, position_y, position_z, orientation) VALUES (@CGUID+180, 134418, 1864, @CDIFFS, @PHASEID, 3771.847, -1102.514, 109.1235, 1.671818);
INSERT INTO creature (guid, id, map, spawnDifficulties, PhaseId, position_x, position_y, position_z, orientation) VALUES (@CGUID+181, 134418, 1864, @CDIFFS, @PHASEID, 3781.034, -1106.017, 109.1317, 2.257658);
INSERT INTO creature (guid, id, map, spawnDifficulties, PhaseId, position_x, position_y, position_z, orientation) VALUES (@CGUID+182, 139626, 1864, @CDIFFS, @PHASEID, 3846.917, -1121.918, 106.3934, 3.564597);
INSERT INTO creature (guid, id, map, spawnDifficulties, PhaseId, position_x, position_y, position_z, orientation) VALUES (@CGUID+183, 139626, 1864, @CDIFFS, @PHASEID, 3891.555, -1101.28, 110.8528, 5.647693);
INSERT INTO creature (guid, id, map, spawnDifficulties, PhaseId, position_x, position_y, position_z, orientation) VALUES (@CGUID+184, 139626, 1864, @CDIFFS, @PHASEID, 3884.902, -1102.045, 110.2088, 5.90423);
INSERT INTO creature (guid, id, map, spawnDifficulties, PhaseId, position_x, position_y, position_z, orientation) VALUES (@CGUID+185, 141585, 1864, @CDIFFS, @PHASEID, 3878.508, -1094.647, 109.8291, 5.436339);
INSERT INTO creature (guid, id, map, spawnDifficulties, PhaseId, position_x, position_y, position_z, orientation) VALUES (@CGUID+186, 139626, 1864, @CDIFFS, @PHASEID, 3840.48, -1116.535, 106.3934, 4.741473);
INSERT INTO creature (guid, id, map, spawnDifficulties, PhaseId, position_x, position_y, position_z, orientation) VALUES (@CGUID+187, 141585, 1864, @CDIFFS, @PHASEID, 3841.876, -1122.917, 106.1781, 5.437395);
INSERT INTO creature (guid, id, map, spawnDifficulties, PhaseId, position_x, position_y, position_z, orientation) VALUES (@CGUID+188, 141585, 1864, @CDIFFS, @PHASEID, 3874.391, -1074.791, 109.8422, 4.06778);
INSERT INTO creature (guid, id, map, spawnDifficulties, PhaseId, position_x, position_y, position_z, orientation) VALUES (@CGUID+189, 134338, 1864, @CDIFFS, @PHASEID, 3853.363, -1080.786, 109.8877, 0.2923379);
INSERT INTO creature (guid, id, map, spawnDifficulties, PhaseId, position_x, position_y, position_z, orientation) VALUES (@CGUID+190, 139626, 1864, @CDIFFS, @PHASEID, 3832.679, -1126.082, 106.3934, 6.240515);
INSERT INTO creature (guid, id, map, spawnDifficulties, PhaseId, position_x, position_y, position_z, orientation) VALUES (@CGUID+191, 139626, 1864, @CDIFFS, @PHASEID, 3857.653, -1079.622, 109.8261, 2.832809);
INSERT INTO creature (guid, id, map, spawnDifficulties, PhaseId, position_x, position_y, position_z, orientation) VALUES (@CGUID+192, 139626, 1864, @CDIFFS, @PHASEID, 3857.266, -1073.615, 109.7684, 3.717751);
INSERT INTO creature (guid, id, map, spawnDifficulties, PhaseId, position_x, position_y, position_z, orientation) VALUES (@CGUID+193, 134514, 1864, @CDIFFS, @PHASEID, 3690.438, -1255.358, 155.388, 1.109373);
INSERT INTO creature (guid, id, map, spawnDifficulties, PhaseId, position_x, position_y, position_z, orientation) VALUES (@CGUID+194, 134338, 1864, @CDIFFS, @PHASEID, 3821.228, -1115.394, 109.565, 5.893104);
INSERT INTO creature (guid, id, map, spawnDifficulties, PhaseId, position_x, position_y, position_z, orientation) VALUES (@CGUID+195, 134338, 1864, @CDIFFS, @PHASEID, 3851.564, -1073.998, 109.8697, 6.107106);
INSERT INTO creature (guid, id, map, spawnDifficulties, PhaseId, position_x, position_y, position_z, orientation) VALUES (@CGUID+196, 134514, 1864, @CDIFFS, @PHASEID, 3682.263, -1250.927, 155.3862, 1.109373);
INSERT INTO creature (guid, id, map, spawnDifficulties, PhaseId, position_x, position_y, position_z, orientation) VALUES (@CGUID+197, 134418, 1864, @CDIFFS, @PHASEID, 3655.196, -1332.175, 156.9572, 4.310081);
INSERT INTO creature (guid, id, map, spawnDifficulties, PhaseId, position_x, position_y, position_z, orientation) VALUES (@CGUID+198, 134514, 1864, @CDIFFS, @PHASEID, 3655.944, -1326.871, 156.8097, 4.312797);
INSERT INTO creature (guid, id, map, spawnDifficulties, PhaseId, position_x, position_y, position_z, orientation) VALUES (@CGUID+199, 134514, 1864, @CDIFFS, @PHASEID, 3654.14, -1302.558, 156.3926, 1.049234);
INSERT INTO creature (guid, id, map, spawnDifficulties, PhaseId, position_x, position_y, position_z, orientation) VALUES (@CGUID+200, 134418, 1864, @CDIFFS, @PHASEID, 3649.84, -1310.192, 156.4493, 0.922599);
INSERT INTO creature (guid, id, map, spawnDifficulties, PhaseId, position_x, position_y, position_z, orientation) VALUES (@CGUID+201, 134418, 1864, @CDIFFS, @PHASEID, 3650.888, -1305.181, 156.3761, 0.9888853);
INSERT INTO creature (guid, id, map, spawnDifficulties, PhaseId, position_x, position_y, position_z, orientation) VALUES (@CGUID+202, 134069, 1864, @CDIFFS, @PHASEID, 3655.05, -1749.061, 85.58869, 5.550147);
INSERT INTO creature (guid, id, map, spawnDifficulties, PhaseId, position_x, position_y, position_z, orientation) VALUES (@CGUID+203, 141585, 1864, @CDIFFS, @PHASEID, 3720.487, -1192.826, 141.3235, 5.754005);
INSERT INTO creature (guid, id, map, spawnDifficulties, PhaseId, position_x, position_y, position_z, orientation) VALUES (@CGUID+204, 141585, 1864, @CDIFFS, @PHASEID, 3738.01, -1151.549, 123.9781, 1.083338);
INSERT INTO creature (guid, id, map, spawnDifficulties, PhaseId, position_x, position_y, position_z, orientation) VALUES (@CGUID+205, 141585, 1864, @CDIFFS, @PHASEID, 3747.123, -1136.247, 117.8197, 4.604028);
INSERT INTO creature (guid, id, map, spawnDifficulties, PhaseId, position_x, position_y, position_z, orientation) VALUES (@CGUID+206, 134514, 1864, @CDIFFS, @PHASEID, 3663, -1310.876, 156.3904, 4.215346);
INSERT INTO creature (guid, id, map, spawnDifficulties, PhaseId, position_x, position_y, position_z, orientation) VALUES (@CGUID+207, 134514, 1864, @CDIFFS, @PHASEID, 3666.613, -1294.384, 156.4629, 4.337706);
INSERT INTO creature (guid, id, map, spawnDifficulties, PhaseId, position_x, position_y, position_z, orientation) VALUES (@CGUID+208, 134418, 1864, @CDIFFS, @PHASEID, 3634.713, -1324.539, 156.8707, 0.7742726);
INSERT INTO creature (guid, id, map, spawnDifficulties, PhaseId, position_x, position_y, position_z, orientation) VALUES (@CGUID+209, 134423, 1864, @CDIFFS, @PHASEID, 3613.013, -1411.507, 159.2978, 3.904282);
INSERT INTO creature (guid, id, map, spawnDifficulties, PhaseId, position_x, position_y, position_z, orientation) VALUES (@CGUID+210, 134423, 1864, @CDIFFS, @PHASEID, 3618.03, -1418.637, 159.3959, 3.904282);
INSERT INTO creature (guid, id, map, spawnDifficulties, PhaseId, position_x, position_y, position_z, orientation) VALUES (@CGUID+211, 134423, 1864, @CDIFFS, @PHASEID, 3611.61, -1418.042, 159.3446, 3.904282);
INSERT INTO creature (guid, id, map, spawnDifficulties, PhaseId, position_x, position_y, position_z, orientation) VALUES (@CGUID+212, 134423, 1864, @CDIFFS, @PHASEID, 3616.927, -1426.122, 159.2813, 3.904282);
INSERT INTO creature (guid, id, map, spawnDifficulties, PhaseId, position_x, position_y, position_z, orientation) VALUES (@CGUID+213, 134423, 1864, @CDIFFS, @PHASEID, 3605.319, -1422.632, 159.3692, 3.904282);
INSERT INTO creature (guid, id, map, spawnDifficulties, PhaseId, position_x, position_y, position_z, orientation) VALUES (@CGUID+214, 134423, 1864, @CDIFFS, @PHASEID, 3593.028, -1402.168, 159.2978, 4.772434);
INSERT INTO creature (guid, id, map, spawnDifficulties, PhaseId, position_x, position_y, position_z, orientation) VALUES (@CGUID+215, 134423, 1864, @CDIFFS, @PHASEID, 3610.667, -1430.613, 159.3794, 3.904282);
INSERT INTO creature (guid, id, map, spawnDifficulties, PhaseId, position_x, position_y, position_z, orientation) VALUES (@CGUID+216, 134423, 1864, @CDIFFS, @PHASEID, 3603.245, -1427.639, 159.544, 3.904282);
INSERT INTO creature (guid, id, map, spawnDifficulties, PhaseId, position_x, position_y, position_z, orientation) VALUES (@CGUID+217, 134423, 1864, @CDIFFS, @PHASEID, 3608.838, -1435.757, 159.5055, 3.904282);
INSERT INTO creature (guid, id, map, spawnDifficulties, PhaseId, position_x, position_y, position_z, orientation) VALUES (@CGUID+218, 134423, 1864, @CDIFFS, @PHASEID, 3583.83, -1401.26, 159.4385, 4.772434);
INSERT INTO creature (guid, id, map, spawnDifficulties, PhaseId, position_x, position_y, position_z, orientation) VALUES (@CGUID+219, 134423, 1864, @CDIFFS, @PHASEID, 3588.458, -1407.46, 159.2978, 4.772434);
INSERT INTO creature (guid, id, map, spawnDifficulties, PhaseId, position_x, position_y, position_z, orientation) VALUES (@CGUID+220, 134423, 1864, @CDIFFS, @PHASEID, 3587.615, -1414.262, 159.2979, 4.772434);
INSERT INTO creature (guid, id, map, spawnDifficulties, PhaseId, position_x, position_y, position_z, orientation) VALUES (@CGUID+221, 134423, 1864, @CDIFFS, @PHASEID, 3578.622, -1413.91, 159.5181, 4.772434);
INSERT INTO creature (guid, id, map, spawnDifficulties, PhaseId, position_x, position_y, position_z, orientation) VALUES (@CGUID+222, 134423, 1864, @CDIFFS, @PHASEID, 3579.174, -1406.911, 159.6787, 4.772434);
INSERT INTO creature (guid, id, map, spawnDifficulties, PhaseId, position_x, position_y, position_z, orientation) VALUES (@CGUID+223, 134423, 1864, @CDIFFS, @PHASEID, 3581.732, -1418.924, 159.3124, 4.772434);
INSERT INTO creature (guid, id, map, spawnDifficulties, PhaseId, position_x, position_y, position_z, orientation) VALUES (@CGUID+224, 141585, 1864, @CDIFFS, @PHASEID, 3650.924, -1351.595, 156.7193, 3.83994);
INSERT INTO creature (guid, id, map, spawnDifficulties, PhaseId, position_x, position_y, position_z, orientation) VALUES (@CGUID+225, 134056, 1864, @CDIFFS, @PHASEID, 3931.728, -1244.49, 128.4507, 0.0697141);
INSERT INTO creature (guid, id, map, spawnDifficulties, PhaseId, position_x, position_y, position_z, orientation) VALUES (@CGUID+226, 141585, 1864, @CDIFFS, @PHASEID, 3943.583, -1081.933, 99.52348, 1.174142);
INSERT INTO creature (guid, id, map, spawnDifficulties, PhaseId, position_x, position_y, position_z, orientation) VALUES (@CGUID+227, 139626, 1864, @CDIFFS, @PHASEID, 3849.772, -1108.015, 106.4921, 3.208903);
INSERT INTO creature (guid, id, map, spawnDifficulties, PhaseId, position_x, position_y, position_z, orientation) VALUES (@CGUID+228, 139626, 1864, @CDIFFS, @PHASEID, 3863.243, -1071.64, 109.787, 5.957566);
INSERT INTO creature (guid, id, map, spawnDifficulties, PhaseId, position_x, position_y, position_z, orientation) VALUES (@CGUID+229, 141585, 1864, @CDIFFS, @PHASEID, 3616.324, -1339.057, 156.5781, 4.899577);
INSERT INTO creature (guid, id, map, spawnDifficulties, PhaseId, position_x, position_y, position_z, orientation) VALUES (@CGUID+230, 134423, 1864, @CDIFFS, @PHASEID, 3515.713, -1389.111, 77.59033, 2.778744);
INSERT INTO creature (guid, id, map, spawnDifficulties, PhaseId, position_x, position_y, position_z, orientation) VALUES (@CGUID+231, 134423, 1864, @CDIFFS, @PHASEID, 3772, -1090.115, 109.079, 5.787287);
INSERT INTO creature (guid, id, map, spawnDifficulties, PhaseId, position_x, position_y, position_z, orientation) VALUES (@CGUID+232, 134423, 1864, @CDIFFS, @PHASEID, 3783.453, -1091.53, 109.3813, 5.787287);
INSERT INTO creature (guid, id, map, spawnDifficulties, PhaseId, position_x, position_y, position_z, orientation) VALUES (@CGUID+233, 134423, 1864, @CDIFFS, @PHASEID, 3763.736, -1105.46, 110.2905, 5.787287);
INSERT INTO creature (guid, id, map, spawnDifficulties, PhaseId, position_x, position_y, position_z, orientation) VALUES (@CGUID+234, 134423, 1864, @CDIFFS, @PHASEID, 3769.445, -1112.892, 110.2405, 5.787287);
INSERT INTO creature (guid, id, map, spawnDifficulties, PhaseId, position_x, position_y, position_z, orientation) VALUES (@CGUID+235, 134423, 1864, @CDIFFS, @PHASEID, 3790.587, -1096.05, 109.3813, 5.787287);
INSERT INTO creature (guid, id, map, spawnDifficulties, PhaseId, position_x, position_y, position_z, orientation) VALUES (@CGUID+236, 134423, 1864, @CDIFFS, @PHASEID, 3776.145, -1098.342, 109.0829, 5.787287);
INSERT INTO creature (guid, id, map, spawnDifficulties, PhaseId, position_x, position_y, position_z, orientation) VALUES (@CGUID+237, 134423, 1864, @CDIFFS, @PHASEID, 3775.89, -1106.198, 109.1602, 5.787287);
INSERT INTO creature (guid, id, map, spawnDifficulties, PhaseId, position_x, position_y, position_z, orientation) VALUES (@CGUID+238, 134423, 1864, @CDIFFS, @PHASEID, 3783.556, -1104.082, 109.141, 5.787287);
INSERT INTO creature (guid, id, map, spawnDifficulties, PhaseId, position_x, position_y, position_z, orientation) VALUES (@CGUID+239, 134423, 1864, @CDIFFS, @PHASEID, 3511.32, -1396.375, 77.59033, 2.778744);
INSERT INTO creature (guid, id, map, spawnDifficulties, PhaseId, position_x, position_y, position_z, orientation) VALUES (@CGUID+240, 134423, 1864, @CDIFFS, @PHASEID, 3507.707, -1403.087, 77.59033, 2.778744);
INSERT INTO creature (guid, id, map, spawnDifficulties, PhaseId, position_x, position_y, position_z, orientation) VALUES (@CGUID+241, 134423, 1864, @CDIFFS, @PHASEID, 3503.314, -1410.351, 77.59033, 2.778744);
INSERT INTO creature (guid, id, map, spawnDifficulties, PhaseId, position_x, position_y, position_z, orientation) VALUES (@CGUID+242, 134423, 1864, @CDIFFS, @PHASEID, 3499.531, -1418.068, 77.59033, 2.778744);
INSERT INTO creature (guid, id, map, spawnDifficulties, PhaseId, position_x, position_y, position_z, orientation) VALUES (@CGUID+243, 134423, 1864, @CDIFFS, @PHASEID, 3495.138, -1425.332, 77.59033, 2.778744);
INSERT INTO creature (guid, id, map, spawnDifficulties, PhaseId, position_x, position_y, position_z, orientation) VALUES (@CGUID+244, 141587, 1864, @CDIFFS, @PHASEID, 3598.049, -1386.384, 159.3781, 3.582404);
INSERT INTO creature (guid, id, map, spawnDifficulties, PhaseId, position_x, position_y, position_z, orientation) VALUES (@CGUID+245, 141587, 1864, @CDIFFS, @PHASEID, 3614.65, -1397.984, 160.0808, 1.04248);
INSERT INTO creature (guid, id, map, spawnDifficulties, PhaseId, position_x, position_y, position_z, orientation) VALUES (@CGUID+246, 134060, 1864, @CDIFFS, @PHASEID, 3545.822, -1511.342, 154.3163, 4.212738);
INSERT INTO creature (guid, id, map, spawnDifficulties, PhaseId, position_x, position_y, position_z, orientation) VALUES (@CGUID+247, 136363, 1864, @CDIFFS, @PHASEID, 3517.427, -1519.819, 86.05705, 5.251312);
INSERT INTO creature (guid, id, map, spawnDifficulties, PhaseId, position_x, position_y, position_z, orientation) VALUES (@CGUID+248, 141587, 1864, @CDIFFS, @PHASEID, 3590.932, -1446.279, 159.4858, 3.447546);
INSERT INTO creature (guid, id, map, spawnDifficulties, PhaseId, position_x, position_y, position_z, orientation) VALUES (@CGUID+249, 136363, 1864, @CDIFFS, @PHASEID, 3514.671, -1531.139, 88.66977, 2.28046);
INSERT INTO creature (guid, id, map, spawnDifficulties, PhaseId, position_x, position_y, position_z, orientation) VALUES (@CGUID+250, 136363, 1864, @CDIFFS, @PHASEID, 3506.979, -1532.554, 76.4491, 0);
INSERT INTO creature (guid, id, map, spawnDifficulties, PhaseId, position_x, position_y, position_z, orientation) VALUES (@CGUID+251, 136363, 1864, @CDIFFS, @PHASEID, 3496.034, -1532.077, 77.81435, 2.760069);
INSERT INTO creature (guid, id, map, spawnDifficulties, PhaseId, position_x, position_y, position_z, orientation) VALUES (@CGUID+252, 136363, 1864, @CDIFFS, @PHASEID, 3490.072, -1528.155, 67.45834, 0.5493412);
INSERT INTO creature (guid, id, map, spawnDifficulties, PhaseId, position_x, position_y, position_z, orientation) VALUES (@CGUID+253, 139963, 1864, @CDIFFS, @PHASEID, 3534.108, -1533.905, 154.3651, 1.068818);
INSERT INTO creature (guid, id, map, spawnDifficulties, PhaseId, position_x, position_y, position_z, orientation) VALUES (@CGUID+254, 136363, 1864, @CDIFFS, @PHASEID, 3480.708, -1540.975, 89.42568, 4.117199);
INSERT INTO creature (guid, id, map, spawnDifficulties, PhaseId, position_x, position_y, position_z, orientation) VALUES (@CGUID+255, 136353, 1864, @CDIFFS, @PHASEID, 3686.64, -1241.694, 153.7214, 1.619308);
INSERT INTO creature (guid, id, map, spawnDifficulties, PhaseId, position_x, position_y, position_z, orientation) VALUES (@CGUID+256, 136353, 1864, @CDIFFS, @PHASEID, 3694.931, -1246.467, 153.76, 0.6097606);
INSERT INTO creature (guid, id, map, spawnDifficulties, PhaseId, position_x, position_y, position_z, orientation) VALUES (@CGUID+257, 136363, 1864, @CDIFFS, @PHASEID, 3444.714, -1543.516, 70.23379, 0);
INSERT INTO creature (guid, id, map, spawnDifficulties, PhaseId, position_x, position_y, position_z, orientation) VALUES (@CGUID+258, 141016, 1864, @CDIFFS, @PHASEID, 3559.618, -1523.153, 154.2757, 0);
INSERT INTO creature (guid, id, map, spawnDifficulties, PhaseId, position_x, position_y, position_z, orientation) VALUES (@CGUID+259, 141016, 1864, @CDIFFS, @PHASEID, 3528.682, -1507.479, 154.2757, 0);
INSERT INTO creature (guid, id, map, spawnDifficulties, PhaseId, position_x, position_y, position_z, orientation) VALUES (@CGUID+260, 82347, 1864, @CDIFFS, @PHASEID, 3536.721, -1528.469, 153.5277, 0);
INSERT INTO creature (guid, id, map, spawnDifficulties, PhaseId, position_x, position_y, position_z, orientation) VALUES (@CGUID+261, 136363, 1864, @CDIFFS, @PHASEID, 3487.441, -1611.478, 158.0855, 2.209753);
INSERT INTO creature (guid, id, map, spawnDifficulties, PhaseId, position_x, position_y, position_z, orientation) VALUES (@CGUID+262, 136363, 1864, @CDIFFS, @PHASEID, 3450.277, -1577.624, 68.44272, 1.47513);
INSERT INTO creature (guid, id, map, spawnDifficulties, PhaseId, position_x, position_y, position_z, orientation) VALUES (@CGUID+263, 136363, 1864, @CDIFFS, @PHASEID, 3441.313, -1597.958, 78.96262, 0);
INSERT INTO creature (guid, id, map, spawnDifficulties, PhaseId, position_x, position_y, position_z, orientation) VALUES (@CGUID+264, 136363, 1864, @CDIFFS, @PHASEID, 3481.807, -1634.586, 68.38943, 5.565263);
INSERT INTO creature (guid, id, map, spawnDifficulties, PhaseId, position_x, position_y, position_z, orientation) VALUES (@CGUID+265, 137143, 1864, @CDIFFS, @PHASEID, 3687.301, -1691.479, 185.9098, 0.8535106);
INSERT INTO creature (guid, id, map, spawnDifficulties, PhaseId, position_x, position_y, position_z, orientation) VALUES (@CGUID+266, 136363, 1864, @CDIFFS, @PHASEID, 3443.393, -1620.085, 68.20329, 0);
INSERT INTO creature (guid, id, map, spawnDifficulties, PhaseId, position_x, position_y, position_z, orientation) VALUES (@CGUID+267, 137143, 1864, @CDIFFS, @PHASEID, 3689.489, -1692.842, 82.9976, 0.403037);
INSERT INTO creature (guid, id, map, spawnDifficulties, PhaseId, position_x, position_y, position_z, orientation) VALUES (@CGUID+268, 137143, 1864, @CDIFFS, @PHASEID, 3692.043, -1707.84, 82.9976, 0.403037);
INSERT INTO creature (guid, id, map, spawnDifficulties, PhaseId, position_x, position_y, position_z, orientation) VALUES (@CGUID+269, 136295, 1864, @CDIFFS, @PHASEID, 3619.74, -1709.179, 86.14838, 2.774871);
INSERT INTO creature (guid, id, map, spawnDifficulties, PhaseId, position_x, position_y, position_z, orientation) VALUES (@CGUID+270, 137143, 1864, @CDIFFS, @PHASEID, 3740.003, -1704.465, 186.3803, 1.027702);
INSERT INTO creature (guid, id, map, spawnDifficulties, PhaseId, position_x, position_y, position_z, orientation) VALUES (@CGUID+272, 137143, 1864, @CDIFFS, @PHASEID, 3702.823, -1713.481, 65.85563, 5.219555);
INSERT INTO creature (guid, id, map, spawnDifficulties, PhaseId, position_x, position_y, position_z, orientation) VALUES (@CGUID+274, 137143, 1864, @CDIFFS, @PHASEID, 3694.034, -1727.344, 186.0102, 5.897155);
INSERT INTO creature (guid, id, map, spawnDifficulties, PhaseId, position_x, position_y, position_z, orientation) VALUES (@CGUID+275, 139986, 1864, @CDIFFS, @PHASEID, 3631.747, -1728.814, 104.5542, 0);
INSERT INTO creature (guid, id, map, spawnDifficulties, PhaseId, position_x, position_y, position_z, orientation) VALUES (@CGUID+276, 140038, 1864, @CDIFFS, @PHASEID, 3614.506, -1639.862, 73.13875, 2.230924);
INSERT INTO creature (guid, id, map, spawnDifficulties, PhaseId, position_x, position_y, position_z, orientation) VALUES (@CGUID+277, 140038, 1864, @CDIFFS, @PHASEID, 3603.23, -1648.565, 73.88139, 6.028061);
INSERT INTO creature (guid, id, map, spawnDifficulties, PhaseId, position_x, position_y, position_z, orientation) VALUES (@CGUID+278, 140038, 1864, @CDIFFS, @PHASEID, 3653.993, -1642.385, 64.52123, 0.5069988);
INSERT INTO creature (guid, id, map, spawnDifficulties, PhaseId, position_x, position_y, position_z, orientation) VALUES (@CGUID+279, 140038, 1864, @CDIFFS, @PHASEID, 3667.174, -1642.417, 63.13049, 0.02861922);
INSERT INTO creature (guid, id, map, spawnDifficulties, PhaseId, position_x, position_y, position_z, orientation) VALUES (@CGUID+280, 140038, 1864, @CDIFFS, @PHASEID, 3583.045, -1658.407, 70.77421, 4.084571);
INSERT INTO creature (guid, id, map, spawnDifficulties, PhaseId, position_x, position_y, position_z, orientation) VALUES (@CGUID+281, 140038, 1864, @CDIFFS, @PHASEID, 3584.793, -1655.216, 61.70293, 1.840592);
INSERT INTO creature (guid, id, map, spawnDifficulties, PhaseId, position_x, position_y, position_z, orientation) VALUES (@CGUID+282, 140038, 1864, @CDIFFS, @PHASEID, 3608.533, -1651.021, 71.28265, 2.388672);
INSERT INTO creature (guid, id, map, spawnDifficulties, PhaseId, position_x, position_y, position_z, orientation) VALUES (@CGUID+283, 140038, 1864, @CDIFFS, @PHASEID, 3609.321, -1645.892, 71.18825, 1.055691);
INSERT INTO creature (guid, id, map, spawnDifficulties, PhaseId, position_x, position_y, position_z, orientation) VALUES (@CGUID+284, 140038, 1864, @CDIFFS, @PHASEID, 3602.609, -1655.686, 72.47257, 5.781618);
INSERT INTO creature (guid, id, map, spawnDifficulties, PhaseId, position_x, position_y, position_z, orientation) VALUES (@CGUID+285, 140038, 1864, @CDIFFS, @PHASEID, 3670.772, -1654.591, 68.89071, 5.220758);
INSERT INTO creature (guid, id, map, spawnDifficulties, PhaseId, position_x, position_y, position_z, orientation) VALUES (@CGUID+286, 140038, 1864, @CDIFFS, @PHASEID, 3650.525, -1648.66, 66.23061, 0.3139146);
INSERT INTO creature (guid, id, map, spawnDifficulties, PhaseId, position_x, position_y, position_z, orientation) VALUES (@CGUID+287, 140038, 1864, @CDIFFS, @PHASEID, 3642.029, -1646.442, 66.40727, 2.321191);
INSERT INTO creature (guid, id, map, spawnDifficulties, PhaseId, position_x, position_y, position_z, orientation) VALUES (@CGUID+288, 140038, 1864, @CDIFFS, @PHASEID, 3663.149, -1649.341, 65.58652, 2.370616);
INSERT INTO creature (guid, id, map, spawnDifficulties, PhaseId, position_x, position_y, position_z, orientation) VALUES (@CGUID+289, 137143, 1864, @CDIFFS, @PHASEID, 3697.431, -1732.943, 80.41364, 2.26815);
INSERT INTO creature (guid, id, map, spawnDifficulties, PhaseId, position_x, position_y, position_z, orientation) VALUES (@CGUID+290, 137143, 1864, @CDIFFS, @PHASEID, 3627.18, -1770.387, 186.1902, 2.537239);
INSERT INTO creature (guid, id, map, spawnDifficulties, PhaseId, position_x, position_y, position_z, orientation) VALUES (@CGUID+291, 137143, 1864, @CDIFFS, @PHASEID, 3700.32, -1747.465, 63.47697, 0.403037);
INSERT INTO creature (guid, id, map, spawnDifficulties, PhaseId, position_x, position_y, position_z, orientation) VALUES (@CGUID+292, 137143, 1864, @CDIFFS, @PHASEID, 3695.497, -1745.839, 76.78573, 5.219555);
INSERT INTO creature (guid, id, map, spawnDifficulties, PhaseId, position_x, position_y, position_z, orientation) VALUES (@CGUID+293, 137143, 1864, @CDIFFS, @PHASEID, 3693.732, -1756.024, 78.4509, 3.299228);
INSERT INTO creature (guid, id, map, spawnDifficulties, PhaseId, position_x, position_y, position_z, orientation) VALUES (@CGUID+294, 137143, 1864, @CDIFFS, @PHASEID, 3688.79, -1758.545, 185.9098, 0);
INSERT INTO creature (guid, id, map, spawnDifficulties, PhaseId, position_x, position_y, position_z, orientation) VALUES (@CGUID+295, 140038, 1864, @CDIFFS, @PHASEID, 3590.041, -1662.132, 70.15083, 2.810505);
INSERT INTO creature (guid, id, map, spawnDifficulties, PhaseId, position_x, position_y, position_z, orientation) VALUES (@CGUID+296, 140038, 1864, @CDIFFS, @PHASEID, 3670.944, -1660.322, 73.11544, 5.483771);
INSERT INTO creature (guid, id, map, spawnDifficulties, PhaseId, position_x, position_y, position_z, orientation) VALUES (@CGUID+297, 140038, 1864, @CDIFFS, @PHASEID, 3662.419, -1661.147, 70.32861, 5.539856);
INSERT INTO creature (guid, id, map, spawnDifficulties, PhaseId, position_x, position_y, position_z, orientation) VALUES (@CGUID+298, 137143, 1864, @CDIFFS, @PHASEID, 3643.594, -1774.642, 185.7237, 0);
INSERT INTO creature (guid, id, map, spawnDifficulties, PhaseId, position_x, position_y, position_z, orientation) VALUES (@CGUID+299, 137143, 1864, @CDIFFS, @PHASEID, 3579.228, -1772.247, 82.99755, 5.219555);
INSERT INTO creature (guid, id, map, spawnDifficulties, PhaseId, position_x, position_y, position_z, orientation) VALUES (@CGUID+300, 140038, 1864, @CDIFFS, @PHASEID, 3570.089, -1669.338, 66.11704, 1.371803);
INSERT INTO creature (guid, id, map, spawnDifficulties, PhaseId, position_x, position_y, position_z, orientation) VALUES (@CGUID+301, 137143, 1864, @CDIFFS, @PHASEID, 3688.716, -1765.479, 73.42171, 0.403037);
INSERT INTO creature (guid, id, map, spawnDifficulties, PhaseId, position_x, position_y, position_z, orientation) VALUES (@CGUID+302, 137143, 1864, @CDIFFS, @PHASEID, 3596.752, -1776.701, 82.99757, 0.403037);
INSERT INTO creature (guid, id, map, spawnDifficulties, PhaseId, position_x, position_y, position_z, orientation) VALUES (@CGUID+303, 140038, 1864, @CDIFFS, @PHASEID, 3569.59, -1670.994, 72.96329, 3.940685);
INSERT INTO creature (guid, id, map, spawnDifficulties, PhaseId, position_x, position_y, position_z, orientation) VALUES (@CGUID+304, 140038, 1864, @CDIFFS, @PHASEID, 3553.584, -1678.392, 76.43335, 0.9302605);
INSERT INTO creature (guid, id, map, spawnDifficulties, PhaseId, position_x, position_y, position_z, orientation) VALUES (@CGUID+305, 137143, 1864, @CDIFFS, @PHASEID, 3694.028, -1765.599, 59.8785, 2.26815);
INSERT INTO creature (guid, id, map, spawnDifficulties, PhaseId, position_x, position_y, position_z, orientation) VALUES (@CGUID+306, 137143, 1864, @CDIFFS, @PHASEID, 3678.532, -1776.488, 73.2348, 3.299228);
INSERT INTO creature (guid, id, map, spawnDifficulties, PhaseId, position_x, position_y, position_z, orientation) VALUES (@CGUID+307, 137143, 1864, @CDIFFS, @PHASEID, 3631.701, -1784.283, 82.90717, 0.403037);
INSERT INTO creature (guid, id, map, spawnDifficulties, PhaseId, position_x, position_y, position_z, orientation) VALUES (@CGUID+308, 137143, 1864, @CDIFFS, @PHASEID, 3617.91, -1785.297, 82.9776, 5.219555);
INSERT INTO creature (guid, id, map, spawnDifficulties, PhaseId, position_x, position_y, position_z, orientation) VALUES (@CGUID+309, 137143, 1864, @CDIFFS, @PHASEID, 3666.191, -1787.189, 186.0102, 5.043643);
INSERT INTO creature (guid, id, map, spawnDifficulties, PhaseId, position_x, position_y, position_z, orientation) VALUES (@CGUID+310, 140038, 1864, @CDIFFS, @PHASEID, 3542.491, -1681.853, 76.62849, 3.081375);
INSERT INTO creature (guid, id, map, spawnDifficulties, PhaseId, position_x, position_y, position_z, orientation) VALUES (@CGUID+311, 137143, 1864, @CDIFFS, @PHASEID, 3656.46, -1782.821, 83.95764, 3.087127);
INSERT INTO creature (guid, id, map, spawnDifficulties, PhaseId, position_x, position_y, position_z, orientation) VALUES (@CGUID+312, 140038, 1864, @CDIFFS, @PHASEID, 3566.617, -1687.708, 69.89454, 2.024989);
INSERT INTO creature (guid, id, map, spawnDifficulties, PhaseId, position_x, position_y, position_z, orientation) VALUES (@CGUID+313, 141585, 1864, @CDIFFS, @PHASEID, 3608.105, -1692.949, 85.77806, 2.747108);
INSERT INTO creature (guid, id, map, spawnDifficulties, PhaseId, position_x, position_y, position_z, orientation) VALUES (@CGUID+314, 137143, 1864, @CDIFFS, @PHASEID, 3699.588, -1784.026, 185.9801, 1.547053);
INSERT INTO creature (guid, id, map, spawnDifficulties, PhaseId, position_x, position_y, position_z, orientation) VALUES (@CGUID+315, 137143, 1864, @CDIFFS, @PHASEID, 3665.719, -1786.431, 77.39012, 1.222014);
INSERT INTO creature (guid, id, map, spawnDifficulties, PhaseId, position_x, position_y, position_z, orientation) VALUES (@CGUID+316, 137143, 1864, @CDIFFS, @PHASEID, 3647.048, -1790.033, 87.54836, 6.038532);
INSERT INTO creature (guid, id, map, spawnDifficulties, PhaseId, position_x, position_y, position_z, orientation) VALUES (@CGUID+317, 137143, 1864, @CDIFFS, @PHASEID, 3638.286, -1797.132, 83.99856, 3.299228);
INSERT INTO creature (guid, id, map, spawnDifficulties, PhaseId, position_x, position_y, position_z, orientation) VALUES (@CGUID+318, 140038, 1864, @CDIFFS, @PHASEID, 3547.607, -1688.77, 75.9526, 1.116531);
INSERT INTO creature (guid, id, map, spawnDifficulties, PhaseId, position_x, position_y, position_z, orientation) VALUES (@CGUID+319, 137143, 1864, @CDIFFS, @PHASEID, 3676.421, -1802.299, 65.14068, 5.219555);
INSERT INTO creature (guid, id, map, spawnDifficulties, PhaseId, position_x, position_y, position_z, orientation) VALUES (@CGUID+320, 137143, 1864, @CDIFFS, @PHASEID, 3651.514, -1802.806, 65.83734, 4.118205);
INSERT INTO creature (guid, id, map, spawnDifficulties, PhaseId, position_x, position_y, position_z, orientation) VALUES (@CGUID+321, 139970, 1864, @CDIFFS, @PHASEID, 3608.896, -1378.411, 160.5786, 4.370549);
INSERT INTO creature (guid, id, map, spawnDifficulties, PhaseId, position_x, position_y, position_z, orientation) VALUES (@CGUID+322, 141585, 1864, @CDIFFS, @PHASEID, 3593.836, -1722.34, 85.75755, 3.216074);
INSERT INTO creature (guid, id, map, spawnDifficulties, PhaseId, position_x, position_y, position_z, orientation) VALUES (@CGUID+323, 140038, 1864, @CDIFFS, @PHASEID, 3544.252, -1731.923, 75.12786, 1.414903);
INSERT INTO creature (guid, id, map, spawnDifficulties, PhaseId, position_x, position_y, position_z, orientation) VALUES (@CGUID+324, 140038, 1864, @CDIFFS, @PHASEID, 3537.208, -1742.243, 77.21079, 5.240658);
INSERT INTO creature (guid, id, map, spawnDifficulties, PhaseId, position_x, position_y, position_z, orientation) VALUES (@CGUID+325, 140038, 1864, @CDIFFS, @PHASEID, 3540.676, -1753.365, 80.52073, 4.410399);
INSERT INTO creature (guid, id, map, spawnDifficulties, PhaseId, position_x, position_y, position_z, orientation) VALUES (@CGUID+326, 140038, 1864, @CDIFFS, @PHASEID, 3557.052, -1757.344, 78.85842, 5.635244);
INSERT INTO creature (guid, id, map, spawnDifficulties, PhaseId, position_x, position_y, position_z, orientation) VALUES (@CGUID+327, 140038, 1864, @CDIFFS, @PHASEID, 3549.937, -1749.758, 76.86926, 5.03648);
INSERT INTO creature (guid, id, map, spawnDifficulties, PhaseId, position_x, position_y, position_z, orientation) VALUES (@CGUID+328, 140038, 1864, @CDIFFS, @PHASEID, 3551.532, -1760.062, 79.69622, 5.488383);
INSERT INTO creature (guid, id, map, spawnDifficulties, PhaseId, position_x, position_y, position_z, orientation) VALUES (@CGUID+329, 137051, 1864, @CDIFFS, @PHASEID, 3534.756, -1489.329, 155.5178, 5.085948);
INSERT INTO creature (guid, id, map, spawnDifficulties, PhaseId, position_x, position_y, position_z, orientation) VALUES (@CGUID+330, 137051, 1864, @CDIFFS, @PHASEID, 3535.611, -1499.335, 156.209, 6.019445);
INSERT INTO creature (guid, id, map, spawnDifficulties, PhaseId, position_x, position_y, position_z, orientation) VALUES (@CGUID+331, 140037, 1864, @CDIFFS, @PHASEID, 3764.097, -1828.12, 72.02834, 5.523659);
INSERT INTO creature (guid, id, map, spawnDifficulties, PhaseId, position_x, position_y, position_z, orientation) VALUES (@CGUID+332, 140037, 1864, @CDIFFS, @PHASEID, 3732.765, -1878.325, 72.02834, 5.92576);
INSERT INTO creature (guid, id, map, spawnDifficulties, PhaseId, position_x, position_y, position_z, orientation) VALUES (@CGUID+333, 140037, 1864, @CDIFFS, @PHASEID, 3807.109, -1811.455, 72.02832, 4.633487);
INSERT INTO creature (guid, id, map, spawnDifficulties, PhaseId, position_x, position_y, position_z, orientation) VALUES (@CGUID+334, 140036, 1864, @CDIFFS, @PHASEID, 3783.243, -1870.984, 91.21408, 5.908699);
INSERT INTO creature (guid, id, map, spawnDifficulties, PhaseId, position_x, position_y, position_z, orientation) VALUES (@CGUID+335, 140036, 1864, @CDIFFS, @PHASEID, 3792.577, -1863.873, 91.21413, 4.484812);
INSERT INTO creature (guid, id, map, spawnDifficulties, PhaseId, position_x, position_y, position_z, orientation) VALUES (@CGUID+336, 140036, 1864, @CDIFFS, @PHASEID, 3769.335, -1897.637, 98.40755, 2.992984);
INSERT INTO creature (guid, id, map, spawnDifficulties, PhaseId, position_x, position_y, position_z, orientation) VALUES (@CGUID+337, 140036, 1864, @CDIFFS, @PHASEID, 3812.505, -1857.311, 100.317, 0.6952975);
INSERT INTO creature (guid, id, map, spawnDifficulties, PhaseId, position_x, position_y, position_z, orientation) VALUES (@CGUID+339, 136083, 1864, @CDIFFS, @PHASEID, 3658.662, -1715.668, 86.08041, 3.781987);
INSERT INTO creature (guid, id, map, spawnDifficulties, PhaseId, position_x, position_y, position_z, orientation) VALUES (@CGUID+340, 136083, 1864, @CDIFFS, @PHASEID, 3603.313, -1742.722, 85.9422, 0.7934409);
INSERT INTO creature (guid, id, map, spawnDifficulties, PhaseId, position_x, position_y, position_z, orientation) VALUES (@CGUID+341, 139970, 1864, @CDIFFS, @PHASEID, 3541.306, -1663.035, 66.43034, 0);
INSERT INTO creature (guid, id, map, spawnDifficulties, PhaseId, position_x, position_y, position_z, orientation) VALUES (@CGUID+350, 139971, 1864, @CDIFFS, @PHASEID, 4171.817, -1259.208, 181.575, 2.248472);
INSERT INTO creature (guid, id, map, spawnDifficulties, PhaseId, position_x, position_y, position_z, orientation) VALUES (@CGUID+351, 134139, 1864, @CDIFFS, @PHASEID, 4053.292, -1270.238, 154.193, 4.214197);
INSERT INTO creature (guid, id, map, spawnDifficulties, PhaseId, position_x, position_y, position_z, orientation) VALUES (@CGUID+352, 141587, 1864, @CDIFFS, @PHASEID, 4071.047, -1157.662, 108.9781, 3.417562);
INSERT INTO creature (guid, id, map, spawnDifficulties, PhaseId, position_x, position_y, position_z, orientation) VALUES (@CGUID+353, 136347, 1864, @CDIFFS, @PHASEID, 4042.945, -1177.129, 110.4675, 5.692162);
INSERT INTO creature (guid, id, map, spawnDifficulties, PhaseId, position_x, position_y, position_z, orientation) VALUES (@CGUID+354, 136347, 1864, @CDIFFS, @PHASEID, 4036.302, -1172.671, 111.0975, 5.691931);
INSERT INTO creature (guid, id, map, spawnDifficulties, PhaseId, position_x, position_y, position_z, orientation) VALUES (@CGUID+355, 141585, 1864, @CDIFFS, @PHASEID, 4027.015, -1300.466, 149.1351, 0.01466522);
INSERT INTO creature (guid, id, map, spawnDifficulties, PhaseId, position_x, position_y, position_z, orientation) VALUES (@CGUID+356, 134139, 1864, @CDIFFS, @PHASEID, 3979.809, -1249.376, 132.747, 4.795175);
INSERT INTO creature (guid, id, map, spawnDifficulties, PhaseId, position_x, position_y, position_z, orientation) VALUES (@CGUID+357, 134173, 1864, @CDIFFS, @PHASEID, 3968.232, -1216.461, 132.7935, 1.776928);
INSERT INTO creature (guid, id, map, spawnDifficulties, PhaseId, position_x, position_y, position_z, orientation) VALUES (@CGUID+358, 134173, 1864, @CDIFFS, @PHASEID, 3944.167, -1229.245, 128.2, 0.6615059);
INSERT INTO creature (guid, id, map, spawnDifficulties, PhaseId, position_x, position_y, position_z, orientation) VALUES (@CGUID+359, 139799, 1864, @CDIFFS, @PHASEID, 3976.615, -1063.795, 100.0939, 4.336237);
INSERT INTO creature (guid, id, map, spawnDifficulties, PhaseId, position_x, position_y, position_z, orientation) VALUES (@CGUID+360, 139800, 1864, @CDIFFS, @PHASEID, 3975.51, -1062.859, 100.0949, 4.067716);
INSERT INTO creature (guid, id, map, spawnDifficulties, PhaseId, position_x, position_y, position_z, orientation) VALUES (@CGUID+361, 139799, 1864, @CDIFFS, @PHASEID, 3948.078, -1060.69, 101.1057, 6.10236);
INSERT INTO creature (guid, id, map, spawnDifficulties, PhaseId, position_x, position_y, position_z, orientation) VALUES (@CGUID+362, 141585, 1864, @CDIFFS, @PHASEID, 3967.725, -1067.85, 100.0442, 3.854833);
INSERT INTO creature (guid, id, map, spawnDifficulties, PhaseId, position_x, position_y, position_z, orientation) VALUES (@CGUID+363, 139800, 1864, @CDIFFS, @PHASEID, 3944.721, -1063.389, 101.1275, 6.201126);
INSERT INTO creature (guid, id, map, spawnDifficulties, PhaseId, position_x, position_y, position_z, orientation) VALUES (@CGUID+364, 134338, 1864, @CDIFFS, @PHASEID, 3889.276, -1094.732, 109.7858, 0.3072466);
INSERT INTO creature (guid, id, map, spawnDifficulties, PhaseId, position_x, position_y, position_z, orientation) VALUES (@CGUID+365, 141585, 1864, @CDIFFS, @PHASEID, 3873.472, -1092.153, 109.8338, 2.706343);
INSERT INTO creature (guid, id, map, spawnDifficulties, PhaseId, position_x, position_y, position_z, orientation) VALUES (@CGUID+366, 134418, 1864, @CDIFFS, @PHASEID, 3662.122, -1307.516, 156.3781, 4.266692);
INSERT INTO creature (guid, id, map, spawnDifficulties, PhaseId, position_x, position_y, position_z, orientation) VALUES (@CGUID+367, 134418, 1864, @CDIFFS, @PHASEID, 3659.119, -1285.717, 156.5409, 4.370724);
INSERT INTO creature (guid, id, map, spawnDifficulties, PhaseId, position_x, position_y, position_z, orientation) VALUES (@CGUID+368, 134418, 1864, @CDIFFS, @PHASEID, 3665.305, -1283.94, 156.5781, 0.962822);
INSERT INTO creature (guid, id, map, spawnDifficulties, PhaseId, position_x, position_y, position_z, orientation) VALUES (@CGUID+369, 134514, 1864, @CDIFFS, @PHASEID, 3659.61, -1291.739, 156.4246, 4.249881);
INSERT INTO creature (guid, id, map, spawnDifficulties, PhaseId, position_x, position_y, position_z, orientation) VALUES (@CGUID+370, 134514, 1864, @CDIFFS, @PHASEID, 3657.491, -1316.661, 156.3824, 4.27842);
INSERT INTO creature (guid, id, map, spawnDifficulties, PhaseId, position_x, position_y, position_z, orientation) VALUES (@CGUID+371, 134514, 1864, @CDIFFS, @PHASEID, 3650.137, -1339.669, 156.6192, 1.305955);
INSERT INTO creature (guid, id, map, spawnDifficulties, PhaseId, position_x, position_y, position_z, orientation) VALUES (@CGUID+372, 134418, 1864, @CDIFFS, @PHASEID, 3646.001, -1318.075, 156.5996, 0.9343777);
INSERT INTO creature (guid, id, map, spawnDifficulties, PhaseId, position_x, position_y, position_z, orientation) VALUES (@CGUID+373, 141585, 1864, @CDIFFS, @PHASEID, 3739.556, -1157.095, 125.9881, 6.13975);
INSERT INTO creature (guid, id, map, spawnDifficulties, PhaseId, position_x, position_y, position_z, orientation) VALUES (@CGUID+374, 134514, 1864, @CDIFFS, @PHASEID, 3664.667, -1302.486, 156.3781, 1.141304);
INSERT INTO creature (guid, id, map, spawnDifficulties, PhaseId, position_x, position_y, position_z, orientation) VALUES (@CGUID+375, 134338, 1864, @CDIFFS, @PHASEID, 3863.801, -1069.713, 109.7731, 1.903675);
INSERT INTO creature (guid, id, map, spawnDifficulties, PhaseId, position_x, position_y, position_z, orientation) VALUES (@CGUID+376, 136363, 1864, @CDIFFS, @PHASEID, 3489.754, -1528.349, 72.4869, 3.690798);
INSERT INTO creature (guid, id, map, spawnDifficulties, PhaseId, position_x, position_y, position_z, orientation) VALUES (@CGUID+377, 136363, 1864, @CDIFFS, @PHASEID, 3450.22, -1578.215, 61.01098, 1.474913);
INSERT INTO creature (guid, id, map, spawnDifficulties, PhaseId, position_x, position_y, position_z, orientation) VALUES (@CGUID+378, 136363, 1864, @CDIFFS, @PHASEID, 3486.677, -1610.449, 54.22423, 2.209753);
INSERT INTO creature (guid, id, map, spawnDifficulties, PhaseId, position_x, position_y, position_z, orientation) VALUES (@CGUID+379, 136363, 1864, @CDIFFS, @PHASEID, 3481.907, -1634.673, 63.30104, 5.565263);
INSERT INTO creature (guid, id, map, spawnDifficulties, PhaseId, position_x, position_y, position_z, orientation) VALUES (@CGUID+380, 140038, 1864, @CDIFFS, @PHASEID, 3589.459, -1649.75, 70.56506, 0.9285076);
INSERT INTO creature (guid, id, map, spawnDifficulties, PhaseId, position_x, position_y, position_z, orientation) VALUES (@CGUID+381, 140038, 1864, @CDIFFS, @PHASEID, 3654.602, -1653.97, 69.21982, 0.3095682);
INSERT INTO creature (guid, id, map, spawnDifficulties, PhaseId, position_x, position_y, position_z, orientation) VALUES (@CGUID+382, 139971, 1864, @CDIFFS, @PHASEID, 3608.633, -1379.149, 160.5784, 4.370549);
INSERT INTO creature (guid, id, map, spawnDifficulties, PhaseId, position_x, position_y, position_z, orientation) VALUES (@CGUID+383, 140038, 1864, @CDIFFS, @PHASEID, 3562.177, -1677.214, 72.96329, 5.799458);
INSERT INTO creature (guid, id, map, spawnDifficulties, PhaseId, position_x, position_y, position_z, orientation) VALUES (@CGUID+384, 140038, 1864, @CDIFFS, @PHASEID, 3544.311, -1759.842, 81.84533, 4.530573);
INSERT INTO creature (guid, id, map, spawnDifficulties, PhaseId, position_x, position_y, position_z, orientation) VALUES (@CGUID+385, 137051, 1864, @CDIFFS, @PHASEID, 3569.219, -1505.918, 155.6229, 3.364414);
INSERT INTO creature (guid, id, map, spawnDifficulties, PhaseId, position_x, position_y, position_z, orientation) VALUES (@CGUID+386, 137051, 1864, @CDIFFS, @PHASEID, 3578.057, -1477.215, 155.1814, 2.920467);
INSERT INTO creature (guid, id, map, spawnDifficulties, PhaseId, position_x, position_y, position_z, orientation) VALUES (@CGUID+387, 140038, 1864, @CDIFFS, @PHASEID, 3555.103, -1751.987, 78.86197, 1.187665);
INSERT INTO creature (guid, id, map, spawnDifficulties, PhaseId, position_x, position_y, position_z, orientation) VALUES (@CGUID+388, 137051, 1864, @CDIFFS, @PHASEID, 3529.416, -1484.627, 155.9252, 5.159577);
INSERT INTO creature (guid, id, map, spawnDifficulties, PhaseId, position_x, position_y, position_z, orientation) VALUES (@CGUID+389, 140038, 1864, @CDIFFS, @PHASEID, 3546.869, -1768.464, 79.26875, 0.2803827);
INSERT INTO creature (guid, id, map, spawnDifficulties, PhaseId, position_x, position_y, position_z, orientation) VALUES (@CGUID+390, 137051, 1864, @CDIFFS, @PHASEID, 3552.083, -1474.19, 155.3201, 4.548547);
INSERT INTO creature (guid, id, map, spawnDifficulties, PhaseId, position_x, position_y, position_z, orientation) VALUES (@CGUID+391, 137051, 1864, @CDIFFS, @PHASEID, 3551.887, -1489.373, 155.6232, 4.167228);
INSERT INTO creature (guid, id, map, spawnDifficulties, PhaseId, position_x, position_y, position_z, orientation) VALUES (@CGUID+392, 140038, 1864, @CDIFFS, @PHASEID, 3530.132, -1745.429, 77.21104, 0.6423565);
INSERT INTO creature (guid, id, map, spawnDifficulties, PhaseId, position_x, position_y, position_z, orientation) VALUES (@CGUID+393, 139971, 1864, @CDIFFS, @PHASEID, 3541.306, -1663.035, 66.43034, 0);
INSERT INTO creature (guid, id, map, spawnDifficulties, PhaseId, position_x, position_y, position_z, orientation) VALUES (@CGUID+394, 141587, 1864, @CDIFFS, @PHASEID, 4176.308, -1292.297, 180.1781, 3.410571);
INSERT INTO creature (guid, id, map, spawnDifficulties, PhaseId, position_x, position_y, position_z, orientation) VALUES (@CGUID+395, 134139, 1864, @CDIFFS, @PHASEID, 4088.868, -1260.426, 176.9891, 2.454183);
INSERT INTO creature (guid, id, map, spawnDifficulties, PhaseId, position_x, position_y, position_z, orientation) VALUES (@CGUID+396, 141585, 1864, @CDIFFS, @PHASEID, 4103.963, -1288.038, 177.1781, 3.293536);
INSERT INTO creature (guid, id, map, spawnDifficulties, PhaseId, position_x, position_y, position_z, orientation) VALUES (@CGUID+397, 136347, 1864, @CDIFFS, @PHASEID, 4000.308, -1172.454, 124.0803, 0.195748);
INSERT INTO creature (guid, id, map, spawnDifficulties, PhaseId, position_x, position_y, position_z, orientation) VALUES (@CGUID+398, 134139, 1864, @CDIFFS, @PHASEID, 3981.061, -1266.858, 140.3781, 1.649817);
INSERT INTO creature (guid, id, map, spawnDifficulties, PhaseId, position_x, position_y, position_z, orientation) VALUES (@CGUID+399, 136347, 1864, @CDIFFS, @PHASEID, 3992.458, -1174.011, 124.2969, 0.1957941);
INSERT INTO creature (guid, id, map, spawnDifficulties, PhaseId, position_x, position_y, position_z, orientation) VALUES (@CGUID+400, 134139, 1864, @CDIFFS, @PHASEID, 3982.2, -1319.748, 140.4133, 4.716456);
INSERT INTO creature (guid, id, map, spawnDifficulties, PhaseId, position_x, position_y, position_z, orientation) VALUES (@CGUID+401, 139800, 1864, @CDIFFS, @PHASEID, 3955.636, -1081.393, 99.77348, 0.7409121);
INSERT INTO creature (guid, id, map, spawnDifficulties, PhaseId, position_x, position_y, position_z, orientation) VALUES (@CGUID+402, 139799, 1864, @CDIFFS, @PHASEID, 3954.052, -1079.999, 99.77348, 0.711817);
INSERT INTO creature (guid, id, map, spawnDifficulties, PhaseId, position_x, position_y, position_z, orientation) VALUES (@CGUID+403, 139800, 1864, @CDIFFS, @PHASEID, 3959.791, -1056.846, 102.4687, 4.336901);
INSERT INTO creature (guid, id, map, spawnDifficulties, PhaseId, position_x, position_y, position_z, orientation) VALUES (@CGUID+404, 134338, 1864, @CDIFFS, @PHASEID, 3869.858, -1095.905, 109.803, 0.2652396);
INSERT INTO creature (guid, id, map, spawnDifficulties, PhaseId, position_x, position_y, position_z, orientation) VALUES (@CGUID+405, 139799, 1864, @CDIFFS, @PHASEID, 3935.066, -1049.744, 104.625, 5.204276);
INSERT INTO creature (guid, id, map, spawnDifficulties, PhaseId, position_x, position_y, position_z, orientation) VALUES (@CGUID+406, 134418, 1864, @CDIFFS, @PHASEID, 3657.389, -1324.995, 156.7948, 1.299149);
INSERT INTO creature (guid, id, map, spawnDifficulties, PhaseId, position_x, position_y, position_z, orientation) VALUES (@CGUID+407, 134514, 1864, @CDIFFS, @PHASEID, 3644.763, -1318.877, 156.7004, 1.049144);
INSERT INTO creature (guid, id, map, spawnDifficulties, PhaseId, position_x, position_y, position_z, orientation) VALUES (@CGUID+408, 134418, 1864, @CDIFFS, @PHASEID, 3630.459, -1336.563, 156.5781, 0.2665956);
INSERT INTO creature (guid, id, map, spawnDifficulties, PhaseId, position_x, position_y, position_z, orientation) VALUES (@CGUID+409, 134418, 1864, @CDIFFS, @PHASEID, 3631.391, -1331.194, 156.669, 0.6839393);
INSERT INTO creature (guid, id, map, spawnDifficulties, PhaseId, position_x, position_y, position_z, orientation) VALUES (@CGUID+410, 141585, 1864, @CDIFFS, @PHASEID, 4043.589, -1294.138, 149.0666, 0.201083);
INSERT INTO creature (guid, id, map, spawnDifficulties, PhaseId, position_x, position_y, position_z, orientation) VALUES (@CGUID+411, 134418, 1864, @CDIFFS, @PHASEID, 3663.861, -1278.619, 156.5781, 1.114876);
INSERT INTO creature (guid, id, map, spawnDifficulties, PhaseId, position_x, position_y, position_z, orientation) VALUES (@CGUID+412, 136363, 1864, @CDIFFS, @PHASEID, 3514.388, -1530.81, 82.67287, 2.280527);
INSERT INTO creature (guid, id, map, spawnDifficulties, PhaseId, position_x, position_y, position_z, orientation) VALUES (@CGUID+413, 136363, 1864, @CDIFFS, @PHASEID, 3486.763, -1610.566, 66.0527, 5.351346);
INSERT INTO creature (guid, id, map, spawnDifficulties, PhaseId, position_x, position_y, position_z, orientation) VALUES (@CGUID+414, 136363, 1864, @CDIFFS, @PHASEID, 3482.062, -1634.808, 55.45161, 5.565263);
INSERT INTO creature (guid, id, map, spawnDifficulties, PhaseId, position_x, position_y, position_z, orientation) VALUES (@CGUID+415, 140038, 1864, @CDIFFS, @PHASEID, 3595.021, -1655.243, 70.15083, 0.304325);
INSERT INTO creature (guid, id, map, spawnDifficulties, PhaseId, position_x, position_y, position_z, orientation) VALUES (@CGUID+416, 140038, 1864, @CDIFFS, @PHASEID, 3571.858, -1679.887, 70.01212, 0.4389067);
INSERT INTO creature (guid, id, map, spawnDifficulties, PhaseId, position_x, position_y, position_z, orientation) VALUES (@CGUID+417, 140038, 1864, @CDIFFS, @PHASEID, 3539.122, -1689.301, 76.21536, 0.0666121);
INSERT INTO creature (guid, id, map, spawnDifficulties, PhaseId, position_x, position_y, position_z, orientation) VALUES (@CGUID+418, 140038, 1864, @CDIFFS, @PHASEID, 3554.792, -1688.284, 73.91898, 0.512617);
INSERT INTO creature (guid, id, map, spawnDifficulties, PhaseId, position_x, position_y, position_z, orientation) VALUES (@CGUID+419, 137051, 1864, @CDIFFS, @PHASEID, 3582.035, -1499.512, 154.1311, 3.505453);

DELETE FROM gameobject WHERE guid BETWEEN @OGUID AND @OGUID+45;
INSERT INTO gameobject (guid, id, map, spawnDifficulties, PhaseId, position_x, position_y, position_z, orientation, rotation0, rotation1, rotation2, rotation3, spawntimesecs, animprogress, state) VALUES (@OGUID+0, 252248, 1864, @ODIFFS, @PHASEID, 4167.827, -1222.188, 187.6856, 4.739848, 0, 0, -0.6973324, 0.7167479, 120, 255, 1);
INSERT INTO gameobject (guid, id, map, spawnDifficulties, PhaseId, position_x, position_y, position_z, orientation, rotation0, rotation1, rotation2, rotation3, spawntimesecs, animprogress, state) VALUES (@OGUID+1, 277358, 1864, @ODIFFS, @PHASEID, 3987.502, -1362.656, 157.9322, 4.680798, 0, 0, -0.7181873, 0.6958498, 120, 255, 1);
INSERT INTO gameobject (guid, id, map, spawnDifficulties, PhaseId, position_x, position_y, position_z, orientation, rotation0, rotation1, rotation2, rotation3, spawntimesecs, animprogress, state) VALUES (@OGUID+2, 230537, 1864, @ODIFFS, @PHASEID, 4003.588, -1109.88, 106.3222, 0, 0, 0, 0, 1, 120, 255, 1);
INSERT INTO gameobject (guid, id, map, spawnDifficulties, PhaseId, position_x, position_y, position_z, orientation, rotation0, rotation1, rotation2, rotation3, spawntimesecs, animprogress, state) VALUES (@OGUID+3, 230537, 1864, @ODIFFS, @PHASEID, 4010.76, -1100.936, 106.6703, 0, 0, 0, 0, 1, 120, 255, 1);
INSERT INTO gameobject (guid, id, map, spawnDifficulties, PhaseId, position_x, position_y, position_z, orientation, rotation0, rotation1, rotation2, rotation3, spawntimesecs, animprogress, state) VALUES (@OGUID+4, 249386, 1864, @ODIFFS, @PHASEID, 3972.826, -1134.97, 141.9206, 4.489967, 0, 0, -0.7812147, 0.6242624, 120, 255, 1);
INSERT INTO gameobject (guid, id, map, spawnDifficulties, PhaseId, position_x, position_y, position_z, orientation, rotation0, rotation1, rotation2, rotation3, spawntimesecs, animprogress, state) VALUES (@OGUID+5, 249386, 1864, @ODIFFS, @PHASEID, 3971.479, -1132.118, 141.9206, 5.647112, 0, 0, -0.3127022, 0.9498512, 120, 255, 1);
INSERT INTO gameobject (guid, id, map, spawnDifficulties, PhaseId, position_x, position_y, position_z, orientation, rotation0, rotation1, rotation2, rotation3, spawntimesecs, animprogress, state) VALUES (@OGUID+6, 249386, 1864, @ODIFFS, @PHASEID, 3972.826, -1134.97, 117.6472, 4.489967, 0, 0, -0.7812147, 0.6242624, 120, 255, 1);
INSERT INTO gameobject (guid, id, map, spawnDifficulties, PhaseId, position_x, position_y, position_z, orientation, rotation0, rotation1, rotation2, rotation3, spawntimesecs, animprogress, state) VALUES (@OGUID+7, 249386, 1864, @ODIFFS, @PHASEID, 3971.479, -1132.118, 117.6472, 5.647112, 0, 0, -0.3127022, 0.9498512, 120, 255, 1);
INSERT INTO gameobject (guid, id, map, spawnDifficulties, PhaseId, position_x, position_y, position_z, orientation, rotation0, rotation1, rotation2, rotation3, spawntimesecs, animprogress, state) VALUES (@OGUID+8, 249386, 1864, @ODIFFS, @PHASEID, 3945.213, -1145.293, 141.9206, 4.903687, 0, 0, -0.636344, 0.7714055, 120, 255, 1);
INSERT INTO gameobject (guid, id, map, spawnDifficulties, PhaseId, position_x, position_y, position_z, orientation, rotation0, rotation1, rotation2, rotation3, spawntimesecs, animprogress, state) VALUES (@OGUID+9, 216056, 1864, @ODIFFS, @PHASEID, 3965.354, -1355.384, 154.4678, 0, 0, 0, 0, 1, 120, 255, 1);
INSERT INTO gameobject (guid, id, map, spawnDifficulties, PhaseId, position_x, position_y, position_z, orientation, rotation0, rotation1, rotation2, rotation3, spawntimesecs, animprogress, state) VALUES (@OGUID+10, 266885, 1864, @ODIFFS, @PHASEID, 3965.431, -1358.073, 157.9322, 1.578292, 0, 0, 0.7097521, 0.7044516, 120, 255, 1);
INSERT INTO gameobject (guid, id, map, spawnDifficulties, PhaseId, position_x, position_y, position_z, orientation, rotation0, rotation1, rotation2, rotation3, spawntimesecs, animprogress, state) VALUES (@OGUID+11, 249386, 1864, @ODIFFS, @PHASEID, 3945.213, -1145.293, 117.6472, 4.903687, 0, 0, -0.636344, 0.7714055, 120, 255, 1);
INSERT INTO gameobject (guid, id, map, spawnDifficulties, PhaseId, position_x, position_y, position_z, orientation, rotation0, rotation1, rotation2, rotation3, spawntimesecs, animprogress, state) VALUES (@OGUID+12, 230537, 1864, @ODIFFS, @PHASEID, 3976.628, -1088.927, 106.3222, 0, 0, 0, 0, 1, 120, 255, 1);
INSERT INTO gameobject (guid, id, map, spawnDifficulties, PhaseId, position_x, position_y, position_z, orientation, rotation0, rotation1, rotation2, rotation3, spawntimesecs, animprogress, state) VALUES (@OGUID+13, 230537, 1864, @ODIFFS, @PHASEID, 3983.8, -1079.983, 106.6703, 0, 0, 0, 0, 1, 120, 255, 1);
INSERT INTO gameobject (guid, id, map, spawnDifficulties, PhaseId, position_x, position_y, position_z, orientation, rotation0, rotation1, rotation2, rotation3, spawntimesecs, animprogress, state) VALUES (@OGUID+14, 249386, 1864, @ODIFFS, @PHASEID, 3917.106, -1149.257, 141.9206, 4.903687, 0, 0, -0.636344, 0.7714055, 120, 255, 1);
INSERT INTO gameobject (guid, id, map, spawnDifficulties, PhaseId, position_x, position_y, position_z, orientation, rotation0, rotation1, rotation2, rotation3, spawntimesecs, animprogress, state) VALUES (@OGUID+15, 249386, 1864, @ODIFFS, @PHASEID, 3917.106, -1149.257, 117.6472, 4.903687, 0, 0, -0.636344, 0.7714055, 120, 255, 1);
INSERT INTO gameobject (guid, id, map, spawnDifficulties, PhaseId, position_x, position_y, position_z, orientation, rotation0, rotation1, rotation2, rotation3, spawntimesecs, animprogress, state) VALUES (@OGUID+16, 249386, 1864, @ODIFFS, @PHASEID, 3876.359, -1158.981, 141.9206, 4.903687, 0, 0, -0.636344, 0.7714055, 120, 255, 1);
INSERT INTO gameobject (guid, id, map, spawnDifficulties, PhaseId, position_x, position_y, position_z, orientation, rotation0, rotation1, rotation2, rotation3, spawntimesecs, animprogress, state) VALUES (@OGUID+17, 249386, 1864, @ODIFFS, @PHASEID, 3876.359, -1158.981, 117.6472, 4.903687, 0, 0, -0.636344, 0.7714055, 120, 255, 1);
INSERT INTO gameobject (guid, id, map, spawnDifficulties, PhaseId, position_x, position_y, position_z, orientation, rotation0, rotation1, rotation2, rotation3, spawntimesecs, animprogress, state) VALUES (@OGUID+18, 249386, 1864, @ODIFFS, @PHASEID, 3838.003, -1167.283, 141.9206, 4.903687, 0, 0, -0.636344, 0.7714055, 120, 255, 1);
INSERT INTO gameobject (guid, id, map, spawnDifficulties, PhaseId, position_x, position_y, position_z, orientation, rotation0, rotation1, rotation2, rotation3, spawntimesecs, animprogress, state) VALUES (@OGUID+19, 249386, 1864, @ODIFFS, @PHASEID, 3838.003, -1167.283, 117.6472, 4.903687, 0, 0, -0.636344, 0.7714055, 120, 255, 1);
INSERT INTO gameobject (guid, id, map, spawnDifficulties, PhaseId, position_x, position_y, position_z, orientation, rotation0, rotation1, rotation2, rotation3, spawntimesecs, animprogress, state) VALUES (@OGUID+20, 292654, 1864, @ODIFFS, @PHASEID, 3847.957, -1819.368, 98.25486, 3.289337, -0.4694242, -0.4552841, -0.6686106, 0.3540016, 120, 255, 1);
INSERT INTO gameobject (guid, id, map, spawnDifficulties, PhaseId, position_x, position_y, position_z, orientation, rotation0, rotation1, rotation2, rotation3, spawntimesecs, animprogress, state) VALUES (@OGUID+21, 292654, 1864, @ODIFFS, @PHASEID, 3839.275, -1820.535, 85.37006, 3.289337, -0.4694242, -0.4552841, -0.6686106, 0.3540016, 120, 255, 1);
INSERT INTO gameobject (guid, id, map, spawnDifficulties, PhaseId, position_x, position_y, position_z, orientation, rotation0, rotation1, rotation2, rotation3, spawntimesecs, animprogress, state) VALUES (@OGUID+22, 292654, 1864, @ODIFFS, @PHASEID, 3833.564, -1825.491, 104.8341, 0.379335, -0.06698465, -0.3479319, 0.1306267, 0.9259552, 120, 255, 1);
INSERT INTO gameobject (guid, id, map, spawnDifficulties, PhaseId, position_x, position_y, position_z, orientation, rotation0, rotation1, rotation2, rotation3, spawntimesecs, animprogress, state) VALUES (@OGUID+23, 292653, 1864, @ODIFFS, @PHASEID, 3829.494, -1823.286, 71.47471, 4.84084, 0, 0, -0.6602659, 0.7510319, 120, 255, 1);
INSERT INTO gameobject (guid, id, map, spawnDifficulties, PhaseId, position_x, position_y, position_z, orientation, rotation0, rotation1, rotation2, rotation3, spawntimesecs, animprogress, state) VALUES (@OGUID+24, 292653, 1864, @ODIFFS, @PHASEID, 3811.345, -1830.708, 72.18156, 5.190342, 0, 0, -0.5196333, 0.8543894, 120, 255, 1);
INSERT INTO gameobject (guid, id, map, spawnDifficulties, PhaseId, position_x, position_y, position_z, orientation, rotation0, rotation1, rotation2, rotation3, spawntimesecs, animprogress, state) VALUES (@OGUID+25, 292654, 1864, @ODIFFS, @PHASEID, 3813.206, -1835.024, 95.5266, 5.779778, -0.2091951, -0.2859735, -0.277441, 0.893019, 120, 255, 1);
INSERT INTO gameobject (guid, id, map, spawnDifficulties, PhaseId, position_x, position_y, position_z, orientation, rotation0, rotation1, rotation2, rotation3, spawntimesecs, animprogress, state) VALUES (@OGUID+26, 292653, 1864, @ODIFFS, @PHASEID, 3794.488, -1840.436, 72.4744, 5.190342, 0, 0, -0.5196333, 0.8543894, 120, 255, 1);
INSERT INTO gameobject (guid, id, map, spawnDifficulties, PhaseId, position_x, position_y, position_z, orientation, rotation0, rotation1, rotation2, rotation3, spawntimesecs, animprogress, state) VALUES (@OGUID+27, 293699, 1864, @ODIFFS, @PHASEID, 3784.748, -1071.545, 112.214, 4.273712, 0, 0, -0.8440208, 0.5363104, 120, 255, 1);
INSERT INTO gameobject (guid, id, map, spawnDifficulties, PhaseId, position_x, position_y, position_z, orientation, rotation0, rotation1, rotation2, rotation3, spawntimesecs, animprogress, state) VALUES (@OGUID+28, 292653, 1864, @ODIFFS, @PHASEID, 3778.197, -1851.797, 72.32449, 5.449372, 0, 0, -0.4049339, 0.914346, 120, 255, 1);
INSERT INTO gameobject (guid, id, map, spawnDifficulties, PhaseId, position_x, position_y, position_z, orientation, rotation0, rotation1, rotation2, rotation3, spawntimesecs, animprogress, state) VALUES (@OGUID+29, 292653, 1864, @ODIFFS, @PHASEID, 3764.6, -1863.905, 73.16689, 5.449372, 0, 0, -0.4049339, 0.914346, 120, 255, 1);
INSERT INTO gameobject (guid, id, map, spawnDifficulties, PhaseId, position_x, position_y, position_z, orientation, rotation0, rotation1, rotation2, rotation3, spawntimesecs, animprogress, state) VALUES (@OGUID+30, 292654, 1864, @ODIFFS, @PHASEID, 3776.976, -1876.538, 89.0644, 0.379335, -0.06698465, -0.3479319, 0.1306267, 0.9259552, 120, 255, 1);
INSERT INTO gameobject (guid, id, map, spawnDifficulties, PhaseId, position_x, position_y, position_z, orientation, rotation0, rotation1, rotation2, rotation3, spawntimesecs, animprogress, state) VALUES (@OGUID+31, 292654, 1864, @ODIFFS, @PHASEID, 3794.198, -1872.984, 95.29229, 5.065497, -0.2959704, -0.1947947, -0.5721312, 0.7396773, 120, 255, 1);
INSERT INTO gameobject (guid, id, map, spawnDifficulties, PhaseId, position_x, position_y, position_z, orientation, rotation0, rotation1, rotation2, rotation3, spawntimesecs, animprogress, state) VALUES (@OGUID+32, 292654, 1864, @ODIFFS, @PHASEID, 3793.178, -1872.976, 107.1095, 0.379335, -0.06698465, -0.3479319, 0.1306267, 0.9259552, 120, 255, 1);
INSERT INTO gameobject (guid, id, map, spawnDifficulties, PhaseId, position_x, position_y, position_z, orientation, rotation0, rotation1, rotation2, rotation3, spawntimesecs, animprogress, state) VALUES (@OGUID+33, 292653, 1864, @ODIFFS, @PHASEID, 3752.632, -1879.63, 72.23635, 5.844523, 0, 0, -0.217577, 0.9760432, 120, 255, 1);
INSERT INTO gameobject (guid, id, map, spawnDifficulties, PhaseId, position_x, position_y, position_z, orientation, rotation0, rotation1, rotation2, rotation3, spawntimesecs, animprogress, state) VALUES (@OGUID+34, 292654, 1864, @ODIFFS, @PHASEID, 3748.606, -1895.785, 93.14983, 0.379335, -0.06698465, -0.3479319, 0.1306267, 0.9259552, 120, 255, 1);
INSERT INTO gameobject (guid, id, map, spawnDifficulties, PhaseId, position_x, position_y, position_z, orientation, rotation0, rotation1, rotation2, rotation3, spawntimesecs, animprogress, state) VALUES (@OGUID+35, 292653, 1864, @ODIFFS, @PHASEID, 3741.944, -1895.962, 71.92376, 5.844523, 0, 0, -0.217577, 0.9760432, 120, 255, 1);
INSERT INTO gameobject (guid, id, map, spawnDifficulties, PhaseId, position_x, position_y, position_z, orientation, rotation0, rotation1, rotation2, rotation3, spawntimesecs, animprogress, state) VALUES (@OGUID+36, 292654, 1864, @ODIFFS, @PHASEID, 3745.106, -1907.382, 87.67387, 5.001288, 0.03613758, -0.6529446, -0.1709166, 0.7369837, 120, 255, 1);
INSERT INTO gameobject (guid, id, map, spawnDifficulties, PhaseId, position_x, position_y, position_z, orientation, rotation0, rotation1, rotation2, rotation3, spawntimesecs, animprogress, state) VALUES (@OGUID+37, 292654, 1864, @ODIFFS, @PHASEID, 3742.043, -1909.877, 96.99422, 0.379335, -0.06698465, -0.3479319, 0.1306267, 0.9259552, 120, 255, 1);
INSERT INTO gameobject (guid, id, map, spawnDifficulties, PhaseId, position_x, position_y, position_z, orientation, rotation0, rotation1, rotation2, rotation3, spawntimesecs, animprogress, state) VALUES (@OGUID+38, 292654, 1864, @ODIFFS, @PHASEID, 3744.187, -1915.203, 85.07483, 5.303511, 0.1340184, -0.6400642, -0.05802441, 0.7543142, 120, 255, 1);

DELETE FROM creature_model_info WHERE DisplayID IN (83303, 83301, 81302, 84416, 83302, 74845, 88636, 84638, 84637, 12191, 74072, 83304, 88525, 84716, 11686, 81779, 84714, 84715, 84337, 84713, 84796, 84417, 84789, 65631, 80996, 79041, 83273, 84679, 79040, 79042, 51409, 79403, 79404, 79406, 79405, 84818, 84817, 84023, 87367, 87366, 86549, 84502, 87365, 86550, 85628, 88530, 85180, 32777, 21342, 86567, 88149, 68714, 68244, 74319, 74313, 31994, 86552, 86551, 60766, 84418, 27710);
INSERT INTO creature_model_info (DisplayID, BoundingRadius, CombatReach, DisplayID_Other_Gender) VALUES (83303, 0.208, 1.5, 0);
INSERT INTO creature_model_info (DisplayID, BoundingRadius, CombatReach, DisplayID_Other_Gender) VALUES (83301, 0.306, 1.5, 0);
INSERT INTO creature_model_info (DisplayID, BoundingRadius, CombatReach, DisplayID_Other_Gender) VALUES (81302, 0.3366, 1.65, 0);
INSERT INTO creature_model_info (DisplayID, BoundingRadius, CombatReach, DisplayID_Other_Gender) VALUES (84416, 0.7592692, 1.65, 0);
INSERT INTO creature_model_info (DisplayID, BoundingRadius, CombatReach, DisplayID_Other_Gender) VALUES (83302, 0.306, 1.5, 0);
INSERT INTO creature_model_info (DisplayID, BoundingRadius, CombatReach, DisplayID_Other_Gender) VALUES (74845, 0.2296919, 0.6, 0);
INSERT INTO creature_model_info (DisplayID, BoundingRadius, CombatReach, DisplayID_Other_Gender) VALUES (88636, 0.062, 0.2, 0);
INSERT INTO creature_model_info (DisplayID, BoundingRadius, CombatReach, DisplayID_Other_Gender) VALUES (84638, 0.3213, 1.575, 0);
INSERT INTO creature_model_info (DisplayID, BoundingRadius, CombatReach, DisplayID_Other_Gender) VALUES (84637, 0.33354, 1.635, 0);
INSERT INTO creature_model_info (DisplayID, BoundingRadius, CombatReach, DisplayID_Other_Gender) VALUES (12191, 0.2494966, 0.585, 0);
INSERT INTO creature_model_info (DisplayID, BoundingRadius, CombatReach, DisplayID_Other_Gender) VALUES (74072, 0.4, 4, 0);
INSERT INTO creature_model_info (DisplayID, BoundingRadius, CombatReach, DisplayID_Other_Gender) VALUES (83304, 0.26, 1.875, 0);
INSERT INTO creature_model_info (DisplayID, BoundingRadius, CombatReach, DisplayID_Other_Gender) VALUES (88525, 2.083909, 1.75, 0);
INSERT INTO creature_model_info (DisplayID, BoundingRadius, CombatReach, DisplayID_Other_Gender) VALUES (84716, 0.208, 1.5, 0);
INSERT INTO creature_model_info (DisplayID, BoundingRadius, CombatReach, DisplayID_Other_Gender) VALUES (11686, 0.5, 1, 0);
INSERT INTO creature_model_info (DisplayID, BoundingRadius, CombatReach, DisplayID_Other_Gender) VALUES (81779, 0.26, 1.875, 0);
INSERT INTO creature_model_info (DisplayID, BoundingRadius, CombatReach, DisplayID_Other_Gender) VALUES (84714, 0.306, 1.5, 0);
INSERT INTO creature_model_info (DisplayID, BoundingRadius, CombatReach, DisplayID_Other_Gender) VALUES (84715, 0.306, 1.5, 0);
INSERT INTO creature_model_info (DisplayID, BoundingRadius, CombatReach, DisplayID_Other_Gender) VALUES (84337, 0.8048254, 1.749, 0);
INSERT INTO creature_model_info (DisplayID, BoundingRadius, CombatReach, DisplayID_Other_Gender) VALUES (84713, 0.306, 1.5, 0);
INSERT INTO creature_model_info (DisplayID, BoundingRadius, CombatReach, DisplayID_Other_Gender) VALUES (84796, 0.4166664, 1.8, 0);
INSERT INTO creature_model_info (DisplayID, BoundingRadius, CombatReach, DisplayID_Other_Gender) VALUES (84417, 0.3819442, 1.65, 0);
INSERT INTO creature_model_info (DisplayID, BoundingRadius, CombatReach, DisplayID_Other_Gender) VALUES (84789, 0.2496, 1.8, 0);
INSERT INTO creature_model_info (DisplayID, BoundingRadius, CombatReach, DisplayID_Other_Gender) VALUES (65631, 1.206489, 0, 0);
INSERT INTO creature_model_info (DisplayID, BoundingRadius, CombatReach, DisplayID_Other_Gender) VALUES (80996, 0.51408, 2.52, 0);
INSERT INTO creature_model_info (DisplayID, BoundingRadius, CombatReach, DisplayID_Other_Gender) VALUES (79041, 0.3825, 1.875, 0);
INSERT INTO creature_model_info (DisplayID, BoundingRadius, CombatReach, DisplayID_Other_Gender) VALUES (83273, 0.26, 1.875, 0);
INSERT INTO creature_model_info (DisplayID, BoundingRadius, CombatReach, DisplayID_Other_Gender) VALUES (84679, 0.8628059, 1.875, 0);
INSERT INTO creature_model_info (DisplayID, BoundingRadius, CombatReach, DisplayID_Other_Gender) VALUES (79040, 0.3825, 1.875, 0);
INSERT INTO creature_model_info (DisplayID, BoundingRadius, CombatReach, DisplayID_Other_Gender) VALUES (79042, 0.26, 1.875, 0);
INSERT INTO creature_model_info (DisplayID, BoundingRadius, CombatReach, DisplayID_Other_Gender) VALUES (51409, 0.3, 3.75, 0);
INSERT INTO creature_model_info (DisplayID, BoundingRadius, CombatReach, DisplayID_Other_Gender) VALUES (79403, 0.230536, 1.305, 0);
INSERT INTO creature_model_info (DisplayID, BoundingRadius, CombatReach, DisplayID_Other_Gender) VALUES (79404, 0.2199367, 1.245, 0);
INSERT INTO creature_model_info (DisplayID, BoundingRadius, CombatReach, DisplayID_Other_Gender) VALUES (79406, 0.2119871, 1.2, 0);
INSERT INTO creature_model_info (DisplayID, BoundingRadius, CombatReach, DisplayID_Other_Gender) VALUES (79405, 0.2384855, 1.35, 0);
INSERT INTO creature_model_info (DisplayID, BoundingRadius, CombatReach, DisplayID_Other_Gender) VALUES (84818, 0.31671, 1.5525, 0);
INSERT INTO creature_model_info (DisplayID, BoundingRadius, CombatReach, DisplayID_Other_Gender) VALUES (84817, 0.31671, 1.5525, 0);
INSERT INTO creature_model_info (DisplayID, BoundingRadius, CombatReach, DisplayID_Other_Gender) VALUES (84023, 0.6696388, 1.8375, 0);
INSERT INTO creature_model_info (DisplayID, BoundingRadius, CombatReach, DisplayID_Other_Gender) VALUES (87367, 0.7243031, 1.9875, 0);
INSERT INTO creature_model_info (DisplayID, BoundingRadius, CombatReach, DisplayID_Other_Gender) VALUES (87366, 0.7243031, 1.9875, 0);
INSERT INTO creature_model_info (DisplayID, BoundingRadius, CombatReach, DisplayID_Other_Gender) VALUES (86549, 0.6696388, 1.8375, 0);
INSERT INTO creature_model_info (DisplayID, BoundingRadius, CombatReach, DisplayID_Other_Gender) VALUES (84502, 3.866957, 6, 0);
INSERT INTO creature_model_info (DisplayID, BoundingRadius, CombatReach, DisplayID_Other_Gender) VALUES (87365, 0.7311362, 2.00625, 0);
INSERT INTO creature_model_info (DisplayID, BoundingRadius, CombatReach, DisplayID_Other_Gender) VALUES (86550, 0.6423065, 1.7625, 0);
INSERT INTO creature_model_info (DisplayID, BoundingRadius, CombatReach, DisplayID_Other_Gender) VALUES (85628, 7.687341, 15, 0);
INSERT INTO creature_model_info (DisplayID, BoundingRadius, CombatReach, DisplayID_Other_Gender) VALUES (88530, 0.0775, 0.625, 0);
INSERT INTO creature_model_info (DisplayID, BoundingRadius, CombatReach, DisplayID_Other_Gender) VALUES (85180, 0.9351603, 2.625, 0);
INSERT INTO creature_model_info (DisplayID, BoundingRadius, CombatReach, DisplayID_Other_Gender) VALUES (32777, 0.1005, 0, 0);
INSERT INTO creature_model_info (DisplayID, BoundingRadius, CombatReach, DisplayID_Other_Gender) VALUES (21342, 0.5, 1, 0);
INSERT INTO creature_model_info (DisplayID, BoundingRadius, CombatReach, DisplayID_Other_Gender) VALUES (86567, 6.6028, 2, 0);
INSERT INTO creature_model_info (DisplayID, BoundingRadius, CombatReach, DisplayID_Other_Gender) VALUES (88149, 1.0044, 8.1, 0);
INSERT INTO creature_model_info (DisplayID, BoundingRadius, CombatReach, DisplayID_Other_Gender) VALUES (68714, 0.9375, 1.875, 0);
INSERT INTO creature_model_info (DisplayID, BoundingRadius, CombatReach, DisplayID_Other_Gender) VALUES (68244, 0.7875, 2.25, 0);
INSERT INTO creature_model_info (DisplayID, BoundingRadius, CombatReach, DisplayID_Other_Gender) VALUES (74319, 1.765948, 0.47, 0);
INSERT INTO creature_model_info (DisplayID, BoundingRadius, CombatReach, DisplayID_Other_Gender) VALUES (74313, 1.803522, 0.48, 0);
INSERT INTO creature_model_info (DisplayID, BoundingRadius, CombatReach, DisplayID_Other_Gender) VALUES (31994, 0.525, 1.5, 0);
INSERT INTO creature_model_info (DisplayID, BoundingRadius, CombatReach, DisplayID_Other_Gender) VALUES (86552, 1.023591, 2.80875, 0);
INSERT INTO creature_model_info (DisplayID, BoundingRadius, CombatReach, DisplayID_Other_Gender) VALUES (86551, 1.033157, 2.835, 0);
INSERT INTO creature_model_info (DisplayID, BoundingRadius, CombatReach, DisplayID_Other_Gender) VALUES (60766, 0.8697434, 1.2, 0);
INSERT INTO creature_model_info (DisplayID, BoundingRadius, CombatReach, DisplayID_Other_Gender) VALUES (84418, 0.3819442, 1.65, 0);
INSERT INTO creature_model_info (DisplayID, BoundingRadius, CombatReach, DisplayID_Other_Gender) VALUES (27710, 3.829555, 2.625, 0);

DELETE FROM `creature_template_addon` WHERE `entry` IN (136347, 139970, 134139, 141587, 134173, 134137, 141585, 140999, 136186, 134144, 136188, 136505, 139800, 139799, 134150, 136214, 136249, 139986, 139737, 134417, 139572, 134058, 134063, 121028, 139626, 134418, 134338, 134514, 134069, 134423, 134056, 134060, 136363, 136961, 139963, 136353, 141016, 82347, 137143, 136295, 136297, 140038, 137051, 140037, 140036, 136100, 136083, 54638, 139971, 92870);

INSERT INTO creature_template_addon (entry, path_id, mount, bytes1, bytes2, emote, aiAnimKit, movementAnimKit, meleeAnimKit, auras) VALUES (136347, 0, 0, 0, 1, 0, 0, 0, 0, '281206 271037 267982 170134');
INSERT INTO creature_template_addon (entry, path_id, mount, bytes1, bytes2, emote, aiAnimKit, movementAnimKit, meleeAnimKit, auras) VALUES (139970, 0, 0, 0, 1, 0, 0, 0, 0, '');
INSERT INTO creature_template_addon (entry, path_id, mount, bytes1, bytes2, emote, aiAnimKit, movementAnimKit, meleeAnimKit, auras) VALUES (134139, 0, 0, 0, 1, 0, 0, 0, 0, '267981 18950');
INSERT INTO creature_template_addon (entry, path_id, mount, bytes1, bytes2, emote, aiAnimKit, movementAnimKit, meleeAnimKit, auras) VALUES (141587, 0, 0, 0, 1, 0, 0, 0, 0, '123168');
INSERT INTO creature_template_addon (entry, path_id, mount, bytes1, bytes2, emote, aiAnimKit, movementAnimKit, meleeAnimKit, auras) VALUES (134173, 0, 0, 0, 1, 0, 0, 0, 0, '281206 267982');
INSERT INTO creature_template_addon (entry, path_id, mount, bytes1, bytes2, emote, aiAnimKit, movementAnimKit, meleeAnimKit, auras) VALUES (134137, 0, 0, 0, 1, 0, 0, 0, 0, '123169 279908 267636');
INSERT INTO creature_template_addon (entry, path_id, mount, bytes1, bytes2, emote, aiAnimKit, movementAnimKit, meleeAnimKit, auras) VALUES (141585, 0, 0, 0, 1, 0, 0, 0, 0, '123168 267982');
INSERT INTO creature_template_addon (entry, path_id, mount, bytes1, bytes2, emote, aiAnimKit, movementAnimKit, meleeAnimKit, auras) VALUES (140999, 0, 0, 50331648, 1, 0, 0, 0, 0, '275640');
INSERT INTO creature_template_addon (entry, path_id, mount, bytes1, bytes2, emote, aiAnimKit, movementAnimKit, meleeAnimKit, auras) VALUES (136186, 0, 0, 0, 1, 0, 0, 0, 0, '170134 267636');
INSERT INTO creature_template_addon (entry, path_id, mount, bytes1, bytes2, emote, aiAnimKit, movementAnimKit, meleeAnimKit, auras) VALUES (134144, 0, 0, 0, 1, 0, 0, 0, 0, '263509 18950');
INSERT INTO creature_template_addon (entry, path_id, mount, bytes1, bytes2, emote, aiAnimKit, movementAnimKit, meleeAnimKit, auras) VALUES (136188, 0, 0, 50331648, 1, 0, 5138, 0, 0, '');
INSERT INTO creature_template_addon (entry, path_id, mount, bytes1, bytes2, emote, aiAnimKit, movementAnimKit, meleeAnimKit, auras) VALUES (136505, 0, 0, 50331648, 1, 0, 0, 0, 0, '268207');
INSERT INTO creature_template_addon (entry, path_id, mount, bytes1, bytes2, emote, aiAnimKit, movementAnimKit, meleeAnimKit, auras) VALUES (139800, 0, 0, 0, 1, 0, 0, 0, 0, '274649 274440');
INSERT INTO creature_template_addon (entry, path_id, mount, bytes1, bytes2, emote, aiAnimKit, movementAnimKit, meleeAnimKit, auras) VALUES (139799, 0, 0, 0, 1, 0, 0, 0, 0, '123169');
INSERT INTO creature_template_addon (entry, path_id, mount, bytes1, bytes2, emote, aiAnimKit, movementAnimKit, meleeAnimKit, auras) VALUES (134150, 0, 0, 0, 1, 0, 0, 0, 0, '268205');
INSERT INTO creature_template_addon (entry, path_id, mount, bytes1, bytes2, emote, aiAnimKit, movementAnimKit, meleeAnimKit, auras) VALUES (136214, 0, 0, 0, 1, 0, 0, 0, 0, '268195');
INSERT INTO creature_template_addon (entry, path_id, mount, bytes1, bytes2, emote, aiAnimKit, movementAnimKit, meleeAnimKit, auras) VALUES (136249, 0, 0, 0, 1, 0, 0, 0, 0, '18950');
INSERT INTO creature_template_addon (entry, path_id, mount, bytes1, bytes2, emote, aiAnimKit, movementAnimKit, meleeAnimKit, auras) VALUES (139986, 0, 0, 50331648, 1, 0, 0, 0, 0, '');
INSERT INTO creature_template_addon (entry, path_id, mount, bytes1, bytes2, emote, aiAnimKit, movementAnimKit, meleeAnimKit, auras) VALUES (139737, 0, 0, 0, 1, 0, 0, 0, 0, '274341');
INSERT INTO creature_template_addon (entry, path_id, mount, bytes1, bytes2, emote, aiAnimKit, movementAnimKit, meleeAnimKit, auras) VALUES (134417, 0, 0, 0, 1, 0, 0, 0, 0, '268305 274285');
INSERT INTO creature_template_addon (entry, path_id, mount, bytes1, bytes2, emote, aiAnimKit, movementAnimKit, meleeAnimKit, auras) VALUES (139572, 0, 0, 50331648, 1, 0, 0, 0, 0, '274152');
INSERT INTO creature_template_addon (entry, path_id, mount, bytes1, bytes2, emote, aiAnimKit, movementAnimKit, meleeAnimKit, auras) VALUES (134058, 0, 0, 0, 1, 0, 0, 0, 0, '267894 274689');
INSERT INTO creature_template_addon (entry, path_id, mount, bytes1, bytes2, emote, aiAnimKit, movementAnimKit, meleeAnimKit, auras) VALUES (134063, 0, 0, 0, 1, 0, 0, 0, 0, '267916 274690');
INSERT INTO creature_template_addon (entry, path_id, mount, bytes1, bytes2, emote, aiAnimKit, movementAnimKit, meleeAnimKit, auras) VALUES (121028, 0, 0, 1, 1, 0, 0, 0, 0, '');
INSERT INTO creature_template_addon (entry, path_id, mount, bytes1, bytes2, emote, aiAnimKit, movementAnimKit, meleeAnimKit, auras) VALUES (139626, 0, 0, 8, 1, 0, 0, 0, 0, '281206 274210');
INSERT INTO creature_template_addon (entry, path_id, mount, bytes1, bytes2, emote, aiAnimKit, movementAnimKit, meleeAnimKit, auras) VALUES (134418, 0, 0, 8, 1, 0, 0, 0, 0, '237007 268312');
INSERT INTO creature_template_addon (entry, path_id, mount, bytes1, bytes2, emote, aiAnimKit, movementAnimKit, meleeAnimKit, auras) VALUES (134338, 0, 0, 0, 1, 0, 0, 0, 0, '139880 18950');
INSERT INTO creature_template_addon (entry, path_id, mount, bytes1, bytes2, emote, aiAnimKit, movementAnimKit, meleeAnimKit, auras) VALUES (134514, 0, 0, 0, 1, 0, 0, 0, 0, '123169 268312 274285');
INSERT INTO creature_template_addon (entry, path_id, mount, bytes1, bytes2, emote, aiAnimKit, movementAnimKit, meleeAnimKit, auras) VALUES (134069, 0, 0, 0, 1, 0, 0, 0, 0, '267255 274175');
INSERT INTO creature_template_addon (entry, path_id, mount, bytes1, bytes2, emote, aiAnimKit, movementAnimKit, meleeAnimKit, auras) VALUES (134423, 0, 0, 0, 1, 0, 0, 0, 0, '281206 274305 6343');
INSERT INTO creature_template_addon (entry, path_id, mount, bytes1, bytes2, emote, aiAnimKit, movementAnimKit, meleeAnimKit, auras) VALUES (134056, 0, 0, 0, 1, 0, 0, 0, 0, '');
INSERT INTO creature_template_addon (entry, path_id, mount, bytes1, bytes2, emote, aiAnimKit, movementAnimKit, meleeAnimKit, auras) VALUES (134060, 0, 0, 0, 1, 0, 0, 0, 0, '160758 269396');
INSERT INTO creature_template_addon (entry, path_id, mount, bytes1, bytes2, emote, aiAnimKit, movementAnimKit, meleeAnimKit, auras) VALUES (136363, 0, 0, 50331648, 1, 0, 0, 0, 0, '243685 267955');
INSERT INTO creature_template_addon (entry, path_id, mount, bytes1, bytes2, emote, aiAnimKit, movementAnimKit, meleeAnimKit, auras) VALUES (136961, 0, 0, 50331648, 1, 0, 0, 0, 0, '278010');
INSERT INTO creature_template_addon (entry, path_id, mount, bytes1, bytes2, emote, aiAnimKit, movementAnimKit, meleeAnimKit, auras) VALUES (139963, 0, 0, 50331648, 1, 0, 0, 0, 0, '274634');
INSERT INTO creature_template_addon (entry, path_id, mount, bytes1, bytes2, emote, aiAnimKit, movementAnimKit, meleeAnimKit, auras) VALUES (136353, 0, 0, 0, 1, 0, 0, 0, 0, '274215');
INSERT INTO creature_template_addon (entry, path_id, mount, bytes1, bytes2, emote, aiAnimKit, movementAnimKit, meleeAnimKit, auras) VALUES (141016, 0, 0, 50331648, 1, 0, 0, 0, 0, '275662');
INSERT INTO creature_template_addon (entry, path_id, mount, bytes1, bytes2, emote, aiAnimKit, movementAnimKit, meleeAnimKit, auras) VALUES (82347, 0, 0, 50331648, 1, 0, 0, 0, 0, '274712');
INSERT INTO creature_template_addon (entry, path_id, mount, bytes1, bytes2, emote, aiAnimKit, movementAnimKit, meleeAnimKit, auras) VALUES (137143, 0, 0, 50331648, 1, 0, 0, 0, 0, '269430 215251');
INSERT INTO creature_template_addon (entry, path_id, mount, bytes1, bytes2, emote, aiAnimKit, movementAnimKit, meleeAnimKit, auras) VALUES (136295, 0, 0, 0, 1, 0, 0, 0, 0, '267548');
INSERT INTO creature_template_addon (entry, path_id, mount, bytes1, bytes2, emote, aiAnimKit, movementAnimKit, meleeAnimKit, auras) VALUES (136297, 0, 0, 0, 1, 0, 0, 0, 0, '');
INSERT INTO creature_template_addon (entry, path_id, mount, bytes1, bytes2, emote, aiAnimKit, movementAnimKit, meleeAnimKit, auras) VALUES (140038, 0, 0, 50331648, 1, 0, 0, 0, 0, '237007');
INSERT INTO creature_template_addon (entry, path_id, mount, bytes1, bytes2, emote, aiAnimKit, movementAnimKit, meleeAnimKit, auras) VALUES (137051, 0, 0, 0, 1, 0, 0, 0, 0, '46598');
INSERT INTO creature_template_addon (entry, path_id, mount, bytes1, bytes2, emote, aiAnimKit, movementAnimKit, meleeAnimKit, auras) VALUES (140037, 0, 0, 50331648, 1, 0, 0, 0, 0, '274716 274717');
INSERT INTO creature_template_addon (entry, path_id, mount, bytes1, bytes2, emote, aiAnimKit, movementAnimKit, meleeAnimKit, auras) VALUES (140036, 0, 0, 50331648, 1, 0, 0, 0, 0, '123169 241896');
INSERT INTO creature_template_addon (entry, path_id, mount, bytes1, bytes2, emote, aiAnimKit, movementAnimKit, meleeAnimKit, auras) VALUES (136100, 0, 0, 0, 1, 0, 0, 0, 0, '267548 267525');
INSERT INTO creature_template_addon (entry, path_id, mount, bytes1, bytes2, emote, aiAnimKit, movementAnimKit, meleeAnimKit, auras) VALUES (136083, 0, 0, 0, 1, 0, 0, 0, 0, '');
INSERT INTO creature_template_addon (entry, path_id, mount, bytes1, bytes2, emote, aiAnimKit, movementAnimKit, meleeAnimKit, auras) VALUES (54638, 0, 0, 50331648, 1, 0, 0, 0, 0, '263541 269641 269642');
INSERT INTO creature_template_addon (entry, path_id, mount, bytes1, bytes2, emote, aiAnimKit, movementAnimKit, meleeAnimKit, auras) VALUES (139971, 0, 0, 0, 1, 0, 0, 0, 0, '');
INSERT INTO creature_template_addon (entry, path_id, mount, bytes1, bytes2, emote, aiAnimKit, movementAnimKit, meleeAnimKit, auras) VALUES (92870, 0, 0, 50331648, 1, 0, 0, 0, 0, '');

UPDATE `creature_template` SET `unit_flags` = 32768, `unit_flags2` = 2099200, `unit_flags3` = 0, `BaseAttackTime` = 2000, `RangeAttackTime` = 0 WHERE `entry` = 136347;
UPDATE `creature_template` SET `unit_flags` = 33088, `unit_flags2` = 0, `unit_flags3` = 0, `BaseAttackTime` = 2000, `RangeAttackTime` = 0 WHERE `entry` = 139970;
UPDATE `creature_template` SET `unit_flags` = 32832, `unit_flags2` = 2099200, `unit_flags3` = 0, `BaseAttackTime` = 2000, `RangeAttackTime` = 0 WHERE `entry` = 134139;
UPDATE `creature_template` SET `unit_flags` = 0, `unit_flags2` = 2048, `unit_flags3` = 1, `BaseAttackTime` = 2000, `RangeAttackTime` = 0 WHERE `entry` = 141587;
UPDATE `creature_template` SET `unit_flags` = 32768, `unit_flags2` = 2099200, `unit_flags3` = 0, `BaseAttackTime` = 2000, `RangeAttackTime` = 0 WHERE `entry` = 134173;
UPDATE `creature_template` SET `unit_flags` = 32832, `unit_flags2` = 2099200, `unit_flags3` = 0, `BaseAttackTime` = 2000, `RangeAttackTime` = 0 WHERE `entry` = 134137;
UPDATE `creature_template` SET `unit_flags` = 0, `unit_flags2` = 2048, `unit_flags3` = 1, `BaseAttackTime` = 2000, `RangeAttackTime` = 0 WHERE `entry` = 141585;
UPDATE `creature_template` SET `unit_flags` = 33554432, `unit_flags2` = 67110912, `unit_flags3` = 1, `BaseAttackTime` = 2000, `RangeAttackTime` = 0 WHERE `entry` = 140999;
UPDATE `creature_template` SET `unit_flags` = 32832, `unit_flags2` = 2099200, `unit_flags3` = 0, `BaseAttackTime` = 2000, `RangeAttackTime` = 0 WHERE `entry` = 136186;
UPDATE `creature_template` SET `unit_flags` = 32832, `unit_flags2` = 2099200, `unit_flags3` = 0, `BaseAttackTime` = 2000, `RangeAttackTime` = 0 WHERE `entry` = 134144;
UPDATE `creature_template` SET `unit_flags` = 33554688, `unit_flags2` = 69208064, `unit_flags3` = 1, `BaseAttackTime` = 2000, `RangeAttackTime` = 0 WHERE `entry` = 136188;
UPDATE `creature_template` SET `unit_flags` = 33554688, `unit_flags2` = 69208064, `unit_flags3` = 1, `BaseAttackTime` = 2000, `RangeAttackTime` = 0 WHERE `entry` = 136505;
UPDATE `creature_template` SET `unit_flags` = 32832, `unit_flags2` = 2048, `unit_flags3` = 0, `BaseAttackTime` = 2000, `RangeAttackTime` = 0 WHERE `entry` = 139800;
UPDATE `creature_template` SET `unit_flags` = 32832, `unit_flags2` = 2048, `unit_flags3` = 0, `BaseAttackTime` = 2000, `RangeAttackTime` = 0 WHERE `entry` = 139799;
UPDATE `creature_template` SET `unit_flags` = 32832, `unit_flags2` = 2099200, `unit_flags3` = 0, `BaseAttackTime` = 2000, `RangeAttackTime` = 0 WHERE `entry` = 134150;
UPDATE `creature_template` SET `unit_flags` = 32832, `unit_flags2` = 2048, `unit_flags3` = 0, `BaseAttackTime` = 2000, `RangeAttackTime` = 0 WHERE `entry` = 136214;
UPDATE `creature_template` SET `unit_flags` = 32832, `unit_flags2` = 2099200, `unit_flags3` = 0, `BaseAttackTime` = 2000, `RangeAttackTime` = 0 WHERE `entry` = 136249;
UPDATE `creature_template` SET `unit_flags` = 33555200, `unit_flags2` = 2099200, `unit_flags3` = 1, `BaseAttackTime` = 2000, `RangeAttackTime` = 0 WHERE `entry` = 139986;
UPDATE `creature_template` SET `unit_flags` = 33088, `unit_flags2` = 2097152, `unit_flags3` = 0, `BaseAttackTime` = 2000, `RangeAttackTime` = 0 WHERE `entry` = 139737;
UPDATE `creature_template` SET `unit_flags` = 32832, `unit_flags2` = 2099200, `unit_flags3` = 0, `BaseAttackTime` = 2000, `RangeAttackTime` = 0 WHERE `entry` = 134417;
UPDATE `creature_template` SET `unit_flags` = 0, `unit_flags2` = 69208064, `unit_flags3` = 1, `BaseAttackTime` = 2000, `RangeAttackTime` = 0 WHERE `entry` = 139572;
UPDATE `creature_template` SET `unit_flags` = 32832, `unit_flags2` = 2097152, `unit_flags3` = 0, `BaseAttackTime` = 1500, `RangeAttackTime` = 0 WHERE `entry` = 134058;
UPDATE `creature_template` SET `unit_flags` = 32832, `unit_flags2` = 2097152, `unit_flags3` = 0, `BaseAttackTime` = 1500, `RangeAttackTime` = 0 WHERE `entry` = 134063;
UPDATE `creature_template` SET `unit_flags` = 33600, `unit_flags2` = 6293504, `unit_flags3` = 0, `BaseAttackTime` = 2000, `RangeAttackTime` = 0 WHERE `entry` = 121028;
UPDATE `creature_template` SET `unit_flags` = 32768, `unit_flags2` = 2048, `unit_flags3` = 0, `BaseAttackTime` = 2000, `RangeAttackTime` = 0 WHERE `entry` = 139626;
UPDATE `creature_template` SET `unit_flags` = 32832, `unit_flags2` = 2099200, `unit_flags3` = 0, `BaseAttackTime` = 2000, `RangeAttackTime` = 0 WHERE `entry` = 134418;
UPDATE `creature_template` SET `unit_flags` = 32832, `unit_flags2` = 2048, `unit_flags3` = 0, `BaseAttackTime` = 2000, `RangeAttackTime` = 0 WHERE `entry` = 134338;
UPDATE `creature_template` SET `unit_flags` = 32832, `unit_flags2` = 2099200, `unit_flags3` = 0, `BaseAttackTime` = 2000, `RangeAttackTime` = 0 WHERE `entry` = 134514;
UPDATE `creature_template` SET `unit_flags` = 32832, `unit_flags2` = 6293504, `unit_flags3` = 0, `BaseAttackTime` = 2000, `RangeAttackTime` = 0 WHERE `entry` = 134069;
UPDATE `creature_template` SET `unit_flags` = 32768, `unit_flags2` = 2099200, `unit_flags3` = 0, `BaseAttackTime` = 2000, `RangeAttackTime` = 0 WHERE `entry` = 134423;
UPDATE `creature_template` SET `unit_flags` = 32832, `unit_flags2` = 2099200, `unit_flags3` = 0, `BaseAttackTime` = 2000, `RangeAttackTime` = 0 WHERE `entry` = 134056;
UPDATE `creature_template` SET `unit_flags` = 33088, `unit_flags2` = 2097152, `unit_flags3` = 0, `BaseAttackTime` = 2000, `RangeAttackTime` = 0 WHERE `entry` = 134060;
UPDATE `creature_template` SET `unit_flags` = 33554688, `unit_flags2` = 69208064, `unit_flags3` = 1, `BaseAttackTime` = 2000, `RangeAttackTime` = 0 WHERE `entry` = 136363;
UPDATE `creature_template` SET `unit_flags` = 33554432, `unit_flags2` = 67110912, `unit_flags3` = 1, `BaseAttackTime` = 2000, `RangeAttackTime` = 0 WHERE `entry` = 136961;
UPDATE `creature_template` SET `unit_flags` = 33088, `unit_flags2` = 2099200, `unit_flags3` = 0, `BaseAttackTime` = 2000, `RangeAttackTime` = 0 WHERE `entry` = 139963;
UPDATE `creature_template` SET `unit_flags` = 32832, `unit_flags2` = 2099200, `unit_flags3` = 0, `BaseAttackTime` = 2000, `RangeAttackTime` = 0 WHERE `entry` = 136353;
UPDATE `creature_template` SET `unit_flags` = 33554432, `unit_flags2` = 67110912, `unit_flags3` = 1, `BaseAttackTime` = 2000, `RangeAttackTime` = 0 WHERE `entry` = 141016;
UPDATE `creature_template` SET `unit_flags` = 33554432, `unit_flags2` = 67110912, `unit_flags3` = 1, `BaseAttackTime` = 2000, `RangeAttackTime` = 0 WHERE `entry` = 82347;
UPDATE `creature_template` SET `unit_flags` = 33587456, `unit_flags2` = 2099200, `unit_flags3` = 1, `BaseAttackTime` = 2000, `RangeAttackTime` = 0 WHERE `entry` = 137143;
UPDATE `creature_template` SET `unit_flags` = 32832, `unit_flags2` = 2099200, `unit_flags3` = 0, `BaseAttackTime` = 2000, `RangeAttackTime` = 0 WHERE `entry` = 136295;
UPDATE `creature_template` SET `unit_flags` = 32832, `unit_flags2` = 2099200, `unit_flags3` = 0, `BaseAttackTime` = 2000, `RangeAttackTime` = 0 WHERE `entry` = 136297;
UPDATE `creature_template` SET `unit_flags` = 32832, `unit_flags2` = 2048, `unit_flags3` = 0, `BaseAttackTime` = 2000, `RangeAttackTime` = 0 WHERE `entry` = 140038;
UPDATE `creature_template` SET `unit_flags` = 33587264, `unit_flags2` = 2099200, `unit_flags3` = 0, `BaseAttackTime` = 2000, `RangeAttackTime` = 0 WHERE `entry` = 137051;
UPDATE `creature_template` SET `unit_flags` = 33587520, `unit_flags2` = 2048, `unit_flags3` = 0, `BaseAttackTime` = 2000, `RangeAttackTime` = 0 WHERE `entry` = 140037;
UPDATE `creature_template` SET `unit_flags` = 33587520, `unit_flags2` = 2048, `unit_flags3` = 0, `BaseAttackTime` = 2000, `RangeAttackTime` = 0 WHERE `entry` = 140036;
UPDATE `creature_template` SET `unit_flags` = 32768, `unit_flags2` = 2099200, `unit_flags3` = 0, `BaseAttackTime` = 2000, `RangeAttackTime` = 0 WHERE `entry` = 136100;
UPDATE `creature_template` SET `unit_flags` = 32768, `unit_flags2` = 2099200, `unit_flags3` = 0, `BaseAttackTime` = 2000, `RangeAttackTime` = 0 WHERE `entry` = 136083;
UPDATE `creature_template` SET `unit_flags` = 33554688, `unit_flags2` = 2048, `unit_flags3` = 0, `BaseAttackTime` = 2000, `RangeAttackTime` = 0 WHERE `entry` = 54638;
UPDATE `creature_template` SET `unit_flags` = 33088, `unit_flags2` = 0, `unit_flags3` = 0, `BaseAttackTime` = 2000, `RangeAttackTime` = 0 WHERE `entry` = 139971;
UPDATE `creature_template` SET `unit_flags` = 34080768, `unit_flags2` = 2048, `unit_flags3` = 0, `BaseAttackTime` = 2000, `RangeAttackTime` = 0 WHERE `entry` = 92870;

INSERT IGNORE INTO `npc_spellclick_spells` (`npc_entry`, `spell_id`, `cast_flags`, `user_type`) VALUES (140999, 275633, 0, 0);
INSERT IGNORE INTO `npc_spellclick_spells` (`npc_entry`, `spell_id`, `cast_flags`, `user_type`) VALUES (139572, 274154, 0, 0);

INSERT IGNORE INTO `creature_equip_template` (`CreatureID`, `ID`, `ItemID1`, `AppearanceModID1`, `ItemVisual1`, `ItemID2`, `AppearanceModID2`, `ItemVisual2`, `ItemID3`, `AppearanceModID3`, `ItemVisual3`) VALUES (134139, 1, 87649, 0, 0, 155825, 0, 0, 0, 0, 0);
INSERT IGNORE INTO `creature_equip_template` (`CreatureID`, `ID`, `ItemID1`, `AppearanceModID1`, `ItemVisual1`, `ItemID2`, `AppearanceModID2`, `ItemVisual2`, `ItemID3`, `AppearanceModID3`, `ItemVisual3`) VALUES (134137, 1, 33269, 0, 0, 155791, 0, 0, 0, 0, 0);
INSERT IGNORE INTO `creature_equip_template` (`CreatureID`, `ID`, `ItemID1`, `AppearanceModID1`, `ItemVisual1`, `ItemID2`, `AppearanceModID2`, `ItemVisual2`, `ItemID3`, `AppearanceModID3`, `ItemVisual3`) VALUES (136186, 1, 155148, 0, 0, 0, 0, 0, 0, 0, 0);
INSERT IGNORE INTO `creature_equip_template` (`CreatureID`, `ID`, `ItemID1`, `AppearanceModID1`, `ItemVisual1`, `ItemID2`, `AppearanceModID2`, `ItemVisual2`, `ItemID3`, `AppearanceModID3`, `ItemVisual3`) VALUES (139800, 1, 158921, 0, 0, 0, 0, 0, 0, 0, 0);
INSERT IGNORE INTO `creature_equip_template` (`CreatureID`, `ID`, `ItemID1`, `AppearanceModID1`, `ItemVisual1`, `ItemID2`, `AppearanceModID2`, `ItemVisual2`, `ItemID3`, `AppearanceModID3`, `ItemVisual3`) VALUES (139799, 1, 160660, 0, 0, 0, 0, 0, 0, 0, 0);
INSERT IGNORE INTO `creature_equip_template` (`CreatureID`, `ID`, `ItemID1`, `AppearanceModID1`, `ItemVisual1`, `ItemID2`, `AppearanceModID2`, `ItemVisual2`, `ItemID3`, `AppearanceModID3`, `ItemVisual3`) VALUES (134150, 1, 44423, 0, 0, 0, 0, 0, 0, 0, 0);
INSERT IGNORE INTO `creature_equip_template` (`CreatureID`, `ID`, `ItemID1`, `AppearanceModID1`, `ItemVisual1`, `ItemID2`, `AppearanceModID2`, `ItemVisual2`, `ItemID3`, `AppearanceModID3`, `ItemVisual3`) VALUES (136214, 1, 155760, 0, 0, 32520, 0, 0, 0, 0, 0);
INSERT IGNORE INTO `creature_equip_template` (`CreatureID`, `ID`, `ItemID1`, `AppearanceModID1`, `ItemVisual1`, `ItemID2`, `AppearanceModID2`, `ItemVisual2`, `ItemID3`, `AppearanceModID3`, `ItemVisual3`) VALUES (134417, 1, 159932, 0, 0, 0, 0, 0, 0, 0, 0);
INSERT IGNORE INTO `creature_equip_template` (`CreatureID`, `ID`, `ItemID1`, `AppearanceModID1`, `ItemVisual1`, `ItemID2`, `AppearanceModID2`, `ItemVisual2`, `ItemID3`, `AppearanceModID3`, `ItemVisual3`) VALUES (134058, 1, 155798, 0, 0, 0, 0, 0, 0, 0, 0);
INSERT IGNORE INTO `creature_equip_template` (`CreatureID`, `ID`, `ItemID1`, `AppearanceModID1`, `ItemVisual1`, `ItemID2`, `AppearanceModID2`, `ItemVisual2`, `ItemID3`, `AppearanceModID3`, `ItemVisual3`) VALUES (134063, 1, 155796, 0, 0, 0, 0, 0, 0, 0, 0);
INSERT IGNORE INTO `creature_equip_template` (`CreatureID`, `ID`, `ItemID1`, `AppearanceModID1`, `ItemVisual1`, `ItemID2`, `AppearanceModID2`, `ItemVisual2`, `ItemID3`, `AppearanceModID3`, `ItemVisual3`) VALUES (134418, 1, 127337, 0, 0, 0, 0, 0, 0, 0, 0);
INSERT IGNORE INTO `creature_equip_template` (`CreatureID`, `ID`, `ItemID1`, `AppearanceModID1`, `ItemVisual1`, `ItemID2`, `AppearanceModID2`, `ItemVisual2`, `ItemID3`, `AppearanceModID3`, `ItemVisual3`) VALUES (134338, 1, 155756, 0, 0, 0, 0, 0, 0, 0, 0);
INSERT IGNORE INTO `creature_equip_template` (`CreatureID`, `ID`, `ItemID1`, `AppearanceModID1`, `ItemVisual1`, `ItemID2`, `AppearanceModID2`, `ItemVisual2`, `ItemID3`, `AppearanceModID3`, `ItemVisual3`) VALUES (134514, 1, 152426, 0, 0, 0, 0, 0, 0, 0, 0);
INSERT IGNORE INTO `creature_equip_template` (`CreatureID`, `ID`, `ItemID1`, `AppearanceModID1`, `ItemVisual1`, `ItemID2`, `AppearanceModID2`, `ItemVisual2`, `ItemID3`, `AppearanceModID3`, `ItemVisual3`) VALUES (134060, 1, 159927, 0, 0, 0, 0, 0, 0, 0, 0);
INSERT IGNORE INTO `creature_equip_template` (`CreatureID`, `ID`, `ItemID1`, `AppearanceModID1`, `ItemVisual1`, `ItemID2`, `AppearanceModID2`, `ItemVisual2`, `ItemID3`, `AppearanceModID3`, `ItemVisual3`) VALUES (139963, 1, 163037, 0, 0, 0, 0, 0, 0, 0, 0);
INSERT IGNORE INTO `creature_equip_template` (`CreatureID`, `ID`, `ItemID1`, `AppearanceModID1`, `ItemVisual1`, `ItemID2`, `AppearanceModID2`, `ItemVisual2`, `ItemID3`, `AppearanceModID3`, `ItemVisual3`) VALUES (140037, 1, 77221, 0, 0, 0, 0, 0, 0, 0, 0);
INSERT IGNORE INTO `creature_equip_template` (`CreatureID`, `ID`, `ItemID1`, `AppearanceModID1`, `ItemVisual1`, `ItemID2`, `AppearanceModID2`, `ItemVisual2`, `ItemID3`, `AppearanceModID3`, `ItemVisual3`) VALUES (140036, 1, 152426, 0, 0, 0, 0, 0, 0, 0, 0);

INSERT IGNORE INTO `creature_template_scaling` (`Entry`, `LevelScalingMin`, `LevelScalingMax`, `LevelScalingDeltaMin`, `LevelScalingDeltaMax`) VALUES (136347, 110, 120, 0, 0);
INSERT IGNORE INTO `creature_template_scaling` (`Entry`, `LevelScalingMin`, `LevelScalingMax`, `LevelScalingDeltaMin`, `LevelScalingDeltaMax`) VALUES (139970, 110, 120, 0, 2);
INSERT IGNORE INTO `creature_template_scaling` (`Entry`, `LevelScalingMin`, `LevelScalingMax`, `LevelScalingDeltaMin`, `LevelScalingDeltaMax`) VALUES (134139, 110, 120, 0, 0);
INSERT IGNORE INTO `creature_template_scaling` (`Entry`, `LevelScalingMin`, `LevelScalingMax`, `LevelScalingDeltaMin`, `LevelScalingDeltaMax`) VALUES (134173, 110, 120, 0, 0);
INSERT IGNORE INTO `creature_template_scaling` (`Entry`, `LevelScalingMin`, `LevelScalingMax`, `LevelScalingDeltaMin`, `LevelScalingDeltaMax`) VALUES (134137, 110, 120, 0, 0);
INSERT IGNORE INTO `creature_template_scaling` (`Entry`, `LevelScalingMin`, `LevelScalingMax`, `LevelScalingDeltaMin`, `LevelScalingDeltaMax`) VALUES (136186, 110, 120, 0, 0);
INSERT IGNORE INTO `creature_template_scaling` (`Entry`, `LevelScalingMin`, `LevelScalingMax`, `LevelScalingDeltaMin`, `LevelScalingDeltaMax`) VALUES (134144, 110, 120, 0, 1);
INSERT IGNORE INTO `creature_template_scaling` (`Entry`, `LevelScalingMin`, `LevelScalingMax`, `LevelScalingDeltaMin`, `LevelScalingDeltaMax`) VALUES (139800, 110, 120, 0, 0);
INSERT IGNORE INTO `creature_template_scaling` (`Entry`, `LevelScalingMin`, `LevelScalingMax`, `LevelScalingDeltaMin`, `LevelScalingDeltaMax`) VALUES (139799, 110, 120, 0, 0);
INSERT IGNORE INTO `creature_template_scaling` (`Entry`, `LevelScalingMin`, `LevelScalingMax`, `LevelScalingDeltaMin`, `LevelScalingDeltaMax`) VALUES (134150, 110, 120, 0, 1);
INSERT IGNORE INTO `creature_template_scaling` (`Entry`, `LevelScalingMin`, `LevelScalingMax`, `LevelScalingDeltaMin`, `LevelScalingDeltaMax`) VALUES (136214, 110, 120, 0, 1);
INSERT IGNORE INTO `creature_template_scaling` (`Entry`, `LevelScalingMin`, `LevelScalingMax`, `LevelScalingDeltaMin`, `LevelScalingDeltaMax`) VALUES (136249, 110, 120, 0, 1);
INSERT IGNORE INTO `creature_template_scaling` (`Entry`, `LevelScalingMin`, `LevelScalingMax`, `LevelScalingDeltaMin`, `LevelScalingDeltaMax`) VALUES (139737, 110, 120, 0, 2);
INSERT IGNORE INTO `creature_template_scaling` (`Entry`, `LevelScalingMin`, `LevelScalingMax`, `LevelScalingDeltaMin`, `LevelScalingDeltaMax`) VALUES (134417, 110, 120, 0, 1);
INSERT IGNORE INTO `creature_template_scaling` (`Entry`, `LevelScalingMin`, `LevelScalingMax`, `LevelScalingDeltaMin`, `LevelScalingDeltaMax`) VALUES (134058, 110, 120, 0, 2);
INSERT IGNORE INTO `creature_template_scaling` (`Entry`, `LevelScalingMin`, `LevelScalingMax`, `LevelScalingDeltaMin`, `LevelScalingDeltaMax`) VALUES (134063, 110, 120, 0, 2);
INSERT IGNORE INTO `creature_template_scaling` (`Entry`, `LevelScalingMin`, `LevelScalingMax`, `LevelScalingDeltaMin`, `LevelScalingDeltaMax`) VALUES (121028, 110, 110, 0, 1);
INSERT IGNORE INTO `creature_template_scaling` (`Entry`, `LevelScalingMin`, `LevelScalingMax`, `LevelScalingDeltaMin`, `LevelScalingDeltaMax`) VALUES (139626, 110, 120, 0, 0);
INSERT IGNORE INTO `creature_template_scaling` (`Entry`, `LevelScalingMin`, `LevelScalingMax`, `LevelScalingDeltaMin`, `LevelScalingDeltaMax`) VALUES (134418, 110, 120, 0, 0);
INSERT IGNORE INTO `creature_template_scaling` (`Entry`, `LevelScalingMin`, `LevelScalingMax`, `LevelScalingDeltaMin`, `LevelScalingDeltaMax`) VALUES (134338, 110, 120, 0, 0);
INSERT IGNORE INTO `creature_template_scaling` (`Entry`, `LevelScalingMin`, `LevelScalingMax`, `LevelScalingDeltaMin`, `LevelScalingDeltaMax`) VALUES (134514, 110, 120, 0, 0);
INSERT IGNORE INTO `creature_template_scaling` (`Entry`, `LevelScalingMin`, `LevelScalingMax`, `LevelScalingDeltaMin`, `LevelScalingDeltaMax`) VALUES (134069, 110, 120, 0, 2);
INSERT IGNORE INTO `creature_template_scaling` (`Entry`, `LevelScalingMin`, `LevelScalingMax`, `LevelScalingDeltaMin`, `LevelScalingDeltaMax`) VALUES (134423, 110, 120, 0, 0);
INSERT IGNORE INTO `creature_template_scaling` (`Entry`, `LevelScalingMin`, `LevelScalingMax`, `LevelScalingDeltaMin`, `LevelScalingDeltaMax`) VALUES (134056, 110, 120, 0, 2);
INSERT IGNORE INTO `creature_template_scaling` (`Entry`, `LevelScalingMin`, `LevelScalingMax`, `LevelScalingDeltaMin`, `LevelScalingDeltaMax`) VALUES (134828, 110, 120, 0, 1);
INSERT IGNORE INTO `creature_template_scaling` (`Entry`, `LevelScalingMin`, `LevelScalingMax`, `LevelScalingDeltaMin`, `LevelScalingDeltaMax`) VALUES (135816, 110, 110, 0, 0);
INSERT IGNORE INTO `creature_template_scaling` (`Entry`, `LevelScalingMin`, `LevelScalingMax`, `LevelScalingDeltaMin`, `LevelScalingDeltaMax`) VALUES (134060, 110, 120, 0, 2);
INSERT IGNORE INTO `creature_template_scaling` (`Entry`, `LevelScalingMin`, `LevelScalingMax`, `LevelScalingDeltaMin`, `LevelScalingDeltaMax`) VALUES (139963, 110, 120, 0, 2);
INSERT IGNORE INTO `creature_template_scaling` (`Entry`, `LevelScalingMin`, `LevelScalingMax`, `LevelScalingDeltaMin`, `LevelScalingDeltaMax`) VALUES (136353, 110, 120, 0, 0);
INSERT IGNORE INTO `creature_template_scaling` (`Entry`, `LevelScalingMin`, `LevelScalingMax`, `LevelScalingDeltaMin`, `LevelScalingDeltaMax`) VALUES (137143, 110, 120, 0, 1);
INSERT IGNORE INTO `creature_template_scaling` (`Entry`, `LevelScalingMin`, `LevelScalingMax`, `LevelScalingDeltaMin`, `LevelScalingDeltaMax`) VALUES (136295, 110, 120, 0, 1);
INSERT IGNORE INTO `creature_template_scaling` (`Entry`, `LevelScalingMin`, `LevelScalingMax`, `LevelScalingDeltaMin`, `LevelScalingDeltaMax`) VALUES (136297, 110, 120, 0, 1);
INSERT IGNORE INTO `creature_template_scaling` (`Entry`, `LevelScalingMin`, `LevelScalingMax`, `LevelScalingDeltaMin`, `LevelScalingDeltaMax`) VALUES (140038, 110, 120, 0, 0);
INSERT IGNORE INTO `creature_template_scaling` (`Entry`, `LevelScalingMin`, `LevelScalingMax`, `LevelScalingDeltaMin`, `LevelScalingDeltaMax`) VALUES (137036, 110, 120, 0, 0);
INSERT IGNORE INTO `creature_template_scaling` (`Entry`, `LevelScalingMin`, `LevelScalingMax`, `LevelScalingDeltaMin`, `LevelScalingDeltaMax`) VALUES (137051, 110, 120, 0, 0);
INSERT IGNORE INTO `creature_template_scaling` (`Entry`, `LevelScalingMin`, `LevelScalingMax`, `LevelScalingDeltaMin`, `LevelScalingDeltaMax`) VALUES (140037, 110, 120, 0, 0);
INSERT IGNORE INTO `creature_template_scaling` (`Entry`, `LevelScalingMin`, `LevelScalingMax`, `LevelScalingDeltaMin`, `LevelScalingDeltaMax`) VALUES (140036, 110, 120, 0, 0);
INSERT IGNORE INTO `creature_template_scaling` (`Entry`, `LevelScalingMin`, `LevelScalingMax`, `LevelScalingDeltaMin`, `LevelScalingDeltaMax`) VALUES (135987, 110, 120, 0, 1);
INSERT IGNORE INTO `creature_template_scaling` (`Entry`, `LevelScalingMin`, `LevelScalingMax`, `LevelScalingDeltaMin`, `LevelScalingDeltaMax`) VALUES (136100, 110, 120, 0, 1);
INSERT IGNORE INTO `creature_template_scaling` (`Entry`, `LevelScalingMin`, `LevelScalingMax`, `LevelScalingDeltaMin`, `LevelScalingDeltaMax`) VALUES (136083, 110, 120, 0, 1);
INSERT IGNORE INTO `creature_template_scaling` (`Entry`, `LevelScalingMin`, `LevelScalingMax`, `LevelScalingDeltaMin`, `LevelScalingDeltaMax`) VALUES (139971, 110, 120, 0, 2);
INSERT IGNORE INTO `creature_template_scaling` (`Entry`, `LevelScalingMin`, `LevelScalingMax`, `LevelScalingDeltaMin`, `LevelScalingDeltaMax`) VALUES (100997, 110, 110, 0, 0);

UPDATE `creature_template` SET `minlevel`=110, `maxlevel`=120 WHERE `entry`=136347;
UPDATE `creature_template` SET `minlevel`=110, `maxlevel`=120 WHERE `entry`=139970;
UPDATE `creature_template` SET `minlevel`=110, `maxlevel`=120 WHERE `entry`=134139;
UPDATE `creature_template` SET `minlevel`=1, `maxlevel`=1 WHERE `entry`=141587;
UPDATE `creature_template` SET `minlevel`=110, `maxlevel`=120 WHERE `entry`=134173;
UPDATE `creature_template` SET `minlevel`=110, `maxlevel`=120 WHERE `entry`=134137;
UPDATE `creature_template` SET `minlevel`=1, `maxlevel`=1 WHERE `entry`=141585;
UPDATE `creature_template` SET `minlevel`=120, `maxlevel`=120 WHERE `entry`=140999;
UPDATE `creature_template` SET `minlevel`=110, `maxlevel`=120 WHERE `entry`=136186;
UPDATE `creature_template` SET `minlevel`=110, `maxlevel`=120 WHERE `entry`=134144;
UPDATE `creature_template` SET `minlevel`=120, `maxlevel`=120 WHERE `entry`=136188;
UPDATE `creature_template` SET `minlevel`=120, `maxlevel`=120 WHERE `entry`=136505;
UPDATE `creature_template` SET `minlevel`=110, `maxlevel`=120 WHERE `entry`=139800;
UPDATE `creature_template` SET `minlevel`=110, `maxlevel`=120 WHERE `entry`=139799;
UPDATE `creature_template` SET `minlevel`=110, `maxlevel`=120 WHERE `entry`=134150;
UPDATE `creature_template` SET `minlevel`=110, `maxlevel`=120 WHERE `entry`=136214;
UPDATE `creature_template` SET `minlevel`=110, `maxlevel`=120 WHERE `entry`=136249;
UPDATE `creature_template` SET `minlevel`=120, `maxlevel`=120 WHERE `entry`=139986;
UPDATE `creature_template` SET `minlevel`=110, `maxlevel`=120 WHERE `entry`=139737;
UPDATE `creature_template` SET `minlevel`=110, `maxlevel`=120 WHERE `entry`=134417;
UPDATE `creature_template` SET `minlevel`=120, `maxlevel`=120 WHERE `entry`=139572;
UPDATE `creature_template` SET `minlevel`=110, `maxlevel`=120 WHERE `entry`=134058;
UPDATE `creature_template` SET `minlevel`=110, `maxlevel`=120 WHERE `entry`=134063;
UPDATE `creature_template` SET `minlevel`=110, `maxlevel`=110 WHERE `entry`=121028;
UPDATE `creature_template` SET `minlevel`=120, `maxlevel`=120 WHERE `entry`=38453;
UPDATE `creature_template` SET `minlevel`=120, `maxlevel`=120 WHERE `entry`=43499;
UPDATE `creature_template` SET `minlevel`=120, `maxlevel`=120 WHERE `entry`=32517;
UPDATE `creature_template` SET `minlevel`=110, `maxlevel`=120 WHERE `entry`=139626;
UPDATE `creature_template` SET `minlevel`=110, `maxlevel`=120 WHERE `entry`=134418;
UPDATE `creature_template` SET `minlevel`=110, `maxlevel`=120 WHERE `entry`=134338;
UPDATE `creature_template` SET `minlevel`=110, `maxlevel`=120 WHERE `entry`=134514;
UPDATE `creature_template` SET `minlevel`=110, `maxlevel`=120 WHERE `entry`=134069;
UPDATE `creature_template` SET `minlevel`=110, `maxlevel`=120 WHERE `entry`=134423;
UPDATE `creature_template` SET `minlevel`=110, `maxlevel`=120 WHERE `entry`=134056;
UPDATE `creature_template` SET `minlevel`=110, `maxlevel`=120 WHERE `entry`=134828;
UPDATE `creature_template` SET `minlevel`=119, `maxlevel`=119 WHERE `entry`=17252;
UPDATE `creature_template` SET `minlevel`=119, `maxlevel`=119 WHERE `entry`=98035;
UPDATE `creature_template` SET `minlevel`=110, `maxlevel`=110 WHERE `entry`=135816;
UPDATE `creature_template` SET `minlevel`=119, `maxlevel`=119 WHERE `entry`=55659;
UPDATE `creature_template` SET `minlevel`=110, `maxlevel`=120 WHERE `entry`=134060;
UPDATE `creature_template` SET `minlevel`=120, `maxlevel`=120 WHERE `entry`=136363;
UPDATE `creature_template` SET `minlevel`=120, `maxlevel`=120 WHERE `entry`=136961;
UPDATE `creature_template` SET `minlevel`=110, `maxlevel`=120 WHERE `entry`=139963;
UPDATE `creature_template` SET `minlevel`=110, `maxlevel`=120 WHERE `entry`=136353;
UPDATE `creature_template` SET `minlevel`=120, `maxlevel`=120 WHERE `entry`=141016;
UPDATE `creature_template` SET `minlevel`=1, `maxlevel`=1 WHERE `entry`=82347;
UPDATE `creature_template` SET `minlevel`=110, `maxlevel`=120 WHERE `entry`=137143;
UPDATE `creature_template` SET `minlevel`=110, `maxlevel`=120 WHERE `entry`=136295;
UPDATE `creature_template` SET `minlevel`=110, `maxlevel`=120 WHERE `entry`=136297;
UPDATE `creature_template` SET `minlevel`=110, `maxlevel`=120 WHERE `entry`=140038;
UPDATE `creature_template` SET `minlevel`=110, `maxlevel`=120 WHERE `entry`=137036;
UPDATE `creature_template` SET `minlevel`=110, `maxlevel`=120 WHERE `entry`=137051;
UPDATE `creature_template` SET `minlevel`=119, `maxlevel`=119 WHERE `entry`=135002;
UPDATE `creature_template` SET `minlevel`=110, `maxlevel`=120 WHERE `entry`=140037;
UPDATE `creature_template` SET `minlevel`=110, `maxlevel`=120 WHERE `entry`=140036;
UPDATE `creature_template` SET `minlevel`=119, `maxlevel`=119 WHERE `entry`=59262;
UPDATE `creature_template` SET `minlevel`=119, `maxlevel`=119 WHERE `entry`=59271;
UPDATE `creature_template` SET `minlevel`=110, `maxlevel`=120 WHERE `entry`=135987;
UPDATE `creature_template` SET `minlevel`=110, `maxlevel`=120 WHERE `entry`=136100;
UPDATE `creature_template` SET `minlevel`=110, `maxlevel`=120 WHERE `entry`=136083;
UPDATE `creature_template` SET `minlevel`=60, `maxlevel`=60 WHERE `entry`=54638;
UPDATE `creature_template` SET `minlevel`=120, `maxlevel`=120 WHERE `entry`=78116;
UPDATE `creature_template` SET `minlevel`=110, `maxlevel`=120 WHERE `entry`=139971;
UPDATE `creature_template` SET `minlevel`=120, `maxlevel`=120 WHERE `entry`=47649;
UPDATE `creature_template` SET `minlevel`=120, `maxlevel`=120 WHERE `entry`=110340;
UPDATE `creature_template` SET `minlevel`=1, `maxlevel`=1 WHERE `entry`=92870;
UPDATE `creature_template` SET `minlevel`=110, `maxlevel`=110 WHERE `entry`=100997;
UPDATE `creature_template` SET `minlevel`=1, `maxlevel`=1 WHERE `entry`=111722;
UPDATE `creature_template` SET `minlevel`=120, `maxlevel`=120 WHERE `entry`=94729;
UPDATE `creature_template` SET `faction`=16 WHERE `entry`=136347;
UPDATE `creature_template` SET `faction`=35 WHERE `entry`=139970;
UPDATE `creature_template` SET `faction`=16 WHERE `entry`=134139;
UPDATE `creature_template` SET `faction`=190 WHERE `entry`=141587;
UPDATE `creature_template` SET `faction`=2000 WHERE `entry`=134173;
UPDATE `creature_template` SET `faction`=16 WHERE `entry`=134137;
UPDATE `creature_template` SET `faction`=190 WHERE `entry`=141585;
UPDATE `creature_template` SET `faction`=35 WHERE `entry`=140999;
UPDATE `creature_template` SET `faction`=16 WHERE `entry`=136186;
UPDATE `creature_template` SET `faction`=16 WHERE `entry`=134144;
UPDATE `creature_template` SET `faction`=14 WHERE `entry`=136188;
UPDATE `creature_template` SET `faction`=14 WHERE `entry`=136505;
UPDATE `creature_template` SET `faction`=16 WHERE `entry`=139800;
UPDATE `creature_template` SET `faction`=16 WHERE `entry`=139799;
UPDATE `creature_template` SET `faction`=16 WHERE `entry`=134150;
UPDATE `creature_template` SET `faction`=16 WHERE `entry`=136214;
UPDATE `creature_template` SET `faction`=16 WHERE `entry`=136249;
UPDATE `creature_template` SET `faction`=35 WHERE `entry`=139986;
UPDATE `creature_template` SET `faction`=16 WHERE `entry`=139737;
UPDATE `creature_template` SET `faction`=16 WHERE `entry`=134417;
UPDATE `creature_template` SET `faction`=35 WHERE `entry`=139572;
UPDATE `creature_template` SET `faction`=16 WHERE `entry`=134058;
UPDATE `creature_template` SET `faction`=16 WHERE `entry`=134063;
UPDATE `creature_template` SET `faction`=2156 WHERE `entry`=121028;
UPDATE `creature_template` SET `faction`=4 WHERE `entry`=38453;
UPDATE `creature_template` SET `faction`=1 WHERE `entry`=43499;
UPDATE `creature_template` SET `faction`=4 WHERE `entry`=32517;
UPDATE `creature_template` SET `faction`=16 WHERE `entry`=139626;
UPDATE `creature_template` SET `faction`=16 WHERE `entry`=134418;
UPDATE `creature_template` SET `faction`=16 WHERE `entry`=134338;
UPDATE `creature_template` SET `faction`=16 WHERE `entry`=134514;
UPDATE `creature_template` SET `faction`=16 WHERE `entry`=134069;
UPDATE `creature_template` SET `faction`=16 WHERE `entry`=134423;
UPDATE `creature_template` SET `faction`=16 WHERE `entry`=134056;
UPDATE `creature_template` SET `faction`=16 WHERE `entry`=134828;
UPDATE `creature_template` SET `faction`=2203 WHERE `entry`=17252;
UPDATE `creature_template` SET `faction`=2203 WHERE `entry`=98035;
UPDATE `creature_template` SET `faction`=2203 WHERE `entry`=135816;
UPDATE `creature_template` SET `faction`=2203 WHERE `entry`=55659;
UPDATE `creature_template` SET `faction`=16 WHERE `entry`=134060;
UPDATE `creature_template` SET `faction`=14 WHERE `entry`=136363;
UPDATE `creature_template` SET `faction`=14 WHERE `entry`=136961;
UPDATE `creature_template` SET `faction`=16 WHERE `entry`=139963;
UPDATE `creature_template` SET `faction`=16 WHERE `entry`=136353;
UPDATE `creature_template` SET `faction`=35 WHERE `entry`=141016;
UPDATE `creature_template` SET `faction`=7 WHERE `entry`=82347;
UPDATE `creature_template` SET `faction`=16 WHERE `entry`=137143;
UPDATE `creature_template` SET `faction`=16 WHERE `entry`=136295;
UPDATE `creature_template` SET `faction`=16 WHERE `entry`=136297;
UPDATE `creature_template` SET `faction`=16 WHERE `entry`=140038;
UPDATE `creature_template` SET `faction`=14 WHERE `entry`=137036;
UPDATE `creature_template` SET `faction`=16 WHERE `entry`=137051;
UPDATE `creature_template` SET `faction`=2203 WHERE `entry`=135002;
UPDATE `creature_template` SET `faction`=16 WHERE `entry`=140037;
UPDATE `creature_template` SET `faction`=16 WHERE `entry`=140036;
UPDATE `creature_template` SET `faction`=2203 WHERE `entry`=59262;
UPDATE `creature_template` SET `faction`=2203 WHERE `entry`=59271;
UPDATE `creature_template` SET `faction`=16 WHERE `entry`=135987;
UPDATE `creature_template` SET `faction`=16 WHERE `entry`=136100;
UPDATE `creature_template` SET `faction`=16 WHERE `entry`=136083;
UPDATE `creature_template` SET `faction`=35 WHERE `entry`=54638;
UPDATE `creature_template` SET `faction`=116 WHERE `entry`=78116;
UPDATE `creature_template` SET `faction`=35 WHERE `entry`=139971;
UPDATE `creature_template` SET `faction`=6 WHERE `entry`=47649;
UPDATE `creature_template` SET `faction`=5 WHERE `entry`=110340;
UPDATE `creature_template` SET `faction`=35 WHERE `entry`=92870;
UPDATE `creature_template` SET `faction`=116 WHERE `entry`=100997;
UPDATE `creature_template` SET `faction`=190 WHERE `entry`=111722;
UPDATE `creature_template` SET `faction`=1 WHERE `entry`=94729;
UPDATE `creature_template` SET `VehicleId`=4469 WHERE `entry`=98035;
UPDATE `creature_template` SET `npcflag`=16777216 WHERE `entry`=140999;
UPDATE `creature_template` SET `npcflag`=16777216 WHERE `entry`=139572;
UPDATE `creature_template` SET `npcflag`=16777216 WHERE `entry`=43499;
UPDATE `creature_template` SET `npcflag`=16777216 WHERE `entry`=59262;
UPDATE `creature_template` SET `npcflag`=16777216 WHERE `entry`=59271;

INSERT IGNORE INTO gameobject_template (entry, type, displayId, name, IconName, castBarCaption, unk1, size, Data0, Data1, Data2, Data3, Data4, Data5, Data6, Data7, Data8, Data9, Data10, Data11, Data12, Data13, Data14, Data15, Data16, Data17, Data18, Data19, Data20, Data21, Data22, Data23, Data24, Data25, Data26, Data27, Data28, Data29, Data30, Data31, Data32, Data33, RequiredLevel) VALUES (252248, 5, 672, 'Instance Portal', '', '', '', 1.5, 0, 0, 0, 1, 0, 0, 0, 0, 0, 0, 0, 0, 0, 0, 0, 0, 0, 0, 0, 0, 0, 0, 0, 0, 0, 0, 0, 0, 0, 0, 0, 0, 0, 0, 0);
INSERT IGNORE INTO gameobject_template (entry, type, displayId, name, IconName, castBarCaption, unk1, size, Data0, Data1, Data2, Data3, Data4, Data5, Data6, Data7, Data8, Data9, Data10, Data11, Data12, Data13, Data14, Data15, Data16, Data17, Data18, Data19, Data20, Data21, Data22, Data23, Data24, Data25, Data26, Data27, Data28, Data29, Data30, Data31, Data32, Data33, RequiredLevel) VALUES (277358, 0, 6391, 'Collision Wall', '', '', '', 5, 0, 0, 0, 0, 0, 0, 0, 21439, 21439, 1, 0, 0, 0, 0, 0, 0, 0, 0, 0, 0, 0, 0, 0, 0, 0, 0, 0, 0, 0, 0, 0, 0, 0, 0, 0);
INSERT IGNORE INTO gameobject_template (entry, type, displayId, name, IconName, castBarCaption, unk1, size, Data0, Data1, Data2, Data3, Data4, Data5, Data6, Data7, Data8, Data9, Data10, Data11, Data12, Data13, Data14, Data15, Data16, Data17, Data18, Data19, Data20, Data21, Data22, Data23, Data24, Data25, Data26, Data27, Data28, Data29, Data30, Data31, Data32, Data33, RequiredLevel) VALUES (230537, 0, 13594, 'Invisible Door', '', '', '', 0.2, 0, 0, 0, 0, 0, 0, 1, 0, 0, 1, 0, 0, 0, 0, 0, 0, 0, 0, 0, 0, 0, 0, 0, 0, 0, 0, 0, 0, 0, 0, 0, 0, 0, 0, 0);
INSERT IGNORE INTO gameobject_template (entry, type, displayId, name, IconName, castBarCaption, unk1, size, Data0, Data1, Data2, Data3, Data4, Data5, Data6, Data7, Data8, Data9, Data10, Data11, Data12, Data13, Data14, Data15, Data16, Data17, Data18, Data19, Data20, Data21, Data22, Data23, Data24, Data25, Data26, Data27, Data28, Data29, Data30, Data31, Data32, Data33, RequiredLevel) VALUES (249386, 0, 10403, 'Arcane Barrier', '', '', '', 1, 0, 0, 0, 0, 0, 0, 0, 0, 0, 1, 0, 0, 0, 0, 0, 0, 0, 0, 0, 0, 0, 0, 0, 0, 0, 0, 0, 0, 0, 0, 0, 0, 0, 0, 0);
INSERT IGNORE INTO gameobject_template (entry, type, displayId, name, IconName, castBarCaption, unk1, size, Data0, Data1, Data2, Data3, Data4, Data5, Data6, Data7, Data8, Data9, Data10, Data11, Data12, Data13, Data14, Data15, Data16, Data17, Data18, Data19, Data20, Data21, Data22, Data23, Data24, Data25, Data26, Data27, Data28, Data29, Data30, Data31, Data32, Data33, RequiredLevel) VALUES (216056, 5, 7735, 'Collision PC Size', '', '', '', 3, 0, 0, 0, 0, 0, 0, 0, 0, 0, 0, 0, 0, 0, 0, 0, 0, 0, 0, 0, 0, 0, 0, 0, 0, 0, 0, 0, 0, 0, 0, 0, 0, 0, 0, 0);
INSERT IGNORE INTO gameobject_template (entry, type, displayId, name, IconName, castBarCaption, unk1, size, Data0, Data1, Data2, Data3, Data4, Data5, Data6, Data7, Data8, Data9, Data10, Data11, Data12, Data13, Data14, Data15, Data16, Data17, Data18, Data19, Data20, Data21, Data22, Data23, Data24, Data25, Data26, Data27, Data28, Data29, Data30, Data31, Data32, Data33, RequiredLevel) VALUES (266885, 5, 14501, 'Ghost Gate', '', '', '', 6, 0, 0, 0, 0, 0, 0, 0, 0, 0, 0, 0, 0, 0, 0, 0, 0, 0, 0, 0, 0, 0, 0, 0, 0, 0, 0, 0, 0, 0, 0, 0, 0, 0, 0, 0);
INSERT IGNORE INTO gameobject_template (entry, type, displayId, name, IconName, castBarCaption, unk1, size, Data0, Data1, Data2, Data3, Data4, Data5, Data6, Data7, Data8, Data9, Data10, Data11, Data12, Data13, Data14, Data15, Data16, Data17, Data18, Data19, Data20, Data21, Data22, Data23, Data24, Data25, Data26, Data27, Data28, Data29, Data30, Data31, Data32, Data33, RequiredLevel) VALUES (292654, 5, 47309, 'Void', '', '', '', 2, 0, 0, 0, 1, 0, 0, 0, 0, 0, 0, 0, 0, 0, 0, 0, 0, 0, 0, 0, 0, 0, 0, 0, 0, 0, 0, 0, 0, 0, 0, 0, 0, 0, 0, 0);
INSERT IGNORE INTO gameobject_template (entry, type, displayId, name, IconName, castBarCaption, unk1, size, Data0, Data1, Data2, Data3, Data4, Data5, Data6, Data7, Data8, Data9, Data10, Data11, Data12, Data13, Data14, Data15, Data16, Data17, Data18, Data19, Data20, Data21, Data22, Data23, Data24, Data25, Data26, Data27, Data28, Data29, Data30, Data31, Data32, Data33, RequiredLevel) VALUES (292653, 5, 50162, 'Barrier', '', '', '', 1, 0, 0, 0, 1, 0, 0, 0, 0, 0, 0, 0, 0, 0, 0, 0, 0, 0, 0, 0, 0, 0, 0, 0, 0, 0, 0, 0, 0, 0, 0, 0, 0, 0, 0, 0);
INSERT IGNORE INTO gameobject_template (entry, type, displayId, name, IconName, castBarCaption, unk1, size, Data0, Data1, Data2, Data3, Data4, Data5, Data6, Data7, Data8, Data9, Data10, Data11, Data12, Data13, Data14, Data15, Data16, Data17, Data18, Data19, Data20, Data21, Data22, Data23, Data24, Data25, Data26, Data27, Data28, Data29, Data30, Data31, Data32, Data33, RequiredLevel) VALUES (293699, 3, 36780, 'Scroll of Safe Passage', '', 'Opening', '', 1, 1690, 0, 1, 0, 0, 0, 0, 0, 0, 0, 0, 0, 0, 0, 21400, 0, 0, 0, 0, 0, 0, 0, 0, 0, 0, 0, 0, 0, 0, 0, 89892, 1, 0, 0, 0);
INSERT IGNORE INTO gameobject_questitem (GameObjectEntry, Idx, ItemId) VALUES (293699, 0, 162456);
INSERT IGNORE INTO gameobject_template (entry, type, displayId, name, IconName, castBarCaption, unk1, size, Data0, Data1, Data2, Data3, Data4, Data5, Data6, Data7, Data8, Data9, Data10, Data11, Data12, Data13, Data14, Data15, Data16, Data17, Data18, Data19, Data20, Data21, Data22, Data23, Data24, Data25, Data26, Data27, Data28, Data29, Data30, Data31, Data32, Data33, RequiredLevel) VALUES (233282, 22, 7537, 'Refreshment Table', '', '', '', 1.2, 167143, 50, 1, 0, 0, 0, 0, 0, 0, 0, 0, 0, 0, 0, 0, 0, 0, 0, 0, 0, 0, 0, 0, 0, 0, 0, 0, 0, 0, 0, 0, 0, 0, 0, 0);


REPLACE INTO npc_text (ID, BroadcastTextID0, Probability0, BroadcastTextID1, Probability1, BroadcastTextID2, Probability2, BroadcastTextID3, Probability3, BroadcastTextID4, Probability4, BroadcastTextID5, Probability5, BroadcastTextID6, Probability6, BroadcastTextID7, Probability7) VALUES (35145, 156915, 1, 0, 0, 0, 0, 0, 0, 0, 0, 0, 0, 0, 0, 0, 0);
REPLACE INTO npc_text (ID, BroadcastTextID0, Probability0, BroadcastTextID1, Probability1, BroadcastTextID2, Probability2, BroadcastTextID3, Probability3, BroadcastTextID4, Probability4, BroadcastTextID5, Probability5, BroadcastTextID6, Probability6, BroadcastTextID7, Probability7) VALUES (34797, 153643, 1, 0, 0, 0, 0, 0, 0, 0, 0, 0, 0, 0, 0, 0, 0);
REPLACE INTO npc_text (ID, BroadcastTextID0, Probability0, BroadcastTextID1, Probability1, BroadcastTextID2, Probability2, BroadcastTextID3, Probability3, BroadcastTextID4, Probability4, BroadcastTextID5, Probability5, BroadcastTextID6, Probability6, BroadcastTextID7, Probability7) VALUES (34798, 153644, 1, 0, 0, 0, 0, 0, 0, 0, 0, 0, 0, 0, 0, 0, 0);
REPLACE INTO npc_text (ID, BroadcastTextID0, Probability0, BroadcastTextID1, Probability1, BroadcastTextID2, Probability2, BroadcastTextID3, Probability3, BroadcastTextID4, Probability4, BroadcastTextID5, Probability5, BroadcastTextID6, Probability6, BroadcastTextID7, Probability7) VALUES (34709, 153164, 1, 0, 0, 0, 0, 0, 0, 0, 0, 0, 0, 0, 0, 0, 0);
REPLACE INTO npc_text (ID, BroadcastTextID0, Probability0, BroadcastTextID1, Probability1, BroadcastTextID2, Probability2, BroadcastTextID3, Probability3, BroadcastTextID4, Probability4, BroadcastTextID5, Probability5, BroadcastTextID6, Probability6, BroadcastTextID7, Probability7) VALUES (34763, 153322, 1, 0, 0, 0, 0, 0, 0, 0, 0, 0, 0, 0, 0, 0, 0);
REPLACE INTO npc_text (ID, BroadcastTextID0, Probability0, BroadcastTextID1, Probability1, BroadcastTextID2, Probability2, BroadcastTextID3, Probability3, BroadcastTextID4, Probability4, BroadcastTextID5, Probability5, BroadcastTextID6, Probability6, BroadcastTextID7, Probability7) VALUES (34658, 152708, 1, 0, 0, 0, 0, 0, 0, 0, 0, 0, 0, 0, 0, 0, 0);
REPLACE INTO npc_text (ID, BroadcastTextID0, Probability0, BroadcastTextID1, Probability1, BroadcastTextID2, Probability2, BroadcastTextID3, Probability3, BroadcastTextID4, Probability4, BroadcastTextID5, Probability5, BroadcastTextID6, Probability6, BroadcastTextID7, Probability7) VALUES (34540, 151944, 1, 0, 0, 0, 0, 0, 0, 0, 0, 0, 0, 0, 0, 0, 0);
REPLACE INTO npc_text (ID, BroadcastTextID0, Probability0, BroadcastTextID1, Probability1, BroadcastTextID2, Probability2, BroadcastTextID3, Probability3, BroadcastTextID4, Probability4, BroadcastTextID5, Probability5, BroadcastTextID6, Probability6, BroadcastTextID7, Probability7) VALUES (35143, 156912, 1, 0, 0, 0, 0, 0, 0, 0, 0, 0, 0, 0, 0, 0, 0);
REPLACE INTO npc_text (ID, BroadcastTextID0, Probability0, BroadcastTextID1, Probability1, BroadcastTextID2, Probability2, BroadcastTextID3, Probability3, BroadcastTextID4, Probability4, BroadcastTextID5, Probability5, BroadcastTextID6, Probability6, BroadcastTextID7, Probability7) VALUES (35050, 156353, 1, 0, 0, 0, 0, 0, 0, 0, 0, 0, 0, 0, 0, 0, 0);
REPLACE INTO npc_text (ID, BroadcastTextID0, Probability0, BroadcastTextID1, Probability1, BroadcastTextID2, Probability2, BroadcastTextID3, Probability3, BroadcastTextID4, Probability4, BroadcastTextID5, Probability5, BroadcastTextID6, Probability6, BroadcastTextID7, Probability7) VALUES (36159, 161564, 1, 0, 0, 0, 0, 0, 0, 0, 0, 0, 0, 0, 0, 0, 0);
REPLACE INTO npc_text (ID, BroadcastTextID0, Probability0, BroadcastTextID1, Probability1, BroadcastTextID2, Probability2, BroadcastTextID3, Probability3, BroadcastTextID4, Probability4, BroadcastTextID5, Probability5, BroadcastTextID6, Probability6, BroadcastTextID7, Probability7) VALUES (36160, 161570, 1, 0, 0, 0, 0, 0, 0, 0, 0, 0, 0, 0, 0, 0, 0);
REPLACE INTO npc_text (ID, BroadcastTextID0, Probability0, BroadcastTextID1, Probability1, BroadcastTextID2, Probability2, BroadcastTextID3, Probability3, BroadcastTextID4, Probability4, BroadcastTextID5, Probability5, BroadcastTextID6, Probability6, BroadcastTextID7, Probability7) VALUES (36161, 161576, 1, 0, 0, 0, 0, 0, 0, 0, 0, 0, 0, 0, 0, 0, 0);
REPLACE INTO npc_text (ID, BroadcastTextID0, Probability0, BroadcastTextID1, Probability1, BroadcastTextID2, Probability2, BroadcastTextID3, Probability3, BroadcastTextID4, Probability4, BroadcastTextID5, Probability5, BroadcastTextID6, Probability6, BroadcastTextID7, Probability7) VALUES (35554, 159627, 1, 0, 0, 0, 0, 0, 0, 0, 0, 0, 0, 0, 0, 0, 0);
REPLACE INTO npc_text (ID, BroadcastTextID0, Probability0, BroadcastTextID1, Probability1, BroadcastTextID2, Probability2, BroadcastTextID3, Probability3, BroadcastTextID4, Probability4, BroadcastTextID5, Probability5, BroadcastTextID6, Probability6, BroadcastTextID7, Probability7) VALUES (33073, 138015, 1, 0, 0, 0, 0, 0, 0, 0, 0, 0, 0, 0, 0, 0, 0);
REPLACE INTO npc_text (ID, BroadcastTextID0, Probability0, BroadcastTextID1, Probability1, BroadcastTextID2, Probability2, BroadcastTextID3, Probability3, BroadcastTextID4, Probability4, BroadcastTextID5, Probability5, BroadcastTextID6, Probability6, BroadcastTextID7, Probability7) VALUES (33048, 137891, 1, 0, 0, 0, 0, 0, 0, 0, 0, 0, 0, 0, 0, 0, 0);
REPLACE INTO npc_text (ID, BroadcastTextID0, Probability0, BroadcastTextID1, Probability1, BroadcastTextID2, Probability2, BroadcastTextID3, Probability3, BroadcastTextID4, Probability4, BroadcastTextID5, Probability5, BroadcastTextID6, Probability6, BroadcastTextID7, Probability7) VALUES (33049, 137893, 1, 0, 0, 0, 0, 0, 0, 0, 0, 0, 0, 0, 0, 0, 0);
REPLACE INTO npc_text (ID, BroadcastTextID0, Probability0, BroadcastTextID1, Probability1, BroadcastTextID2, Probability2, BroadcastTextID3, Probability3, BroadcastTextID4, Probability4, BroadcastTextID5, Probability5, BroadcastTextID6, Probability6, BroadcastTextID7, Probability7) VALUES (33273, 140512, 1, 0, 0, 0, 0, 0, 0, 0, 0, 0, 0, 0, 0, 0, 0);
REPLACE INTO npc_text (ID, BroadcastTextID0, Probability0, BroadcastTextID1, Probability1, BroadcastTextID2, Probability2, BroadcastTextID3, Probability3, BroadcastTextID4, Probability4, BroadcastTextID5, Probability5, BroadcastTextID6, Probability6, BroadcastTextID7, Probability7) VALUES (34802, 153683, 1, 0, 0, 0, 0, 0, 0, 0, 0, 0, 0, 0, 0, 0, 0);
REPLACE INTO npc_text (ID, BroadcastTextID0, Probability0, BroadcastTextID1, Probability1, BroadcastTextID2, Probability2, BroadcastTextID3, Probability3, BroadcastTextID4, Probability4, BroadcastTextID5, Probability5, BroadcastTextID6, Probability6, BroadcastTextID7, Probability7) VALUES (35214, 157265, 1, 0, 0, 0, 0, 0, 0, 0, 0, 0, 0, 0, 0, 0, 0);
REPLACE INTO npc_text (ID, BroadcastTextID0, Probability0, BroadcastTextID1, Probability1, BroadcastTextID2, Probability2, BroadcastTextID3, Probability3, BroadcastTextID4, Probability4, BroadcastTextID5, Probability5, BroadcastTextID6, Probability6, BroadcastTextID7, Probability7) VALUES (36306, 162164, 1, 0, 0, 0, 0, 0, 0, 0, 0, 0, 0, 0, 0, 0, 0);
REPLACE INTO npc_text (ID, BroadcastTextID0, Probability0, BroadcastTextID1, Probability1, BroadcastTextID2, Probability2, BroadcastTextID3, Probability3, BroadcastTextID4, Probability4, BroadcastTextID5, Probability5, BroadcastTextID6, Probability6, BroadcastTextID7, Probability7) VALUES (34812, 153736, 1, 0, 0, 0, 0, 0, 0, 0, 0, 0, 0, 0, 0, 0, 0);
REPLACE INTO npc_text (ID, BroadcastTextID0, Probability0, BroadcastTextID1, Probability1, BroadcastTextID2, Probability2, BroadcastTextID3, Probability3, BroadcastTextID4, Probability4, BroadcastTextID5, Probability5, BroadcastTextID6, Probability6, BroadcastTextID7, Probability7) VALUES (34794, 153588, 1, 0, 0, 0, 0, 0, 0, 0, 0, 0, 0, 0, 0, 0, 0);
REPLACE INTO npc_text (ID, BroadcastTextID0, Probability0, BroadcastTextID1, Probability1, BroadcastTextID2, Probability2, BroadcastTextID3, Probability3, BroadcastTextID4, Probability4, BroadcastTextID5, Probability5, BroadcastTextID6, Probability6, BroadcastTextID7, Probability7) VALUES (34911, 153483, 1, 0, 0, 0, 0, 0, 0, 0, 0, 0, 0, 0, 0, 0, 0);
REPLACE INTO npc_text (ID, BroadcastTextID0, Probability0, BroadcastTextID1, Probability1, BroadcastTextID2, Probability2, BroadcastTextID3, Probability3, BroadcastTextID4, Probability4, BroadcastTextID5, Probability5, BroadcastTextID6, Probability6, BroadcastTextID7, Probability7) VALUES (12730, 26155, 1, 0, 0, 0, 0, 0, 0, 0, 0, 0, 0, 0, 0, 0, 0);
REPLACE INTO npc_text (ID, BroadcastTextID0, Probability0, BroadcastTextID1, Probability1, BroadcastTextID2, Probability2, BroadcastTextID3, Probability3, BroadcastTextID4, Probability4, BroadcastTextID5, Probability5, BroadcastTextID6, Probability6, BroadcastTextID7, Probability7) VALUES (12740, 26192, 1, 0, 0, 0, 0, 0, 0, 0, 0, 0, 0, 0, 0, 0, 0);
REPLACE INTO npc_text (ID, BroadcastTextID0, Probability0, BroadcastTextID1, Probability1, BroadcastTextID2, Probability2, BroadcastTextID3, Probability3, BroadcastTextID4, Probability4, BroadcastTextID5, Probability5, BroadcastTextID6, Probability6, BroadcastTextID7, Probability7) VALUES (12566, 25352, 1, 0, 0, 0, 0, 0, 0, 0, 0, 0, 0, 0, 0, 0, 0);
REPLACE INTO npc_text (ID, BroadcastTextID0, Probability0, BroadcastTextID1, Probability1, BroadcastTextID2, Probability2, BroadcastTextID3, Probability3, BroadcastTextID4, Probability4, BroadcastTextID5, Probability5, BroadcastTextID6, Probability6, BroadcastTextID7, Probability7) VALUES (12780, 26333, 1, 0, 0, 0, 0, 0, 0, 0, 0, 0, 0, 0, 0, 0, 0);


DELETE FROM creature_text WHERE CreatureID = 136347;
INSERT INTO creature_text (CreatureID, GroupID, ID, Text, Type, Language, Probability, Emote, Duration, Sound, BroadcastTextId, comment) VALUES (136347, 0, 0, '%s attempts to run away in fear!', 16, 0, 100, 1, 0, 0, 1150, 'Tidesage Initiate');
DELETE FROM creature_text WHERE CreatureID = 139737;
INSERT INTO creature_text (CreatureID, GroupID, ID, Text, Type, Language, Probability, Emote, Duration, Sound, BroadcastTextId, comment) VALUES (139737, 0, 0, 'How dare you sully this holy place with your presence!', 14, 0, 100, 603, 0, 0, 150520, 'Lord Stormsong');
INSERT INTO creature_text (CreatureID, GroupID, ID, Text, Type, Language, Probability, Emote, Duration, Sound, BroadcastTextId, comment) VALUES (139737, 1, 0, 'I call upon the surging waters! Arise, and wipe out these intruders!', 14, 0, 100, 5, 0, 0, 150521, 'Lord Stormsong');
DELETE FROM creature_text WHERE CreatureID = 134058;
INSERT INTO creature_text (CreatureID, GroupID, ID, Text, Type, Language, Probability, Emote, Duration, Sound, BroadcastTextId, comment) VALUES (134058, 0, 0, 'None shall stand against the storm!', 14, 0, 100, 0, 0, 0, 150502, 'Galecaller Faye');
INSERT INTO creature_text (CreatureID, GroupID, ID, Text, Type, Language, Probability, Emote, Duration, Sound, BroadcastTextId, comment) VALUES (134058, 1, 0, '|TInterface\\Icons\\70_inscription_vantus_rune_azure:20|t%s creates a |cFFFF0000|Hspell:267891|h[Swiftness Ward]|h|r!', 41, 0, 100, 0, 0, 0, 151969, 'Galecaller Faye');
INSERT INTO creature_text (CreatureID, GroupID, ID, Text, Type, Language, Probability, Emote, Duration, Sound, BroadcastTextId, comment) VALUES (134058, 2, 0, 'The breeze is ever at our backs!', 14, 0, 100, 0, 0, 102933, 151288, 'Galecaller Faye');
INSERT INTO creature_text (CreatureID, GroupID, ID, Text, Type, Language, Probability, Emote, Duration, Sound, BroadcastTextId, comment) VALUES (134058, 3, 0, 'The clouds... break...', 14, 0, 100, 0, 0, 0, 150506, 'Galecaller Faye');
INSERT INTO creature_text (CreatureID, GroupID, ID, Text, Type, Language, Probability, Emote, Duration, Sound, BroadcastTextId, comment) VALUES (134058, 4, 0, 'Cleansed by the storm!', 14, 0, 100, 0, 0, 0, 150509, 'Galecaller Faye');
DELETE FROM creature_text WHERE CreatureID = 134063;
INSERT INTO creature_text (CreatureID, GroupID, ID, Text, Type, Language, Probability, Emote, Duration, Sound, BroadcastTextId, comment) VALUES (134063, 0, 0, 'My hull is impenetrable!', 14, 0, 100, 0, 0, 0, 151286, 'Brother Ironhull');
INSERT INTO creature_text (CreatureID, GroupID, ID, Text, Type, Language, Probability, Emote, Duration, Sound, BroadcastTextId, comment) VALUES (134063, 1, 0, '|TInterface\\Icons\\70_inscription_vantus_rune_light:20|t%s creates a |cFFFF0000|Hspell:267905|h[Reinforcing Ward]|h|r!', 41, 0, 100, 0, 0, 0, 160664, 'Brother Ironhull');
INSERT INTO creature_text (CreatureID, GroupID, ID, Text, Type, Language, Probability, Emote, Duration, Sound, BroadcastTextId, comment) VALUES (134063, 2, 0, 'The tides shall take you!', 14, 0, 100, 25, 0, 0, 150512, 'Brother Ironhull');
INSERT INTO creature_text (CreatureID, GroupID, ID, Text, Type, Language, Probability, Emote, Duration, Sound, BroadcastTextId, comment) VALUES (134063, 3, 0, 'Return me... to the sea...', 14, 0, 100, 1, 0, 0, 150515, 'Brother Ironhull');
DELETE FROM creature_text WHERE CreatureID = 134060;
INSERT INTO creature_text (CreatureID, GroupID, ID, Text, Type, Language, Probability, Emote, Duration, Sound, BroadcastTextId, comment) VALUES (134060, 0, 0, '|TInterface\\Icons\\Spell_shadow_mindflay.blp:20|tAn |cFFFF0000|Hspell:269131|h[Ancient Mindbender]|h|r attaches to |cFFFF0000$n|r!', 41, 0, 100, 0, 0, 0, 152885, 'Lord Stormsong');
DELETE FROM creature_text WHERE CreatureID = 134069;
INSERT INTO creature_text (CreatureID, GroupID, ID, Text, Type, Language, Probability, Emote, Duration, Sound, BroadcastTextId, comment) VALUES (134069, 0, 0, 'Ugalazul bwrxil\' qu rax.', 14, 0, 100, 0, 0, 103098, 150976, 'Vol\'zith the Whisperer');
INSERT INTO creature_text (CreatureID, GroupID, ID, Text, Type, Language, Probability, Emote, Duration, Sound, BroadcastTextId, comment) VALUES (134069, 1, 0, 'Darkness roots. Pestilence spreads. The doorway is open.', 15, 0, 100, 0, 0, 103098, 151880, 'Vol\'zith the Whisperer');
INSERT INTO creature_text (CreatureID, GroupID, ID, Text, Type, Language, Probability, Emote, Duration, Sound, BroadcastTextId, comment) VALUES (134069, 2, 0, 'Aglathrax hig\' thrixa.', 14, 0, 100, 0, 0, 103110, 150530, 'Vol\'zith the Whisperer');
INSERT INTO creature_text (CreatureID, GroupID, ID, Text, Type, Language, Probability, Emote, Duration, Sound, BroadcastTextId, comment) VALUES (134069, 3, 0, 'I reside within your lungs!', 15, 0, 100, 0, 0, 103110, 151878, 'Vol\'zith the Whisperer');
INSERT INTO creature_text (CreatureID, GroupID, ID, Text, Type, Language, Probability, Emote, Duration, Sound, BroadcastTextId, comment) VALUES (134069, 4, 0, 'Xul krass qi\' UN skush!', 14, 0, 100, 0, 0, 103106, 150709, 'Vol\'zith the Whisperer');
INSERT INTO creature_text (CreatureID, GroupID, ID, Text, Type, Language, Probability, Emote, Duration, Sound, BroadcastTextId, comment) VALUES (134069, 5, 0, 'Blood pours forth in the depths.', 15, 0, 100, 0, 0, 103106, 151883, 'Vol\'zith the Whisperer');
INSERT INTO creature_text (CreatureID, GroupID, ID, Text, Type, Language, Probability, Emote, Duration, Sound, BroadcastTextId, comment) VALUES (134069, 6, 0, 'Bwixki amala zal qulllll...', 14, 0, 100, 0, 0, 103112, 150531, 'Vol\'zith the Whisperer');
INSERT INTO creature_text (CreatureID, GroupID, ID, Text, Type, Language, Probability, Emote, Duration, Sound, BroadcastTextId, comment) VALUES (134069, 7, 0, 'I will await you... in the dark...', 15, 0, 100, 0, 0, 103112, 151877, 'Vol\'zith the Whisperer');
INSERT INTO creature_text (CreatureID, GroupID, ID, Text, Type, Language, Probability, Emote, Duration, Sound, BroadcastTextId, comment) VALUES (134069, 8, 0, 'ULL vera skish!!', 14, 0, 100, 0, 0, 103115, 150528, 'Vol\'zith the Whisperer');
INSERT INTO creature_text (CreatureID, GroupID, ID, Text, Type, Language, Probability, Emote, Duration, Sound, BroadcastTextId, comment) VALUES (134069, 9, 0, 'You are mine!', 15, 0, 100, 0, 0, 103115, 151876, 'Vol\'zith the Whisperer');
INSERT INTO creature_text (CreatureID, GroupID, ID, Text, Type, Language, Probability, Emote, Duration, Sound, BroadcastTextId, comment) VALUES (134069, 10, 0, 'Krax il\' oni OGOG!', 14, 0, 100, 0, 0, 103104, 150536, 'Vol\'zith the Whisperer');
INSERT INTO creature_text (CreatureID, GroupID, ID, Text, Type, Language, Probability, Emote, Duration, Sound, BroadcastTextId, comment) VALUES (134069, 11, 0, 'Listen to the music of the drowned.', 15, 0, 100, 0, 0, 103104, 151881, 'Vol\'zith the Whisperer');
DELETE FROM creature_text WHERE CreatureID = 139971;
INSERT INTO creature_text (CreatureID, GroupID, ID, Text, Type, Language, Probability, Emote, Duration, Sound, BroadcastTextId, comment) VALUES (139971, 0, 0, 'Now then... time to carve a trophy.', 12, 0, 100, 0, 0, 0, 151990, 'Rexxar');
DELETE FROM creature_text WHERE CreatureID = 139970;
INSERT INTO creature_text (CreatureID, GroupID, ID, Text, Type, Language, Probability, Emote, Duration, Sound, BroadcastTextId, comment) VALUES (139970, 0, 0, 'Thank you, heroes. You\'ve returned hope to the Kul Tiran people.', 12, 0, 100, 0, 0, 0, 150900, 'Brother Pike');

DELETE FROM `creature` WHERE `id` = 137143; -- Sunken Tentacle
UPDATE creature SET spawntimesecs = 86400 WHERE map = 1864;
UPDATE creature_template SET mechanic_immune_mask = 2147467263 WHERE entry IN (134056, 134063, 139737, 134067);
