REPLACE INTO gameobject (guid, id, map, zoneId, areaId, spawnDifficulties, phaseUseFlags, PhaseId, PhaseGroup, terrainSwapMap, position_x, position_y, position_z, orientation, rotation0, rotation1, rotation2, rotation3, spawntimesecs, animprogress, state, isActive, ScriptName, VerifiedBuild) VALUES
(4000000000083, 243384, 2175, 10424, 10639, '0', 0, 0, 0, -1, -66.986, -4.97189, 5.45624, 3.28829, -0, -0, -0.997311, 0.073282, 300, 255, 1, 0, '', 0);
-- 156280 160664 160737 157046 167886 157043 157044 154867 157049 157042
REPLACE into `creature` (`guid`, `id`, `map`, `zoneId`, `areaId`, `spawnDifficulties`, `phaseUseFlags`, `PhaseId`, `PhaseGroup`, `terrainSwapMap`, `modelid`, `equipment_id`, `position_x`, `position_y`, `position_z`, `orientation`, `spawntimesecs`, `spawndist`, `currentwaypoint`, `curhealth`, `curmana`, `MovementType`, `npcflag`, `unit_flags`, `unit_flags2`, `unit_flags3`, `dynamicflags`, `ScriptName`, `VerifiedBuild`) values('4000000000020808','157042','2175','10424','10639','0','0','0','0','-1','0','0','-72.1085','3.50464','10.4678','4.90852','300','0','0','27','0','0','0','0','0','0','0','','0');
REPLACE into `creature` (`guid`, `id`, `map`, `zoneId`, `areaId`, `spawnDifficulties`, `phaseUseFlags`, `PhaseId`, `PhaseGroup`, `terrainSwapMap`, `modelid`, `equipment_id`, `position_x`, `position_y`, `position_z`, `orientation`, `spawntimesecs`, `spawndist`, `currentwaypoint`, `curhealth`, `curmana`, `MovementType`, `npcflag`, `unit_flags`, `unit_flags2`, `unit_flags3`, `dynamicflags`, `ScriptName`, `VerifiedBuild`) values('4000000000020809','157043','2175','10424','10639','0','0','0','0','-1','0','0','-52.4633','-9.63301','10.8923','0.156077','300','0','0','124','0','0','0','0','0','0','0','','0');
REPLACE into `creature` (`guid`, `id`, `map`, `zoneId`, `areaId`, `spawnDifficulties`, `phaseUseFlags`, `PhaseId`, `PhaseGroup`, `terrainSwapMap`, `modelid`, `equipment_id`, `position_x`, `position_y`, `position_z`, `orientation`, `spawntimesecs`, `spawndist`, `currentwaypoint`, `curhealth`, `curmana`, `MovementType`, `npcflag`, `unit_flags`, `unit_flags2`, `unit_flags3`, `dynamicflags`, `ScriptName`, `VerifiedBuild`) values('4000000000020807','157046','2175','10424','10639','0','0','0','0','-1','0','0','-62.4084','-13.5619','10.5258','3.16494','300','0','0','21','0','0','0','0','0','0','0','','0');
REPLACE into `creature` (`guid`, `id`, `map`, `zoneId`, `areaId`, `spawnDifficulties`, `phaseUseFlags`, `PhaseId`, `PhaseGroup`, `terrainSwapMap`, `modelid`, `equipment_id`, `position_x`, `position_y`, `position_z`, `orientation`, `spawntimesecs`, `spawndist`, `currentwaypoint`, `curhealth`, `curmana`, `MovementType`, `npcflag`, `unit_flags`, `unit_flags2`, `unit_flags3`, `dynamicflags`, `ScriptName`, `VerifiedBuild`) values('4000000000020810','160664','2175','10424','10639','0','0','0','0','-1','0','0','-53.2789','-3.57597','11.0444','3.26625','300','0','0','27','0','0','0','0','0','0','0','','0');
REPLACE into `creature` (`guid`, `id`, `map`, `zoneId`, `areaId`, `spawnDifficulties`, `phaseUseFlags`, `PhaseId`, `PhaseGroup`, `terrainSwapMap`, `modelid`, `equipment_id`, `position_x`, `position_y`, `position_z`, `orientation`, `spawntimesecs`, `spawndist`, `currentwaypoint`, `curhealth`, `curmana`, `MovementType`, `npcflag`, `unit_flags`, `unit_flags2`, `unit_flags3`, `dynamicflags`, `ScriptName`, `VerifiedBuild`) values('4000000000020803','160737','2175','10424','10639','0','0','0','0','-1','0','0','-53.6125','3.10356','10.9371','3.47439','300','0','0','54','0','0','0','0','0','0','0','','0');
REPLACE into `creature` (`guid`, `id`, `map`, `zoneId`, `areaId`, `spawnDifficulties`, `phaseUseFlags`, `PhaseId`, `PhaseGroup`, `terrainSwapMap`, `modelid`, `equipment_id`, `position_x`, `position_y`, `position_z`, `orientation`, `spawntimesecs`, `spawndist`, `currentwaypoint`, `curhealth`, `curmana`, `MovementType`, `npcflag`, `unit_flags`, `unit_flags2`, `unit_flags3`, `dynamicflags`, `ScriptName`, `VerifiedBuild`) values('4000000000020804','160737','2175','10424','10639','0','0','0','0','-1','0','0','-52.5907','-6.32539','10.9882','3.11861','300','0','0','54','0','0','0','0','0','0','0','','0');
REPLACE into `creature` (`guid`, `id`, `map`, `zoneId`, `areaId`, `spawnDifficulties`, `phaseUseFlags`, `PhaseId`, `PhaseGroup`, `terrainSwapMap`, `modelid`, `equipment_id`, `position_x`, `position_y`, `position_z`, `orientation`, `spawntimesecs`, `spawndist`, `currentwaypoint`, `curhealth`, `curmana`, `MovementType`, `npcflag`, `unit_flags`, `unit_flags2`, `unit_flags3`, `dynamicflags`, `ScriptName`, `VerifiedBuild`) values('4000000000020806','160737','2175','10424','10639','0','0','0','0','-1','0','0','-58.4557','-12.8553','10.5981','2.54055','300','0','0','54','0','0','0','0','0','0','0','','0');
REPLACE into `creature` (`guid`, `id`, `map`, `zoneId`, `areaId`, `spawnDifficulties`, `phaseUseFlags`, `PhaseId`, `PhaseGroup`, `terrainSwapMap`, `modelid`, `equipment_id`, `position_x`, `position_y`, `position_z`, `orientation`, `spawntimesecs`, `spawndist`, `currentwaypoint`, `curhealth`, `curmana`, `MovementType`, `npcflag`, `unit_flags`, `unit_flags2`, `unit_flags3`, `dynamicflags`, `ScriptName`, `VerifiedBuild`) values('4000000000020805','160737','2175','10424','10639','0','0','0','0','-1','0','0','-54.2687','-11.6223','10.7541','2.79816','300','0','0','54','0','0','0','0','0','0','0','','0');
REPLACE into `creature` (`guid`, `id`, `map`, `zoneId`, `areaId`, `spawnDifficulties`, `phaseUseFlags`, `PhaseId`, `PhaseGroup`, `terrainSwapMap`, `modelid`, `equipment_id`, `position_x`, `position_y`, `position_z`, `orientation`, `spawntimesecs`, `spawndist`, `currentwaypoint`, `curhealth`, `curmana`, `MovementType`, `npcflag`, `unit_flags`, `unit_flags2`, `unit_flags3`, `dynamicflags`, `ScriptName`, `VerifiedBuild`) values('4000000000020802','160737','2175','10424','10639','0','0','0','0','-1','0','0','-57.0913','4.67249','10.7406','3.68174','300','0','0','54','0','0','0','0','0','0','0','','0');
REPLACE into `creature` (`guid`, `id`, `map`, `zoneId`, `areaId`, `spawnDifficulties`, `phaseUseFlags`, `PhaseId`, `PhaseGroup`, `terrainSwapMap`, `modelid`, `equipment_id`, `position_x`, `position_y`, `position_z`, `orientation`, `spawntimesecs`, `spawndist`, `currentwaypoint`, `curhealth`, `curmana`, `MovementType`, `npcflag`, `unit_flags`, `unit_flags2`, `unit_flags3`, `dynamicflags`, `ScriptName`, `VerifiedBuild`) values('4000000000020801','160737','2175','10424','10639','0','0','0','0','-1','0','0','-61.1307','4.64925','10.6047','3.88594','300','0','0','54','0','0','0','0','0','0','0','','0');
replace into `creature` (`guid`, `id`, `map`, `zoneId`, `areaId`, `spawnDifficulties`, `phaseUseFlags`, `PhaseId`, `PhaseGroup`, `terrainSwapMap`, `modelid`, `equipment_id`, `position_x`, `position_y`, `position_z`, `orientation`, `spawntimesecs`, `spawndist`, `currentwaypoint`, `curhealth`, `curmana`, `MovementType`, `npcflag`, `unit_flags`, `unit_flags2`, `unit_flags3`, `dynamicflags`, `ScriptName`, `VerifiedBuild`) values('4000000000001295','156280','2175','10424','10639','0','0','0','0','-1','0','1','-63.8258','-4.5131','10.7558','3.3235','300','0','0','0','0','0','0','0','0','0','0','','0');

DELETE FROM areatrigger WHERE guid=103 AND id=130000;
DELETE FROM areatrigger_involvedrelation WHERE id=130000;
DELETE FROM areatrigger_scripts WHERE entry=130000;
DELETE FROM areatrigger_template WHERE id=130000;

UPDATE creature_template SET npcflag=2,minlevel=50,maxlevel=60 WHERE entry=159478;
REPLACE INTO creature_queststarter VALUES
(159478,61096);
replace into `gameobject` (`guid`, `id`, `map`, `zoneId`, `areaId`, `spawnDifficulties`, `phaseUseFlags`, `PhaseId`, `PhaseGroup`, `terrainSwapMap`, `position_x`, `position_y`, `position_z`, `orientation`, `rotation0`, `rotation1`, `rotation2`, `rotation3`, `spawntimesecs`, `animprogress`, `state`, `isActive`, `ScriptName`, `VerifiedBuild`) values
('4000000002731','500009','2222','0','0','0','0','0','0','-1','-1792.7769','1282.91','5268.78','0.0611','-0','-0','-0.729777','-0.683685','300','255','1','0','','0');
UPDATE gameobject_template SET AIName='SmartGameObjectAI' WHERE entry=500009;
replace into `smart_scripts` (`entryorguid`, `source_type`, `id`, `link`, `event_type`, `event_phase_mask`, `event_chance`, `event_flags`, `event_param1`, `event_param2`, `event_param3`, `event_param4`, `event_param5`, `event_param_string`, `action_type`, `action_param1`, `action_param2`, `action_param3`, `action_param4`, `action_param5`, `action_param6`, `target_type`, `target_param1`, `target_param2`, `target_param3`, `target_x`, `target_y`, `target_z`, `target_o`, `comment`) values
('500009','1','0','0','64','0','100','0','0','0','0','0','0','','33','171326','0','0','0','0','0','7','0','0','0','0','0','0','0','on gossip hello  - killcredit');
-- REPLACE INTO quest_template_addon VALUES
-- (57386,0,0,0,61107,0,0,0,0,0,0,0,0,0,0,0,0,'');
UPDATE gameobject_template SET AIName='SmartGameObjectAI' WHERE entry=500011;
replace into `smart_scripts` (`entryorguid`, `source_type`, `id`, `link`, `event_type`, `event_phase_mask`, `event_chance`, `event_flags`, `event_param1`, `event_param2`, `event_param3`, `event_param4`, `event_param5`, `event_param_string`, `action_type`, `action_param1`, `action_param2`, `action_param3`, `action_param4`, `action_param5`, `action_param6`, `target_type`, `target_param1`, `target_param2`, `target_param3`, `target_x`, `target_y`, `target_z`, `target_o`, `comment`) values
('500011','1','0','0','64','0','100','0','0','0','0','0','0','','33','175132','0','0','0','0','0','7','0','0','0','0','0','0','0','on gossip hello  - killcredit');
UPDATE creature_template SET faction=35,minlevel=55,maxlevel=56 WHERE entry=164244;
replace into `creature` (`guid`, `id`, `map`, `zoneId`, `areaId`, `spawnDifficulties`, `phaseUseFlags`, `PhaseId`, `PhaseGroup`, `terrainSwapMap`, `modelid`, `equipment_id`, `position_x`, `position_y`, `position_z`, `orientation`, `spawntimesecs`, `spawndist`, `currentwaypoint`, `curhealth`, `curmana`, `MovementType`, `npcflag`, `unit_flags`, `unit_flags2`, `unit_flags3`, `dynamicflags`, `ScriptName`, `VerifiedBuild`) values
('4000000000020813','164244','2222','11462','11465','0','0','0','0','-1','0','0','3065.92','-2532.06','3293.16','5.14061','300','0','0','539378','0','0','0','0','0','0','0','','0');
DELETE FROM creature WHERE guid =4000000000015708;

REPLACE INTO quest_template_addon VALUES (59929,0,0,0,0,59930,0,0,0,0,0,0,0,0,0,0,0,'');
REPLACE INTO quest_template_addon VALUES (59930,0,0,0,0,59931,0,0,0,0,0,0,0,0,0,0,0,'');

replace into `creature_template` (`entry`, `difficulty_entry_1`, `difficulty_entry_2`, `difficulty_entry_3`, `KillCredit1`, `KillCredit2`, `name`, `femaleName`, `subname`, `TitleAlt`, `IconName`, `gossip_menu_id`, `minlevel`, `maxlevel`, `HealthScalingExpansion`, `RequiredExpansion`, `VignetteID`, `faction`, `npcflag`, `speed_walk`, `speed_run`, `scale`, `rank`, `dmgschool`, `BaseAttackTime`, `RangeAttackTime`, `BaseVariance`, `RangeVariance`, `unit_class`, `unit_flags`, `unit_flags2`, `unit_flags3`, `dynamicflags`, `family`, `trainer_class`, `type`, `type_flags`, `type_flags2`, `lootid`, `pickpocketloot`, `skinloot`, `resistance1`, `resistance2`, `resistance3`, `resistance4`, `resistance5`, `resistance6`, `spell1`, `spell2`, `spell3`, `spell4`, `spell5`, `spell6`, `spell7`, `spell8`, `VehicleId`, `mingold`, `maxgold`, `AIName`, `MovementType`, `InhabitType`, `HoverHeight`, `HealthModifier`, `HealthModifierExtra`, `ManaModifier`, `ManaModifierExtra`, `ArmorModifier`, `DamageModifier`, `ExperienceModifier`, `RacialLeader`, `movementId`, `WidgetSetID`, `WidgetSetUnitConditionID`, `RegenHealth`, `mechanic_immune_mask`, `flags_extra`, `ScriptName`, `VerifiedBuild`) values('166782','0','0','0','0','0','Warlord Breka Grimaxe','',NULL,NULL,NULL,'0','1','10','0','0','0','69','2','1','1.14286','1','0','0','0','0','1','1','1','768','34816','0','0','0','0','7','0','0','0','0','0','0','0','0','0','0','0','0','0','0','0','0','0','0','0','0','0','0','','0','3','1','1','1','1','1','1','1','1','0','0','0','0','1','0','0','','36949');
replace into `creature_template_addon` (`entry`, `path_id`, `mount`, `bytes1`, `bytes2`, `emote`, `aiAnimKit`, `movementAnimKit`, `meleeAnimKit`, `visibilityDistanceType`, `auras`) values
('166782','0','0','0','1','0','0','0','0','0','313220');
replace into `creature` (`guid`, `id`, `map`, `zoneId`, `areaId`, `spawnDifficulties`, `phaseUseFlags`, `PhaseId`, `PhaseGroup`, `terrainSwapMap`, `modelid`, `equipment_id`, `position_x`, `position_y`, `position_z`, `orientation`, `spawntimesecs`, `spawndist`, `currentwaypoint`, `curhealth`, `curmana`, `MovementType`, `npcflag`, `unit_flags`, `unit_flags2`, `unit_flags3`, `dynamicflags`, `ScriptName`, `VerifiedBuild`) values
('4000000000020816','166782','2175','10424','10453','0','0','171','0','-1','0','0','-435.535','-2611.27','0.585536','0.667699','300','0','0','27','0','0','0','0','0','0','0','','0');

UPDATE creature_template SET faction=69,minlevel=2,maxlevel=3 WHERE entry=166786;
replace into `creature_template_addon` (`entry`, `path_id`, `mount`, `bytes1`, `bytes2`, `emote`, `aiAnimKit`, `movementAnimKit`, `meleeAnimKit`, `visibilityDistanceType`, `auras`) values
('166786','0','0','0','1','0','0','0','0','0','');
replace into `creature` (`guid`, `id`, `map`, `zoneId`, `areaId`, `spawnDifficulties`, `phaseUseFlags`, `PhaseId`, `PhaseGroup`, `terrainSwapMap`, `modelid`, `equipment_id`, `position_x`, `position_y`, `position_z`, `orientation`, `spawntimesecs`, `spawndist`, `currentwaypoint`, `curhealth`, `curmana`, `MovementType`, `npcflag`, `unit_flags`, `unit_flags2`, `unit_flags3`, `dynamicflags`, `ScriptName`, `VerifiedBuild`) values
('4000000000020819','166786','2175','10424','10453','0','0','172','0','-1','0','0','-448.797','-2605.97','0.520563','6.01548','300','0','0','99','0','0','0','0','0','0','0','','0');

replace into `creature_template_addon` (`entry`, `path_id`, `mount`, `bytes1`, `bytes2`, `emote`, `aiAnimKit`, `movementAnimKit`, `meleeAnimKit`, `visibilityDistanceType`, `auras`) values
('166787','0','0','3','1','0','0','0','0','0','');
replace into `creature_template` (`entry`, `difficulty_entry_1`, `difficulty_entry_2`, `difficulty_entry_3`, `KillCredit1`, `KillCredit2`, `name`, `femaleName`, `subname`, `TitleAlt`, `IconName`, `gossip_menu_id`, `minlevel`, `maxlevel`, `HealthScalingExpansion`, `RequiredExpansion`, `VignetteID`, `faction`, `npcflag`, `speed_walk`, `speed_run`, `scale`, `rank`, `dmgschool`, `BaseAttackTime`, `RangeAttackTime`, `BaseVariance`, `RangeVariance`, `unit_class`, `unit_flags`, `unit_flags2`, `unit_flags3`, `dynamicflags`, `family`, `trainer_class`, `type`, `type_flags`, `type_flags2`, `lootid`, `pickpocketloot`, `skinloot`, `resistance1`, `resistance2`, `resistance3`, `resistance4`, `resistance5`, `resistance6`, `spell1`, `spell2`, `spell3`, `spell4`, `spell5`, `spell6`, `spell7`, `spell8`, `VehicleId`, `mingold`, `maxgold`, `AIName`, `MovementType`, `InhabitType`, `HoverHeight`, `HealthModifier`, `HealthModifierExtra`, `ManaModifier`, `ManaModifierExtra`, `ArmorModifier`, `DamageModifier`, `ExperienceModifier`, `RacialLeader`, `movementId`, `WidgetSetID`, `WidgetSetUnitConditionID`, `RegenHealth`, `mechanic_immune_mask`, `flags_extra`, `ScriptName`, `VerifiedBuild`) values('166787','0','0','0','0','0','Bo','',NULL,NULL,'','0','3','3','0','0','0','35','16777216','1','1.14286','1','0','0','0','0','1','1','1','0','2048','16','0','0','0','7','0','0','0','0','0','0','0','0','0','0','0','0','0','0','0','0','0','0','0','0','0','0','','0','3','1','1','1','1','1','1','1','1','0','0','0','0','1','0','0','','36949');
replace into `creature` (`guid`, `id`, `map`, `zoneId`, `areaId`, `spawnDifficulties`, `phaseUseFlags`, `PhaseId`, `PhaseGroup`, `terrainSwapMap`, `modelid`, `equipment_id`, `position_x`, `position_y`, `position_z`, `orientation`, `spawntimesecs`, `spawndist`, `currentwaypoint`, `curhealth`, `curmana`, `MovementType`, `npcflag`, `unit_flags`, `unit_flags2`, `unit_flags3`, `dynamicflags`, `ScriptName`, `VerifiedBuild`) values
('4000000000020820','166787','2175','10424','10453','0','0','171','0','-1','0','0','-448.797','-2605.97','0.520563','1.24968','120','0','0','27','0','0','0','0','0','0','0','','0');
replace into `npc_spellclick_spells` (`npc_entry`, `spell_id`, `cast_flags`, `user_type`) values
('166787','300260','0','0');

replace into `creature_template` (`entry`, `difficulty_entry_1`, `difficulty_entry_2`, `difficulty_entry_3`, `KillCredit1`, `KillCredit2`, `name`, `femaleName`, `subname`, `TitleAlt`, `IconName`, `gossip_menu_id`, `minlevel`, `maxlevel`, `HealthScalingExpansion`, `RequiredExpansion`, `VignetteID`, `faction`, `npcflag`, `speed_walk`, `speed_run`, `scale`, `rank`, `dmgschool`, `BaseAttackTime`, `RangeAttackTime`, `BaseVariance`, `RangeVariance`, `unit_class`, `unit_flags`, `unit_flags2`, `unit_flags3`, `dynamicflags`, `family`, `trainer_class`, `type`, `type_flags`, `type_flags2`, `lootid`, `pickpocketloot`, `skinloot`, `resistance1`, `resistance2`, `resistance3`, `resistance4`, `resistance5`, `resistance6`, `spell1`, `spell2`, `spell3`, `spell4`, `spell5`, `spell6`, `spell7`, `spell8`, `VehicleId`, `mingold`, `maxgold`, `AIName`, `MovementType`, `InhabitType`, `HoverHeight`, `HealthModifier`, `HealthModifierExtra`, `ManaModifier`, `ManaModifierExtra`, `ArmorModifier`, `DamageModifier`, `ExperienceModifier`, `RacialLeader`, `movementId`, `WidgetSetID`, `WidgetSetUnitConditionID`, `RegenHealth`, `mechanic_immune_mask`, `flags_extra`, `ScriptName`, `VerifiedBuild`) values('166792','0','0','0','0','0','Mithdran Dawntracker','',NULL,NULL,'','0','3','3','0','0','0','35','16777216','1','1.14286','1','0','0','0','0','1','1','8','0','2048','16','0','0','0','7','0','0','0','0','0','0','0','0','0','0','0','0','0','0','0','0','0','0','0','0','0','0','','0','3','1','1','1','1','1','1','1','1','0','0','0','0','1','0','0','','36949');
replace into `creature_template_addon` (`entry`, `path_id`, `mount`, `bytes1`, `bytes2`, `emote`, `aiAnimKit`, `movementAnimKit`, `meleeAnimKit`, `visibilityDistanceType`, `auras`) values
('166792','0','0','3','1','0','0','0','0','0','');
replace into `npc_spellclick_spells` (`npc_entry`, `spell_id`, `cast_flags`, `user_type`) values
('166792','300260','0','0');
replace into `creature` (`guid`, `id`, `map`, `zoneId`, `areaId`, `spawnDifficulties`, `phaseUseFlags`, `PhaseId`, `PhaseGroup`, `terrainSwapMap`, `modelid`, `equipment_id`, `position_x`, `position_y`, `position_z`, `orientation`, `spawntimesecs`, `spawndist`, `currentwaypoint`, `curhealth`, `curmana`, `MovementType`, `npcflag`, `unit_flags`, `unit_flags2`, `unit_flags3`, `dynamicflags`, `ScriptName`, `VerifiedBuild`) values
('4000000000020821','166792','2175','10424','10453','0','0','171','0','-1','0','0','-429.017','-2593.69','0.0622254','1.03841','120','0','0','27','0','0','0','0','0','0','0','','0');

replace into `creature_template_addon` (`entry`, `path_id`, `mount`, `bytes1`, `bytes2`, `emote`, `aiAnimKit`, `movementAnimKit`, `meleeAnimKit`, `visibilityDistanceType`, `auras`) values
('166791','0','0','0','1','0','0','0','0','0','');
replace into `creature_template` (`entry`, `difficulty_entry_1`, `difficulty_entry_2`, `difficulty_entry_3`, `KillCredit1`, `KillCredit2`, `name`, `femaleName`, `subname`, `TitleAlt`, `IconName`, `gossip_menu_id`, `minlevel`, `maxlevel`, `HealthScalingExpansion`, `RequiredExpansion`, `VignetteID`, `faction`, `npcflag`, `speed_walk`, `speed_run`, `scale`, `rank`, `dmgschool`, `BaseAttackTime`, `RangeAttackTime`, `BaseVariance`, `RangeVariance`, `unit_class`, `unit_flags`, `unit_flags2`, `unit_flags3`, `dynamicflags`, `family`,`trainer_class`, `type`, `type_flags`, `type_flags2`, `lootid`, `pickpocketloot`, `skinloot`, `resistance1`, `resistance2`, `resistance3`, `resistance4`, `resistance5`, `resistance6`, `spell1`, `spell2`, `spell3`, `spell4`, `spell5`, `spell6`, `spell7`, `spell8`, `VehicleId`, `mingold`, `maxgold`, `AIName`, `MovementType`, `InhabitType`, `HoverHeight`, `HealthModifier`, `HealthModifierExtra`, `ManaModifier`, `ManaModifierExtra`, `ArmorModifier`, `DamageModifier`, `ExperienceModifier`, `RacialLeader`, `movementId`, `WidgetSetID`, `WidgetSetUnitConditionID`, `RegenHealth`, `mechanic_immune_mask`, `flags_extra`, `ScriptName`, `VerifiedBuild`) values('166791','0','0','0','0','0','Mithdran Dawntracker','',NULL,NULL,NULL,'0','2','3','0','0','0','35','0','1','1.14286','1','0','0','0','0','1','1','1','0','2048','0','0','0','0','7','0','0','0','0','0','0','0','0','0','0','0','0','0','0','0','0','0','0','0','0','0','0','','0','3','1','1','1','1','1','1','1','1','0','0','0','0','1','0','0','','36949');
replace into `creature` (`guid`, `id`, `map`, `zoneId`, `areaId`, `spawnDifficulties`, `phaseUseFlags`, `PhaseId`, `PhaseGroup`, `terrainSwapMap`, `modelid`, `equipment_id`, `position_x`, `position_y`, `position_z`, `orientation`, `spawntimesecs`, `spawndist`, `currentwaypoint`, `curhealth`, `curmana`, `MovementType`, `npcflag`, `unit_flags`, `unit_flags2`, `unit_flags3`, `dynamicflags`, `ScriptName`, `VerifiedBuild`) values
('4000000000020822','166791','2175','10424','10453','0','0','172','0','-1','0','0','-429.017','-2593.69','0.0622254','1.03841','300','0','0','27','0','0','0','0','0','0','0','','0');

replace into `creature` (`guid`, `id`, `map`, `zoneId`, `areaId`, `spawnDifficulties`, `phaseUseFlags`, `PhaseId`, `PhaseGroup`, `terrainSwapMap`, `modelid`, `equipment_id`, `position_x`, `position_y`, `position_z`, `orientation`, `spawntimesecs`, `spawndist`, `currentwaypoint`, `curhealth`, `curmana`, `MovementType`, `npcflag`, `unit_flags`, `unit_flags2`, `unit_flags3`, `dynamicflags`, `ScriptName`, `VerifiedBuild`) values
('4000000000020823','166797','2175','10424','10453','0','0','171','0','-1','0','0','-420.746','-2600.14','0.470194','0.326052','120','0','0','27','0','0','0','0','0','0','0','','0');
replace into `creature_template` (`entry`, `difficulty_entry_1`, `difficulty_entry_2`, `difficulty_entry_3`, `KillCredit1`, `KillCredit2`, `name`, `femaleName`, `subname`, `TitleAlt`, `IconName`, `gossip_menu_id`, `minlevel`, `maxlevel`, `HealthScalingExpansion`, `RequiredExpansion`, `VignetteID`, `faction`, `npcflag`, `speed_walk`, `speed_run`, `scale`, `rank`, `dmgschool`, `BaseAttackTime`, `RangeAttackTime`, `BaseVariance`, `RangeVariance`, `unit_class`, `unit_flags`, `unit_flags2`, `unit_flags3`, `dynamicflags`, `family`, `trainer_class`, `type`, `type_flags`, `type_flags2`, `lootid`, `pickpocketloot`, `skinloot`, `resistance1`, `resistance2`, `resistance3`, `resistance4`, `resistance5`, `resistance6`, `spell1`, `spell2`, `spell3`, `spell4`, `spell5`, `spell6`, `spell7`, `spell8`, `VehicleId`, `mingold`, `maxgold`, `AIName`, `MovementType`, `InhabitType`, `HoverHeight`, `HealthModifier`, `HealthModifierExtra`, `ManaModifier`, `ManaModifierExtra`, `ArmorModifier`, `DamageModifier`, `ExperienceModifier`, `RacialLeader`, `movementId`, `WidgetSetID`, `WidgetSetUnitConditionID`, `RegenHealth`, `mechanic_immune_mask`, `flags_extra`, `ScriptName`, `VerifiedBuild`) values
('166797','0','0','0','0','0','Lana Jordan','',NULL,NULL,'','0','3','3','0','0','0','35','16777216','1','1.14286','1','0','0','0','0','1','1','1','0','2048','16','0','0','0','7','0','0','0','0','0','0','0','0','0','0','0','0','0','0','0','0','0','0','0','0','0','0','','0','3','1','1','1','1','1','1','1','1','0','0','0','0','1','0','0','','36949');
replace into `creature_template_addon` (`entry`, `path_id`, `mount`, `bytes1`, `bytes2`, `emote`, `aiAnimKit`, `movementAnimKit`, `meleeAnimKit`, `visibilityDistanceType`, `auras`) values
('166797','0','0','3','1','0','0','0','0','0','');
replace into `npc_spellclick_spells` (`npc_entry`, `spell_id`, `cast_flags`, `user_type`) values
('166797','300260','0','0');

replace into `creature_template_addon` (`entry`, `path_id`, `mount`, `bytes1`, `bytes2`, `emote`, `aiAnimKit`, `movementAnimKit`, `meleeAnimKit`, `visibilityDistanceType`, `auras`) values
('166796','0','0','0','1','0','0','0','0','0','');
replace into `creature_template` (`entry`, `difficulty_entry_1`, `difficulty_entry_2`, `difficulty_entry_3`, `KillCredit1`, `KillCredit2`, `name`, `femaleName`, `subname`, `TitleAlt`, `IconName`, `gossip_menu_id`, `minlevel`, `maxlevel`, `HealthScalingExpansion`, `RequiredExpansion`, `VignetteID`, `faction`, `npcflag`, `speed_walk`, `speed_run`, `scale`, `rank`, `dmgschool`, `BaseAttackTime`, `RangeAttackTime`, `BaseVariance`, `RangeVariance`, `unit_class`, `unit_flags`, `unit_flags2`, `unit_flags3`, `dynamicflags`, `family`, `trainer_class`, `type`, `type_flags`, `type_flags2`, `lootid`, `pickpocketloot`, `skinloot`, `resistance1`, `resistance2`, `resistance3`, `resistance4`, `resistance5`, `resistance6`, `spell1`, `spell2`, `spell3`, `spell4`, `spell5`, `spell6`, `spell7`, `spell8`, `VehicleId`, `mingold`, `maxgold`, `AIName`, `MovementType`, `InhabitType`, `HoverHeight`, `HealthModifier`, `HealthModifierExtra`, `ManaModifier`, `ManaModifierExtra`, `ArmorModifier`, `DamageModifier`, `ExperienceModifier`, `RacialLeader`, `movementId`, `WidgetSetID`, `WidgetSetUnitConditionID`, `RegenHealth`, `mechanic_immune_mask`, `flags_extra`, `ScriptName`, `VerifiedBuild`) values
('166796','0','0','0','0','0','Lana Jordan','',NULL,NULL,NULL,'0','2','3','0','0','0','35','0','1','1.14286','1','0','0','0','0','1','1','1','0','2048','0','0','0','0','7','0','0','0','0','0','0','0','0','0','0','0','0','0','0','0','0','0','0','0','0','0','0','','0','3','1','1','1','1','1','1','1','1','0','0','0','0','1','0','0','','36949');
replace into `creature` (`guid`, `id`, `map`, `zoneId`, `areaId`, `spawnDifficulties`, `phaseUseFlags`, `PhaseId`, `PhaseGroup`, `terrainSwapMap`, `modelid`, `equipment_id`, `position_x`, `position_y`, `position_z`, `orientation`, `spawntimesecs`, `spawndist`, `currentwaypoint`, `curhealth`, `curmana`, `MovementType`, `npcflag`, `unit_flags`, `unit_flags2`, `unit_flags3`, `dynamicflags`, `ScriptName`, `VerifiedBuild`) values
('4000000000020826','166796','2175','10424','10453','0','0','172','0','-1','0','0','-420.386','-2599.84','0.458759','3.80458','300','0','0','27','0','0','0','0','0','0','0','','0');


replace into `creature_template_addon` (`entry`, `path_id`, `mount`, `bytes1`, `bytes2`, `emote`, `aiAnimKit`, `movementAnimKit`, `meleeAnimKit`, `visibilityDistanceType`, `auras`) values
('166800','0','0','0','1','0','0','0','0','0','');
replace into `creature_template` (`entry`, `difficulty_entry_1`, `difficulty_entry_2`, `difficulty_entry_3`, `KillCredit1`, `KillCredit2`, `name`, `femaleName`, `subname`, `TitleAlt`, `IconName`, `gossip_menu_id`, `minlevel`, `maxlevel`, `HealthScalingExpansion`, `RequiredExpansion`, `VignetteID`, `faction`, `npcflag`, `speed_walk`, `speed_run`, `scale`, `rank`, `dmgschool`, `BaseAttackTime`, `RangeAttackTime`, `BaseVariance`, `RangeVariance`, `unit_class`, `unit_flags`, `unit_flags2`, `unit_flags3`, `dynamicflags`, `family`, `trainer_class`, `type`, `type_flags`, `type_flags2`, `lootid`, `pickpocketloot`, `skinloot`, `resistance1`, `resistance2`, `resistance3`, `resistance4`, `resistance5`, `resistance6`, `spell1`, `spell2`, `spell3`, `spell4`, `spell5`, `spell6`, `spell7`, `spell8`, `VehicleId`, `mingold`, `maxgold`, `AIName`, `MovementType`, `InhabitType`, `HoverHeight`, `HealthModifier`, `HealthModifierExtra`, `ManaModifier`, `ManaModifierExtra`, `ArmorModifier`, `DamageModifier`, `ExperienceModifier`, `RacialLeader`, `movementId`, `WidgetSetID`, `WidgetSetUnitConditionID`, `RegenHealth`, `mechanic_immune_mask`, `flags_extra`, `ScriptName`, `VerifiedBuild`) values
('166800','0','0','0','0','0','Provisioner Jinhake','',NULL,NULL,NULL,'0','2','2','0','0','0','35','0','1','1.14286','1','0','0','0','0','1','1','1','0','2048','0','0','0','0','7','0','0','0','0','0','0','0','0','0','0','0','0','0','0','0','0','0','0','0','0','0','0','','0','3','1','1','1','1','1','1','1','1','0','0','0','0','1','0','0','','36949');
replace into `creature` (`guid`, `id`, `map`, `zoneId`, `areaId`, `spawnDifficulties`, `phaseUseFlags`, `PhaseId`, `PhaseGroup`, `terrainSwapMap`, `modelid`, `equipment_id`, `position_x`, `position_y`, `position_z`, `orientation`, `spawntimesecs`, `spawndist`, `currentwaypoint`, `curhealth`, `curmana`, `MovementType`, `npcflag`, `unit_flags`, `unit_flags2`, `unit_flags3`, `dynamicflags`, `ScriptName`, `VerifiedBuild`) values
('4000000000020824','166800','2175','10424','10453','0','0','172','0','-1','0','0','-411.85','-2604.7','0.925976','0.752524','300','0','0','27','0','0','0','0','0','0','0','','0');

replace into `creature_template` (`entry`, `difficulty_entry_1`, `difficulty_entry_2`, `difficulty_entry_3`, `KillCredit1`, `KillCredit2`, `name`, `femaleName`, `subname`, `TitleAlt`, `IconName`, `gossip_menu_id`, `minlevel`, `maxlevel`, `HealthScalingExpansion`, `RequiredExpansion`, `VignetteID`, `faction`, `npcflag`, `speed_walk`, `speed_run`, `scale`, `rank`, `dmgschool`, `BaseAttackTime`, `RangeAttackTime`, `BaseVariance`, `RangeVariance`, `unit_class`, `unit_flags`, `unit_flags2`, `unit_flags3`, `dynamicflags`, `family`, `trainer_class`, `type`, `type_flags`, `type_flags2`, `lootid`, `pickpocketloot`, `skinloot`, `resistance1`, `resistance2`, `resistance3`, `resistance4`, `resistance5`, `resistance6`, `spell1`, `spell2`, `spell3`, `spell4`, `spell5`, `spell6`, `spell7`, `spell8`, `VehicleId`, `mingold`, `maxgold`, `AIName`, `MovementType`, `InhabitType`, `HoverHeight`, `HealthModifier`, `HealthModifierExtra`, `ManaModifier`, `ManaModifierExtra`, `ArmorModifier`, `DamageModifier`, `ExperienceModifier`, `RacialLeader`, `movementId`, `WidgetSetID`, `WidgetSetUnitConditionID`, `RegenHealth`, `mechanic_immune_mask`, `flags_extra`, `ScriptName`, `VerifiedBuild`) values
('167213','0','0','0','0','0','Provisioner Jinhake','',NULL,NULL,'','0','5','8','0','0','0','35','16777216','1','1.14286','1','0','0','0','0','1','1','1','0','2048','16','0','0','0','7','0','0','0','0','0','0','0','0','0','0','0','0','0','0','0','0','0','0','0','0','0','0','','0','3','1','1','1','1','1','1','1','1','0','0','0','0','1','0','0','','36949');
replace into `creature_template_addon` (`entry`, `path_id`, `mount`, `bytes1`, `bytes2`, `emote`, `aiAnimKit`, `movementAnimKit`, `meleeAnimKit`, `visibilityDistanceType`, `auras`) values
('167213','0','0','3','1','0','0','0','0','0','');
replace into `npc_spellclick_spells` (`npc_entry`, `spell_id`, `cast_flags`, `user_type`) values
('167213','300260','0','0');
replace into `creature` (`guid`, `id`, `map`, `zoneId`, `areaId`, `spawnDifficulties`, `phaseUseFlags`, `PhaseId`, `PhaseGroup`, `terrainSwapMap`, `modelid`, `equipment_id`, `position_x`, `position_y`, `position_z`, `orientation`, `spawntimesecs`, `spawndist`, `currentwaypoint`, `curhealth`, `curmana`, `MovementType`, `npcflag`, `unit_flags`, `unit_flags2`, `unit_flags3`, `dynamicflags`, `ScriptName`, `VerifiedBuild`) values
('4000000000020825','167213','2175','10424','10453','0','0','171','0','-1','0','0','-411.85','-2604.7','0.925976','0.752524','300','0','0','65','0','0','0','0','0','0','0','','0');

replace into `creature_template_addon` (`entry`, `path_id`, `mount`, `bytes1`, `bytes2`, `emote`, `aiAnimKit`, `movementAnimKit`, `meleeAnimKit`, `visibilityDistanceType`, `auras`) values
('166784','0','0','0','1','0','0','0','0','0','');
replace into `creature_template` (`entry`, `difficulty_entry_1`, `difficulty_entry_2`, `difficulty_entry_3`, `KillCredit1`, `KillCredit2`, `name`, `femaleName`, `subname`, `TitleAlt`, `IconName`, `gossip_menu_id`, `minlevel`, `maxlevel`, `HealthScalingExpansion`, `RequiredExpansion`, `VignetteID`, `faction`, `npcflag`, `speed_walk`, `speed_run`, `scale`, `rank`, `dmgschool`, `BaseAttackTime`, `RangeAttackTime`, `BaseVariance`, `RangeVariance`, `unit_class`, `unit_flags`, `unit_flags2`, `unit_flags3`, `dynamicflags`, `family`, `trainer_class`, `type`, `type_flags`, `type_flags2`, `lootid`, `pickpocketloot`, `skinloot`, `resistance1`, `resistance2`, `resistance3`, `resistance4`, `resistance5`, `resistance6`, `spell1`, `spell2`, `spell3`, `spell4`, `spell5`, `spell6`, `spell7`, `spell8`, `VehicleId`, `mingold`, `maxgold`, `AIName`, `MovementType`, `InhabitType`, `HoverHeight`, `HealthModifier`, `HealthModifierExtra`, `ManaModifier`, `ManaModifierExtra`, `ArmorModifier`, `DamageModifier`, `ExperienceModifier`, `RacialLeader`, `movementId`, `WidgetSetID`, `WidgetSetUnitConditionID`, `RegenHealth`, `mechanic_immune_mask`, `flags_extra`, `ScriptName`, `VerifiedBuild`) values
('166784','0','0','0','0','0','Grunt Throg','',NULL,NULL,NULL,'0','2','2','0','0','0','35','0','1','1.14286','1','0','0','0','0','1','1','1','0','2048','0','0','0','0','7','0','0','0','0','0','0','0','0','0','0','0','0','0','0','0','0','0','0','0','0','0','0','','0','3','1','1','1','1','1','1','1','1','0','0','0','0','1','0','0','','36949');
replace into `creature` (`guid`, `id`, `map`, `zoneId`, `areaId`, `spawnDifficulties`, `phaseUseFlags`, `PhaseId`, `PhaseGroup`, `terrainSwapMap`, `modelid`, `equipment_id`, `position_x`, `position_y`, `position_z`, `orientation`, `spawntimesecs`, `spawndist`, `currentwaypoint`, `curhealth`, `curmana`, `MovementType`, `npcflag`, `unit_flags`, `unit_flags2`, `unit_flags3`, `dynamicflags`, `ScriptName`, `VerifiedBuild`) values
('4000000000020827','166784','2175','10424','10453','0','0','172','0','-1','0','0','-434.117','-2609.81','0.510123','6.21654','300','0','0','27','0','0','0','0','0','0','0','','0');

replace into `creature_template` (`entry`, `difficulty_entry_1`, `difficulty_entry_2`, `difficulty_entry_3`, `KillCredit1`, `KillCredit2`, `name`, `femaleName`, `subname`, `TitleAlt`, `IconName`, `gossip_menu_id`, `minlevel`, `maxlevel`, `HealthScalingExpansion`, `RequiredExpansion`, `VignetteID`, `faction`, `npcflag`, `speed_walk`, `speed_run`, `scale`, `rank`, `dmgschool`, `BaseAttackTime`, `RangeAttackTime`, `BaseVariance`, `RangeVariance`, `unit_class`, `unit_flags`, `unit_flags2`, `unit_flags3`, `dynamicflags`, `family`, `trainer_class`, `type`, `type_flags`, `type_flags2`, `lootid`, `pickpocketloot`, `skinloot`, `resistance1`, `resistance2`, `resistance3`, `resistance4`, `resistance5`, `resistance6`, `spell1`, `spell2`, `spell3`, `spell4`, `spell5`, `spell6`, `spell7`, `spell8`, `VehicleId`, `mingold`, `maxgold`, `AIName`, `MovementType`, `InhabitType`, `HoverHeight`, `HealthModifier`, `HealthModifierExtra`, `ManaModifier`, `ManaModifierExtra`, `ArmorModifier`, `DamageModifier`, `ExperienceModifier`, `RacialLeader`, `movementId`, `WidgetSetID`, `WidgetSetUnitConditionID`, `RegenHealth`, `mechanic_immune_mask`, `flags_extra`, `ScriptName`, `VerifiedBuild`) values
('167913','0','0','0','0','0','Grunt Throg','',NULL,NULL,'','0','5','8','0','0','0','35','16777216','1','1.14286','1','0','0','0','0','1','1','1','0','2048','16','0','0','0','7','0','0','0','0','0','0','0','0','0','0','0','0','0','0','0','0','0','0','0','0','0','0','','0','3','1','1','1','1','1','1','1','1','0','0','0','0','1','0','0','','36949');
replace into `creature_template_addon` (`entry`, `path_id`, `mount`, `bytes1`, `bytes2`, `emote`, `aiAnimKit`, `movementAnimKit`, `meleeAnimKit`, `visibilityDistanceType`, `auras`) values
('167913','0','0','3','1','0','0','0','0','0','');
replace into `npc_spellclick_spells` (`npc_entry`, `spell_id`, `cast_flags`, `user_type`) values
('167913','300260','0','0');
replace into `creature` (`guid`, `id`, `map`, `zoneId`, `areaId`, `spawnDifficulties`, `phaseUseFlags`, `PhaseId`, `PhaseGroup`, `terrainSwapMap`, `modelid`, `equipment_id`, `position_x`, `position_y`, `position_z`, `orientation`, `spawntimesecs`, `spawndist`, `currentwaypoint`, `curhealth`, `curmana`, `MovementType`, `npcflag`, `unit_flags`, `unit_flags2`, `unit_flags3`, `dynamicflags`, `ScriptName`, `VerifiedBuild`) values
('4000000000020828','167913','2175','10424','10453','0','0','171','0','-1','0','0','-434.117','-2609.81','0.510123','6.21654','300','0','0','27','0','0','0','0','0','0','0','','0');
-- chapter 3
replace into `creature_template` (`entry`, `difficulty_entry_1`, `difficulty_entry_2`, `difficulty_entry_3`, `KillCredit1`, `KillCredit2`, `name`, `femaleName`, `subname`, `TitleAlt`, `IconName`, `gossip_menu_id`, `minlevel`, `maxlevel`, `HealthScalingExpansion`, `RequiredExpansion`, `VignetteID`, `faction`, `npcflag`, `speed_walk`, `speed_run`, `scale`, `rank`, `dmgschool`, `BaseAttackTime`, `RangeAttackTime`, `BaseVariance`, `RangeVariance`, `unit_class`, `unit_flags`, `unit_flags2`, `unit_flags3`, `dynamicflags`, `family`, `trainer_class`, `type`, `type_flags`, `type_flags2`, `lootid`, `pickpocketloot`, `skinloot`, `resistance1`, `resistance2`, `resistance3`, `resistance4`, `resistance5`, `resistance6`, `spell1`, `spell2`, `spell3`, `spell4`, `spell5`, `spell6`, `spell7`, `spell8`, `VehicleId`, `mingold`, `maxgold`, `AIName`, `MovementType`, `InhabitType`, `HoverHeight`, `HealthModifier`, `HealthModifierExtra`, `ManaModifier`, `ManaModifierExtra`, `ArmorModifier`, `DamageModifier`, `ExperienceModifier`, `RacialLeader`, `movementId`, `WidgetSetID`, `WidgetSetUnitConditionID`, `RegenHealth`, `mechanic_immune_mask`, `flags_extra`, `ScriptName`, `VerifiedBuild`) values
('166854','0','0','0','0','0','Won\'sa','',NULL,NULL,NULL,'0','4','4','0','0','0','35','2','1','1.14286','1','0','0','0','0','1','1','1','0','34816','0','0','0','0','7','0','0','0','0','0','0','0','0','0','0','0','0','0','0','0','0','0','0','0','0','0','0','','0','3','1','1','1','1','1','1','1','1','0','0','0','0','1','0','0','','36949');
replace into `creature_template_addon` (`entry`, `path_id`, `mount`, `bytes1`, `bytes2`, `emote`, `aiAnimKit`, `movementAnimKit`, `meleeAnimKit`, `visibilityDistanceType`, `auras`) values
('166854','0','0','0','1','0','0','0','0','0','313662');
replace into `creature` (`guid`, `id`, `map`, `zoneId`, `areaId`, `spawnDifficulties`, `phaseUseFlags`, `PhaseId`, `PhaseGroup`, `terrainSwapMap`, `modelid`, `equipment_id`, `position_x`, `position_y`, `position_z`, `orientation`, `spawntimesecs`, `spawndist`, `currentwaypoint`, `curhealth`, `curmana`, `MovementType`, `npcflag`, `unit_flags`, `unit_flags2`, `unit_flags3`, `dynamicflags`, `ScriptName`, `VerifiedBuild`) values
('4000000000020831','166854','2175','10424','10452','0','0','172','0','-1','0','0','-245.441','-2492.1','18.2313','2.66889','300','0','0','27','0','0','0','0','0','0','0','','0');
replace into `creature` (`guid`, `id`, `map`, `zoneId`, `areaId`, `spawnDifficulties`, `phaseUseFlags`, `PhaseId`, `PhaseGroup`, `terrainSwapMap`, `modelid`, `equipment_id`, `position_x`, `position_y`, `position_z`, `orientation`, `spawntimesecs`, `spawndist`, `currentwaypoint`, `curhealth`, `curmana`, `MovementType`, `npcflag`, `unit_flags`, `unit_flags2`, `unit_flags3`, `dynamicflags`, `ScriptName`, `VerifiedBuild`) values
('4000000000020834','175030','2175','10424','10452','0','0','175','0','-1','0','0','-245.441','-2492.1','18.2313','2.66889','300','0','0','27','0','0','0','0','0','0','0','','0');

REPLACE INTO quest_template_addon VALUES (59931,0,0,0,0,59932,0,0,0,0,0,0,0,0,0,0,0,'');
REPLACE INTO quest_template_addon VALUES (59932,0,0,0,59931,59933,0,0,0,0,0,0,0,0,0,0,0,'');
replace into `creature` (`guid`, `id`, `map`, `zoneId`, `areaId`, `spawnDifficulties`, `phaseUseFlags`, `PhaseId`, `PhaseGroup`, `terrainSwapMap`, `modelid`, `equipment_id`, `position_x`, `position_y`, `position_z`, `orientation`, `spawntimesecs`, `spawndist`, `currentwaypoint`, `curhealth`, `curmana`, `MovementType`, `npcflag`, `unit_flags`, `unit_flags2`, `unit_flags3`, `dynamicflags`, `ScriptName`, `VerifiedBuild`) values
('4000000000020832','166906','2175','10424','10452','0','0','173','0','-1','0','0','-249.157','-2492.54','17.9901','0.652769','300','0','0','27','0','0','0','0','0','0','0','','0');

update creature_template set scriptname='npc_warlord_grimaxe',minlevel=4,maxlevel=4 where entry=166906;
replace into `creature` (`guid`, `id`, `map`, `zoneId`, `areaId`, `spawnDifficulties`, `phaseUseFlags`, `PhaseId`, `PhaseGroup`, `terrainSwapMap`, `modelid`, `equipment_id`, `position_x`, `position_y`, `position_z`, `orientation`, `spawntimesecs`, `spawndist`, `currentwaypoint`, `curhealth`, `curmana`, `MovementType`, `npcflag`, `unit_flags`, `unit_flags2`, `unit_flags3`, `dynamicflags`, `ScriptName`, `VerifiedBuild`) values
('4000000000020833','166906','2175','10424','10452','0','0','174','0','-1','0','0','-249.157','-2492.54','17.9901','0.652769','300','0','0','27','0','0','0','0','0','0','0','','0');
replace into `quest_template` (`ID`, `QuestType`, `QuestPackageID`, `ContentTuningID`, `QuestSortID`, `QuestInfoID`, `SuggestedGroupNum`, `RewardNextQuest`, `RewardXPDifficulty`, `RewardXPMultiplier`, `RewardMoney`, `RewardMoneyDifficulty`, `RewardMoneyMultiplier`, `RewardBonusMoney`, `RewardDisplaySpell1`, `RewardDisplaySpell2`, `RewardDisplaySpell3`, `RewardDisplaySpell4`, `RewardDisplaySpell5`, `RewardDisplaySpell6`, `RewardDisplaySpell7`, `RewardDisplaySpell8`, `RewardDisplaySpell9`, `RewardDisplaySpell10`, `RewardDisplaySpell11`, `RewardDisplaySpell12`, `RewardDisplaySpellPlayerCondition1`, `RewardDisplaySpellPlayerCondition2`, `RewardDisplaySpellPlayerCondition3`, `RewardDisplaySpellPlayerCondition4`, `RewardDisplaySpellPlayerCondition5`, `RewardDisplaySpellPlayerCondition6`, `RewardDisplaySpellPlayerCondition7`, `RewardDisplaySpellPlayerCondition8`, `RewardDisplaySpellPlayerCondition9`, `RewardDisplaySpellPlayerCondition10`, `RewardDisplaySpellPlayerCondition11`, `RewardDisplaySpellPlayerCondition12`, `RewardSpell`, `RewardHonor`, `RewardKillHonor`, `StartItem`, `RewardArtifactXPDifficulty`, `RewardArtifactXPMultiplier`, `RewardArtifactCategoryID`, `Flags`, `FlagsEx`, `FlagsEx2`, `RewardItem1`, `RewardAmount1`, `RewardItem2`, `RewardAmount2`, `RewardItem3`, `RewardAmount3`, `RewardItem4`, `RewardAmount4`, `ItemDrop1`, `ItemDropQuantity1`, `ItemDrop2`, `ItemDropQuantity2`, `ItemDrop3`, `ItemDropQuantity3`, `ItemDrop4`, `ItemDropQuantity4`, `RewardChoiceItemID1`, `RewardChoiceItemQuantity1`, `RewardChoiceItemDisplayID1`, `RewardChoiceItemID2`, `RewardChoiceItemQuantity2`, `RewardChoiceItemDisplayID2`, `RewardChoiceItemID3`, `RewardChoiceItemQuantity3`, `RewardChoiceItemDisplayID3`, `RewardChoiceItemID4`, `RewardChoiceItemQuantity4`, `RewardChoiceItemDisplayID4`, `RewardChoiceItemID5`, `RewardChoiceItemQuantity5`, `RewardChoiceItemDisplayID5`, `RewardChoiceItemID6`, `RewardChoiceItemQuantity6`, `RewardChoiceItemDisplayID6`, `POIContinent`, `POIx`, `POIy`, `POIPriority`, `RewardTitle`, `RewardArenaPoints`, `RewardSkillLineID`, `RewardNumSkillUps`, `PortraitGiver`, `PortraitGiverMount`, `PortraitTurnIn`, `RewardFactionID1`, `RewardFactionValue1`, `RewardFactionOverride1`, `RewardFactionCapIn1`, `RewardFactionID2`, `RewardFactionValue2`, `RewardFactionOverride2`, `RewardFactionCapIn2`, `RewardFactionID3`, `RewardFactionValue3`, `RewardFactionOverride3`, `RewardFactionCapIn3`, `RewardFactionID4`, `RewardFactionValue4`, `RewardFactionOverride4`, `RewardFactionCapIn4`, `RewardFactionID5`, `RewardFactionValue5`, `RewardFactionOverride5`, `RewardFactionCapIn5`, `RewardFactionFlags`, `RewardCurrencyID1`, `RewardCurrencyQty1`, `RewardCurrencyID2`, `RewardCurrencyQty2`, `RewardCurrencyID3`, `RewardCurrencyQty3`, `RewardCurrencyID4`, `RewardCurrencyQty4`, `AcceptedSoundKitID`, `CompleteSoundKitID`, `AreaGroupID`, `TimeAllowed`, `AllowableRaces`, `TreasurePickerID`, `Expansion`, `ManagedWorldStateID`, `QuestSessionBonus`, `LogTitle`, `LogDescription`, `QuestDescription`, `AreaDescription`, `PortraitGiverText`, `PortraitGiverName`, `PortraitTurnInText`, `PortraitTurnInName`, `QuestCompletionLog`, `VerifiedBuild`) values
('59933','2','0','957','10424','0','0','0','5','1','565','5','1','60','0','0','0','0','0','0','0','0','0','0','0','0','0','0','0','0','0','0','0','0','0','0','0','0','161006','0','0','0','0','1','0','36700160','8192','0','0','0','0','0','0','0','0','0','0','0','0','0','0','0','0','0','0','0','0','0','0','0','0','0','0','0','0','0','0','0','0','0','0','0','0','0','0','0','0','0','0','0','0','0','0','0','0','0','7','0','0','0','7','0','0','0','7','0','0','0','7','0','0','0','7','0','0','0','0','0','0','0','0','0','890','878','0','0','18446744073709551615','0','0','0','0','Enhanced Combat Tactics','Spar with Warlord Grimaxe.','Won\'sa said the quilboar have kidnapped the missing expedition... including my daughter.\n\nThe quilboar will kill you if you\'re not prepared. They\'re much smarter and deadlier than murlocs.\n\nI won\'t see you die by their hands. We\'re going to spar one last time.\n\nWhen we are done, you will cleave a path straight through the quilboar!','','','','','','','36949');
replace into `quest_template_addon` (`ID`, `MaxLevel`, `AllowableClasses`, `SourceSpellID`, `PrevQuestID`, `NextQuestID`, `ExclusiveGroup`, `RewardMailTemplateID`, `RewardMailDelay`, `RequiredSkillID`, `RequiredSkillPoints`, `RequiredMinRepFaction`, `RequiredMaxRepFaction`, `RequiredMinRepValue`, `RequiredMaxRepValue`, `ProvidedItemCount`, `SpecialFlags`, `ScriptName`) values
('59933','0','0','0','59932','59935','0','0','0','0','0','0','0','0','0','0','0','');

DELETE FROM disables WHERE entry IN (55194,59339,59933);
UPDATE creature_template SET iconname='point' WHERE entry IN (166787,166792,166797,167213,167913);
REPLACE INTO quest_template_addon VALUES (59933,0,0,0,0,59935,0,0,0,0,0,0,0,0,0,0,0,'');
update creature_template set minlevel=4,maxlevel=4 where entry=166854;

REPLACE INTO creature_queststarter values (175030,59935);
REPLACE INTO quest_template_addon VALUES (59935,0,0,0,0,59938,0,0,0,0,0,0,0,0,0,0,0,'');
update creature_template set scriptname='npc_wonsa',minlevel=4,maxlevel=4 where entry=175030;

DELETE FROM updates WHERE NAME IN ('2020_12_25_04_world_PROJECT_EXILES_REACH.sql','2020_12_25_05_world_tele_secretelvenisland.sql',
'2020_12_25_06_world_siegeofniuzaotemple_dungeon.sql','2020_12_27_00_world_2020_12_27_00_world_TC.sql');

UPDATE creature_template SET maxlevel=4 WHERE entry=166996;
replace into `creature_template_addon` (`entry`, `path_id`, `mount`, `bytes1`, `bytes2`, `emote`, `aiAnimKit`, `movementAnimKit`, `meleeAnimKit`, `visibilityDistanceType`, `auras`) values
('166996','0','0','8','1','0','0','0','0','0','0');
replace into `creature` (`guid`, `id`, `map`, `zoneId`, `areaId`, `spawnDifficulties`, `phaseUseFlags`, `PhaseId`, `PhaseGroup`, `terrainSwapMap`, `modelid`, `equipment_id`, `position_x`, `position_y`, `position_z`, `orientation`, `spawntimesecs`, `spawndist`, `currentwaypoint`, `curhealth`, `curmana`, `MovementType`, `npcflag`, `unit_flags`, `unit_flags2`, `unit_flags3`, `dynamicflags`, `ScriptName`, `VerifiedBuild`) values
('4000000000020837','166996','2175','10424','10503','0','0','175','0','-1','0','0','-141.308','-2639.55','48.7011','5.90514','300','0','0','27','0','0','0','0','0','0','0','','0');
REPLACE INTO quest_template_addon VALUES (59937,0,4,0,0,0,0,0,0,0,0,0,0,0,0,0,0,'');
REPLACE INTO quest_template_addon VALUES (59939,0,0,0,0,59940,0,0,0,0,0,0,0,0,0,0,0,'');
UPDATE creature_template SET maxlevel=4 WHERE entry=150237;
REPLACE into `creature` (`guid`, `id`, `map`, `zoneId`, `areaId`, `spawnDifficulties`, `phaseUseFlags`, `PhaseId`, `PhaseGroup`, `terrainSwapMap`, `modelid`, `equipment_id`, `position_x`, `position_y`, `position_z`, `orientation`, `spawntimesecs`, `spawndist`, `currentwaypoint`, `curhealth`, `curmana`, `MovementType`, `npcflag`, `unit_flags`, `unit_flags2`, `unit_flags3`, `dynamicflags`, `ScriptName`, `VerifiedBuild`) values
('4000000000020840','167020','2175','10424','10588','0','0','175','0','-1','0','0','99.1131','-2421.17','90.3662','0.774056','300','0','0','124','0','0','0','0','0','0','0','','0');
REPLACE into `creature` (`guid`, `id`, `map`, `zoneId`, `areaId`, `spawnDifficulties`, `phaseUseFlags`, `PhaseId`, `PhaseGroup`, `terrainSwapMap`, `modelid`, `equipment_id`, `position_x`, `position_y`, `position_z`, `orientation`, `spawntimesecs`, `spawndist`, `currentwaypoint`, `curhealth`, `curmana`, `MovementType`, `npcflag`, `unit_flags`, `unit_flags2`, `unit_flags3`, `dynamicflags`, `ScriptName`, `VerifiedBuild`) values
('4000000000020841','167019','2175','10424','10588','0','0','175','0','-1','0','0','100.841','-2417.77','90.3854','4.03111','300','0','0','27','0','0','0','0','0','0','0','','0');
REPLACE into `creature` (`guid`, `id`, `map`, `zoneId`, `areaId`, `spawnDifficulties`, `phaseUseFlags`, `PhaseId`, `PhaseGroup`, `terrainSwapMap`, `modelid`, `equipment_id`, `position_x`, `position_y`, `position_z`, `orientation`, `spawntimesecs`, `spawndist`, `currentwaypoint`, `curhealth`, `curmana`, `MovementType`, `npcflag`, `unit_flags`, `unit_flags2`, `unit_flags3`, `dynamicflags`, `ScriptName`, `VerifiedBuild`) values
('4000000000020842','167021','2175','10424','10588','0','0','175','0','-1','0','0','103.059','-2420.72','90.0955','2.78704','300','0','0','27','0','0','0','0','0','0','0','','0');
REPLACE INTO quest_template_addon VALUES (59940,0,0,0,0,59941,0,0,0,0,0,0,0,0,0,0,0,'');
REPLACE INTO quest_template_addon VALUES (59941,0,0,0,0,59942,0,0,0,0,0,0,0,0,0,0,0,'');
REPLACE INTO quest_template_addon VALUES (59942,0,0,0,0,59943,0,0,0,0,0,0,0,0,0,0,0,'');

REPLACE into `creature_template` (`entry`, `difficulty_entry_1`, `difficulty_entry_2`, `difficulty_entry_3`, `KillCredit1`, `KillCredit2`, `name`, `femaleName`, `subname`, `TitleAlt`, `IconName`, `gossip_menu_id`, `minlevel`, `maxlevel`, `HealthScalingExpansion`, `RequiredExpansion`, `VignetteID`, `faction`, `npcflag`, `speed_walk`, `speed_run`, `scale`, `rank`, `dmgschool`, `BaseAttackTime`, `RangeAttackTime`, `BaseVariance`, `RangeVariance`, `unit_class`, `unit_flags`, `unit_flags2`, `unit_flags3`, `dynamicflags`, `family`, `trainer_class`, `type`, `type_flags`, `type_flags2`, `lootid`, `pickpocketloot`, `skinloot`, `resistance1`, `resistance2`, `resistance3`, `resistance4`, `resistance5`, `resistance6`, `spell1`, `spell2`, `spell3`, `spell4`, `spell5`, `spell6`, `spell7`, `spell8`, `VehicleId`, `mingold`, `maxgold`, `AIName`, `MovementType`, `InhabitType`, `HoverHeight`, `HealthModifier`, `HealthModifierExtra`, `ManaModifier`, `ManaModifierExtra`, `ArmorModifier`, `DamageModifier`, `ExperienceModifier`, `RacialLeader`, `movementId`, `WidgetSetID`, `WidgetSetUnitConditionID`, `RegenHealth`, `mechanic_immune_mask`, `flags_extra`, `ScriptName`, `VerifiedBuild`) 
values('167027','0','0','0','0','0','Choppy Booster Mk. 5','',NULL,NULL,'vehichlecursor','0','1','5','0','0','0','35','0','1','1.14286','1','0','0','0','0','1','1','1','0','0','1','0','0','0','0','0','9','525312','0','0','0','0','0','0','0','0','0','0','0','0','0','0','0','0','6742','0','0','','0','3','1','0.3','1','1','1','1','1','1','0','0','0','0','1','0','0','npc_choppy_booster_mk_5','36949');
REPLACE into `creature_template_addon` (`entry`, `path_id`, `mount`, `bytes1`, `bytes2`, `emote`, `aiAnimKit`, `movementAnimKit`, `meleeAnimKit`, `visibilityDistanceType`, `auras`) values
('167027','0','0','50331648','1','0','0','0','0','0','');
update creature_template set scriptname='npc_cork_fizzlepop',minlevel=4,maxlevel=6 where entry=167019;
REPLACE into `item_script_names` (`Id`, `ScriptName`) values('178051','item_resizer_v901');
REPLACE into `creature` (`guid`, `id`, `map`, `zoneId`, `areaId`, `spawnDifficulties`, `phaseUseFlags`, `PhaseId`, `PhaseGroup`, `terrainSwapMap`, `modelid`, `equipment_id`, `position_x`, `position_y`, `position_z`, `orientation`, `spawntimesecs`, `spawndist`, `currentwaypoint`, `curhealth`, `curmana`, `MovementType`, `npcflag`, `unit_flags`, `unit_flags2`, `unit_flags3`, `dynamicflags`, `ScriptName`, `VerifiedBuild`) values
('4000000000020845','167300','2175','10424','10588','0','0','175','0','-1','0','0','100.498','-2424.79','90.1662','1.51848','300','0','0','99','0','0','0','0','0','0','0','','0');
REPLACE into `creature` (`guid`, `id`, `map`, `zoneId`, `areaId`, `spawnDifficulties`, `phaseUseFlags`, `PhaseId`, `PhaseGroup`, `terrainSwapMap`, `modelid`, `equipment_id`, `position_x`, `position_y`, `position_z`, `orientation`, `spawntimesecs`, `spawndist`, `currentwaypoint`, `curhealth`, `curmana`, `MovementType`, `npcflag`, `unit_flags`, `unit_flags2`, `unit_flags3`, `dynamicflags`, `ScriptName`, `VerifiedBuild`) values
('4000000000020846','167226','2175','10424','10588','0','0','175','0','-1','0','0','95.3872','-2424.01','90.9985','0.593278','300','0','0','124','0','0','0','0','0','0','0','','0');
REPLACE into `creature` (`guid`, `id`, `map`, `zoneId`, `areaId`, `spawnDifficulties`, `phaseUseFlags`, `PhaseId`, `PhaseGroup`, `terrainSwapMap`, `modelid`, `equipment_id`, `position_x`, `position_y`, `position_z`, `orientation`, `spawntimesecs`, `spawndist`, `currentwaypoint`, `curhealth`, `curmana`, `MovementType`, `npcflag`, `unit_flags`, `unit_flags2`, `unit_flags3`, `dynamicflags`, `ScriptName`, `VerifiedBuild`) values
('4000000000020847','167216','2175','10424','10588','0','0','175','0','-1','0','0','95.6452','-2421.69','90.9886','0.634118','300','0','0','124','0','0','0','0','0','0','0','','0');
REPLACE into `creature` (`guid`, `id`, `map`, `zoneId`, `areaId`, `spawnDifficulties`, `phaseUseFlags`, `PhaseId`, `PhaseGroup`, `terrainSwapMap`, `modelid`, `equipment_id`, `position_x`, `position_y`, `position_z`, `orientation`, `spawntimesecs`, `spawndist`, `currentwaypoint`, `curhealth`, `curmana`, `MovementType`, `npcflag`, `unit_flags`, `unit_flags2`, `unit_flags3`, `dynamicflags`, `ScriptName`, `VerifiedBuild`) values
('4000000000020848','167258','2175','10424','10588','0','0','175','0','-1','0','0','94.9499','-2418.48','91.2547','0.0749144','300','0','0','124','0','0','0','0','0','0','0','','0');
REPLACE into `creature` (`guid`, `id`, `map`, `zoneId`, `areaId`, `spawnDifficulties`, `phaseUseFlags`, `PhaseId`, `PhaseGroup`, `terrainSwapMap`, `modelid`, `equipment_id`, `position_x`, `position_y`, `position_z`, `orientation`, `spawntimesecs`, `spawndist`, `currentwaypoint`, `curhealth`, `curmana`, `MovementType`, `npcflag`, `unit_flags`, `unit_flags2`, `unit_flags3`, `dynamicflags`, `ScriptName`, `VerifiedBuild`) values
('4000000000020849','167213','2175','10424','10588','0','0','175','0','-1','0','0','93.1757','-2417.27','91.6989','6.15075','300','0','0','1604','0','0','0','0','0','0','0','','0');
REPLACE into `creature_template` (`entry`, `difficulty_entry_1`, `difficulty_entry_2`, `difficulty_entry_3`, `KillCredit1`, `KillCredit2`, `name`, `femaleName`, `subname`, `TitleAlt`, `IconName`, `gossip_menu_id`, `minlevel`, `maxlevel`, `HealthScalingExpansion`, `RequiredExpansion`, `VignetteID`, `faction`, `npcflag`, `speed_walk`, `speed_run`, `scale`, `rank`, `dmgschool`, `BaseAttackTime`, `RangeAttackTime`, `BaseVariance`, `RangeVariance`, `unit_class`, `unit_flags`, `unit_flags2`, `unit_flags3`, `dynamicflags`, `family`, `trainer_class`, `type`, `type_flags`, `type_flags2`, `lootid`, `pickpocketloot`, `skinloot`, `resistance1`, `resistance2`, `resistance3`, `resistance4`, `resistance5`, `resistance6`, `spell1`, `spell2`, `spell3`, `spell4`, `spell5`, `spell6`, `spell7`, `spell8`, `VehicleId`, `mingold`, `maxgold`, `AIName`, `MovementType`, `InhabitType`, `HoverHeight`, `HealthModifier`, `HealthModifierExtra`, `ManaModifier`, `ManaModifierExtra`, `ArmorModifier`, `DamageModifier`, `ExperienceModifier`, `RacialLeader`, `movementId`, `WidgetSetID`, `WidgetSetUnitConditionID`, `RegenHealth`, `mechanic_immune_mask`, `flags_extra`, `ScriptName`, `VerifiedBuild`) values
('167142','0','0','0','0','0','Choppy Booster Mk. 5','',NULL,NULL,'vehichlecursor','0','5','6','0','0','0','35','16777216','1','3','1','1','0','0','0','1','1','1','32768','2048','0','0','0','0','9','1','0','0','0','0','0','0','0','0','0','0','325364','0','0','0','0','0','0','0','123','0','0','','0','3','1','10','1','1','1','1','1','1','0','0','0','0','1','0','0','npc_choppy_booster','36949');
UPDATE quest_objectives SET objectid=157091 WHERE questid=59942 AND `order`=1 AND objectid=165150;
REPLACE into `creature` (`guid`, `id`, `map`, `zoneId`, `areaId`, `spawnDifficulties`, `phaseUseFlags`, `PhaseId`, `PhaseGroup`, `terrainSwapMap`, `modelid`, `equipment_id`, `position_x`, `position_y`, `position_z`, `orientation`, `spawntimesecs`, `spawndist`, `currentwaypoint`, `curhealth`, `curmana`, `MovementType`, `npcflag`, `unit_flags`, `unit_flags2`, `unit_flags3`, `dynamicflags`, `ScriptName`, `VerifiedBuild`) values
('4000000000020852','157091','2175','10424','10588','0','0','16752','0','-1','0','0','223.611','-2326.32','80.9887','0.930997','120','0','0','0','0','0','0','0','0','0','0','','36839');
REPLACE INTO quest_template_addon VALUES (59958,0,130,0,0,0,0,0,0,0,0,0,0,0,0,0,0,'');
REPLACE INTO quest_template_addon VALUES (59961,0,16,0,0,0,0,0,0,0,0,0,0,0,0,0,0,'');
REPLACE INTO quest_template_addon VALUES (59967,0,8,0,0,0,0,0,0,0,0,0,0,0,0,0,0,'');
REPLACE INTO quest_template_addon VALUES (59970,0,256,0,0,0,0,0,0,0,0,0,0,0,0,0,0,'');
REPLACE INTO quest_template_addon VALUES (59971,0,1,0,0,0,0,0,0,0,0,0,0,0,0,0,0,'');

DELETE FROM spell_linked_spell WHERE spell_trigger=325364;
REPLACE INTO spell_linked_spell  VALUES (325364,78372,0,'The Re-Deather quest'); -- 78372
update creature_template set minlevel=1,maxlevel=6 where entry=162817;
delete from gameobject where id=186812;

REPLACE into `creature_template` (`entry`, `difficulty_entry_1`, `difficulty_entry_2`, `difficulty_entry_3`, `KillCredit1`, `KillCredit2`, `name`, `femaleName`, `subname`, `TitleAlt`, `IconName`, `gossip_menu_id`, `minlevel`, `maxlevel`, `HealthScalingExpansion`, `RequiredExpansion`, `VignetteID`, `faction`, `npcflag`, `speed_walk`, `speed_run`, `scale`, `rank`, `dmgschool`, `BaseAttackTime`, `RangeAttackTime`, `BaseVariance`, `RangeVariance`, `unit_class`, `unit_flags`, `unit_flags2`, `unit_flags3`, `dynamicflags`, `family`, `trainer_class`, `type`, `type_flags`, `type_flags2`, `lootid`, `pickpocketloot`, `skinloot`, `resistance1`, `resistance2`, `resistance3`, `resistance4`, `resistance5`, `resistance6`, `spell1`, `spell2`, `spell3`, `spell4`, `spell5`, `spell6`, `spell7`, `spell8`, `VehicleId`, `mingold`, `maxgold`, `AIName`, `MovementType`, `InhabitType`, `HoverHeight`, `HealthModifier`, `HealthModifierExtra`, `ManaModifier`, `ManaModifierExtra`, `ArmorModifier`, `DamageModifier`, `ExperienceModifier`, `RacialLeader`, `movementId`, `WidgetSetID`, `WidgetSetUnitConditionID`, `RegenHealth`, `mechanic_immune_mask`, `flags_extra`, `ScriptName`, `VerifiedBuild`) values
('167128','0','0','0','0','0','Shuja Grimaxe','',NULL,NULL,NULL,'0','5','6','0','0','0','2361','2','1','1.14286','1','0','0','0','0','1','1','8','0','2099200','0','0','0','0','7','0','0','0','0','0','0','0','0','0','0','0','0','0','0','0','0','0','0','0','0','0','0','','0','3','1','3','1','1','1','1','1','1','0','0','0','0','1','0','0','','36949');
REPLACE into `creature_template_addon` (`entry`, `path_id`, `mount`, `bytes1`, `bytes2`, `emote`, `aiAnimKit`, `movementAnimKit`, `meleeAnimKit`, `visibilityDistanceType`, `auras`) values
('167128','0','0','0','1','0','0','0','0','0','305513 325408');
REPLACE into `creature_addon` (`guid`, `path_id`, `mount`, `bytes1`, `bytes2`, `emote`, `aiAnimKit`, `movementAnimKit`, `meleeAnimKit`, `visibilityDistanceType`, `auras`) values
('4000000000020855','0','0','0','1','0','0','0','0','0','');
REPLACE into `creature` (`guid`, `id`, `map`, `zoneId`, `areaId`, `spawnDifficulties`, `phaseUseFlags`, `PhaseId`, `PhaseGroup`, `terrainSwapMap`, `modelid`, `equipment_id`, `position_x`, `position_y`, `position_z`, `orientation`, `spawntimesecs`, `spawndist`, `currentwaypoint`, `curhealth`, `curmana`, `MovementType`, `npcflag`, `unit_flags`, `unit_flags2`, `unit_flags3`, `dynamicflags`, `ScriptName`, `VerifiedBuild`) values
('4000000000020858','167128','2175','10424','10529','0','0','177','0','-1','0','0','230.736','-2297.3','80.8964','1.31408','300','0','0','373','0','0','0','0','0','0','0','','0');
REPLACE into `creature_addon` (`guid`, `path_id`, `mount`, `bytes1`, `bytes2`, `emote`, `aiAnimKit`, `movementAnimKit`, `meleeAnimKit`, `visibilityDistanceType`, `auras`) values
('4000000000020858','0','0','0','1','0','0','0','0','0','305513 325408');
REPLACE into `creature` (`guid`, `id`, `map`, `zoneId`, `areaId`, `spawnDifficulties`, `phaseUseFlags`, `PhaseId`, `PhaseGroup`, `terrainSwapMap`, `modelid`, `equipment_id`, `position_x`, `position_y`, `position_z`, `orientation`, `spawntimesecs`, `spawndist`, `currentwaypoint`, `curhealth`, `curmana`, `MovementType`, `npcflag`, `unit_flags`, `unit_flags2`, `unit_flags3`, `dynamicflags`, `ScriptName`, `VerifiedBuild`) values
('4000000000020861','166997','2175','10424','10529','0','0','178','0','-1','0','0','232.307','-2292','80.8965','4.363','300','0','0','27','0','0','0','0','0','0','0','','0');

REPLACE INTO quest_template_addon VALUES (59945,0,0,0,0,59946,0,0,0,0,0,0,0,0,0,0,0,'');
REPLACE INTO quest_template_addon VALUES (59946,0,0,0,0,59947,0,0,0,0,0,0,0,0,0,0,0,'');
REPLACE into `creature` (`guid`, `id`, `map`, `zoneId`, `areaId`, `spawnDifficulties`, `phaseUseFlags`, `PhaseId`, `PhaseGroup`, `terrainSwapMap`, `modelid`, `equipment_id`, `position_x`, `position_y`, `position_z`, `orientation`, `spawntimesecs`, `spawndist`, `currentwaypoint`, `curhealth`, `curmana`, `MovementType`, `npcflag`, `unit_flags`, `unit_flags2`, `unit_flags3`, `dynamicflags`, `ScriptName`, `VerifiedBuild`) values
('4000000000020862','167219','2175','10424','10529','0','0','178','0','-1','0','0','257.90625','-2336.9284','80.9707','5.7523','300','0','0','27','0','0','0','0','0','0','0','','0');
REPLACE into `creature` (`guid`, `id`, `map`, `zoneId`, `areaId`, `spawnDifficulties`, `phaseUseFlags`, `PhaseId`, `PhaseGroup`, `terrainSwapMap`, `modelid`, `equipment_id`, `position_x`, `position_y`, `position_z`, `orientation`, `spawntimesecs`, `spawndist`, `currentwaypoint`, `curhealth`, `curmana`, `MovementType`, `npcflag`, `unit_flags`, `unit_flags2`, `unit_flags3`, `dynamicflags`, `ScriptName`, `VerifiedBuild`) values
('4000000000020865','167291','2175','10424','10529','0','0','180','0','-1','0','0','390.708','-2443.54','124.913','0.514544','300','0','0','27','0','0','0','0','0','0','0','','0');
update creature_template set minlevel=6,maxlevel=7 where entry=167291;

REPLACE into `creature_template` (`entry`, `difficulty_entry_1`, `difficulty_entry_2`, `difficulty_entry_3`, `KillCredit1`, `KillCredit2`, `name`, `femaleName`, `subname`, `TitleAlt`, `IconName`, `gossip_menu_id`, `minlevel`, `maxlevel`, `HealthScalingExpansion`, `RequiredExpansion`, `VignetteID`, `faction`, `npcflag`, `speed_walk`, `speed_run`, `scale`, `rank`, `dmgschool`, `BaseAttackTime`, `RangeAttackTime`, `BaseVariance`, `RangeVariance`, `unit_class`, `unit_flags`, `unit_flags2`, `unit_flags3`, `dynamicflags`, `family`, `trainer_class`, `type`, `type_flags`, `type_flags2`, `lootid`, `pickpocketloot`, `skinloot`, `resistance1`, `resistance2`, `resistance3`, `resistance4`, `resistance5`, `resistance6`, `spell1`, `spell2`, `spell3`, `spell4`, `spell5`, `spell6`, `spell7`, `spell8`, `VehicleId`, `mingold`, `maxgold`, `AIName`, `MovementType`, `InhabitType`, `HoverHeight`, `HealthModifier`, `HealthModifierExtra`, `ManaModifier`, `ManaModifierExtra`, `ArmorModifier`, `DamageModifier`, `ExperienceModifier`, `RacialLeader`, `movementId`, `WidgetSetID`, `WidgetSetUnitConditionID`, `RegenHealth`, `mechanic_immune_mask`, `flags_extra`, `ScriptName`, `VerifiedBuild`) values('167128','0','0','0','0','0','Shuja Grimaxe','',NULL,NULL,NULL,'0','1','10','0','0','0','2361','2','1','1.14286','1','0','0','0','0','1','1','1','0','2048','0','0','0','0','7','0','0','0','0','0','0','0','0','0','0','0','0','0','0','0','0','0','0','0','0','0','0','','0','3','1','3','1','1','1','1','1','1','0','0','0','0','1','0','0','','36949');
REPLACE into `creature` (`guid`, `id`, `map`, `zoneId`, `areaId`, `spawnDifficulties`, `phaseUseFlags`, `PhaseId`, `PhaseGroup`, `terrainSwapMap`, `modelid`, `equipment_id`, `position_x`, `position_y`, `position_z`, `orientation`, `spawntimesecs`, `spawndist`, `currentwaypoint`, `curhealth`, `curmana`, `MovementType`, `npcflag`, `unit_flags`, `unit_flags2`, `unit_flags3`, `dynamicflags`, `ScriptName`, `VerifiedBuild`) values
('4000000000020855','167128','2175','10424','10529','0','0','179','0','-1','0','0','230.728','-2297.31','80.8959','1.36218','300','0','0','124','0','0','0','0','0','0','0','','0');
REPLACE into `creature` (`guid`, `id`, `map`, `zoneId`, `areaId`, `spawnDifficulties`, `phaseUseFlags`, `PhaseId`, `PhaseGroup`, `terrainSwapMap`, `modelid`, `equipment_id`, `position_x`, `position_y`, `position_z`, `orientation`, `spawntimesecs`, `spawndist`, `currentwaypoint`, `curhealth`, `curmana`, `MovementType`, `npcflag`, `unit_flags`, `unit_flags2`, `unit_flags3`, `dynamicflags`, `ScriptName`, `VerifiedBuild`) values
('4000000000020866','167290','2175','10424','10529','0','0','180','0','-1','0','0','393.5','-2440.46','125.863','4.00642','300','0','0','27','0','0','0','0','0','0','0','','0');
update creature_template set minlevel=1,maxlevel=7,spell1=317561,spell2=317559 where entry=153964;
REPLACE into `creature_template` (`entry`, `difficulty_entry_1`, `difficulty_entry_2`, `difficulty_entry_3`, `KillCredit1`, `KillCredit2`, `name`, `femaleName`, `subname`, `TitleAlt`, `IconName`, `gossip_menu_id`, `minlevel`, `maxlevel`, `HealthScalingExpansion`, `RequiredExpansion`, `VignetteID`, `faction`, `npcflag`, `speed_walk`, `speed_run`, `scale`, `rank`, `dmgschool`, `BaseAttackTime`, `RangeAttackTime`, `BaseVariance`, `RangeVariance`, `unit_class`, `unit_flags`, `unit_flags2`, `unit_flags3`, `dynamicflags`, `family`, `trainer_class`, `type`, `type_flags`, `type_flags2`, `lootid`, `pickpocketloot`, `skinloot`, `resistance1`, `resistance2`, `resistance3`, `resistance4`, `resistance5`, `resistance6`, `spell1`, `spell2`, `spell3`, `spell4`, `spell5`, `spell6`, `spell7`, `spell8`, `VehicleId`, `mingold`, `maxgold`, `AIName`, `MovementType`, `InhabitType`, `HoverHeight`, `HealthModifier`, `HealthModifierExtra`, `ManaModifier`, `ManaModifierExtra`, `ArmorModifier`, `DamageModifier`, `ExperienceModifier`, `RacialLeader`, `movementId`, `WidgetSetID`, `WidgetSetUnitConditionID`, `RegenHealth`, `mechanic_immune_mask`, `flags_extra`, `ScriptName`, `VerifiedBuild`) values('153211','0','0','0','0','0','Meredy Huntswell','',NULL,NULL,NULL,'0','1','8','0','0','0','1732','0','1','1.14286','1','0','0','0','0','1','1','8','32768','34816','0','0','0','0','7','0','0','0','0','0','0','0','0','0','0','0','0','0','0','0','0','0','0','0','0','0','0','','0','3','1','1','1','1','1','1','1','1','0','0','0','0','1','0','0','','36949');
REPLACE into `creature_template` (`entry`, `difficulty_entry_1`, `difficulty_entry_2`, `difficulty_entry_3`, `KillCredit1`, `KillCredit2`, `name`, `femaleName`, `subname`, `TitleAlt`, `IconName`, `gossip_menu_id`, `minlevel`, `maxlevel`, `HealthScalingExpansion`, `RequiredExpansion`, `VignetteID`, `faction`, `npcflag`, `speed_walk`, `speed_run`, `scale`, `rank`, `dmgschool`, `BaseAttackTime`, `RangeAttackTime`, `BaseVariance`, `RangeVariance`, `unit_class`, `unit_flags`, `unit_flags2`, `unit_flags3`, `dynamicflags`, `family`, `trainer_class`, `type`, `type_flags`, `type_flags2`, `lootid`, `pickpocketloot`, `skinloot`, `resistance1`, `resistance2`, `resistance3`, `resistance4`, `resistance5`, `resistance6`, `spell1`, `spell2`, `spell3`, `spell4`, `spell5`, `spell6`, `spell7`, `spell8`, `VehicleId`, `mingold`, `maxgold`, `AIName`, `MovementType`, `InhabitType`, `HoverHeight`, `HealthModifier`, `HealthModifierExtra`, `ManaModifier`, `ManaModifierExtra`, `ArmorModifier`, `DamageModifier`, `ExperienceModifier`, `RacialLeader`, `movementId`, `WidgetSetID`, `WidgetSetUnitConditionID`, `RegenHealth`, `mechanic_immune_mask`, `flags_extra`, `ScriptName`, `VerifiedBuild`) values('167182','0','0','0','0','0','Herbert Gloomburst','',NULL,NULL,NULL,'0','1','8','0','0','0','35','2','1','1.14286','1','0','0','0','0','1','1','1','32768','34816','0','0','0','0','7','0','0','0','0','0','0','0','0','0','0','0','0','0','0','0','0','0','0','0','0','0','0','','0','3','1','1','1','1','1','1','1','1','0','0','0','0','1','0','0','','36949');
REPLACE into `creature_template_Addon` (`entry`, `path_id`, `mount`, `bytes1`, `bytes2`, `emote`, `aiAnimKit`, `movementAnimKit`, `meleeAnimKit`, `visibilityDistanceType`, `auras`) values
('167182','0','0','0','1','0','0','0','0','0','305513');
REPLACE into `creature` (`guid`, `id`, `map`, `zoneId`, `areaId`, `spawnDifficulties`, `phaseUseFlags`, `PhaseId`, `PhaseGroup`, `terrainSwapMap`, `modelid`, `equipment_id`, `position_x`, `position_y`, `position_z`, `orientation`, `spawntimesecs`, `spawndist`, `currentwaypoint`, `curhealth`, `curmana`, `MovementType`, `npcflag`, `unit_flags`, `unit_flags2`, `unit_flags3`, `dynamicflags`, `ScriptName`, `VerifiedBuild`) values
('4000000000020870','167182','2175','10424','10528','0','0','179','0','-1','0','0','495.497','-2354.59','160.371','4.54993','300','0','0','27','0','0','0','0','0','0','0','','36839');
REPLACE into `creature_addon` (`guid`, `path_id`, `mount`, `bytes1`, `bytes2`, `emote`, `aiAnimKit`, `movementAnimKit`, `meleeAnimKit`, `visibilityDistanceType`, `auras`) values
('4000000000020870','0','0','0','1','0','0','0','0','0','305513');
REPLACE into `creature_addon` (`guid`, `path_id`, `mount`, `bytes1`, `bytes2`, `emote`, `aiAnimKit`, `movementAnimKit`, `meleeAnimKit`, `visibilityDistanceType`, `auras`) values
('4000000000020871','0','0','0','1','0','0','0','0','0','0');
REPLACE into `creature` (`guid`, `id`, `map`, `zoneId`, `areaId`, `spawnDifficulties`, `phaseUseFlags`, `PhaseId`, `PhaseGroup`, `terrainSwapMap`, `modelid`, `equipment_id`, `position_x`, `position_y`, `position_z`, `orientation`, `spawntimesecs`, `spawndist`, `currentwaypoint`, `curhealth`, `curmana`, `MovementType`, `npcflag`, `unit_flags`, `unit_flags2`, `unit_flags3`, `dynamicflags`, `ScriptName`, `VerifiedBuild`) values
('4000000000020871','167182','2175','10424','10528','0','0','180','0','-1','0','0','393.198','-2442.89','125.82','2.53459','300','0','0','27','0','0','0','0','0','0','0','','0');
REPLACE into `creature` (`guid`, `id`, `map`, `zoneId`, `areaId`, `spawnDifficulties`, `phaseUseFlags`, `PhaseId`, `PhaseGroup`, `terrainSwapMap`, `modelid`, `equipment_id`, `position_x`, `position_y`, `position_z`, `orientation`, `spawntimesecs`, `spawndist`, `currentwaypoint`, `curhealth`, `curmana`, `MovementType`, `npcflag`, `unit_flags`, `unit_flags2`, `unit_flags3`, `dynamicflags`, `ScriptName`, `VerifiedBuild`) values
('4000000000020872','167291','2175','10424','10529','0','0','180','0','-1','0','0','390.708','-2443.54','124.913','0.514544','300','0','0','27','0','0','0','0','0','0','0','','0');
REPLACE into `creature` (`guid`, `id`, `map`, `zoneId`, `areaId`, `spawnDifficulties`, `phaseUseFlags`, `PhaseId`, `PhaseGroup`, `terrainSwapMap`, `modelid`, `equipment_id`, `position_x`, `position_y`, `position_z`, `orientation`, `spawntimesecs`, `spawndist`, `currentwaypoint`, `curhealth`, `curmana`, `MovementType`, `npcflag`, `unit_flags`, `unit_flags2`, `unit_flags3`, `dynamicflags`, `ScriptName`, `VerifiedBuild`) values
('4000000000020873','167290','2175','10424','10529','0','0','180','0','-1','0','0','393.5','-2440.46','125.863','4.00642','300','0','0','27','0','0','0','0','0','0','0','','0');

REPLACE into `gameobject_template` (`entry`, `type`, `displayId`, `name`, `IconName`, `castBarCaption`, `unk1`, `size`, `Data0`, `Data1`, `Data2`, `Data3`, `Data4`, `Data5`, `Data6`, `Data7`, `Data8`, `Data9`, `Data10`, `Data11`, `Data12`, `Data13`, `Data14`, `Data15`, `Data16`, `Data17`, `Data18`, `Data19`, `Data20`, `Data21`, `Data22`, `Data23`, `Data24`, `Data25`, `Data26`, `Data27`, `Data28`, `Data29`, `Data30`, `Data31`, `Data32`, `Data33`, `ContentTuningId`, `AIName`, `ScriptName`, `VerifiedBuild`) values
('350803','10','30315','Harpy Totem','questinteract','Burning','','1','2160','0','0','3000','0','0','0','0','0','0','0','0','0','1','155781','0','0','0','0','0','1','0','0','1','0','0','0','0','0','0','0','0','0','0','955','','','36839');
REPLACE into `gameobject` (`guid`, `id`, `map`, `zoneId`, `areaId`, `spawnDifficulties`, `phaseUseFlags`, `PhaseId`, `PhaseGroup`, `terrainSwapMap`, `position_x`, `position_y`, `position_z`, `orientation`, `rotation0`, `rotation1`, `rotation2`, `rotation3`, `spawntimesecs`, `animprogress`, `state`, `isActive`, `ScriptName`, `VerifiedBuild`) values('4000000002765','350803','2175','10424','10588','0','0','180','0','-1','464.417','-2503.41','146.584','5.79714','-0','-0','-0.240639','0.970615','120','255','1','0','','36839');
REPLACE into `gameobject` (`guid`, `id`, `map`, `zoneId`, `areaId`, `spawnDifficulties`, `phaseUseFlags`, `PhaseId`, `PhaseGroup`, `terrainSwapMap`, `position_x`, `position_y`, `position_z`, `orientation`, `rotation0`, `rotation1`, `rotation2`, `rotation3`, `spawntimesecs`, `animprogress`, `state`, `isActive`, `ScriptName`, `VerifiedBuild`) values('4000000002764','350803','2175','10424','10588','0','0','180','0','-1','426.514','-2486.84','142.212','5.61257','-0','-0','-0.329061','0.944309','120','255','1','0','','36839');
REPLACE into `gameobject` (`guid`, `id`, `map`, `zoneId`, `areaId`, `spawnDifficulties`, `phaseUseFlags`, `PhaseId`, `PhaseGroup`, `terrainSwapMap`, `position_x`, `position_y`, `position_z`, `orientation`, `rotation0`, `rotation1`, `rotation2`, `rotation3`, `spawntimesecs`, `animprogress`, `state`, `isActive`, `ScriptName`, `VerifiedBuild`) values('4000000002768','350803','2175','10424','10588','0','0','180','0','-1','479.899','-2448.01','152.509','3.72604','-0','-0','-0.957605','0.288084','120','255','1','0','','36839');
REPLACE into `gameobject` (`guid`, `id`, `map`, `zoneId`, `areaId`, `spawnDifficulties`, `phaseUseFlags`, `PhaseId`, `PhaseGroup`, `terrainSwapMap`, `position_x`, `position_y`, `position_z`, `orientation`, `rotation0`, `rotation1`, `rotation2`, `rotation3`, `spawntimesecs`, `animprogress`, `state`, `isActive`, `ScriptName`, `VerifiedBuild`) values('4000000002767','350803','2175','10424','10588','0','0','180','0','-1','555.686','-2516.72','154.095','0.472922','-0','-0','-0.234264','-0.972173','120','255','1','0','','36839');
REPLACE into `gameobject` (`guid`, `id`, `map`, `zoneId`, `areaId`, `spawnDifficulties`, `phaseUseFlags`, `PhaseId`, `PhaseGroup`, `terrainSwapMap`, `position_x`, `position_y`, `position_z`, `orientation`, `rotation0`, `rotation1`, `rotation2`, `rotation3`, `spawntimesecs`, `animprogress`, `state`, `isActive`, `ScriptName`, `VerifiedBuild`) values('4000000002766','350803','2175','10424','10588','0','0','180','0','-1','497.332','-2591.88','155.408','5.13112','-0','-0','-0.544702','0.83863','120','255','1','0','','36839');
REPLACE INTO quest_template_addon VALUES (59947,0,0,0,0,59948,0,0,0,0,0,0,0,0,0,0,0,'');
REPLACE INTO quest_template_addon VALUES (59948,0,0,0,0,59949,0,0,0,0,0,0,0,0,0,0,0,'');
REPLACE INTO quest_template_addon VALUES (59949,0,0,0,0,59950,0,0,0,0,0,0,0,0,0,0,0,'');
REPLACE into `creature` (`guid`, `id`, `map`, `zoneId`, `areaId`, `spawnDifficulties`, `phaseUseFlags`, `PhaseId`, `PhaseGroup`, `terrainSwapMap`, `modelid`, `equipment_id`, `position_x`, `position_y`, `position_z`, `orientation`, `spawntimesecs`, `spawndist`, `currentwaypoint`, `curhealth`, `curmana`, `MovementType`, `npcflag`, `unit_flags`, `unit_flags2`, `unit_flags3`, `dynamicflags`, `ScriptName`, `VerifiedBuild`) values
('4000000000020876','167212','2175','10424','10529','0','0','181','0','-1','0','0','187.274','-2279.67','81.8477','3.825','300','0','0','27','0','0','0','0','0','0','0','','0');
update creature_template set minlevel=1,maxlevel=7,spell1=317561,spell2=317559 where entry=167212;

REPLACE into `creature` (`guid`, `id`, `map`, `zoneId`, `areaId`, `spawnDifficulties`, `phaseUseFlags`, `PhaseId`, `PhaseGroup`, `terrainSwapMap`, `modelid`, `equipment_id`, `position_x`, `position_y`, `position_z`, `orientation`, `spawntimesecs`, `spawndist`, `currentwaypoint`, `curhealth`, `curmana`, `MovementType`, `npcflag`, `unit_flags`, `unit_flags2`, `unit_flags3`, `dynamicflags`, `ScriptName`, `VerifiedBuild`) values
('4000000000020879','167221','2175','10424','10529','0','0','181','0','-1','0','0','159.739','-2307.37','84.2736','2.82519','300','0','0','27','0','0','0','0','0','0','0','','0');
update creature_template set minlevel=6,maxlevel=6 where entry=167221;
REPLACE into `creature` (`guid`, `id`, `map`, `zoneId`, `areaId`, `spawnDifficulties`, `phaseUseFlags`, `PhaseId`, `PhaseGroup`, `terrainSwapMap`, `modelid`, `equipment_id`, `position_x`, `position_y`, `position_z`, `orientation`, `spawntimesecs`, `spawndist`, `currentwaypoint`, `curhealth`, `curmana`, `MovementType`, `npcflag`, `unit_flags`, `unit_flags2`, `unit_flags3`, `dynamicflags`, `ScriptName`, `VerifiedBuild`) values
('4000000000020882','167225','2175','10424','10527','0','0','182','0','-1','0','0','92.5689','-2247.07','94.5228','2.34217','300','0','0','124','0','0','0','0','0','0','0','','0');
update creature_template set minlevel=6,maxlevel=7 where entry=167225;
REPLACE into `creature` (`guid`, `id`, `map`, `zoneId`, `areaId`, `spawnDifficulties`, `phaseUseFlags`, `PhaseId`, `PhaseGroup`, `terrainSwapMap`, `modelid`, `equipment_id`, `position_x`, `position_y`, `position_z`, `orientation`, `spawntimesecs`, `spawndist`, `currentwaypoint`, `curhealth`, `curmana`, `MovementType`, `npcflag`, `unit_flags`, `unit_flags2`, `unit_flags3`, `dynamicflags`, `ScriptName`, `VerifiedBuild`) values
('4000000000020885','167222','2175','10424','10527','0','0','182','0','-1','0','0','89.7952','-2249.58','94.7467','1.97146','300','0','0','27','0','0','0','0','0','0','0','','0');
REPLACE into `gameobject_template` (`entry`, `type`, `displayId`, `name`, `IconName`, `castBarCaption`, `unk1`, `size`, `Data0`, `Data1`, `Data2`, `Data3`, `Data4`, `Data5`, `Data6`, `Data7`, `Data8`, `Data9`, `Data10`, `Data11`, `Data12`, `Data13`, `Data14`, `Data15`, `Data16`, `Data17`, `Data18`, `Data19`, `Data20`, `Data21`, `Data22`, `Data23`, `Data24`, `Data25`, `Data26`, `Data27`, `Data28`, `Data29`, `Data30`, `Data31`, `Data32`, `Data33`, `ContentTuningId`, `AIName`, `ScriptName`, `VerifiedBuild`) values
('350796','10','10461','Thick Cocoon','questinteract','Releasing','','1','3196','0','0','1','0','0','0','0','0','0','313324','0','0','0','46504','0','0','0','0','0','1','0','0','1','0','0','0','0','0','0','0','0','0','0','955','','','36839');
REPLACE into `gameobject` (`guid`, `id`, `map`, `zoneId`, `areaId`, `spawnDifficulties`, `phaseUseFlags`, `PhaseId`, `PhaseGroup`, `terrainSwapMap`, `position_x`, `position_y`, `position_z`, `orientation`, `rotation0`, `rotation1`, `rotation2`, `rotation3`, `spawntimesecs`, `animprogress`, `state`, `isActive`, `ScriptName`, `VerifiedBuild`) values('4000000002788','350796','2175','10424','10527','0','0','183','0','-1','124.491','-2241.21','-5.54563','0.401442','-0','-0','-0.199376','-0.979923','300','255','1','0','','0');
REPLACE into `gameobject` (`guid`, `id`, `map`, `zoneId`, `areaId`, `spawnDifficulties`, `phaseUseFlags`, `PhaseId`, `PhaseGroup`, `terrainSwapMap`, `position_x`, `position_y`, `position_z`, `orientation`, `rotation0`, `rotation1`, `rotation2`, `rotation3`, `spawntimesecs`, `animprogress`, `state`, `isActive`, `ScriptName`, `VerifiedBuild`) values('4000000002787','350796','2175','10424','10527','0','0','183','0','-1','62.0743','-2278.53','0.137424','4.99524','-0','-0','-0.600377','0.799717','300','255','1','0','','0');
REPLACE into `gameobject` (`guid`, `id`, `map`, `zoneId`, `areaId`, `spawnDifficulties`, `phaseUseFlags`, `PhaseId`, `PhaseGroup`, `terrainSwapMap`, `position_x`, `position_y`, `position_z`, `orientation`, `rotation0`, `rotation1`, `rotation2`, `rotation3`, `spawntimesecs`, `animprogress`, `state`, `isActive`, `ScriptName`, `VerifiedBuild`) values('4000000002786','350796','2175','10424','10527','0','0','183','0','-1','38.4358','-2196.42','17.7072','5.41072','-0','-0','-0.42253','0.906349','300','255','1','0','','0');
REPLACE into `gameobject` (`guid`, `id`, `map`, `zoneId`, `areaId`, `spawnDifficulties`, `phaseUseFlags`, `PhaseId`, `PhaseGroup`, `terrainSwapMap`, `position_x`, `position_y`, `position_z`, `orientation`, `rotation0`, `rotation1`, `rotation2`, `rotation3`, `spawntimesecs`, `animprogress`, `state`, `isActive`, `ScriptName`, `VerifiedBuild`) values('4000000002785','350796','2175','10424','10527','0','0','183','0','-1','110.697','-2221.34','33.6502','0.0692244','-0','-0','-0.034605','-0.999401','300','255','1','0','','0');
REPLACE into `gameobject` (`guid`, `id`, `map`, `zoneId`, `areaId`, `spawnDifficulties`, `phaseUseFlags`, `PhaseId`, `PhaseGroup`, `terrainSwapMap`, `position_x`, `position_y`, `position_z`, `orientation`, `rotation0`, `rotation1`, `rotation2`, `rotation3`, `spawntimesecs`, `animprogress`, `state`, `isActive`, `ScriptName`, `VerifiedBuild`) values('4000000002784','350796','2175','10424','10527','0','0','183','0','-1','82.5457','-2281.57','59.5444','0.914311','-0','-0','-0.441397','-0.897312','300','255','1','0','','0');
REPLACE into `creature` (`guid`, `id`, `map`, `zoneId`, `areaId`, `spawnDifficulties`, `phaseUseFlags`, `PhaseId`, `PhaseGroup`, `terrainSwapMap`, `modelid`, `equipment_id`, `position_x`, `position_y`, `position_z`, `orientation`, `spawntimesecs`, `spawndist`, `currentwaypoint`, `curhealth`, `curmana`, `MovementType`, `npcflag`, `unit_flags`, `unit_flags2`, `unit_flags3`, `dynamicflags`, `ScriptName`, `VerifiedBuild`) values
('4000000000020888','156900','2175','10424','10527','0','0','183','0','-1','0','0','69.8605','-2121.95','-30.2038','5.19394','300','0','0','68','0','0','0','0','0','0','0','','0');

REPLACE into `creature_template_addon` (`entry`, `path_id`, `mount`, `bytes1`, `bytes2`, `emote`, `aiAnimKit`, `movementAnimKit`, `meleeAnimKit`, `visibilityDistanceType`, `auras`) values
('167250','0','0','0','1','0','0','0','0','0','305513');
REPLACE into `creature` (`guid`, `id`, `map`, `zoneId`, `areaId`, `spawnDifficulties`, `phaseUseFlags`, `PhaseId`, `PhaseGroup`, `terrainSwapMap`, `modelid`, `equipment_id`, `position_x`, `position_y`, `position_z`, `orientation`, `spawntimesecs`, `spawndist`, `currentwaypoint`, `curhealth`, `curmana`, `MovementType`, `npcflag`, `unit_flags`, `unit_flags2`, `unit_flags3`, `dynamicflags`, `ScriptName`, `VerifiedBuild`) values
('4000000000020890','167250','2175','10424','10527','0','0','183','0','-1','0','0','73.7273','-2129.58','-30.0206','2.19765','300','0','0','27','0','0','0','0','0','0','0','','36839');
REPLACE into `creature_template` (`entry`, `difficulty_entry_1`, `difficulty_entry_2`, `difficulty_entry_3`, `KillCredit1`, `KillCredit2`, `name`, `femaleName`, `subname`, `TitleAlt`, `IconName`, `gossip_menu_id`, `minlevel`, `maxlevel`, `HealthScalingExpansion`, `RequiredExpansion`, `VignetteID`, `faction`, `npcflag`, `speed_walk`, `speed_run`, `scale`, `rank`, `dmgschool`, `BaseAttackTime`, `RangeAttackTime`, `BaseVariance`, `RangeVariance`, `unit_class`, `unit_flags`, `unit_flags2`, `unit_flags3`, `dynamicflags`, `family`, `trainer_class`, `type`, `type_flags`, `type_flags2`, `lootid`, `pickpocketloot`, `skinloot`, `resistance1`, `resistance2`, `resistance3`, `resistance4`, `resistance5`, `resistance6`, `spell1`, `spell2`, `spell3`, `spell4`, `spell5`, `spell6`, `spell7`, `spell8`, `VehicleId`, `mingold`, `maxgold`, `AIName`, `MovementType`, `InhabitType`, `HoverHeight`, `HealthModifier`, `HealthModifierExtra`, `ManaModifier`, `ManaModifierExtra`, `ArmorModifier`, `DamageModifier`, `ExperienceModifier`, `RacialLeader`, `movementId`, `WidgetSetID`, `WidgetSetUnitConditionID`, `RegenHealth`, `mechanic_immune_mask`, `flags_extra`, `ScriptName`, `VerifiedBuild`) values
('167254','0','0','0','0','0','Crenna Earth-Daughter','',NULL,NULL,'vehichlecursor','0','1','10','0','0','0','2361','16777216','3','3','1','0','0','0','0','1','1','8','32768','2048','0','0','0','0','7','0','0','0','0','0','0','0','0','0','0','0','52268','0','0','0','0','0','0','0','123','0','0','','0','3','1','1','1','1','1','1','1','1','0','0','0','0','1','0','0','npc_crenna_earth_daughter','36949');
UPDATE creature_template SET inhabittype=7 WHERE entry=167254;
REPLACE into `creature` (`guid`, `id`, `map`, `zoneId`, `areaId`, `spawnDifficulties`, `phaseUseFlags`, `PhaseId`, `PhaseGroup`, `terrainSwapMap`, `modelid`, `equipment_id`, `position_x`, `position_y`, `position_z`, `orientation`, `spawntimesecs`, `spawndist`, `currentwaypoint`, `curhealth`, `curmana`, `MovementType`, `npcflag`, `unit_flags`, `unit_flags2`, `unit_flags3`, `dynamicflags`, `ScriptName`, `VerifiedBuild`) values
('4000000000020893','167212','2175','10424','10529','0','0','184','0','-1','0','0','187.439','-2279.52','81.8458','3.9797','300','0','0','75','0','0','0','0','0','0','0','','0');
REPLACE into `creature` (`guid`, `id`, `map`, `zoneId`, `areaId`, `spawnDifficulties`, `phaseUseFlags`, `PhaseId`, `PhaseGroup`, `terrainSwapMap`, `modelid`, `equipment_id`, `position_x`, `position_y`, `position_z`, `orientation`, `spawntimesecs`, `spawndist`, `currentwaypoint`, `curhealth`, `curmana`, `MovementType`, `npcflag`, `unit_flags`, `unit_flags2`, `unit_flags3`, `dynamicflags`, `ScriptName`, `VerifiedBuild`) values
('4000000000020896','167213','2175','10424','10588','0','0','184','0','-1','0','0','186.754','-2284.63','81.8238','3.1621','300','0','0','87','0','0','0','0','0','0','0','','0');
REPLACE into `creature_addon` (`guid`, `path_id`, `mount`, `bytes1`, `bytes2`, `emote`, `aiAnimKit`, `movementAnimKit`, `meleeAnimKit`, `visibilityDistanceType`, `auras`) values
('4000000000020896','0','0','0','0','0','0','0','0','0','');
UPDATE creature_template SET npcflag=128 WHERE entry=167213;
REPLACE into `creature` (`guid`, `id`, `map`, `zoneId`, `areaId`, `spawnDifficulties`, `phaseUseFlags`, `PhaseId`, `PhaseGroup`, `terrainSwapMap`, `modelid`, `equipment_id`, `position_x`, `position_y`, `position_z`, `orientation`, `spawntimesecs`, `spawndist`, `currentwaypoint`, `curhealth`, `curmana`, `MovementType`, `npcflag`, `unit_flags`, `unit_flags2`, `unit_flags3`, `dynamicflags`, `ScriptName`, `VerifiedBuild`) values
('4000000000020897','167212','2175','10424','10529','0','0','184','0','-1','0','0','187.439','-2279.52','81.8458','3.9797','300','0','0','75','0','0','0','0','0','0','0','','0');
REPLACE into `creature_template` (`entry`, `difficulty_entry_1`, `difficulty_entry_2`, `difficulty_entry_3`, `KillCredit1`, `KillCredit2`, `name`, `femaleName`, `subname`, `TitleAlt`, `IconName`, `gossip_menu_id`, `minlevel`, `maxlevel`, `HealthScalingExpansion`, `RequiredExpansion`, `VignetteID`, `faction`, `npcflag`, `speed_walk`, `speed_run`, `scale`, `rank`, `dmgschool`, `BaseAttackTime`, `RangeAttackTime`, `BaseVariance`, `RangeVariance`, `unit_class`, `unit_flags`, `unit_flags2`, `unit_flags3`, `dynamicflags`, `family`, `trainer_class`, `type`, `type_flags`, `type_flags2`, `lootid`, `pickpocketloot`, `skinloot`, `resistance1`, `resistance2`, `resistance3`, `resistance4`, `resistance5`, `resistance6`, `spell1`, `spell2`, `spell3`, `spell4`, `spell5`, `spell6`, `spell7`, `spell8`, `VehicleId`, `mingold`, `maxgold`, `AIName`, `MovementType`, `InhabitType`, `HoverHeight`, `HealthModifier`, `HealthModifierExtra`, `ManaModifier`, `ManaModifierExtra`, `ArmorModifier`, `DamageModifier`, `ExperienceModifier`, `RacialLeader`, `movementId`, `WidgetSetID`, `WidgetSetUnitConditionID`, `RegenHealth`, `mechanic_immune_mask`, `flags_extra`, `ScriptName`, `VerifiedBuild`) values
('167213','0','0','0','0','0','Provisioner Jinhake','','Supplies',NULL,NULL,'0','5','8','0','0','0','35','641','1','1.14286','1','0','0','0','0','1','1','1','0','2048','16','0','0','0','7','0','0','0','0','0','0','0','0','0','0','0','0','0','0','0','0','0','0','0','0','0','0','','0','3','1','1','1','1','1','1','1','1','0','0','0','0','1','0','0','','36949');
REPLACE INTO quest_template_addon VALUES (59950,0,0,0,0,59975,0,0,0,0,0,0,0,0,0,0,0,'');
REPLACE into `npc_vendor` (`entry`, `slot`, `item`, `maxcount`, `incrtime`, `ExtendedCost`, `OverrideGoldCost`, `type`, `BonusListIDs`, `PlayerConditionID`, `IgnoreFiltering`, `VerifiedBuild`) values
('167213','1','117','0','0','0','-1','1',NULL,'0','0','36839');
REPLACE into `npc_vendor` (`entry`, `slot`, `item`, `maxcount`, `incrtime`, `ExtendedCost`, `OverrideGoldCost`, `type`, `BonusListIDs`, `PlayerConditionID`, `IgnoreFiltering`, `VerifiedBuild`) values
('167213','2','178120','0','0','0','-1','1',NULL,'0','0','36839');

DELETE FROM conditions WHERE sourcegroup=170 AND sourceentry=0 AND conditiontypeorreference=28;
replace into `spell_area` (`spell`, `area`, `quest_start`, `quest_end`, `aura_spell`, `teamId`, `racemask`, `gender`, `flags`, `quest_start_status`, `quest_end_status`) values('59073','4755','14099','14159','0','-1','0','2','1','66','43');
replace into `spell_area` (`spell`, `area`, `quest_start`, `quest_end`, `aura_spell`, `teamId`, `racemask`, `gender`, `flags`, `quest_start_status`, `quest_end_status`) values('72872','4755','14293','14221','0','-1','0','2','1','64','43');
replace into `spell_area` (`spell`, `area`, `quest_start`, `quest_end`, `aura_spell`, `teamId`, `racemask`, `gender`, `flags`, `quest_start_status`, `quest_end_status`) values('69485','4755','24676','24902','0','-1','0','2','3','66','64');
replace into `spell_area` (`spell`, `area`, `quest_start`, `quest_end`, `aura_spell`, `teamId`, `racemask`, `gender`, `flags`, `quest_start_status`, `quest_end_status`) values('69486','4755','24902','24680','0','-1','0','2','3','64','74');
replace into `spell_area` (`spell`, `area`, `quest_start`, `quest_end`, `aura_spell`, `teamId`, `racemask`, `gender`, `flags`, `quest_start_status`, `quest_end_status`) values('70695','4755','24680','14434','0','-1','0','2','3','66','64');
replace into `spell_area` (`spell`, `area`, `quest_start`, `quest_end`, `aura_spell`, `teamId`, `racemask`, `gender`, `flags`, `quest_start_status`, `quest_end_status`) values('59073','4756','14078','14159','0','-1','0','2','1','64','43');
replace into `spell_area` (`spell`, `area`, `quest_start`, `quest_end`, `aura_spell`, `teamId`, `racemask`, `gender`, `flags`, `quest_start_status`, `quest_end_status`) values('49416','4756','14078','14099','0','-1','0','2','1','64','41');
replace into `spell_area` (`spell`, `area`, `quest_start`, `quest_end`, `aura_spell`, `teamId`, `racemask`, `gender`, `flags`, `quest_start_status`, `quest_end_status`) values('69484','4756','14467','24676','0','-1','0','2','3','64','64');
UPDATE creature SET phaseid=171 WHERE areaid=4756 AND phaseid=170;

UPDATE quest_objectives SET TYPE=1,objectid=178120 WHERE questid=59950 AND `order`=0;
UPDATE quest_objectives SET TYPE=1,objectid=117,amount=0 WHERE questid=59950 AND `order`=1;
replace into `creature` (`guid`, `id`, `map`, `zoneId`, `areaId`, `spawnDifficulties`, `phaseUseFlags`, `PhaseId`, `PhaseGroup`, `terrainSwapMap`, `modelid`, `equipment_id`, `position_x`, `position_y`, `position_z`, `orientation`, `spawntimesecs`, `spawndist`, `currentwaypoint`, `curhealth`, `curmana`, `MovementType`, `npcflag`, `unit_flags`, `unit_flags2`, `unit_flags3`, `dynamicflags`, `ScriptName`, `VerifiedBuild`) values
('4000000000020901','167307','2175','10424','10568','0','0','185','0','-1','0','0','318.656','-2174.34','106.024','1.49312','300','0','0','27','0','0','0','0','0','0','0','','0');
replace into `creature` (`guid`, `id`, `map`, `zoneId`, `areaId`, `spawnDifficulties`, `phaseUseFlags`, `PhaseId`, `PhaseGroup`, `terrainSwapMap`, `modelid`, `equipment_id`, `position_x`, `position_y`, `position_z`, `orientation`, `spawntimesecs`, `spawndist`, `currentwaypoint`, `curhealth`, `curmana`, `MovementType`, `npcflag`, `unit_flags`, `unit_flags2`, `unit_flags3`, `dynamicflags`, `ScriptName`, `VerifiedBuild`) values
('4000000000020900','167596','2175','10424','10568','0','0','185','0','-1','0','0','323.054','-2176.33','106.281','1.58108','300','0','0','27','0','0','0','0','0','0','0','','0');

REPLACE INTO quest_template_addon VALUES (59975,0,0,0,0,59978,0,0,0,0,0,0,0,0,0,0,0,'');
REPLACE INTO quest_template_addon VALUES (59981,0,0,0,0,59984,0,0,0,0,0,0,0,0,0,0,0,'');
REPLACE INTO quest_template_addon VALUES (59984,0,0,0,0,59985,0,0,0,0,0,0,0,0,0,0,0,'');
REPLACE INTO quest_template_addon VALUES (59985,0,0,0,0,60343,0,0,0,0,0,0,0,0,0,0,0,'');

replace into `creature` (`guid`, `id`, `map`, `zoneId`, `areaId`, `spawnDifficulties`, `phaseUseFlags`, `PhaseId`, `PhaseGroup`, `terrainSwapMap`, `modelid`, `equipment_id`, `position_x`, `position_y`, `position_z`, `orientation`, `spawntimesecs`, `spawndist`, `currentwaypoint`, `curhealth`, `curmana`, `MovementType`, `npcflag`, `unit_flags`, `unit_flags2`, `unit_flags3`, `dynamicflags`, `ScriptName`, `VerifiedBuild`) values
('4000000000020904','167598','2175','10424','10568','0','0','185','0','-1','0','0','316.47','-2173.8930','105.81','1.26','300','0','0','27','0','0','0','0','0','0','0','','0');
UPDATE creature_template SET gossip_menu_id=24550,npcflag=3 WHERE entry IN (156943,167598);
UPDATE gossip_menu_option SET optiontype=1,optionnpcflag=1 WHERE menuid=24550;

UPDATE creature_template SET scriptname='npc_herbert' WHERE entry=167598;
UPDATE creature_template SET AIName='' WHERE entry=156943;
replace into `smart_scripts` (`entryorguid`, `source_type`, `id`, `link`, `event_type`, `event_phase_mask`, `event_chance`, `event_flags`, `event_param1`, `event_param2`, `event_param3`, `event_param4`, `event_param5`, `event_param_string`, `action_type`, `action_param1`, `action_param2`, `action_param3`, `action_param4`, `action_param5`, `action_param6`, `target_type`, `target_param1`, `target_param2`, `target_param3`, `target_x`, `target_y`, `target_z`, `target_o`, `comment`) values
('156943','0','0','0','62','0','100','0','24550','0','0','0','0','','33','156943','0','0','0','0','0','7','0','0','0','0','0','0','0','on gossip select - killcredit'),
('156943','0','1','0','62','0','100','0','24550','0','0','0','0','','11','298241','0','0','0','0','0','18','20','0','0','0','0','0','0','on gossip select - tranform into an ogre');
replace into `creature` (`guid`, `id`, `map`, `zoneId`, `areaId`, `spawnDifficulties`, `phaseUseFlags`, `PhaseId`, `PhaseGroup`, `terrainSwapMap`, `modelid`, `equipment_id`, `position_x`, `position_y`, `position_z`, `orientation`, `spawntimesecs`, `spawndist`, `currentwaypoint`, `curhealth`, `curmana`, `MovementType`, `npcflag`, `unit_flags`, `unit_flags2`, `unit_flags3`, `dynamicflags`, `ScriptName`, `VerifiedBuild`) values
('4000000000020910','153580','2175','10424','10530','0','0','12940','0','-1','0','0','587.183','-2063.64','159.534','2.8927','300','0','0','218','0','0','0','0','0','0','0','','0');


-- UPDATE quest_objectives SET TYPE=0,amount=1 WHERE questid=59978 AND TYPE=19;
-- replace into `creature` (`guid`, `id`, `map`, `zoneId`, `areaId`, `spawnDifficulties`, `phaseUseFlags`, `PhaseId`, `PhaseGroup`, `terrainSwapMap`, `modelid`, `equipment_id`, `position_x`, `position_y`, `position_z`, `orientation`, `spawntimesecs`, `spawndist`, `currentwaypoint`, `curhealth`, `curmana`, `MovementType`, `npcflag`, `unit_flags`, `unit_flags2`, `unit_flags3`, `dynamicflags`, `ScriptName`, `VerifiedBuild`) values
-- ('4000000000020907','90493','2175','10424','10530','0','0','185','0','-1','0','0','428.9','-2061.46','130.86','0.424195','300','0','0','27','0','0','0','33554432','0','0','0','','0');
-- UPDATE creature_template SET AIName='SmartAI' WHERE entry=90493;
-- replace into `smart_scripts` (`entryorguid`, `source_type`, `id`, `link`, `event_type`, `event_phase_mask`, `event_chance`, `event_flags`, `event_param1`, `event_param2`, `event_param3`, `event_param4`, `event_param5`, `event_param_string`, `action_type`, `action_param1`, `action_param2`, `action_param3`, `action_param4`, `action_param5`, `action_param6`, `target_type`, `target_param1`, `target_param2`, `target_param3`, `target_x`, `target_y`, `target_z`, `target_o`, `comment`) values
-- ('90493','0','0','0','10','0','100','0','25','25','0','0','0','','33','16996','0','0','0','0','0','18','20','0','0','0','0','0','0','on player near - killcredit');
-- update creature_template set flags_extra=128,AIName='SmartAI' where entry=46462;
-- replace into `creature` (`guid`, `id`, `map`, `zoneId`, `areaId`, `spawnDifficulties`, `phaseUseFlags`, `PhaseId`, `PhaseGroup`, `terrainSwapMap`, `modelid`, `equipment_id`, `position_x`, `position_y`, `position_z`, `orientation`, `spawntimesecs`, `spawndist`, `currentwaypoint`, `curhealth`, `curmana`, `MovementType`, `npcflag`, `unit_flags`, `unit_flags2`, `unit_flags3`, `dynamicflags`, `ScriptName`, `VerifiedBuild`) values
-- ('4000000000020911','46462','2175','10424','10530','0','0','185','0','-1','0','0','579.833','-2062.05','159.548','6.0712','300','0','0','6182','0','0','0','0','0','0','0','','0');
-- replace into `smart_scripts` (`entryorguid`, `source_type`, `id`, `link`, `event_type`, `event_phase_mask`, `event_chance`, `event_flags`, `event_param1`, `event_param2`, `event_param3`, `event_param4`, `event_param5`, `event_param_string`, `action_type`, `action_param1`, `action_param2`, `action_param3`, `action_param4`, `action_param5`, `action_param6`, `target_type`, `target_param1`, `target_param2`, `target_param3`, `target_x`, `target_y`, `target_z`, `target_o`, `comment`) values
-- ('46462','0','0','0','10','0','100','0','25','25','0','0','0','','33','17000','0','0','0','0','0','18','20','0','0','0','0','0','0','on player near - killcredit');
-- replace into `creature` (`guid`, `id`, `map`, `zoneId`, `areaId`, `spawnDifficulties`, `phaseUseFlags`, `PhaseId`, `PhaseGroup`, `terrainSwapMap`, `modelid`, `equipment_id`, `position_x`, `position_y`, `position_z`, `orientation`, `spawntimesecs`, `spawndist`, `currentwaypoint`, `curhealth`, `curmana`, `MovementType`, `npcflag`, `unit_flags`, `unit_flags2`, `unit_flags3`, `dynamicflags`, `ScriptName`, `VerifiedBuild`) values
-- ('4000000000020912','40931','2175','10424','10530','0','0','185','0','-1','0','0','691.24','-1906.6','186.574','1.12398','300','0','0','6182','0','0','0','0','0','0','0','','0');
-- update creature_template set flags_extra=128,AIName='SmartAI' where entry=40931;
-- replace into `smart_scripts` (`entryorguid`, `source_type`, `id`, `link`, `event_type`, `event_phase_mask`, `event_chance`, `event_flags`, `event_param1`, `event_param2`, `event_param3`, `event_param4`, `event_param5`, `event_param_string`, `action_type`, `action_param1`, `action_param2`, `action_param3`, `action_param4`, `action_param5`, `action_param6`, `target_type`, `target_param1`, `target_param2`, `target_param3`, `target_x`, `target_y`, `target_z`, `target_o`, `comment`) values
-- ('40931','0','0','0','10','0','100','0','25','25','0','0','0','','33','16893','0','0','0','0','0','18','20','0','0','0','0','0','0','on player near - killcredit');

replace into `creature_template_addon` (`entry`, `path_id`, `mount`, `bytes1`, `bytes2`, `emote`, `aiAnimKit`, `movementAnimKit`, `meleeAnimKit`, `visibilityDistanceType`, `auras`) values
('167646','0','0','0','1','0','0','0','0','0','305513');
replace into `creature` (`guid`, `id`, `map`, `zoneId`, `areaId`, `spawnDifficulties`, `phaseUseFlags`, `PhaseId`, `PhaseGroup`, `terrainSwapMap`, `modelid`, `equipment_id`, `position_x`, `position_y`, `position_z`, `orientation`, `spawntimesecs`, `spawndist`, `currentwaypoint`, `curhealth`, `curmana`, `MovementType`, `npcflag`, `unit_flags`, `unit_flags2`, `unit_flags3`, `dynamicflags`, `ScriptName`, `VerifiedBuild`) values
('4000000000020913','167646','2175','10424','10530','0','0','185','0','-1','0','0','708.256','-1868.44','186.883','4.24437','300','0','0','27','0','0','0','0','0','0','0','','0');
replace into `creature_addon` (`guid`, `path_id`, `mount`, `bytes1`, `bytes2`, `emote`, `aiAnimKit`, `movementAnimKit`, `meleeAnimKit`, `visibilityDistanceType`, `auras`) values
('4000000000020913','0','0','0','1','0','0','0','0','0','305513');
replace into `creature` (`guid`, `id`, `map`, `zoneId`, `areaId`, `spawnDifficulties`, `phaseUseFlags`, `PhaseId`, `PhaseGroup`, `terrainSwapMap`, `modelid`, `equipment_id`, `position_x`, `position_y`, `position_z`, `orientation`, `spawntimesecs`, `spawndist`, `currentwaypoint`, `curhealth`, `curmana`, `MovementType`, `npcflag`, `unit_flags`, `unit_flags2`, `unit_flags3`, `dynamicflags`, `ScriptName`, `VerifiedBuild`) values
('4000000000020914','167633','2175','10424','10530','0','0','185','0','-1','0','0','703.778','-1876.95','186.883','1.09492','300','0','0','27','0','0','0','0','0','0','0','','0');

replace into `creature` (`guid`, `id`, `map`, `zoneId`, `areaId`, `spawnDifficulties`, `phaseUseFlags`, `PhaseId`, `PhaseGroup`, `terrainSwapMap`, `modelid`, `equipment_id`, `position_x`, `position_y`, `position_z`, `orientation`, `spawntimesecs`, `spawndist`, `currentwaypoint`, `curhealth`, `curmana`, `MovementType`, `npcflag`, `unit_flags`, `unit_flags2`, `unit_flags3`, `dynamicflags`, `ScriptName`, `VerifiedBuild`) values
('4000000000020915','167632','2175','10424','10530','0','0','185','0','-1','0','0','701.351','-1877.23','186.883','0.988109','300','0','0','27','0','0','0','0','0','0','0','','0');
replace into `creature` (`guid`, `id`, `map`, `zoneId`, `areaId`, `spawnDifficulties`, `phaseUseFlags`, `PhaseId`, `PhaseGroup`, `terrainSwapMap`, `modelid`, `equipment_id`, `position_x`, `position_y`, `position_z`, `orientation`, `spawntimesecs`, `spawndist`, `currentwaypoint`, `curhealth`, `curmana`, `MovementType`, `npcflag`, `unit_flags`, `unit_flags2`, `unit_flags3`, `dynamicflags`, `ScriptName`, `VerifiedBuild`) values
('4000000000020916','167631','2175','10424','10530','0','0','185','0','-1','0','0','703.992','-1878.98','186.883','0.984968','300','0','0','124','0','0','0','0','0','0','0','','0');

replace into `gameobject_Template` (`entry`, `type`, `displayId`, `name`, `IconName`, `castBarCaption`, `unk1`, `size`, `Data0`, `Data1`, `Data2`, `Data3`, `Data4`, `Data5`, `Data6`, `Data7`, `Data8`, `Data9`, `Data10`, `Data11`, `Data12`, `Data13`, `Data14`, `Data15`, `Data16`, `Data17`, `Data18`, `Data19`, `Data20`, `Data21`, `Data22`, `Data23`, `Data24`, `Data25`, `Data26`, `Data27`, `Data28`, `Data29`, `Data30`, `Data31`, `Data32`, `Data33`, `ContentTuningId`, `AIName`, `ScriptName`, `VerifiedBuild`) values
('351477','10','14627','Catapult','questinteract','Preparing','','1','2173','0','0','1','0','0','0','0','0','0','0','0','0','1','35196','0','0','0','0','0','1','0','0','1','0','0','0','0','0','0','0','0','0','0','956','','','36839');
replace into `gameobject` (`guid`, `id`, `map`, `zoneId`, `areaId`, `spawnDifficulties`, `phaseUseFlags`, `PhaseId`, `PhaseGroup`, `terrainSwapMap`, `position_x`, `position_y`, `position_z`, `orientation`, `rotation0`, `rotation1`, `rotation2`, `rotation3`, `spawntimesecs`, `animprogress`, `state`, `isActive`, `ScriptName`, `VerifiedBuild`) values('4000000002807','351477','2175','10424','10568','0','0','186','0','-1','594.876','-2107.99','160.986','1.14988','-0','-0','-0.543782','-0.839226','300','255','1','0','','0');
replace into `gameobject` (`guid`, `id`, `map`, `zoneId`, `areaId`, `spawnDifficulties`, `phaseUseFlags`, `PhaseId`, `PhaseGroup`, `terrainSwapMap`, `position_x`, `position_y`, `position_z`, `orientation`, `rotation0`, `rotation1`, `rotation2`, `rotation3`, `spawntimesecs`, `animprogress`, `state`, `isActive`, `ScriptName`, `VerifiedBuild`) values('4000000002806','351477','2175','10424','10568','0','0','186','0','-1','553.099','-2085.75','160.042','0.884413','-0','-0','-0.427935','-0.90381','300','255','1','0','','0');
replace into `gameobject` (`guid`, `id`, `map`, `zoneId`, `areaId`, `spawnDifficulties`, `phaseUseFlags`, `PhaseId`, `PhaseGroup`, `terrainSwapMap`, `position_x`, `position_y`, `position_z`, `orientation`, `rotation0`, `rotation1`, `rotation2`, `rotation3`, `spawntimesecs`, `animprogress`, `state`, `isActive`, `ScriptName`, `VerifiedBuild`) values('4000000002805','351477','2175','10424','10568','0','0','186','0','-1','469.63','-2014.07','144.221','0.133569','-0','-0','-0.0667351','-0.997771','300','255','1','0','','0');
replace into `gameobject` (`guid`, `id`, `map`, `zoneId`, `areaId`, `spawnDifficulties`, `phaseUseFlags`, `PhaseId`, `PhaseGroup`, `terrainSwapMap`, `position_x`, `position_y`, `position_z`, `orientation`, `rotation0`, `rotation1`, `rotation2`, `rotation3`, `spawntimesecs`, `animprogress`, `state`, `isActive`, `ScriptName`, `VerifiedBuild`) values('4000000002804','351477','2175','10424','10568','0','0','186','0','-1','487.826','-2040.05','144.333','0.806659','-0','-0','-0.392483','-0.919759','300','255','1','0','','0');


replace into `creature` (`guid`, `id`, `map`, `zoneId`, `areaId`, `spawnDifficulties`, `phaseUseFlags`, `PhaseId`, `PhaseGroup`, `terrainSwapMap`, `modelid`, `equipment_id`, `position_x`, `position_y`, `position_z`, `orientation`, `spawntimesecs`, `spawndist`, `currentwaypoint`, `curhealth`, `curmana`, `MovementType`, `npcflag`, `unit_flags`, `unit_flags2`, `unit_flags3`, `dynamicflags`, `ScriptName`, `VerifiedBuild`) values
('4000000000020917','167646','2175','10424','10530','0','0','186','0','-1','0','0','708.256','-1868.44','186.883','4.24437','300','0','0','27','0','0','0','0','0','0','0','','0');
replace into `creature_addon` (`guid`, `path_id`, `mount`, `bytes1`, `bytes2`, `emote`, `aiAnimKit`, `movementAnimKit`, `meleeAnimKit`, `visibilityDistanceType`, `auras`) values
('4000000000020917','0','0','0','1','0','0','0','0','0','305513');
replace into `creature` (`guid`, `id`, `map`, `zoneId`, `areaId`, `spawnDifficulties`, `phaseUseFlags`, `PhaseId`, `PhaseGroup`, `terrainSwapMap`, `modelid`, `equipment_id`, `position_x`, `position_y`, `position_z`, `orientation`, `spawntimesecs`, `spawndist`, `currentwaypoint`, `curhealth`, `curmana`, `MovementType`, `npcflag`, `unit_flags`, `unit_flags2`, `unit_flags3`, `dynamicflags`, `ScriptName`, `VerifiedBuild`) values
('4000000000020918','167633','2175','10424','10530','0','0','186','0','-1','0','0','703.778','-1876.95','186.883','1.09492','300','0','0','27','0','0','0','0','0','0','0','','0');

replace into `creature` (`guid`, `id`, `map`, `zoneId`, `areaId`, `spawnDifficulties`, `phaseUseFlags`, `PhaseId`, `PhaseGroup`, `terrainSwapMap`, `modelid`, `equipment_id`, `position_x`, `position_y`, `position_z`, `orientation`, `spawntimesecs`, `spawndist`, `currentwaypoint`, `curhealth`, `curmana`, `MovementType`, `npcflag`, `unit_flags`, `unit_flags2`, `unit_flags3`, `dynamicflags`, `ScriptName`, `VerifiedBuild`) values
('4000000000020919','167632','2175','10424','10530','0','0','186','0','-1','0','0','701.351','-1877.23','186.883','0.988109','300','0','0','27','0','0','0','0','0','0','0','','0');
replace into `creature` (`guid`, `id`, `map`, `zoneId`, `areaId`, `spawnDifficulties`, `phaseUseFlags`, `PhaseId`, `PhaseGroup`, `terrainSwapMap`, `modelid`, `equipment_id`, `position_x`, `position_y`, `position_z`, `orientation`, `spawntimesecs`, `spawndist`, `currentwaypoint`, `curhealth`, `curmana`, `MovementType`, `npcflag`, `unit_flags`, `unit_flags2`, `unit_flags3`, `dynamicflags`, `ScriptName`, `VerifiedBuild`) values
('4000000000020920','167631','2175','10424','10530','0','0','186','0','-1','0','0','703.992','-1878.98','186.883','0.984968','300','0','0','124','0','0','0','0','0','0','0','','0');
replace into `gameobject_template` (`entry`, `type`, `displayId`, `name`, `IconName`, `castBarCaption`, `unk1`, `size`, `Data0`, `Data1`, `Data2`, `Data3`, `Data4`, `Data5`, `Data6`, `Data7`, `Data8`, `Data9`, `Data10`, `Data11`, `Data12`, `Data13`, `Data14`, `Data15`, `Data16`, `Data17`, `Data18`, `Data19`, `Data20`, `Data21`, `Data22`, `Data23`, `Data24`, `Data25`, `Data26`, `Data27`, `Data28`, `Data29`, `Data30`, `Data31`, `Data32`, `Data33`, `ContentTuningId`, `AIName`, `ScriptName`, `VerifiedBuild`) values
('351476','10','59825','Ogre Runestone','questinteract','Disabling','','0.2','0','0','0','0','0','0','0','0','0','0','0','0','0','0','0','0','0','0','0','0','0','0','0','0','0','0','0','0','0','0','0','0','0','0','956','','go_ogre_runestone','36839');
replace into `gameobject` (`guid`, `id`, `map`, `zoneId`, `areaId`, `spawnDifficulties`, `phaseUseFlags`, `PhaseId`, `PhaseGroup`, `terrainSwapMap`, `position_x`, `position_y`, `position_z`, `orientation`, `rotation0`, `rotation1`, `rotation2`, `rotation3`, `spawntimesecs`, `animprogress`, `state`, `isActive`, `ScriptName`, `VerifiedBuild`) values
('4000000002808','351476','2175','10424','10530','0','0','186','0','-1','711.099','-1862.19','186.508','4.30252','0','0','-0.836207','0.548413','120','255','1','0','','36839');
replace into `gameobject` (`guid`, `id`, `map`, `zoneId`, `areaId`, `spawnDifficulties`, `phaseUseFlags`, `PhaseId`, `PhaseGroup`, `terrainSwapMap`, `position_x`, `position_y`, `position_z`, `orientation`, `rotation0`, `rotation1`, `rotation2`, `rotation3`, `spawntimesecs`, `animprogress`, `state`, `isActive`, `ScriptName`, `VerifiedBuild`) values
('4000000002809','351476','2175','10424','10530','0','0','186','0','-1','701.967','-1868.96','186.508','6.12965','0','0','-0.0766926','0.997055','120','255','1','0','','36839');
replace into `gameobject` (`guid`, `id`, `map`, `zoneId`, `areaId`, `spawnDifficulties`, `phaseUseFlags`, `PhaseId`, `PhaseGroup`, `terrainSwapMap`, `position_x`, `position_y`, `position_z`, `orientation`, `rotation0`, `rotation1`, `rotation2`, `rotation3`, `spawntimesecs`, `animprogress`, `state`, `isActive`, `ScriptName`, `VerifiedBuild`) values
('4000000002810','351476','2175','10424','10530','0','0','186','0','-1','713.045','-1873.52','186.38','5.47429','0','0','-0.393509','0.919321','120','255','1','0','','36839');

replace into `creature` (`guid`, `id`, `map`, `zoneId`, `areaId`, `spawnDifficulties`, `phaseUseFlags`, `PhaseId`, `PhaseGroup`, `terrainSwapMap`, `modelid`, `equipment_id`, `position_x`, `position_y`, `position_z`, `orientation`, `spawntimesecs`, `spawndist`, `currentwaypoint`, `curhealth`, `curmana`, `MovementType`, `npcflag`, `unit_flags`, `unit_flags2`, `unit_flags3`, `dynamicflags`, `ScriptName`, `VerifiedBuild`) values
('4000000000020919','167183','2175','10424','10530','0','0','187','0','-1','0','0','708.256','-1868.44','186.883','4.24437','300','0','0','27','0','0','0','0','0','0','0','','0');
replace into `creature_addon` (`guid`, `path_id`, `mount`, `bytes1`, `bytes2`, `emote`, `aiAnimKit`, `movementAnimKit`, `meleeAnimKit`, `visibilityDistanceType`, `auras`) values
('4000000000020919','0','0','0','1','0','0','0','0','0','0');
replace into `creature` (`guid`, `id`, `map`, `zoneId`, `areaId`, `spawnDifficulties`, `phaseUseFlags`, `PhaseId`, `PhaseGroup`, `terrainSwapMap`, `modelid`, `equipment_id`, `position_x`, `position_y`, `position_z`, `orientation`, `spawntimesecs`, `spawndist`, `currentwaypoint`, `curhealth`, `curmana`, `MovementType`, `npcflag`, `unit_flags`, `unit_flags2`, `unit_flags3`, `dynamicflags`, `ScriptName`, `VerifiedBuild`) values
('4000000000020920','167633','2175','10424','10530','0','0','187','0','-1','0','0','703.778','-1876.95','186.883','1.09492','300','0','0','27','0','0','0','0','0','0','0','','0');
replace into `creature` (`guid`, `id`, `map`, `zoneId`, `areaId`, `spawnDifficulties`, `phaseUseFlags`, `PhaseId`, `PhaseGroup`, `terrainSwapMap`, `modelid`, `equipment_id`, `position_x`, `position_y`, `position_z`, `orientation`, `spawntimesecs`, `spawndist`, `currentwaypoint`, `curhealth`, `curmana`, `MovementType`, `npcflag`, `unit_flags`, `unit_flags2`, `unit_flags3`, `dynamicflags`, `ScriptName`, `VerifiedBuild`) values
('4000000000020921','167632','2175','10424','10530','0','0','187','0','-1','0','0','701.351','-1877.23','186.883','0.988109','300','0','0','27','0','0','0','0','0','0','0','','0');
replace into `creature` (`guid`, `id`, `map`, `zoneId`, `areaId`, `spawnDifficulties`, `phaseUseFlags`, `PhaseId`, `PhaseGroup`, `terrainSwapMap`, `modelid`, `equipment_id`, `position_x`, `position_y`, `position_z`, `orientation`, `spawntimesecs`, `spawndist`, `currentwaypoint`, `curhealth`, `curmana`, `MovementType`, `npcflag`, `unit_flags`, `unit_flags2`, `unit_flags3`, `dynamicflags`, `ScriptName`, `VerifiedBuild`) values
('4000000000020922','167631','2175','10424','10530','0','0','187','0','-1','0','0','703.992','-1878.98','186.883','0.984968','300','0','0','124','0','0','0','0','0','0','0','','0');
UPDATE quest_template SET questtype=2 WHERE id=59984;


replace into `creature_template` (`entry`, `difficulty_entry_1`, `difficulty_entry_2`, `difficulty_entry_3`, `KillCredit1`, `KillCredit2`, `name`, `femaleName`, `subname`, `TitleAlt`, `IconName`, `gossip_menu_id`, `minlevel`, `maxlevel`, `HealthScalingExpansion`, `RequiredExpansion`, `VignetteID`, `faction`, `npcflag`, `speed_walk`, `speed_run`, `scale`, `rank`, `dmgschool`, `BaseAttackTime`, `RangeAttackTime`, `BaseVariance`, `RangeVariance`, `unit_class`, `unit_flags`, `unit_flags2`, `unit_flags3`, `dynamicflags`, `family`, `trainer_class`, `type`, `type_flags`, `type_flags2`, `lootid`, `pickpocketloot`, `skinloot`, `resistance1`, `resistance2`, `resistance3`, `resistance4`, `resistance5`, `resistance6`, `spell1`, `spell2`, `spell3`, `spell4`, `spell5`, `spell6`, `spell7`, `spell8`, `VehicleId`, `mingold`, `maxgold`, `AIName`, `MovementType`, `InhabitType`, `HoverHeight`, `HealthModifier`, `HealthModifierExtra`, `ManaModifier`, `ManaModifierExtra`, `ArmorModifier`, `DamageModifier`, `ExperienceModifier`, `RacialLeader`, `movementId`, `WidgetSetID`, `WidgetSetUnitConditionID`, `RegenHealth`, `mechanic_immune_mask`, `flags_extra`, `ScriptName`, `VerifiedBuild`) values
('167663','0','0','0','0','0','Warlord Breka Grimaxe','',NULL,NULL,NULL,'0','10','30','0','0','0','35','0','1','1.14286','1','0','0','0','0','1','1','1','0','4196352','0','0','0','0','7','4096','0','0','0','0','0','0','0','0','0','0','0','0','0','0','0','0','0','0','0','0','0','','0','3','1','3','1','1','1','1','1','1','0','0','0','0','1','0','0','','36949');
replace into `creature_template` (`entry`, `difficulty_entry_1`, `difficulty_entry_2`, `difficulty_entry_3`, `KillCredit1`, `KillCredit2`, `name`, `femaleName`, `subname`, `TitleAlt`, `IconName`, `gossip_menu_id`, `minlevel`, `maxlevel`, `HealthScalingExpansion`, `RequiredExpansion`, `VignetteID`, `faction`, `npcflag`, `speed_walk`, `speed_run`, `scale`, `rank`, `dmgschool`, `BaseAttackTime`, `RangeAttackTime`, `BaseVariance`, `RangeVariance`, `unit_class`, `unit_flags`, `unit_flags2`, `unit_flags3`, `dynamicflags`, `family`, `trainer_class`, `type`, `type_flags`, `type_flags2`, `lootid`, `pickpocketloot`, `skinloot`, `resistance1`, `resistance2`, `resistance3`, `resistance4`, `resistance5`, `resistance6`, `spell1`, `spell2`, `spell3`, `spell4`, `spell5`, `spell6`, `spell7`, `spell8`, `VehicleId`, `mingold`, `maxgold`, `AIName`, `MovementType`, `InhabitType`, `HoverHeight`, `HealthModifier`, `HealthModifierExtra`, `ManaModifier`, `ManaModifierExtra`, `ArmorModifier`, `DamageModifier`, `ExperienceModifier`, `RacialLeader`, `movementId`, `WidgetSetID`, `WidgetSetUnitConditionID`, `RegenHealth`, `mechanic_immune_mask`, `flags_extra`, `ScriptName`, `VerifiedBuild`) values
('167632','0','0','0','0','0','Shuja Grimaxe','',NULL,NULL,NULL,'0','10','30','0','0','0','35','2','1','1.14286','1','0','0','0','0','1','1','8','0','4196352','0','0','0','0','7','0','0','0','0','0','0','0','0','0','0','0','0','0','0','0','0','0','0','0','0','0','0','','0','3','1','1','1','1','1','1','1','1','0','0','0','0','1','0','0','','36949');
UPDATE creature_template SET scriptname='npc_warlord_breka_grimaxe_citadel' WHERE entry=167663;
UPDATE creature_template SET scriptname='npc_shuja_grimaxe_citadel' WHERE entry=167632;

replace into `quest_objectives` (`ID`, `QuestID`, `Type`, `Order`, `StorageIndex`, `ObjectID`, `Amount`, `Flags`, `Flags2`, `ProgressBarWeight`, `Description`, `VerifiedBuild`) values('397380','59984','10','0','0','83801','1','4','0','0','Use the Group Finder to enter the dungeon, \"Darkmaul Citadel\"','36949');
replace into `quest_objectives` (`ID`, `QuestID`, `Type`, `Order`, `StorageIndex`, `ObjectID`, `Amount`, `Flags`, `Flags2`, `ProgressBarWeight`, `Description`, `VerifiedBuild`) values('397381','59984','0','0','1','156501','1','1','0','0','Gor\'groth\'s final ritual stopped','36949');
replace into `quest_objectives` (`ID`, `QuestID`, `Type`, `Order`, `StorageIndex`, `ObjectID`, `Amount`, `Flags`, `Flags2`, `ProgressBarWeight`, `Description`, `VerifiedBuild`) values('397382','59984','0','1','2','167663','1','7','0','0','Speak with Warlord Grimaxe to leave Darkmaul Citadel','36949');
DELETE FROM `creature_questender` WHERE quest=59984;
REPLACE INTO `creature_questender` (`id`, `quest`) VALUES ('167663','59984');
UPDATE `creature_template` SET npcflag=2 WHERE entry=167663;
REPLACE into `creature_template_Addon` (`entry`, `path_id`, `mount`, `bytes1`, `bytes2`, `emote`, `aiAnimKit`, `movementAnimKit`, `meleeAnimKit`, `visibilityDistanceType`, `auras`) values
('167663','0','0','0','1','0','0','0','0','0','222584');
REPLACE into `creature` (`guid`, `id`, `map`, `zoneId`, `areaId`, `spawnDifficulties`, `phaseUseFlags`, `PhaseId`, `PhaseGroup`, `terrainSwapMap`, `modelid`, `equipment_id`, `position_x`, `position_y`, `position_z`, `orientation`, `spawntimesecs`, `spawndist`, `currentwaypoint`, `curhealth`, `curmana`, `MovementType`, `npcflag`, `unit_flags`, `unit_flags2`, `unit_flags3`, `dynamicflags`, `ScriptName`, `VerifiedBuild`) values
('40000000000020926','167632','2236','10581','10581','150','0','0','0','-1','0','0','886.184','-1780.18','181.271','3.58286','7200','0','0','0','0','0','0','0','0','0','0','','36839');
REPLACE into `creature` (`guid`, `id`, `map`, `zoneId`, `areaId`, `spawnDifficulties`, `phaseUseFlags`, `PhaseId`, `PhaseGroup`, `terrainSwapMap`, `modelid`, `equipment_id`, `position_x`, `position_y`, `position_z`, `orientation`, `spawntimesecs`, `spawndist`, `currentwaypoint`, `curhealth`, `curmana`, `MovementType`, `npcflag`, `unit_flags`, `unit_flags2`, `unit_flags3`, `dynamicflags`, `ScriptName`, `VerifiedBuild`) values
('40000000000020925','167663','2236','10581','10581','150','0','0','0','-1','0','0','882.679','-1781.97','181.271','3.64195','300','0','0','81','0','0','0','0','0','0','0','','36839');

REPLACE into `creature` (`guid`, `id`, `map`, `zoneId`, `areaId`, `spawnDifficulties`, `phaseUseFlags`, `PhaseId`, `PhaseGroup`, `terrainSwapMap`, `modelid`, `equipment_id`, `position_x`, `position_y`, `position_z`, `orientation`, `spawntimesecs`, `spawndist`, `currentwaypoint`, `curhealth`, `curmana`, `MovementType`, `npcflag`, `unit_flags`, `unit_flags2`, `unit_flags3`, `dynamicflags`, `ScriptName`, `VerifiedBuild`) values('4000000000020919','167183','2175','10424','10530','0','0','187','0','-1','0','0','708.256','-1868.44','186.883','4.24437','300','0','0','27','0','0','0','0','0','0','0','','0');
REPLACE into `creature` (`guid`, `id`, `map`, `zoneId`, `areaId`, `spawnDifficulties`, `phaseUseFlags`, `PhaseId`, `PhaseGroup`, `terrainSwapMap`, `modelid`, `equipment_id`, `position_x`, `position_y`, `position_z`, `orientation`, `spawntimesecs`, `spawndist`, `currentwaypoint`, `curhealth`, `curmana`, `MovementType`, `npcflag`, `unit_flags`, `unit_flags2`, `unit_flags3`, `dynamicflags`, `ScriptName`, `VerifiedBuild`) values('40000000000020931','167631','2175','10424','10530','0','0','188','0','-1','0','0','718.991','-1863.82','186.508','4.1271','300','0','0','27','0','0','0','0','0','0','0','','0');
REPLACE into `creature` (`guid`, `id`, `map`, `zoneId`, `areaId`, `spawnDifficulties`, `phaseUseFlags`, `PhaseId`, `PhaseGroup`, `terrainSwapMap`, `modelid`, `equipment_id`, `position_x`, `position_y`, `position_z`, `orientation`, `spawntimesecs`, `spawndist`, `currentwaypoint`, `curhealth`, `curmana`, `MovementType`, `npcflag`, `unit_flags`, `unit_flags2`, `unit_flags3`, `dynamicflags`, `ScriptName`, `VerifiedBuild`) values('40000000000020932','167183','2175','10424','10530','0','0','188','0','-1','0','0','707.683','-1861.19','186.882','4.31795','300','0','0','27','0','0','0','0','0','0','0','','0');
REPLACE into `creature` (`guid`, `id`, `map`, `zoneId`, `areaId`, `spawnDifficulties`, `phaseUseFlags`, `PhaseId`, `PhaseGroup`, `terrainSwapMap`, `modelid`, `equipment_id`, `position_x`, `position_y`, `position_z`, `orientation`, `spawntimesecs`, `spawndist`, `currentwaypoint`, `curhealth`, `curmana`, `MovementType`, `npcflag`, `unit_flags`, `unit_flags2`, `unit_flags3`, `dynamicflags`, `ScriptName`, `VerifiedBuild`) values('40000000000020929','167675','2175','10424','10530','0','0','188','0','-1','0','0','712.443','-1859.33','186.882','4.28968','300','0','0','4812','0','0','0','0','0','0','0','','0');
REPLACE into `creature` (`guid`, `id`, `map`, `zoneId`, `areaId`, `spawnDifficulties`, `phaseUseFlags`, `PhaseId`, `PhaseGroup`, `terrainSwapMap`, `modelid`, `equipment_id`, `position_x`, `position_y`, `position_z`, `orientation`, `spawntimesecs`, `spawndist`, `currentwaypoint`, `curhealth`, `curmana`, `MovementType`, `npcflag`, `unit_flags`, `unit_flags2`, `unit_flags3`, `dynamicflags`, `ScriptName`, `VerifiedBuild`) values('40000000000020930','167632','2175','10424','10530','0','0','188','0','-1','0','0','714.438','-1865.02','186.882','4.26297','300','0','0','1283','0','0','0','0','0','0','0','','0');
REPLACE into `creature` (`guid`, `id`, `map`, `zoneId`, `areaId`, `spawnDifficulties`, `phaseUseFlags`, `PhaseId`, `PhaseGroup`, `terrainSwapMap`, `modelid`, `equipment_id`, `position_x`, `position_y`, `position_z`, `orientation`, `spawntimesecs`, `spawndist`, `currentwaypoint`, `curhealth`, `curmana`, `MovementType`, `npcflag`, `unit_flags`, `unit_flags2`, `unit_flags3`, `dynamicflags`, `ScriptName`, `VerifiedBuild`) values('40000000000020933','166854','2175','10424','10530','0','0','188','0','-1','0','0','704.637','-1858.34','186.882','4.3855','300','0','0','49','0','0','0','0','0','0','0','','0');
replace into `creature_addon` (`guid`, `path_id`, `mount`, `bytes1`, `bytes2`, `emote`, `aiAnimKit`, `movementAnimKit`, `meleeAnimKit`, `visibilityDistanceType`, `auras`) values
('40000000000020933','0','0','0','1','0','0','0','0','0','0');
replace into `creature` (`guid`, `id`, `map`, `zoneId`, `areaId`, `spawnDifficulties`, `phaseUseFlags`, `PhaseId`, `PhaseGroup`, `terrainSwapMap`, `modelid`, `equipment_id`, `position_x`, `position_y`, `position_z`, `orientation`, `spawntimesecs`, `spawndist`, `currentwaypoint`, `curhealth`, `curmana`, `MovementType`, `npcflag`, `unit_flags`, `unit_flags2`, `unit_flags3`, `dynamicflags`, `ScriptName`, `VerifiedBuild`) values
('40000000000020936','167670','2175','10424','10530','0','0','187','0','-1','0','0','707.724','-1869.41','186.883','1.12609','300','0','0','11791','0','0','0','0','0','0','0','','0');
replace into `creature` (`guid`, `id`, `map`, `zoneId`, `areaId`, `spawnDifficulties`, `phaseUseFlags`, `PhaseId`, `PhaseGroup`, `terrainSwapMap`, `modelid`, `equipment_id`, `position_x`, `position_y`, `position_z`, `orientation`, `spawntimesecs`, `spawndist`, `currentwaypoint`, `curhealth`, `curmana`, `MovementType`, `npcflag`, `unit_flags`, `unit_flags2`, `unit_flags3`, `dynamicflags`, `ScriptName`, `VerifiedBuild`) values
('40000000000020937','167670','2175','10424','10530','0','0','188','0','-1','0','0','707.724','-1869.41','186.883','1.12609','300','0','0','11791','0','0','0','0','0','0','0','','0');
replace into `creature_addon` (`guid`, `path_id`, `mount`, `bytes1`, `bytes2`, `emote`, `aiAnimKit`, `movementAnimKit`, `meleeAnimKit`, `visibilityDistanceType`, `auras`) values
('40000000000020936','0','46930','50331648','1','0','0','0','0','0','0');
replace into `creature_addon` (`guid`, `path_id`, `mount`, `bytes1`, `bytes2`, `emote`, `aiAnimKit`, `movementAnimKit`, `meleeAnimKit`, `visibilityDistanceType`, `auras`) values
('40000000000020937','0','46930','50331648','1','0','0','0','0','0','0');
replace into `creature` (`guid`, `id`, `map`, `zoneId`, `areaId`, `spawnDifficulties`, `phaseUseFlags`, `PhaseId`, `PhaseGroup`, `terrainSwapMap`, `modelid`, `equipment_id`, `position_x`, `position_y`, `position_z`, `orientation`, `spawntimesecs`, `spawndist`, `currentwaypoint`, `curhealth`, `curmana`, `MovementType`, `npcflag`, `unit_flags`, `unit_flags2`, `unit_flags3`, `dynamicflags`, `ScriptName`, `VerifiedBuild`) values('40000000000020942','167669','2175','10424','10530','0','0','188','0','-1','0','0','722.954','-1883.66','186.512','1.47088','300','0','0','41895','0','0','0','0','0','0','0','','36839');
replace into `creature` (`guid`, `id`, `map`, `zoneId`, `areaId`, `spawnDifficulties`, `phaseUseFlags`, `PhaseId`, `PhaseGroup`, `terrainSwapMap`, `modelid`, `equipment_id`, `position_x`, `position_y`, `position_z`, `orientation`, `spawntimesecs`, `spawndist`, `currentwaypoint`, `curhealth`, `curmana`, `MovementType`, `npcflag`, `unit_flags`, `unit_flags2`, `unit_flags3`, `dynamicflags`, `ScriptName`, `VerifiedBuild`) values('40000000000020941','167669','2175','10424','10530','0','0','188','0','-1','0','0','714.007','-1899.47','186.77','1.36407','300','0','0','41895','0','0','0','0','0','0','0','','36839');
replace into `creature` (`guid`, `id`, `map`, `zoneId`, `areaId`, `spawnDifficulties`, `phaseUseFlags`, `PhaseId`, `PhaseGroup`, `terrainSwapMap`, `modelid`, `equipment_id`, `position_x`, `position_y`, `position_z`, `orientation`, `spawntimesecs`, `spawndist`, `currentwaypoint`, `curhealth`, `curmana`, `MovementType`, `npcflag`, `unit_flags`, `unit_flags2`, `unit_flags3`, `dynamicflags`, `ScriptName`, `VerifiedBuild`) values('40000000000020940','167669','2175','10424','10530','0','0','188','0','-1','0','0','689.266','-1867.76','186.508','1.46853','300','0','0','41895','0','0','0','0','0','0','0','','36839');
replace into `creature` (`guid`, `id`, `map`, `zoneId`, `areaId`, `spawnDifficulties`, `phaseUseFlags`, `PhaseId`, `PhaseGroup`, `terrainSwapMap`, `modelid`, `equipment_id`, `position_x`, `position_y`, `position_z`, `orientation`, `spawntimesecs`, `spawndist`, `currentwaypoint`, `curhealth`, `curmana`, `MovementType`, `npcflag`, `unit_flags`, `unit_flags2`, `unit_flags3`, `dynamicflags`, `ScriptName`, `VerifiedBuild`) values('40000000000020939','167669','2175','10424','10530','0','0','188','0','-1','0','0','680.706','-1888.44','186.534','1.26118','300','0','0','41895','0','0','0','0','0','0','0','','36839');
replace into `creature` (`guid`, `id`, `map`, `zoneId`, `areaId`, `spawnDifficulties`, `phaseUseFlags`, `PhaseId`, `PhaseGroup`, `terrainSwapMap`, `modelid`, `equipment_id`, `position_x`, `position_y`, `position_z`, `orientation`, `spawntimesecs`, `spawndist`, `currentwaypoint`, `curhealth`, `curmana`, `MovementType`, `npcflag`, `unit_flags`, `unit_flags2`, `unit_flags3`, `dynamicflags`, `ScriptName`, `VerifiedBuild`) values('40000000000020938','167669','2175','10424','10530','0','0','188','0','-1','0','0','697.747','-1884.15','186.508','1.18421','300','0','0','41895','0','0','0','0','0','0','0','','36839');
replace into `creature` (`guid`, `id`, `map`, `zoneId`, `areaId`, `spawnDifficulties`, `phaseUseFlags`, `PhaseId`, `PhaseGroup`, `terrainSwapMap`, `modelid`, `equipment_id`, `position_x`, `position_y`, `position_z`, `orientation`, `spawntimesecs`, `spawndist`, `currentwaypoint`, `curhealth`, `curmana`, `MovementType`, `npcflag`, `unit_flags`, `unit_flags2`, `unit_flags3`, `dynamicflags`, `ScriptName`, `VerifiedBuild`) values('40000000000020943','167669','2175','10424','10530','0','0','188','0','-1','0','0','702.462','-1885.59','186.508','1.18421','300','0','0','41895','0','0','0','0','0','0','0','','36839');
replace into `creature_addon` (`guid`, `path_id`, `mount`, `bytes1`, `bytes2`, `emote`, `aiAnimKit`, `movementAnimKit`, `meleeAnimKit`, `visibilityDistanceType`, `auras`) values
('40000000000020938','0','0','50331648','1','0','0','0','0','0','');
replace into `npc_spellclick_spells` (`npc_entry`, `spell_id`, `cast_flags`, `user_type`) values
('167669','327261','1','1');
replace into `creature_template` (`entry`, `difficulty_entry_1`, `difficulty_entry_2`, `difficulty_entry_3`, `KillCredit1`, `KillCredit2`, `name`, `femaleName`, `subname`, `TitleAlt`, `IconName`, `gossip_menu_id`, `minlevel`, `maxlevel`, `HealthScalingExpansion`, `RequiredExpansion`, `VignetteID`, `faction`, `npcflag`, `speed_walk`, `speed_run`, `scale`, `rank`, `dmgschool`, `BaseAttackTime`, `RangeAttackTime`, `BaseVariance`, `RangeVariance`, `unit_class`, `unit_flags`, `unit_flags2`, `unit_flags3`, `dynamicflags`, `family`, `trainer_class`, `type`, `type_flags`, `type_flags2`, `lootid`, `pickpocketloot`, `skinloot`, `resistance1`, `resistance2`, `resistance3`, `resistance4`, `resistance5`, `resistance6`, `spell1`, `spell2`, `spell3`, `spell4`, `spell5`, `spell6`, `spell7`, `spell8`, `VehicleId`, `mingold`, `maxgold`, `AIName`, `MovementType`, `InhabitType`, `HoverHeight`, `HealthModifier`, `HealthModifierExtra`, `ManaModifier`, `ManaModifierExtra`, `ArmorModifier`, `DamageModifier`, `ExperienceModifier`, `RacialLeader`, `movementId`, `WidgetSetID`, `WidgetSetUnitConditionID`, `RegenHealth`, `mechanic_immune_mask`, `flags_extra`, `ScriptName`, `VerifiedBuild`) values
('167669','0','0','0','0','0','Horde Wyvern','',NULL,NULL,'vehichlecursor','0','1','3','0','0','0','35','16777216','1','1.14286','1','0','0','0','0','1','1','2','0','2048','0','160','0','0','1','1','0','0','0','0','0','0','0','0','0','0','0','0','0','0','0','0','0','0','0','0','0','','0','3','1','1000','1','1','1','1','1','1','0','0','0','0','1','0','0','npc_alliance_gryphon_154155','36949');
replace into `creature` (`guid`, `id`, `map`, `zoneId`, `areaId`, `spawnDifficulties`, `phaseUseFlags`, `PhaseId`, `PhaseGroup`, `terrainSwapMap`, `modelid`, `equipment_id`, `position_x`, `position_y`, `position_z`, `orientation`, `spawntimesecs`, `spawndist`, `currentwaypoint`, `curhealth`, `curmana`, `MovementType`, `npcflag`, `unit_flags`, `unit_flags2`, `unit_flags3`, `dynamicflags`, `ScriptName`, `VerifiedBuild`) values('40000000000020946','168431','1','0','0','0','0','0','0','-1','0','0','1465.08','-4420.42','25.453','0.0863869','300','0','0','27','0','0','0','0','0','0','0','','0');
update creature_template set npcflag=2 where entry=168431;
REPLACE INTO creature_queststarter VALUES (168431,60361),(168431,60343);
REPLACE INTO creature_questender VALUES (168431,59985),(168431,60360);

replace into `creature` (`guid`, `id`, `map`, `zoneId`, `areaId`, `spawnDifficulties`, `phaseUseFlags`, `PhaseId`, `PhaseGroup`, `terrainSwapMap`, `modelid`, `equipment_id`, `position_x`, `position_y`, `position_z`, `orientation`, `spawntimesecs`, `spawndist`, `currentwaypoint`, `curhealth`, `curmana`, `MovementType`, `npcflag`, `unit_flags`, `unit_flags2`, `unit_flags3`, `dynamicflags`, `ScriptName`, `VerifiedBuild`) values
('40000000000025194','167632','2175','10424','10530','0','0','187','0','-1','0','0','701.351','-1877.23','186.883','0.988109','300','0','0','27','0','0','0','0','0','0','0','','0');
replace into `creature` (`guid`, `id`, `map`, `zoneId`, `areaId`, `spawnDifficulties`, `phaseUseFlags`, `PhaseId`, `PhaseGroup`, `terrainSwapMap`, `modelid`, `equipment_id`, `position_x`, `position_y`, `position_z`, `orientation`, `spawntimesecs`, `spawndist`, `currentwaypoint`, `curhealth`, `curmana`, `MovementType`, `npcflag`, `unit_flags`, `unit_flags2`, `unit_flags3`, `dynamicflags`, `ScriptName`, `VerifiedBuild`) values
('40000000000025195','167631','2175','10424','10530','0','0','187','0','-1','0','0','703.992','-1878.98','186.883','0.984968','300','0','0','124','0','0','0','0','0','0','0','','0');

replace into `gameobject` (`guid`, `id`, `map`, `zoneId`, `areaId`, `spawnDifficulties`, `phaseUseFlags`, `PhaseId`, `PhaseGroup`, `terrainSwapMap`, `position_x`, `position_y`, `position_z`, `orientation`, `rotation0`, `rotation1`, `rotation2`, `rotation3`, `spawntimesecs`, `animprogress`, `state`, `isActive`, `ScriptName`, `VerifiedBuild`) values('4000000003575','351477','2175','10424','10568','0','0','187','0','-1','594.876','-2107.99','160.986','1.14988','-0','-0','-0.543782','-0.839226','300','255','1','0','','0');
replace into `gameobject` (`guid`, `id`, `map`, `zoneId`, `areaId`, `spawnDifficulties`, `phaseUseFlags`, `PhaseId`, `PhaseGroup`, `terrainSwapMap`, `position_x`, `position_y`, `position_z`, `orientation`, `rotation0`, `rotation1`, `rotation2`, `rotation3`, `spawntimesecs`, `animprogress`, `state`, `isActive`, `ScriptName`, `VerifiedBuild`) values('4000000003576','351477','2175','10424','10568','0','0','187','0','-1','553.099','-2085.75','160.042','0.884413','-0','-0','-0.427935','-0.90381','300','255','1','0','','0');
replace into `gameobject` (`guid`, `id`, `map`, `zoneId`, `areaId`, `spawnDifficulties`, `phaseUseFlags`, `PhaseId`, `PhaseGroup`, `terrainSwapMap`, `position_x`, `position_y`, `position_z`, `orientation`, `rotation0`, `rotation1`, `rotation2`, `rotation3`, `spawntimesecs`, `animprogress`, `state`, `isActive`, `ScriptName`, `VerifiedBuild`) values('4000000003577','351477','2175','10424','10568','0','0','187','0','-1','469.63','-2014.07','144.221','0.133569','-0','-0','-0.0667351','-0.997771','300','255','1','0','','0');
replace into `gameobject` (`guid`, `id`, `map`, `zoneId`, `areaId`, `spawnDifficulties`, `phaseUseFlags`, `PhaseId`, `PhaseGroup`, `terrainSwapMap`, `position_x`, `position_y`, `position_z`, `orientation`, `rotation0`, `rotation1`, `rotation2`, `rotation3`, `spawntimesecs`, `animprogress`, `state`, `isActive`, `ScriptName`, `VerifiedBuild`) values('4000000003578','351477','2175','10424','10568','0','0','187','0','-1','487.826','-2040.05','144.333','0.806659','-0','-0','-0.392483','-0.919759','300','255','1','0','','0');
replace into `creature_questender` (`id`, `quest`) values('167675','59984');