DELETE FROM `creature` WHERE `id` IN (39251, 39245, 39249);

UPDATE `creature_template` SET `npcflag`=16777216, `VehicleId`=680, `unit_flags` = 33555200 WHERE `entry`=39244;
UPDATE `creature_template` SET `npcflag`=16777216, `VehicleId`=684, `unit_flags` = 33555200 WHERE `entry`=39318;
UPDATE `creature_template` SET `npcflag`=16777216, `VehicleId`=685, `unit_flags` = 33555200 WHERE `entry`=39319;

DELETE FROM `npc_spellclick_spells` WHERE `npc_entry`=39244;
INSERT INTO `npc_spellclick_spells` (`npc_entry`, `spell_id`, `cast_flags`, `user_type`) VALUES (39244, 46598, 1, 0);
DELETE FROM `npc_spellclick_spells` WHERE `npc_entry`=39318;
INSERT INTO `npc_spellclick_spells` (`npc_entry`, `spell_id`, `cast_flags`, `user_type`) VALUES (39318, 46598, 1, 0);
DELETE FROM `npc_spellclick_spells` WHERE `npc_entry`=39319;
INSERT INTO `npc_spellclick_spells` (`npc_entry`, `spell_id`, `cast_flags`, `user_type`) VALUES (39319, 46598, 1, 0);

DELETE FROM `vehicle_seat_addon` WHERE `SeatEntry` IN (7603, 7604, 7607, 7617, 7621);
INSERT INTO `vehicle_seat_addon` (`SeatEntry`, `SeatOrientation`, `ExitParamX`, `ExitParamY`, `ExitParamZ`, `ExitParamO`, `ExitParamValue`) VALUES (7621, 3.14159, 0, 1.8, 0, 0, 1);
INSERT INTO `vehicle_seat_addon` (`SeatEntry`, `SeatOrientation`, `ExitParamX`, `ExitParamY`, `ExitParamZ`, `ExitParamO`, `ExitParamValue`) VALUES (7617, 0, 0, 1.8, 0, 0, 1);
INSERT INTO `vehicle_seat_addon` (`SeatEntry`, `SeatOrientation`, `ExitParamX`, `ExitParamY`, `ExitParamZ`, `ExitParamO`, `ExitParamValue`) VALUES (7607, 0, 1.1, -1, 0, 0, 1);
INSERT INTO `vehicle_seat_addon` (`SeatEntry`, `SeatOrientation`, `ExitParamX`, `ExitParamY`, `ExitParamZ`, `ExitParamO`, `ExitParamValue`) VALUES (7604, 0, -1.2, -1, 0, 0, 1);
INSERT INTO `vehicle_seat_addon` (`SeatEntry`, `SeatOrientation`, `ExitParamX`, `ExitParamY`, `ExitParamZ`, `ExitParamO`, `ExitParamValue`) VALUES (7603, 0, 0, 1.8, 0, 0, 1);

DELETE FROM `vehicle_template_accessory` WHERE (`entry`=39244 AND `seat_id` IN (2,3,1,0)) OR (`entry`=39318 AND `seat_id` IN (1,0)) OR (`entry`=39319 AND `seat_id` IN (2,1,0));
INSERT INTO `vehicle_template_accessory` (`entry`, `accessory_entry`, `seat_id`, `minion`, `description`, `summontype`, `summontimer`) VALUES
(39244, 39251, 2, 0, 'Northwatch Caravan A - Northwatch Supply Crate', 6, 5000), -- Northwatch Caravan A - Northwatch Supply Crate
(39244, 39249, 3, 0, 'Northwatch Caravan A - Northwatch Lug', 6, 5000), -- Northwatch Caravan A - Northwatch Lug
(39244, 39249, 1, 0, 'Northwatch Caravan A - Northwatch Lug', 6, 5000), -- Northwatch Caravan A - Northwatch Lug
(39244, 39245, 0, 0, 'Northwatch Caravan A - Northwatch Lug', 6, 5000), -- Northwatch Caravan A - Northwatch Lug
(39318, 39249, 0, 0, 'Northwatch Caravan B - Northwatch Lug', 6, 5000), -- Northwatch Caravan B - Northwatch Lug
(39318, 39251, 1, 0, 'Northwatch Caravan B - Northwatch Supply Crate', 6, 5000), -- Northwatch Caravan B - Northwatch Supply Crate
(39319, 39245, 1, 0, 'Northwatch Caravan C - Northwatch Lug', 6, 5000), -- Northwatch Caravan C - Northwatch Lug
(39319, 39245, 0, 0, 'Northwatch Caravan C - Northwatch Lug', 6, 5000), -- Northwatch Caravan C - Northwatch Lug
(39319, 39251, 2, 0, 'Northwatch Caravan C - Northwatch Supply Crate', 6, 5000); -- Northwatch Caravan C - Northwatch Supply Crate

DELETE FROM `waypoint_path` WHERE `PathId` = 3931900;
INSERT INTO `waypoint_path` (`PathId`, `MoveType`, `Flags`, `Comment`) VALUES 
(3931900, 0, 0, 'Northwatch Caravan C (39319)');

DELETE FROM `waypoint_path_node` WHERE `PathId` = 3931900;
INSERT INTO `waypoint_path_node` (`PathId`, `NodeId`, `PositionX`, `PositionY`, `PositionZ`, `Orientation`, `Delay`) VALUES 
(3931900, 1, -1065.3481, -4715.334, 17.185173, NULL, 0),
(3931900, 2, -1062.5981, -4714.834, 17.435173, NULL, 0),
(3931900, 3, -1059.5981, -4714.334, 17.435173, NULL, 0),
(3931900, 4, -1043.8481, -4711.584, 17.435173, NULL, 0),
(3931900, 5, -1036.8481, -4710.334, 17.435173, NULL, 0),
(3931900, 6, -1034.8481, -4710.084, 17.435173, NULL, 0),
(3931900, 7, -1030.3481, -4709.334, 17.685173, NULL, 0),
(3931900, 8, -1026.3481, -4708.584, 17.685173, NULL, 0),
(3931900, 9, -1024.3481, -4708.334, 18.185173, NULL, 0),
(3931900, 10, -1018.34814, -4707.334, 18.435173, NULL, 0),
(3931900, 11, -1015.59814, -4706.834, 18.185173, NULL, 0),
(3931900, 12, -1007.59814, -4705.334, 17.935173, NULL, 0),
(3931900, 13, -1006.59814, -4705.084, 18.185173, NULL, 0),
(3931900, 14, -1000.92786, -4704.167, 18.12107, NULL, 0),
(3931900, 15, -998.87366, -4703.58, 18.493, NULL, 0),
(3931900, 16, -998.12366, -4702.83, 18.993, NULL, 0),
(3931900, 17, -997.12366, -4701.33, 19.243, NULL, 0),
(3931900, 18, -995.87366, -4699.58, 19.743, NULL, 0),
(3931900, 19, -994.62366, -4698.08, 20.243, NULL, 0),
(3931900, 20, -993.37366, -4696.33, 20.993, NULL, 0),
(3931900, 21, -992.37366, -4694.83, 21.493, NULL, 0),
(3931900, 22, -991.87366, -4694.33, 21.493, NULL, 0),
(3931900, 23, -990.62366, -4692.58, 22.243, NULL, 0),
(3931900, 24, -989.37366, -4691.08, 22.993, NULL, 0),
(3931900, 25, -988.87366, -4690.33, 23.243, NULL, 0),
(3931900, 26, -988.37366, -4689.58, 23.743, NULL, 0),
(3931900, 27, -987.12366, -4687.83, 23.993, NULL, 0),
(3931900, 28, -986.37366, -4687.08, 24.493, NULL, 0),
(3931900, 29, -986.25256, -4686.745, 24.418839, NULL, 0),
(3931900, 30, -985.52124, -4686.0713, 25.075436, NULL, 0),
(3931900, 31, -985.02124, -4685.3213, 25.325436, NULL, 0),
(3931900, 32, -984.77124, -4684.3213, 25.575436, NULL, 0),
(3931900, 33, -984.52124, -4682.3213, 26.075436, NULL, 0),
(3931900, 34, -984.27124, -4680.3213, 26.575436, NULL, 0),
(3931900, 35, -984.02124, -4679.3213, 26.825436, NULL, 0),
(3931900, 36, -983.77124, -4678.3213, 27.075436, NULL, 0),
(3931900, 37, -983.52124, -4676.3213, 27.075436, NULL, 0),
(3931900, 38, -983.02124, -4674.3213, 27.575436, NULL, 0),
(3931900, 39, -982.77124, -4672.5713, 27.825436, NULL, 0),
(3931900, 40, -982.27124, -4670.5713, 28.075436, NULL, 0),
(3931900, 41, -981.77124, -4667.5713, 28.325436, NULL, 0),
(3931900, 42, -981.77124, -4665.5713, 28.325436, NULL, 0),
(3931900, 43, -981.27124, -4663.8213, 28.575436, NULL, 0),
(3931900, 44, -981.02124, -4661.8213, 28.825436, NULL, 0),
(3931900, 45, -980.52124, -4660.0713, 29.075436, NULL, 0),
(3931900, 46, -980.27124, -4658.0713, 29.325436, NULL, 0),
(3931900, 47, -979.77124, -4656.0713, 29.825436, NULL, 0),
(3931900, 48, -979.52124, -4655.0713, 30.075436, NULL, 0),
(3931900, 49, -979.52124, -4654.0713, 30.325436, NULL, 0),
(3931900, 50, -979.02124, -4652.0713, 30.575436, NULL, 0),
(3931900, 51, -978.77124, -4650.0713, 30.825436, NULL, 0),
(3931900, 52, -978.27124, -4647.0713, 30.575436, NULL, 0),
(3931900, 53, -977.9299, -4645.9478, 30.332994, NULL, 0),
(3931900, 54, -977.6221, -4643.875, 30.188694, NULL, 0),
(3931900, 55, -977.3721, -4642.125, 29.938694, NULL, 0),
(3931900, 56, -977.3721, -4641.125, 29.188694, NULL, 0),
(3931900, 57, -977.3721, -4640.125, 28.188694, NULL, 0),
(3931900, 58, -977.6221, -4639.125, 27.438694, NULL, 0),
(3931900, 59, -977.6221, -4638.125, 26.438694, NULL, 0),
(3931900, 60, -977.8721, -4637.125, 25.938694, NULL, 0),
(3931900, 61, -978.3721, -4630.125, 25.688694, NULL, 0),
(3931900, 62, -980.1221, -4610.625, 25.938694, NULL, 0),
(3931900, 63, -980.51495, -4608.277, 25.568964, NULL, 0),
(3931900, 64, -980.761, -4604.95, 25.632954, NULL, 0),
(3931900, 65, -983.011, -4586.45, 26.132954, NULL, 0),
(3931900, 66, -983.261, -4583.45, 27.382954, NULL, 0),
(3931900, 67, -983.511, -4580.45, 27.132954, NULL, 0),
(3931900, 68, -983.761, -4578.45, 27.132954, NULL, 0),
(3931900, 69, -984.011, -4576.45, 26.382954, NULL, 0),
(3931900, 70, -984.261, -4575.45, 26.132954, NULL, 0),
(3931900, 71, -984.261, -4574.45, 25.882954, NULL, 0),
(3931900, 72, -985.1564, -4569.582, 25.68532, NULL, 0),
(3931900, 73, -985.4141, -4566.2627, 25.741215, NULL, 0),
(3931900, 74, -986.4141, -4544.7627, 25.741215, NULL, 0),
(3931900, 75, -986.6641, -4542.7627, 25.741215, NULL, 0),
(3931900, 76, -987.00055, -4539.381, 25.457743, NULL, 0),
(3931900, 77, -987.03906, -4538.6777, 25.5062, NULL, 0),
(3931900, 78, -987.14844, -4536.6816, 25.770456, NULL, 0),
(3931900, 79, -987.1719, -4536.443, 25.79711, NULL, 0),
(3931900, 80, -973.15625, -4518.205, 26.032795, NULL, 0),
(3931900, 81, -971.3281, -4515.826, 25.826817, NULL, 0),
(3931900, 82, -969.5, -4513.4473, 25.568825, NULL, 0),
(3931900, 83, -968.7657, -4512.4946, 25.547281, NULL, 0),
(3931900, 84, -967.09033, -4510.4175, 25.98726, NULL, 0),
(3931900, 85, -964.84033, -4508.6675, 25.98726, NULL, 0),
(3931900, 86, -961.09033, -4505.6675, 25.98726, NULL, 0),
(3931900, 87, -957.0915, -4502.4854, 26.178045, NULL, 0),
(3931900, 88, -954.64734, -4500.4556, 26.726807, NULL, 0),
(3931900, 89, -954.14734, -4500.2056, 26.726807, NULL, 0),
(3931900, 90, -952.39734, -4499.2056, 27.226807, NULL, 0),
(3931900, 91, -951.39734, -4498.7056, 27.476807, NULL, 0),
(3931900, 92, -950.64734, -4498.4556, 27.726807, NULL, 0),
(3931900, 93, -949.89734, -4498.2056, 27.976807, NULL, 0),
(3931900, 94, -948.14734, -4497.2056, 28.226807, NULL, 0),
(3931900, 95, -947.39734, -4496.7056, 28.476807, NULL, 0),
(3931900, 96, -946.39734, -4496.2056, 28.726807, NULL, 0),
(3931900, 97, -945.39734, -4495.7056, 29.226807, NULL, 0),
(3931900, 98, -943.7031, -4494.926, 29.275566, NULL, 0);

DELETE FROM `waypoint_path` WHERE `PathId` = 3924400;
INSERT INTO `waypoint_path` (`PathId`, `MoveType`, `Flags`, `Comment`) VALUES 
(3924400, 0, 0, 'Northwatch Caravan A (3924400)');

DELETE FROM `waypoint_path_node` WHERE `PathId` = 3924400;
INSERT INTO `waypoint_path_node` (`PathId`, `NodeId`, `PositionX`, `PositionY`, `PositionZ`, `Orientation`, `Delay`) VALUES 
(3924400, 1, -1022.20337, -4721.329, 15.494003, NULL, 0),
(3924400, 2, -1019.95337, -4719.329, 15.744003, NULL, 0),
(3924400, 3, -1017.70337, -4717.329, 15.994003, NULL, 0),
(3924400, 4, -1016.45337, -4716.079, 15.994003, NULL, 0),
(3924400, 5, -1015.95337, -4715.579, 16.244003, NULL, 0),
(3924400, 6, -1013.70337, -4713.579, 16.494003, NULL, 0),
(3924400, 7, -1011.45337, -4711.329, 16.994003, NULL, 0),
(3924400, 8, -1011.4096, -4711.4043, 16.767145, NULL, 0),
(3924400, 9, -1009.8541, -4709.8555, 17.43023, NULL, 0),
(3924400, 10, -1008.8541, -4708.8555, 17.43023, NULL, 0),
(3924400, 11, -1007.6041, -4707.3555, 17.68023, NULL, 0),
(3924400, 12, -1007.1041, -4706.3555, 17.93023, NULL, 0),
(3924400, 13, -1005.8541, -4704.8555, 18.43023, NULL, 0),
(3924400, 14, -1004.6041, -4703.3555, 18.43023, NULL, 0),
(3924400, 15, -1003.3541, -4701.6055, 19.18023, NULL, 0),
(3924400, 16, -1002.3541, -4700.1055, 19.43023, NULL, 0),
(3924400, 17, -1000.8541, -4697.8555, 20.43023, NULL, 0),
(3924400, 18, -999.6041, -4696.3555, 20.43023, NULL, 0),
(3924400, 19, -998.3541, -4694.6055, 21.18023, NULL, 0),
(3924400, 20, -997.1041, -4693.1055, 21.68023, NULL, 0),
(3924400, 21, -995.3541, -4690.6055, 22.93023, NULL, 0),
(3924400, 22, -994.3541, -4688.8555, 23.18023, NULL, 0),
(3924400, 23, -993.5541, -4687.9976, 23.549986, NULL, 0),
(3924400, 24, -992.84216, -4687.037, 24.343082, NULL, 0),
(3924400, 25, -992.09216, -4686.037, 24.593082, NULL, 0),
(3924400, 26, -991.59216, -4685.037, 24.843082, NULL, 0),
(3924400, 27, -991.09216, -4683.287, 25.343082, NULL, 0),
(3924400, 28, -990.09216, -4680.287, 26.093082, NULL, 0),
(3924400, 29, -989.34216, -4678.537, 26.593082, NULL, 0),
(3924400, 30, -989.09216, -4677.537, 26.593082, NULL, 0),
(3924400, 31, -988.59216, -4676.537, 26.843082, NULL, 0),
(3924400, 32, -988.59216, -4675.787, 27.093082, NULL, 0),
(3924400, 33, -987.84216, -4674.037, 27.343082, NULL, 0),
(3924400, 34, -987.34216, -4672.287, 27.593082, NULL, 0),
(3924400, 35, -986.59216, -4670.287, 27.843082, NULL, 0),
(3924400, 36, -985.84216, -4668.537, 28.093082, NULL, 0),
(3924400, 37, -985.34216, -4666.537, 28.343082, NULL, 0),
(3924400, 38, -985.033, -4665.9453, 28.197071, NULL, 0),
(3924400, 39, -983.8906, -4663.5107, 28.80637, NULL, 0),
(3924400, 40, -983.3906, -4661.7607, 28.80637, NULL, 0),
(3924400, 41, -983.1406, -4659.7607, 29.05637, NULL, 0),
(3924400, 42, -982.6406, -4657.7607, 29.30637, NULL, 0),
(3924400, 43, -982.6406, -4656.0107, 29.80637, NULL, 0),
(3924400, 44, -982.3906, -4655.0107, 30.05637, NULL, 0),
(3924400, 45, -982.1406, -4653.2607, 30.30637, NULL, 0),
(3924400, 46, -981.8906, -4651.2607, 30.55637, NULL, 0),
(3924400, 47, -980.8213, -4645.384, 30.132437, NULL, 0),
(3924400, 48, -980.49744, -4643.1436, 29.825583, NULL, 0),
(3924400, 49, -980.24744, -4641.8936, 29.575583, NULL, 0),
(3924400, 50, -980.49744, -4640.8936, 29.075583, NULL, 0),
(3924400, 51, -980.74744, -4639.8936, 28.325583, NULL, 0),
(3924400, 52, -980.99744, -4638.8936, 27.575583, NULL, 0),
(3924400, 53, -981.24744, -4637.8936, 26.575583, NULL, 0),
(3924400, 54, -981.49744, -4636.8936, 26.075583, NULL, 0),
(3924400, 55, -986.7356, -4617.5586, 25.524622, NULL, 0),
(3924400, 56, -987.17334, -4615.584, 25.771244, NULL, 0),
(3924400, 57, -989.5701, -4590.9673, 25.821018, NULL, 0),
(3924400, 58, -989.6618, -4590.388, 26.241096, NULL, 0),
(3924400, 59, -989.6618, -4590.388, 26.491096, NULL, 0),
(3924400, 60, -990.1618, -4588.388, 26.741096, NULL, 0),
(3924400, 61, -990.4118, -4587.388, 27.241096, NULL, 0),
(3924400, 62, -990.4118, -4586.388, 27.241096, NULL, 0),
(3924400, 63, -991.9118, -4580.638, 26.991096, NULL, 0),
(3924400, 64, -992.4118, -4578.638, 26.741096, NULL, 0),
(3924400, 65, -992.6618, -4577.638, 26.491096, NULL, 0),
(3924400, 66, -992.6618, -4576.638, 25.741096, NULL, 0),
(3924400, 67, -995.4118, -4564.388, 25.991096, NULL, 0),
(3924400, 68, -996.2116, -4562.1807, 25.750448, NULL, 0),
(3924400, 69, -996.79333, -4559.468, 25.804321, NULL, 0),
(3924400, 70, -997.04333, -4556.468, 25.804321, NULL, 0),
(3924400, 71, -998.04333, -4540.968, 25.804321, NULL, 0),
(3924400, 72, -999.20825, -4531.3604, 25.842703, NULL, 0),
(3924400, 73, -999.44617, -4529.707, 26.048042, NULL, 0),
(3924400, 74, -999.44617, -4528.957, 26.048042, NULL, 0),
(3924400, 75, -1007.44617, -4518.707, 25.798042, NULL, 0),
(3924400, 76, -1009.19617, -4516.707, 25.798042, NULL, 0),
(3924400, 77, -1017.69617, -4505.707, 25.798042, NULL, 0),
(3924400, 78, -1018.5309, -4504.82, 25.633537, NULL, 0),
(3924400, 79, -1020.75854, -4501.76, 25.861568, NULL, 0),
(3924400, 80, -1031.7585, -4489.51, 26.111568, NULL, 0),
(3924400, 81, -1035.7585, -4485.01, 25.861568, NULL, 0),
(3924400, 82, -1036.5576, -4484.3687, 25.73949, NULL, 0),
(3924400, 83, -1038.0826, -4482.4893, 26.000479, NULL, 0),
(3924400, 84, -1039.0826, -4481.4893, 26.000479, NULL, 0),
(3924400, 85, -1039.3326, -4474.4893, 26.000479, NULL, 0),
(3924400, 86, -1039.8326, -4470.4893, 26.250479, NULL, 0),
(3924400, 87, -1040.3326, -4462.7393, 26.000479, NULL, 0),
(3924400, 88, -1041.0826, -4454.7393, 26.250479, NULL, 0),
(3924400, 89, -1041.9255, -4449.112, 26.200718, NULL, 0),
(3924400, 90, -1041.9106, -4446.83, 26.3322, NULL, 0),
(3924400, 91, -1035.9106, -4441.58, 26.3322, NULL, 0),
(3924400, 92, -1033.6606, -4439.33, 26.3322, NULL, 0),
(3924400, 93, -1028.4106, -4434.83, 26.3322, NULL, 0),
(3924400, 94, -1026.6606, -4433.08, 26.5822, NULL, 0),
(3924400, 95, -1023.66064, -4430.33, 26.3322, NULL, 0),
(3924400, 96, -1014.03345, -4421.5537, 26.416374, NULL, 0),
(3924400, 97, -1012.8839, -4420.6904, 26.840254, NULL, 0),
(3924400, 98, -1012.1339, -4419.9404, 26.840254, NULL, 0),
(3924400, 99, -1005.1339, -4419.9404, 26.590254, NULL, 0),
(3924400, 100, -1002.3839, -4419.9404, 27.340254, NULL, 0),
(3924400, 101, -999.3839, -4419.9404, 28.590254, NULL, 0),
(3924400, 102, -996.3839, -4419.9404, 29.340254, NULL, 0),
(3924400, 103, -993.2344, -4419.8267, 29.264133, NULL, 0);

DELETE FROM `waypoint_path` WHERE `PathId` = 3931800;
INSERT INTO `waypoint_path` (`PathId`, `MoveType`, `Flags`, `Comment`) VALUES 
(3931800, 0, 0, 'Northwatch Caravan B (3931800)');

DELETE FROM `waypoint_path_node` WHERE `PathId` = 3931800;
INSERT INTO `waypoint_path_node` (`PathId`, `NodeId`, `PositionX`, `PositionY`, `PositionZ`, `Orientation`, `Delay`) VALUES 
(3931800, 1, -1070.0513, -4697.955, 17.113506, NULL, 0),
(3931800, 2, -1068.5513, -4697.455, 17.113506, NULL, 0),
(3931800, 3, -1067.5513, -4696.955, 17.113506, NULL, 0),
(3931800, 4, -1066.3013, -4696.455, 17.113506, NULL, 0),
(3931800, 5, -1065.3013, -4696.455, 17.363506, NULL, 0),
(3931800, 6, -1064.3013, -4696.455, 17.363506, NULL, 0),
(3931800, 7, -1062.3013, -4695.955, 17.363506, NULL, 0),
(3931800, 8, -1060.3013, -4695.955, 17.613506, NULL, 0),
(3931800, 9, -1058.3013, -4695.955, 17.863506, NULL, 0),
(3931800, 10, -1055.5513, -4696.705, 18.113506, NULL, 0),
(3931800, 11, -1049.0513, -4698.705, 17.863506, NULL, 0),
(3931800, 12, -1045.0513, -4699.705, 17.613506, NULL, 0),
(3931800, 13, -1042.575, -4700.074, 17.403543, NULL, 0),
(3931800, 14, -1040.54, -4699.865, 17.748909, NULL, 0),
(3931800, 15, -1035.54, -4699.365, 18.248909, NULL, 0),
(3931800, 16, -1033.54, -4699.115, 18.748909, NULL, 0),
(3931800, 17, -1032.54, -4699.115, 18.998909, NULL, 0),
(3931800, 18, -1029.79, -4698.865, 19.748909, NULL, 0),
(3931800, 19, -1029.04, -4698.865, 20.498909, NULL, 0),
(3931800, 20, -1027.04, -4698.615, 21.248909, NULL, 0),
(3931800, 21, -1026.04, -4698.615, 21.498909, NULL, 0),
(3931800, 22, -1022.04004, -4698.115, 21.748909, NULL, 0),
(3931800, 23, -1019.04004, -4697.865, 21.998909, NULL, 0),
(3931800, 24, -1017.8785, -4697.755, 21.729485, NULL, 0),
(3931800, 25, -1016.7474, -4697.374, 22.07574, NULL, 0),
(3931800, 26, -1014.4974, -4695.374, 22.82574, NULL, 0),
(3931800, 27, -1012.9974, -4694.124, 23.07574, NULL, 0),
(3931800, 28, -1012.2474, -4693.374, 23.57574, NULL, 0),
(3931800, 29, -1011.4974, -4692.624, 23.32574, NULL, 0),
(3931800, 30, -1010.2474, -4691.374, 23.57574, NULL, 0),
(3931800, 31, -1008.9974, -4690.124, 23.82574, NULL, 0),
(3931800, 32, -1008.2474, -4689.624, 24.07574, NULL, 0),
(3931800, 33, -1006.7474, -4688.124, 24.57574, NULL, 0),
(3931800, 34, -1005.9974, -4687.374, 24.82574, NULL, 0),
(3931800, 35, -1004.4974, -4686.124, 25.07574, NULL, 0),
(3931800, 36, -1002.2474, -4684.124, 25.57574, NULL, 0),
(3931800, 37, -1001.97595, -4683.7856, 25.33367, NULL, 0),
(3931800, 38, -1000.9038, -4682.6426, 25.73372, NULL, 0),
(3931800, 39, -1000.4038, -4681.8926, 26.23372, NULL, 0),
(3931800, 40, -999.4038, -4680.1426, 26.48372, NULL, 0),
(3931800, 41, -998.6538, -4679.3926, 26.73372, NULL, 0),
(3931800, 42, -998.1538, -4678.3926, 26.73372, NULL, 0),
(3931800, 43, -997.6538, -4677.6426, 26.98372, NULL, 0),
(3931800, 44, -997.1538, -4676.8926, 26.98372, NULL, 0),
(3931800, 45, -995.9038, -4674.3926, 27.48372, NULL, 0),
(3931800, 46, -994.9038, -4672.8926, 27.73372, NULL, 0),
(3931800, 47, -993.23236, -4670.2905, 27.923426, NULL, 0),
(3931800, 48, -991.82275, -4668.2954, 28.56281, NULL, 0),
(3931800, 49, -991.57275, -4667.7954, 28.56281, NULL, 0),
(3931800, 50, -990.57275, -4666.0454, 28.81281, NULL, 0),
(3931800, 51, -989.57275, -4664.2954, 29.06281, NULL, 0),
(3931800, 52, -988.57275, -4661.7954, 29.06281, NULL, 0),
(3931800, 53, -987.57275, -4660.0454, 29.56281, NULL, 0),
(3931800, 54, -986.57275, -4658.2954, 30.06281, NULL, 0),
(3931800, 55, -985.57275, -4656.5454, 30.31281, NULL, 0),
(3931800, 56, -985.4016, -4656.137, 30.112234, NULL, 0),
(3931800, 57, -984.41345, -4653.9897, 30.25271, NULL, 0),
(3931800, 58, -984.41345, -4650.9897, 30.75271, NULL, 0),
(3931800, 59, -984.66345, -4647.9897, 31.00271, NULL, 0),
(3931800, 60, -984.66345, -4645.2397, 30.75271, NULL, 0),
(3931800, 61, -984.66345, -4644.2397, 30.50271, NULL, 0),
(3931800, 62, -984.66345, -4643.2397, 30.25271, NULL, 0),
(3931800, 63, -984.91345, -4640.2397, 29.75271, NULL, 0),
(3931800, 64, -984.8636, -4638.958, 28.181856, NULL, 0),
(3931800, 65, -984.8828, -4638.301, 27.514938, NULL, 0),
(3931800, 66, -984.92535, -4637.3423, 26.893187, NULL, 0),
(3931800, 67, -984.9258, -4637.342, 26.537714, NULL, 0),
(3931800, 68, -985.2793, -4636.4062, 25.59469, NULL, 0),
(3931800, 69, -985.6328, -4635.4707, 26.537712, NULL, 0),
(3931800, 70, -985.9863, -4634.535, 25.59469, NULL, 0),
(3931800, 71, -991.6426, -4619.5664, 25.773216, NULL, 0),
(3931800, 72, -993.3033, -4615.217, 25.72866, NULL, 0),
(3931800, 73, -993.86255, -4613.334, 25.97734, NULL, 0),
(3931800, 74, -1009.4772, -4604.3086, 25.724766, NULL, 0),
(3931800, 75, -1011.0294, -4603.09, 25.977573, NULL, 0),
(3931800, 76, -1019.88855, -4601.3784, 25.729525, NULL, 0),
(3931800, 77, -1022.09705, -4600.6123, 26.021854, NULL, 0),
(3931800, 78, -1035.9935, -4598.5635, 25.806965, NULL, 0),
(3931800, 79, -1037.3735, -4598.3047, 26.064426, NULL, 0),
(3931800, 80, -1057.2535, -4598.0454, 25.821886, NULL, 0);

 -- Northwatch Caravan Spawner A with guid 309482 smart ai
SET @ENTRY := -309482;
UPDATE `creature_template` SET `AIName` = 'SmartAI', `ScriptName` = '' WHERE `entry` = 39255;
DELETE FROM `smart_scripts` WHERE `source_type` = 0 AND `entryOrGuid` = @ENTRY;
INSERT INTO `smart_scripts` (`entryorguid`, `source_type`, `id`, `link`, `event_type`, `event_phase_mask`, `event_chance`, `event_flags`, `event_param1`, `event_param2`, `event_param3`, `event_param4`, `event_param5`, `action_type`, `action_param1`, `action_param2`, `action_param3`, `action_param4`, `action_param5`, `action_param6`, `action_param7`, `target_type`, `target_param1`, `target_param2`, `target_param3`, `target_x`, `target_y`, `target_z`, `target_o`, `comment`, `Difficulties`) VALUES
(@ENTRY, 0, 0, 0, 60, 0, 100, 0, 40000, 60000, 40000, 60000, 0, 11, 73736, 0, 0, 0, 0, 0, 0, 1, 0, 0, 0, 0, 0, 0, 0, 'Every 40 - 60 seconds - Self: Cast spell  Summon Northwatch Caravan B (73736) on Self', '');
 -- Northwatch Caravan Spawner A with guid 309479 smart ai
SET @ENTRY := -309479;
UPDATE `creature_template` SET `AIName` = 'SmartAI', `ScriptName` = '' WHERE `entry` = 39255;
DELETE FROM `smart_scripts` WHERE `source_type` = 0 AND `entryOrGuid` = @ENTRY;
INSERT INTO `smart_scripts` (`entryorguid`, `source_type`, `id`, `link`, `event_type`, `event_phase_mask`, `event_chance`, `event_flags`, `event_param1`, `event_param2`, `event_param3`, `event_param4`, `event_param5`, `action_type`, `action_param1`, `action_param2`, `action_param3`, `action_param4`, `action_param5`, `action_param6`, `action_param7`, `target_type`, `target_param1`, `target_param2`, `target_param3`, `target_x`, `target_y`, `target_z`, `target_o`, `comment`, `Difficulties`) VALUES
(@ENTRY, 0, 0, 0, 60, 0, 100, 0, 40000, 60000, 40000, 60000, 0, 11, 73691, 0, 0, 0, 0, 0, 0, 1, 0, 0, 0, 0, 0, 0, 0, 'Every 40 - 60 seconds - Self: Cast spell  Summon Northwatch Caravan A (73691) on Self', '');

 -- Northwatch Caravan Spawner A with guid 309481 smart ai
SET @ENTRY := -309481;
UPDATE `creature_template` SET `AIName` = 'SmartAI', `ScriptName` = '' WHERE `entry` = 39255;
DELETE FROM `smart_scripts` WHERE `source_type` = 0 AND `entryOrGuid` = @ENTRY;
INSERT INTO `smart_scripts` (`entryorguid`, `source_type`, `id`, `link`, `event_type`, `event_phase_mask`, `event_chance`, `event_flags`, `event_param1`, `event_param2`, `event_param3`, `event_param4`, `event_param5`, `action_type`, `action_param1`, `action_param2`, `action_param3`, `action_param4`, `action_param5`, `action_param6`, `action_param7`, `target_type`, `target_param1`, `target_param2`, `target_param3`, `target_x`, `target_y`, `target_z`, `target_o`, `comment`, `Difficulties`) VALUES
(@ENTRY, 0, 0, 0, 60, 0, 100, 0, 40000, 60000, 40000, 60000, 0, 11, 73737, 0, 0, 0, 0, 0, 0, 1, 0, 0, 0, 0, 0, 0, 0, 'Every 40 - 60 seconds - Self: Cast spell  Summon Northwatch Caravan C (73737) on Self', '');

UPDATE `creature_template` SET `AIName` = '', `ScriptName` = 'npc_northwatch_caravan' WHERE `entry` IN (39319, 39244, 39318);
UPDATE `creature_template` SET `AIName` = '', `ScriptName` = 'npc_northwatch_caravan_passenger' WHERE `entry` IN (39245, 39249, 39251);

DELETE FROM `spell_script_names` WHERE `spell_id` IN (73690, 49133);
INSERT INTO `spell_script_names` (`spell_id`, `ScriptName`) VALUES 
(73690, 'spell_from_passenger_eject_all_passengers'),
(49133, 'spell_despawn_passengers_2_3_4');
