# TrinityCore - WowPacketParser
# File name: Shado Pan Dungeon Finder Every Feature.bin
# Detected build: V5_4_7_18019
# Parsing date: 03/29/2015 00:08:17

DELETE FROM `creature` WHERE `guid` BETWEEN @CGUID+0 AND @CGUID+356;
INSERT INTO `creature` (`guid`, `id`, `map`, `spawnMask`, `phaseMask`, `phaseId`, `position_x`, `position_y`, `position_z`, `orientation`, `spawntimesecs`, `spawndist`, `MovementType`) VALUES
(@CGUID+0, 58198, 959, 3, 1, '', 3616.558, 2820.343, 770.7867, 4.912424, 7200, 0, 0), -- 58198 (Area: 5918)
(@CGUID+1, 59811, 959, 3, 1, '', 3718.138, 2582.554, 770.5118, 4.608502, 7200, 0, 0), -- 59811 (Area: 5918)
(@CGUID+2, 59752, 959, 3, 1, '', 3650.365, 2623.626, 796.7593, 4.936608, 7200, 0, 0), -- 59752 (Area: 5918)
(@CGUID+3, 58198, 959, 3, 1, '', 3588.437, 2759.734, 770.8234, 5.242516, 7200, 0, 0), -- 58198 (Area: 5918)
(@CGUID+4, 59752, 959, 3, 1, '', 3698.195, 2570.686, 796.7593, 3.365191, 7200, 0, 0), -- 59752 (Area: 5918)
(@CGUID+5, 60162, 959, 3, 1, '', 3562.552, 2733.06, 771.5387, 3.909538, 7200, 0, 0), -- 60162 (Area: 5918)
(@CGUID+6, 59752, 959, 3, 1, '', 3672.406, 2623.063, 796.7593, 3.664393, 7200, 0, 0), -- 59752 (Area: 5918)
(@CGUID+7, 58198, 959, 3, 1, '', 3583.881, 2754.964, 770.8234, 5.42407, 7200, 0, 0), -- 58198 (Area: 5918)
(@CGUID+8, 59808, 959, 3, 1, '', 3715.35, 2587.974, 769.042, 5.182566, 7200, 0, 0), -- 59808 (Area: 5918)
(@CGUID+9, 59741, 959, 3, 1, '', 3717.378, 2675.366, 768.0723, 5.593912, 7200, 0, 0), -- 59741 (Area: 5918)
(@CGUID+10, 59752, 959, 3, 1, '', 3660.016, 2628.577, 796.7593, 4.972322, 7200, 0, 0), -- 59752 (Area: 5918)
(@CGUID+11, 59751, 959, 3, 1, '', 3661.171, 2618.013, 766.6525, 5.156723, 7200, 0, 0), -- 59751 (Area: 5918)
(@CGUID+12, 59741, 959, 3, 1, '', 3723.374, 2668.433, 768.0768, 1.582242, 7200, 0, 0), -- 59741 (Area: 5918)
(@CGUID+13, 58198, 959, 3, 1, '', 3625.825, 2819.814, 770.7867, 4.303137, 7200, 0, 0), -- 58198 (Area: 5918)
(@CGUID+14, 59752, 959, 3, 1, '', 3658.13, 2627.787, 796.7593, 4.972322, 7200, 0, 0), -- 59752 (Area: 5918)
(@CGUID+15, 59741, 959, 3, 1, '', 3720.161, 2669.031, 768.0848, 1.119392, 7200, 0, 0), -- 59741 (Area: 5918)
(@CGUID+16, 64550, 959, 3, 1, '', 3704.186, 2804.719, 785.6057, 0, 7200, 0, 0), -- 64550 (Area: 5918)
(@CGUID+17, 60162, 959, 3, 1, '', 3553.321, 2780.084, 770.7296, 3.909538, 7200, 0, 0), -- 60162 (Area: 5918)
(@CGUID+18, 64550, 959, 3, 1, '', 3662.833, 2779.171, 770.8127, 0, 7200, 0, 0), -- 64550 (Area: 5918)
(@CGUID+19, 60162, 959, 3, 1, '', 3604.142, 2839.865, 770.9201, 3.909538, 7200, 0, 0), -- 60162 (Area: 5918)
(@CGUID+20, 59752, 959, 3, 1, '', 3661.941, 2629.548, 796.7593, 4.972322, 7200, 0, 0), -- 59752 (Area: 5918)
(@CGUID+21, 60162, 959, 3, 1, '', 3564.924, 2731.585, 771.5306, 3.909538, 7200, 0, 0), -- 60162 (Area: 5918)
(@CGUID+22, 56747, 959, 3, 1, '', 3722.51, 2674.14, 768.1193, 3.613006, 7200, 5, 1), -- 56747 (Area: 5918) (possible waypoints or random movement)
(@CGUID+23, 59752, 959, 3, 1, '', 3650.359, 2613.104, 796.7593, 0.622197, 7200, 0, 0), -- 59752 (Area: 5918)
(@CGUID+24, 59808, 959, 3, 1, '', 3721.584, 2586.817, 768.8534, 4.010274, 7200, 0, 0), -- 59808 (Area: 5918)
(@CGUID+25, 59741, 959, 3, 1, '', 3719.156, 2678.237, 768.0662, 4.986332, 7200, 0, 0), -- 59741 (Area: 5918)
(@CGUID+26, 59752, 959, 3, 1, '', 3694.944, 2577.326, 796.7593, 3.423386, 7200, 0, 0), -- 59752 (Area: 5918)
(@CGUID+27, 59808, 959, 3, 1, '', 3712.457, 2583.05, 768.8534, 6.031695, 7200, 0, 0), -- 59808 (Area: 5918)
(@CGUID+28, 59752, 959, 3, 1, '', 3654.396, 2625.574, 796.7593, 4.696447, 7200, 0, 0), -- 59752 (Area: 5918)
(@CGUID+29, 64550, 959, 3, 1, '', 3703.229, 2841.493, 798.3253, 0, 7200, 0, 0), -- 64550 (Area: 5918)
(@CGUID+30, 60162, 959, 3, 1, '', 3556.735, 2738.95, 770.7457, 3.909538, 7200, 0, 0), -- 60162 (Area: 5918)
(@CGUID+31, 60162, 959, 3, 1, '', 3601.454, 2838.991, 770.9753, 3.911757, 7200, 0, 0), -- 60162 (Area: 5918)
(@CGUID+32, 59752, 959, 3, 1, '', 3652.352, 2624.671, 796.7593, 5.154135, 7200, 0, 0), -- 59752 (Area: 5918)
(@CGUID+33, 62236, 959, 3, 1, '', 3657.234, 2556.203, 767.0519, 0.305929, 7200, 0, 0), -- 62236 (Area: 5918)
(@CGUID+34, 59752, 959, 3, 1, '', 3695.796, 2575.398, 796.7593, 3.423386, 7200, 0, 0), -- 59752 (Area: 5918)
(@CGUID+35, 59752, 959, 3, 1, '', 3649.853, 2614.466, 796.7593, 0.548747, 7200, 0, 0), -- 59752 (Area: 5918)
(@CGUID+36, 58198, 959, 3, 1, '', 3599.689, 2762.503, 770.8234, 4.918357, 7200, 0, 0), -- 58198 (Area: 5918)
(@CGUID+37, 59808, 959, 3, 1, '', 3720.577, 2577.937, 769.042, 1.724815, 7200, 0, 0), -- 59808 (Area: 5918)
(@CGUID+38, 59752, 959, 3, 1, '', 3693.95, 2579.164, 796.7593, 3.423386, 7200, 0, 0), -- 59752 (Area: 5918)
(@CGUID+39, 59808, 959, 3, 1, '', 3723.687, 2581.988, 768.8534, 2.831526, 7200, 0, 0), -- 59808 (Area: 5918)
(@CGUID+40, 59741, 959, 3, 1, '', 3717.823, 2671.477, 768.0973, 0.2916396, 7200, 0, 0), -- 59741 (Area: 5918)
(@CGUID+41, 60162, 959, 3, 1, '', 3556.574, 2741.747, 770.8016, 3.909538, 7200, 0, 0), -- 60162 (Area: 5918)
(@CGUID+42, 60162, 959, 3, 1, '', 3554.979, 2782.285, 770.7048, 3.909538, 7200, 0, 0), -- 60162 (Area: 5918)
(@CGUID+43, 59808, 959, 3, 1, '', 3714.806, 2578.115, 768.8534, 0.9157205, 7200, 0, 0), -- 59808 (Area: 5918)
(@CGUID+44, 59752, 959, 3, 1, '', 3699.236, 2568.703, 796.7593, 3.582719, 7200, 0, 0), -- 59752 (Area: 5918)
(@CGUID+45, 58198, 959, 3, 1, '', 3593.589, 2761.719, 770.8234, 5.090073, 7200, 0, 0), -- 58198 (Area: 5918)
(@CGUID+46, 59752, 959, 3, 1, '', 3700.14, 2566.655, 796.7593, 3.125031, 7200, 0, 0), -- 59752 (Area: 5918)
(@CGUID+47, 59752, 959, 3, 1, '', 3671.722, 2624.422, 796.7593, 3.664393, 7200, 0, 0), -- 59752 (Area: 5918)
(@CGUID+48, 63717, 959, 3, 1, '', 3640.532, 2643.635, 767.0495, 1.692969, 7200, 0, 0), -- 63717 (Area: 5918)
(@CGUID+49, 63717, 959, 3, 1, '', 3618.714, 2780.488, 770.7867, 0.73571, 7200, 0, 0), -- 63717 (Area: 5918)
(@CGUID+50, 56926, 959, 3, 1, '', 3726.92, 2673.74, 768.1028, 2.844887, 7200, 0, 0), -- 56926 (Area: 5918)
(@CGUID+51, 63717, 959, 3, 1, '', 3603.05, 2803.003, 770.7867, 1.32645, 7200, 0, 0), -- 63717 (Area: 5918)
(@CGUID+52, 63717, 959, 3, 1, '', 3640.484, 2790.292, 770.7867, 0.73571, 7200, 0, 0), -- 63717 (Area: 5918)
(@CGUID+53, 63717, 959, 3, 1, '', 3649.376, 2680.021, 767.0495, 3.752458, 7200, 0, 0), -- 63717 (Area: 5918)
(@CGUID+54, 63717, 959, 3, 1, '', 3640.198, 2737.359, 769.6078, 4.747295, 7200, 0, 0), -- 63717 (Area: 5918)
(@CGUID+55, 65257, 959, 3, 1, '', 3617.583, 2814.095, 770.7867, 1.762783, 7200, 0, 0), -- 65257 (Area: 5918)
(@CGUID+56, 56926, 959, 3, 1, '', 3719.192, 2671.037, 768.0991, 4.677482, 7200, 0, 0), -- 56926 (Area: 5918)
(@CGUID+57, 56926, 959, 3, 1, '', 3718.191, 2672.696, 768.1005, 4.29351, 7200, 0, 0), -- 56926 (Area: 5918)
(@CGUID+58, 56926, 959, 3, 1, '', 3725.488, 2670.854, 768.1037, 2.513274, 7200, 0, 0), -- 56926 (Area: 5918)
(@CGUID+59, 63717, 959, 3, 1, '', 3606.553, 2777.382, 770.7867, 0.1396263, 7200, 0, 0), -- 63717 (Area: 5918)
(@CGUID+60, 65414, 959, 3, 1, '', 3605.162, 2704.049, 766.8634, 4.416869, 7200, 0, 0), -- 65414 (Area: 5918)
(@CGUID+61, 60162, 959, 3, 1, '', 3574.044, 2732.619, 770.5646, 3.909538, 7200, 0, 0), -- 60162 (Area: 5918)
(@CGUID+62, 60162, 959, 3, 1, '', 3596.132, 2831.04, 771.2275, 3.909538, 7200, 0, 0), -- 60162 (Area: 5918)
(@CGUID+63, 65257, 959, 3, 1, '', 3631.859, 2801.585, 770.7867, 1.762783, 7200, 0, 0), -- 65257 (Area: 5918)
(@CGUID+64, 60162, 959, 3, 1, '', 3585.698, 2815.865, 770.6749, 3.909538, 7200, 0, 0), -- 60162 (Area: 5918)
(@CGUID+65, 65257, 959, 3, 1, '', 3612.307, 2748.528, 768.4209, 1.762783, 7200, 0, 0), -- 65257 (Area: 5918)
(@CGUID+66, 65257, 959, 3, 1, '', 3603.917, 2745.067, 767.0494, 1.762783, 7200, 0, 0), -- 65257 (Area: 5918)
(@CGUID+67, 65257, 959, 3, 1, '', 3623.466, 2781.521, 770.7867, 0.7230355, 7200, 0, 0), -- 65257 (Area: 5918)
(@CGUID+68, 63717, 959, 3, 1, '', 3652.073, 2714.13, 769.6078, 1.32645, 7200, 0, 0), -- 63717 (Area: 5918)
(@CGUID+69, 65414, 959, 3, 1, '', 3634.236, 2682.254, 766.4193, 3.856137, 7200, 0, 0), -- 65414 (Area: 5918)
(@CGUID+70, 65414, 959, 3, 1, '', 3619.572, 2691.956, 766.4191, 1.030406, 7200, 0, 0), -- 65414 (Area: 5918)
(@CGUID+71, 60162, 959, 3, 1, '', 3552.625, 2773.679, 770.8564, 3.909538, 7200, 0, 0), -- 60162 (Area: 5918)
(@CGUID+72, 56754, 959, 3, 1, '', 3829.2, 2927.292, 704.7147, 5.340882, 7200, 0, 0), -- 56754 (Area: 5918)
(@CGUID+73, 63717, 959, 3, 1, '', 3634.703, 2805.587, 770.7867, 4.747295, 7200, 0, 0), -- 63717 (Area: 5918)
(@CGUID+74, 60162, 959, 3, 1, '', 3571.319, 2731.691, 770.5325, 3.909538, 7200, 0, 0), -- 60162 (Area: 5918)
(@CGUID+75, 63717, 959, 3, 1, '', 3638.437, 2763.279, 771.2153, 3.752458, 7200, 0, 0), -- 63717 (Area: 5918)
(@CGUID+76, 65257, 959, 3, 1, '', 3612.584, 2784.314, 770.7867, 1.762783, 7200, 0, 0), -- 65257 (Area: 5918)
(@CGUID+77, 63717, 959, 3, 1, '', 3626.603, 2730.689, 766.4962, 4.34587, 7200, 0, 0), -- 63717 (Area: 5918)
(@CGUID+78, 65257, 959, 3, 1, '', 3590.57, 2747.504, 767.0494, 1.762783, 7200, 0, 0), -- 65257 (Area: 5918)
(@CGUID+79, 60162, 959, 3, 1, '', 3582.835, 2815.601, 770.7164, 3.909538, 7200, 0, 0), -- 60162 (Area: 5918)
(@CGUID+80, 65257, 959, 3, 1, '', 3585.714, 2736.811, 769.3353, 5.88176, 7200, 0, 0), -- 65257 (Area: 5918)
(@CGUID+81, 63717, 959, 3, 1, '', 3611.041, 2682.852, 767.0495, 0.1396263, 7200, 0, 0), -- 63717 (Area: 5918)
(@CGUID+82, 56926, 959, 3, 1, '', 3718.111, 2674.98, 768.095, 3.961897, 7200, 0, 0), -- 56926 (Area: 5918)
(@CGUID+83, 60162, 959, 3, 1, '', 3613.831, 2838.536, 770.5461, 3.909538, 7200, 0, 0), -- 60162 (Area: 5918)
(@CGUID+84, 56926, 959, 3, 1, '', 3720.893, 2678.032, 768.1046, 3.612832, 7200, 0, 0), -- 56926 (Area: 5918)
(@CGUID+85, 63717, 959, 3, 1, '', 3587.234, 2780.345, 770.7867, 1.949844, 7200, 0, 0), -- 63717 (Area: 5918)
(@CGUID+86, 63717, 959, 3, 1, '', 3579.918, 2772.95, 770.7867, 4.34587, 7200, 0, 0), -- 63717 (Area: 5918)
(@CGUID+87, 65414, 959, 3, 1, '', 3635.072, 2652.833, 766.42, 4.164318, 7200, 0, 0), -- 65414 (Area: 5918)
(@CGUID+88, 65257, 959, 3, 1, '', 3643.828, 2779.008, 770.7872, 1.762783, 7200, 0, 0), -- 65257 (Area: 5918)
(@CGUID+89, 60162, 959, 3, 1, '', 3597.773, 2833.387, 771.2283, 3.909538, 7200, 0, 0), -- 60162 (Area: 5918)
(@CGUID+90, 65257, 959, 3, 1, '', 3603.457, 2755.885, 767.9637, 1.762783, 7200, 0, 0), -- 65257 (Area: 5918)
(@CGUID+91, 65257, 959, 3, 1, '', 3625.584, 2812.766, 770.7867, 1.364937, 7200, 0, 0), -- 65257 (Area: 5918)
(@CGUID+92, 65257, 959, 3, 1, '', 3588.149, 2784.818, 770.7867, 1.762783, 7200, 0, 0), -- 65257 (Area: 5918)
(@CGUID+93, 65414, 959, 3, 1, '', 3623.405, 2721.75, 766.4222, 5.065394, 7200, 0, 0), -- 65414 (Area: 5918)
(@CGUID+94, 60162, 959, 3, 1, '', 3611.617, 2840.213, 770.562, 3.909538, 7200, 0, 0), -- 60162 (Area: 5918)
(@CGUID+95, 56926, 959, 3, 1, '', 3725.865, 2677.045, 768.104, 3.228859, 7200, 0, 0), -- 56926 (Area: 5918)
(@CGUID+96, 60162, 959, 3, 1, '', 3552.891, 2770.925, 770.8438, 3.909538, 7200, 0, 0), -- 60162 (Area: 5918)
(@CGUID+97, 64550, 959, 3, 1, '', 3694.095, 2874.906, 804.4147, 0, 7200, 0, 0), -- 64550 (Area: 5918)
(@CGUID+98, 65407, 959, 3, 1, '', 3647.016, 2932.76, 804.242, 4.161023, 7200, 0, 0), -- 65407 (Area: 5918)
(@CGUID+99, 60162, 959, 3, 1, '', 3643.448, 2932.225, 803.9857, 3.909538, 7200, 0, 0), -- 60162 (Area: 5918)
(@CGUID+100, 60162, 959, 3, 1, '', 3638.63, 2934.588, 803.8209, 3.909538, 7200, 0, 0), -- 60162 (Area: 5918)
(@CGUID+101, 65407, 959, 3, 1, '', 3644.3, 2934.383, 804.2173, 4.336534, 7200, 0, 0), -- 65407 (Area: 5918)
(@CGUID+102, 65407, 959, 3, 1, '', 3635.552, 2937.166, 804.2173, 4.808626, 7200, 0, 0), -- 65407 (Area: 5918)
(@CGUID+103, 60162, 959, 3, 1, '', 3635.8, 2934.594, 803.9337, 3.909538, 7200, 0, 0), -- 60162 (Area: 5918)
(@CGUID+104, 56719, 959, 3, 1, '', 3996.92, 2905.266, 770.3939, 1.815142, 7200, 0, 0), -- 56719 (Area: 5918)
(@CGUID+105, 60162, 959, 3, 1, '', 3645.885, 2930.922, 803.9277, 3.909538, 7200, 0, 0), -- 60162 (Area: 5918)
(@CGUID+106, 65407, 959, 3, 1, '', 3638.725, 2937.041, 804.2173, 4.673794, 7200, 0, 0), -- 65407 (Area: 5918)
(@CGUID+107, 60162, 959, 3, 1, '', 3610.849, 2943.624, 803.9901, 3.909538, 7200, 0, 0), -- 60162 (Area: 5918)
(@CGUID+108, 60162, 959, 3, 1, '', 3612.776, 2941.586, 803.9809, 3.909538, 7200, 0, 0), -- 60162 (Area: 5918)
(@CGUID+109, 65407, 959, 3, 1, '', 3612.563, 2945.232, 804.2173, 3.895024, 7200, 0, 0), -- 65407 (Area: 5918)
(@CGUID+110, 65407, 959, 3, 1, '', 3614.751, 2942.871, 804.2173, 3.718328, 7200, 0, 0), -- 65407 (Area: 5918)
(@CGUID+111, 65407, 959, 3, 1, '', 3613.953, 2953.321, 804.2173, 3.237213, 7200, 0, 0), -- 65407 (Area: 5918)
(@CGUID+112, 65407, 959, 3, 1, '', 3613.806, 2956.516, 804.2173, 3.293252, 7200, 0, 0), -- 65407 (Area: 5918)
(@CGUID+113, 60162, 959, 3, 1, '', 3611.386, 2953.337, 803.948, 3.909538, 7200, 0, 0), -- 60162 (Area: 5918)
(@CGUID+114, 60162, 959, 3, 1, '', 3611.267, 2956.128, 803.9904, 3.909538, 7200, 0, 0), -- 60162 (Area: 5918)
(@CGUID+115, 60162, 959, 3, 1, '', 3611.484, 2967.459, 804.1345, 3.909538, 7200, 0, 0), -- 60162 (Area: 5918)
(@CGUID+116, 65407, 959, 3, 1, '', 3613.736, 2966.928, 804.2173, 2.909898, 7200, 0, 0), -- 65407 (Area: 5918)
(@CGUID+117, 60162, 959, 3, 1, '', 3611.868, 2970.229, 804.1962, 3.909538, 7200, 0, 0), -- 60162 (Area: 5918)
(@CGUID+118, 65407, 959, 3, 1, '', 3614.27, 2970.01, 804.2701, 3.050364, 7200, 0, 0), -- 65407 (Area: 5918)
(@CGUID+119, 56397, 959, 3, 1, '', 3671.501, 2996.788, 804.301, 2.513274, 7200, 0, 0), -- 56397 (Area: 5918)
(@CGUID+120, 56397, 959, 3, 1, '', 3653.328, 2996.267, 804.301, 0.9424778, 7200, 0, 0), -- 56397 (Area: 5918)
(@CGUID+121, 56397, 959, 3, 1, '', 3668.017, 2998.532, 804.301, 2.094395, 7200, 0, 0), -- 56397 (Area: 5918)
(@CGUID+122, 56397, 959, 3, 1, '', 3654.166, 2997.306, 804.301, 1.32645, 7200, 0, 0), -- 56397 (Area: 5918)
(@CGUID+123, 65407, 959, 3, 1, '', 3627.312, 2982.595, 804.7161, 5.131939, 7200, 0, 0), -- 65407 (Area: 5918)
(@CGUID+124, 56397, 959, 3, 1, '', 3659.935, 2997.272, 804.301, 1.64061, 7200, 0, 0), -- 56397 (Area: 5918)
(@CGUID+125, 56397, 959, 3, 1, '', 3658.03, 2993.084, 804.301, 0.9250245, 7200, 0, 0), -- 56397 (Area: 5918)
(@CGUID+126, 56397, 959, 3, 1, '', 3669.287, 2994.167, 804.301, 2.530727, 7200, 0, 0), -- 56397 (Area: 5918)
(@CGUID+127, 56397, 959, 3, 1, '', 3655.872, 2994.626, 804.301, 0.9424778, 7200, 0, 0), -- 56397 (Area: 5918)
(@CGUID+128, 56397, 959, 3, 1, '', 3665.415, 2997.929, 804.301, 1.954769, 7200, 0, 0), -- 56397 (Area: 5918)
(@CGUID+129, 56397, 959, 3, 1, '', 3657.037, 2996.853, 804.301, 1.48353, 7200, 0, 0), -- 56397 (Area: 5918)
(@CGUID+130, 56397, 959, 3, 1, '', 3660.583, 2991.598, 804.301, 0.9250245, 7200, 0, 0), -- 56397 (Area: 5918)
(@CGUID+131, 56397, 959, 3, 1, '', 3662.648, 2997.627, 804.301, 1.797689, 7200, 0, 0), -- 56397 (Area: 5918)
(@CGUID+132, 56505, 959, 3, 1, '', 3659.065, 3015.302, 804.7445, 0.9424778, 7200, 0, 0), -- 56505 (Area: 5918)
(@CGUID+133, 56397, 959, 3, 1, '', 3681.216, 3010.18, 804.301, 2.513274, 7200, 0, 0), -- 56397 (Area: 5918)
(@CGUID+134, 56397, 959, 3, 1, '', 3640.557, 3016.126, 804.301, 6.213372, 7200, 0, 0), -- 56397 (Area: 5918)
(@CGUID+135, 56397, 959, 3, 1, '', 3640.556, 3005.481, 804.301, 0.9599311, 7200, 0, 0), -- 56397 (Area: 5918)
(@CGUID+136, 56397, 959, 3, 1, '', 3641.462, 3010.644, 804.301, 0.2443461, 7200, 0, 0), -- 56397 (Area: 5918)
(@CGUID+137, 56397, 959, 3, 1, '', 3635.087, 3009.649, 804.301, 0.9250245, 7200, 0, 0), -- 56397 (Area: 5918)
(@CGUID+138, 56397, 959, 3, 1, '', 3643.07, 3005.337, 804.301, 0.5585054, 7200, 0, 0), -- 56397 (Area: 5918)
(@CGUID+139, 56397, 959, 3, 1, '', 3640.443, 3018.637, 804.301, 6.073746, 7200, 0, 0), -- 56397 (Area: 5918)
(@CGUID+140, 56397, 959, 3, 1, '', 3643.01, 3003.739, 804.301, 0.9599311, 7200, 0, 0), -- 56397 (Area: 5918)
(@CGUID+141, 56397, 959, 3, 1, '', 3640.815, 3013.26, 804.301, 0.08726646, 7200, 0, 0), -- 56397 (Area: 5918)
(@CGUID+142, 56397, 959, 3, 1, '', 3677.563, 3011.368, 804.301, 2.949606, 7200, 0, 0), -- 56397 (Area: 5918)
(@CGUID+143, 56397, 959, 3, 1, '', 3637.713, 3007.628, 804.301, 0.9250245, 7200, 0, 0), -- 56397 (Area: 5918)
(@CGUID+144, 56397, 959, 3, 1, '', 3642.075, 3007.946, 804.301, 0.4014257, 7200, 0, 0), -- 56397 (Area: 5918)
(@CGUID+145, 56397, 959, 3, 1, '', 3634.97, 3018.464, 804.301, 5.654867, 7200, 0, 0), -- 56397 (Area: 5918)
(@CGUID+146, 56397, 959, 3, 1, '', 3659.08, 3015.392, 804.7445, 0.9424778, 7200, 0, 0), -- 56397 (Area: 5918)
(@CGUID+147, 56397, 959, 3, 1, '', 3671.851, 3006.388, 804.6788, 2.513274, 7200, 0, 0), -- 56397 (Area: 5918)
(@CGUID+148, 64549, 959, 3, 1, '', 3672.592, 3001.217, 863.0065, 5.047821, 7200, 0, 0), -- 64549 (Area: 5918)
(@CGUID+149, 64549, 959, 3, 1, '', 3657.862, 2999.016, 862.1657, 4.525599, 7200, 0, 0), -- 64549 (Area: 5918)
(@CGUID+150, 64549, 959, 3, 1, '', 3669.904, 2977.302, 873.6746, 4.871091, 7200, 0, 0), -- 64549 (Area: 5918)
(@CGUID+151, 56397, 959, 3, 1, '', 3660.629, 3033.71, 804.301, 4.590216, 7200, 0, 0), -- 56397 (Area: 5918)
(@CGUID+152, 56397, 959, 3, 1, '', 3657.503, 3033.457, 804.301, 4.747295, 7200, 0, 0), -- 56397 (Area: 5918)
(@CGUID+153, 56397, 959, 3, 1, '', 3636.711, 3021.359, 804.301, 5.654867, 7200, 0, 0), -- 56397 (Area: 5918)
(@CGUID+154, 56397, 959, 3, 1, '', 3662.039, 3036.031, 804.301, 4.08407, 7200, 0, 0), -- 56397 (Area: 5918)
(@CGUID+155, 56397, 959, 3, 1, '', 3646.395, 3024.519, 804.6788, 5.654867, 7200, 0, 0), -- 56397 (Area: 5918)
(@CGUID+156, 56397, 959, 3, 1, '', 3675.176, 3026.891, 804.301, 4.08407, 7200, 0, 0), -- 56397 (Area: 5918)
(@CGUID+157, 56397, 959, 3, 1, '', 3651.47, 3032.632, 804.301, 5.078908, 7200, 0, 0), -- 56397 (Area: 5918)
(@CGUID+158, 56397, 959, 3, 1, '', 3682.783, 3021.063, 804.301, 4.066617, 7200, 0, 0), -- 56397 (Area: 5918)
(@CGUID+159, 56397, 959, 3, 1, '', 3683.095, 3012.874, 804.301, 2.513274, 7200, 0, 0), -- 56397 (Area: 5918)
(@CGUID+160, 56397, 959, 3, 1, '', 3663.768, 3033.455, 804.301, 4.415683, 7200, 0, 0), -- 56397 (Area: 5918)
(@CGUID+161, 56397, 959, 3, 1, '', 3676.131, 3020.285, 804.301, 3.420845, 7200, 0, 0), -- 56397 (Area: 5918)
(@CGUID+162, 56397, 959, 3, 1, '', 3674.148, 3026.05, 804.301, 3.735005, 7200, 0, 0), -- 56397 (Area: 5918)
(@CGUID+163, 56397, 959, 3, 1, '', 3648.346, 3037.329, 804.301, 5.67232, 7200, 0, 0), -- 56397 (Area: 5918)
(@CGUID+164, 56397, 959, 3, 1, '', 3659.717, 3037.728, 804.301, 4.066617, 7200, 0, 0), -- 56397 (Area: 5918)
(@CGUID+165, 56397, 959, 3, 1, '', 3680.151, 3023.084, 804.301, 4.066617, 7200, 0, 0), -- 56397 (Area: 5918)
(@CGUID+166, 56397, 959, 3, 1, '', 3677.134, 3014.331, 804.301, 3.089233, 7200, 0, 0), -- 56397 (Area: 5918)
(@CGUID+167, 56397, 959, 3, 1, '', 3677.581, 3025.083, 804.301, 4.08407, 7200, 0, 0), -- 56397 (Area: 5918)
(@CGUID+168, 56397, 959, 3, 1, '', 3664.347, 3034.389, 804.301, 4.08407, 7200, 0, 0), -- 56397 (Area: 5918)
(@CGUID+169, 56397, 959, 3, 1, '', 3648.459, 3031.567, 804.301, 5.253441, 7200, 0, 0), -- 56397 (Area: 5918)
(@CGUID+170, 56397, 959, 3, 1, '', 3676.648, 3017.297, 804.301, 3.246312, 7200, 0, 0), -- 56397 (Area: 5918)
(@CGUID+171, 56397, 959, 3, 1, '', 3675.407, 3023.165, 804.301, 3.577925, 7200, 0, 0), -- 56397 (Area: 5918)
(@CGUID+172, 56397, 959, 3, 1, '', 3646.217, 3034.396, 804.301, 5.67232, 7200, 0, 0), -- 56397 (Area: 5918)
(@CGUID+173, 56397, 959, 3, 1, '', 3657.274, 3039.428, 804.301, 4.066617, 7200, 0, 0), -- 56397 (Area: 5918)
(@CGUID+174, 56397, 959, 3, 1, '', 3654.269, 3033.102, 804.301, 4.939282, 7200, 0, 0), -- 56397 (Area: 5918)
(@CGUID+175, 59895, 959, 3, 1, '', 3986.431, 2896.915, 770.3939, 0.9280962, 7200, 0, 0), -- 59895 (Area: 5918)
(@CGUID+176, 59895, 959, 3, 1, '', 3979.493, 2906.236, 770.3939, 6.261502, 7200, 0, 0), -- 59895 (Area: 5918)
(@CGUID+177, 56764, 959, 3, 1, '', 3721.058, 3163.07, 812.7978, 5.289249, 7200, 5, 1), -- 56764 (Area: 5918) (possible waypoints or random movement)
(@CGUID+178, 56763, 959, 3, 1, '', 3722.344, 3164.467, 812.7603, 6.110022, 7200, 0, 0), -- 56763 (Area: 5918)
(@CGUID+179, 56766, 959, 3, 1, '', 3948.691, 3027.252, 780.2998, 2.631336, 7200, 5, 1), -- 56766 (Area: 5918) (possible waypoints or random movement)
(@CGUID+180, 56765, 959, 3, 1, '', 3691.381, 3182.572, 813.3412, 3.886729, 7200, 5, 1), -- 56765 (Area: 5918) (possible waypoints or random movement)
(@CGUID+181, 56764, 959, 3, 1, '', 3695.771, 3167.993, 812.9366, 1.68624, 7200, 5, 1), -- 56764 (Area: 5918) (possible waypoints or random movement)
(@CGUID+182, 56765, 959, 3, 1, '', 3698.306, 3189.016, 813.3429, 3.129388, 7200, 5, 1), -- 56765 (Area: 5918) (possible waypoints or random movement)
(@CGUID+183, 56766, 959, 3, 1, '', 3821.465, 3156.673, 795.5256, 2.477738, 7200, 5, 1), -- 56766 (Area: 5918) (possible waypoints or random movement)
(@CGUID+184, 56763, 959, 3, 1, '', 3695.575, 3178.164, 812.929, 1.584279, 7200, 5, 1), -- 56763 (Area: 5918) (possible waypoints or random movement)
(@CGUID+185, 56766, 959, 3, 1, '', 3935.7, 3049.103, 780.7527, 2.12981, 7200, 5, 1), -- 56766 (Area: 5918) (possible waypoints or random movement)
(@CGUID+186, 56764, 959, 3, 1, '', 3724.802, 3175.983, 812.2855, 1.396759, 7200, 0, 0), -- 56764 (Area: 5918)
(@CGUID+187, 56765, 959, 3, 1, '', 3736.931, 3169.966, 812.0878, 0.6942988, 7200, 5, 1), -- 56765 (Area: 5918) (possible waypoints or random movement)
(@CGUID+188, 56766, 959, 3, 1, '', 3864.284, 3142.988, 785.1119, 2.933599, 7200, 0, 0), -- 56766 (Area: 5918)
(@CGUID+189, 56763, 959, 3, 1, '', 3772.297, 3197.275, 807.3269, 0.3454651, 7200, 5, 1), -- 56763 (Area: 5918) (possible waypoints or random movement)
(@CGUID+190, 56764, 959, 3, 1, '', 3763.987, 3203.039, 806.5573, 3.091308, 7200, 5, 1), -- 56764 (Area: 5918) (possible waypoints or random movement)
(@CGUID+191, 56766, 959, 3, 1, '', 3882.711, 3121.865, 774.0259, 3.740721, 7200, 0, 0), -- 56766 (Area: 5918)
(@CGUID+192, 56765, 959, 3, 1, '', 3729.244, 3204.464, 811.3261, 2.43472, 7200, 5, 1), -- 56765 (Area: 5918) (possible waypoints or random movement)
(@CGUID+193, 56764, 959, 3, 1, '', 3723.182, 3204.771, 811.2878, 3.018757, 7200, 5, 1), -- 56764 (Area: 5918) (possible waypoints or random movement)
(@CGUID+194, 56766, 959, 3, 1, '', 3826.53, 3158.843, 795.5231, 5.257188, 7200, 5, 1), -- 56766 (Area: 5918) (possible waypoints or random movement)
(@CGUID+195, 56763, 959, 3, 1, '', 3840.819, 3159.771, 795.5141, 5.404603, 7200, 5, 1), -- 56763 (Area: 5918) (possible waypoints or random movement)
(@CGUID+196, 56763, 959, 3, 1, '', 3718.147, 3210.563, 811.5026, 0.7827335, 7200, 5, 1), -- 56763 (Area: 5918) (possible waypoints or random movement)
(@CGUID+197, 56765, 959, 3, 1, '', 3730.871, 3204.028, 811.2878, 5.245665, 7200, 5, 1), -- 56765 (Area: 5918) (possible waypoints or random movement)
(@CGUID+198, 56765, 959, 3, 1, '', 3769.231, 3195.256, 807.506, 3.74014, 7200, 5, 1), -- 56765 (Area: 5918) (possible waypoints or random movement)
(@CGUID+199, 56766, 959, 3, 1, '', 3772.143, 3188.537, 808.7367, 6.152313, 7200, 5, 1), -- 56766 (Area: 5918) (possible waypoints or random movement)
(@CGUID+200, 56766, 959, 3, 1, '', 3909.957, 3106.212, 775.6346, 2.703445, 7200, 5, 1), -- 56766 (Area: 5918) (possible waypoints or random movement)
(@CGUID+201, 56766, 959, 3, 1, '', 3724.756, 3219.912, 811.9804, 5.823583, 7200, 5, 1), -- 56766 (Area: 5918) (possible waypoints or random movement)
(@CGUID+202, 56765, 959, 3, 1, '', 3773.441, 3213.709, 806.0245, 0.3422366, 7200, 5, 1), -- 56765 (Area: 5918) (possible waypoints or random movement)
(@CGUID+203, 56765, 959, 3, 1, '', 3927.412, 3076.337, 776.9488, 4.425392, 7200, 5, 1), -- 56765 (Area: 5918) (possible waypoints or random movement)
(@CGUID+204, 56766, 959, 3, 1, '', 3840.495, 3174.022, 795.5213, 1.720184, 7200, 5, 1), -- 56766 (Area: 5918) (possible waypoints or random movement)
(@CGUID+205, 56766, 959, 3, 1, '', 3838.927, 3172.64, 795.5226, 0.03674586, 7200, 5, 1), -- 56766 (Area: 5918) (possible waypoints or random movement)
(@CGUID+206, 56766, 959, 3, 1, '', 3913.146, 3102.239, 776.3624, 6.280637, 7200, 5, 1), -- 56766 (Area: 5918) (possible waypoints or random movement)
(@CGUID+207, 56763, 959, 3, 1, '', 3727.363, 3241.892, 808.4326, 5.020233, 7200, 5, 1), -- 56763 (Area: 5918) (possible waypoints or random movement)
(@CGUID+208, 56764, 959, 3, 1, '', 3740.181, 3249.289, 809.3413, 2.756191, 7200, 5, 1), -- 56764 (Area: 5918) (possible waypoints or random movement)
(@CGUID+209, 56764, 959, 3, 1, '', 3739.367, 3248.908, 809.2246, 3.256134, 7200, 5, 1), -- 56764 (Area: 5918) (possible waypoints or random movement)
(@CGUID+210, 56765, 959, 3, 1, '', 3821.531, 3205.89, 795.7994, 3.881996, 7200, 5, 1), -- 56765 (Area: 5918) (possible waypoints or random movement)
(@CGUID+211, 56870, 959, 3, 1, '', 3680.953, 3045.66, 816.2844, 4.066617, 7200, 0, 0), -- 56870 (Area: 5918)
(@CGUID+212, 56766, 959, 3, 1, '', 3917.771, 3102.763, 776.4445, 2.509265, 7200, 5, 1), -- 56766 (Area: 5918) (possible waypoints or random movement)
(@CGUID+213, 56765, 959, 3, 1, '', 3820.317, 3233.403, 795.5295, 5.864573, 7200, 5, 1), -- 56765 (Area: 5918) (possible waypoints or random movement)
(@CGUID+214, 56763, 959, 3, 1, '', 3822.645, 3225.099, 795.5297, 3.945041, 7200, 5, 1), -- 56763 (Area: 5918) (possible waypoints or random movement)
(@CGUID+215, 56765, 959, 3, 1, '', 3939.604, 3079.176, 776.9732, 5.534431, 7200, 5, 1), -- 56765 (Area: 5918) (possible waypoints or random movement)
(@CGUID+216, 56766, 959, 3, 1, '', 3825.521, 3226.041, 795.53, 3.846637, 7200, 5, 1), -- 56766 (Area: 5918) (possible waypoints or random movement)
(@CGUID+217, 56764, 959, 3, 1, '', 3839.239, 3214.092, 795.53, 2.152696, 7200, 5, 1), -- 56764 (Area: 5918) (possible waypoints or random movement)
(@CGUID+218, 56765, 959, 3, 1, '', 3935.518, 3088.863, 776.4836, 0.7452779, 7200, 5, 1), -- 56765 (Area: 5918) (possible waypoints or random movement)
(@CGUID+219, 56766, 959, 3, 1, '', 3954.067, 3060.878, 779.857, 0, 7200, 5, 1), -- 56766 (Area: 5918) (possible waypoints or random movement)
(@CGUID+220, 56395, 959, 3, 1, '', 3688.034, 3055.692, 816.2844, 4.088831, 7200, 0, 0), -- 56395 (Area: 5918)
(@CGUID+221, 56395, 959, 3, 1, '', 3675.101, 3066.987, 816.2844, 4.39428, 7200, 0, 0), -- 56395 (Area: 5918)
(@CGUID+222, 56395, 959, 3, 1, '', 3708.556, 3039.598, 816.2844, 3.462684, 7200, 0, 0), -- 56395 (Area: 5918)
(@CGUID+223, 56395, 959, 3, 1, '', 3699.198, 3049.617, 816.2844, 4.731448, 7200, 0, 0), -- 56395 (Area: 5918)
(@CGUID+224, 56395, 959, 3, 1, '', 3668.958, 3070.813, 816.2844, 3.959627, 7200, 0, 0), -- 56395 (Area: 5918)
(@CGUID+225, 56395, 959, 3, 1, '', 3688.034, 3055.692, 816.2844, 4.088831, 7200, 0, 0), -- 56395 (Area: 5918)
(@CGUID+226, 56395, 959, 3, 1, '', 3675.101, 3066.987, 816.2844, 4.39428, 7200, 0, 0), -- 56395 (Area: 5918)
(@CGUID+227, 56395, 959, 3, 1, '', 3668.958, 3070.813, 816.2844, 3.959627, 7200, 0, 0), -- 56395 (Area: 5918)
(@CGUID+228, 56395, 959, 3, 1, '', 3699.198, 3049.617, 816.2844, 4.731448, 7200, 0, 0), -- 56395 (Area: 5918)
(@CGUID+229, 56395, 959, 3, 1, '', 3708.556, 3039.598, 816.2844, 3.462684, 7200, 0, 0), -- 56395 (Area: 5918)
(@CGUID+230, 56395, 959, 3, 1, '', 3688.034, 3055.692, 816.2844, 4.088831, 7200, 0, 0), -- 56395 (Area: 5918)
(@CGUID+231, 56395, 959, 3, 1, '', 3675.101, 3066.987, 816.2844, 4.39428, 7200, 0, 0), -- 56395 (Area: 5918)
(@CGUID+232, 56395, 959, 3, 1, '', 3668.958, 3070.813, 816.2844, 3.959627, 7200, 0, 0), -- 56395 (Area: 5918)
(@CGUID+233, 56395, 959, 3, 1, '', 3699.198, 3049.617, 816.2844, 4.731448, 7200, 0, 0), -- 56395 (Area: 5918)
(@CGUID+234, 56395, 959, 3, 1, '', 3688.034, 3055.692, 816.2844, 4.088831, 7200, 0, 0), -- 56395 (Area: 5918)
(@CGUID+235, 56395, 959, 3, 1, '', 3708.556, 3039.598, 816.2844, 3.462684, 7200, 0, 0), -- 56395 (Area: 5918)
(@CGUID+236, 56395, 959, 3, 1, '', 3675.101, 3066.987, 816.2844, 4.39428, 7200, 0, 0), -- 56395 (Area: 5918)
(@CGUID+237, 56395, 959, 3, 1, '', 3668.958, 3070.813, 816.2844, 3.959627, 7200, 0, 0), -- 56395 (Area: 5918)
(@CGUID+238, 56395, 959, 3, 1, '', 3708.556, 3039.598, 816.2844, 3.462684, 7200, 0, 0), -- 56395 (Area: 5918)
(@CGUID+239, 56395, 959, 3, 1, '', 3699.198, 3049.617, 816.2844, 4.731448, 7200, 0, 0), -- 56395 (Area: 5918)
(@CGUID+240, 56395, 959, 3, 1, '', 3675.101, 3066.987, 816.2844, 4.39428, 7200, 0, 0), -- 56395 (Area: 5918)
(@CGUID+241, 56395, 959, 3, 1, '', 3688.034, 3055.692, 816.2844, 4.088831, 7200, 0, 0), -- 56395 (Area: 5918)
(@CGUID+242, 56395, 959, 3, 1, '', 3668.958, 3070.813, 816.2844, 3.959627, 7200, 0, 0), -- 56395 (Area: 5918)
(@CGUID+243, 56766, 959, 3, 1, '', 3959.097, 3041.58, 779.8159, 3.079467, 7200, 5, 1), -- 56766 (Area: 5918) (possible waypoints or random movement)
(@CGUID+244, 56395, 959, 3, 1, '', 3699.087, 3049.459, 816.2844, 4.742403, 7200, 0, 0), -- 56395 (Area: 5918)
(@CGUID+245, 56473, 959, 3, 1, '', 3683.729, 3053.945, 816.2844, 3.939625, 7200, 0, 0), -- 56473 (Area: 5918)
(@CGUID+246, 56678, -1, 3, 1, '', -0.3, 0, 0, 0, 7200, 5, 1), -- 56678 (Area: 5918) (possible waypoints or random movement)
(@CGUID+247, 56472, 959, 3, 1, '', 3687.766, 3051.301, 816.2844, 4.231089, 7200, 0, 0), -- 56472 (Area: 5918)
(@CGUID+248, 56397, 959, 3, 1, '', 3721.308, 3055.506, 816.2844, 2.181662, 7200, 0, 0), -- 56397 (Area: 5918)
(@CGUID+249, 56397, 959, 3, 1, '', 3727.035, 3063.387, 816.2844, 2.513274, 7200, 0, 0), -- 56397 (Area: 5918)
(@CGUID+250, 56397, 959, 3, 1, '', 3708.903, 3053.077, 816.2844, 1.727876, 7200, 0, 0), -- 56397 (Area: 5918)
(@CGUID+251, 56397, 959, 3, 1, '', 3721.763, 3079.01, 817.4025, 3.577925, 7200, 0, 0), -- 56397 (Area: 5918)
(@CGUID+252, 56397, 959, 3, 1, '', 3682.177, 3095.406, 816.2844, 5.654867, 7200, 0, 0), -- 56397 (Area: 5918)
(@CGUID+253, 56397, 959, 3, 1, '', 3698.886, 3096.13, 817.4025, 4.677482, 7200, 0, 0), -- 56397 (Area: 5918)
(@CGUID+254, 56397, 959, 3, 1, '', 3687.701, 3102.995, 816.2844, 5.323254, 7200, 0, 0), -- 56397 (Area: 5918)
(@CGUID+255, 56397, 959, 3, 1, '', 3685.204, 3069.76, 816.2844, 0.4363323, 7200, 0, 0), -- 56397 (Area: 5918)
(@CGUID+256, 56397, 959, 3, 1, '', 3676.546, 3087.54, 816.2844, 5.986479, 7200, 0, 0), -- 56397 (Area: 5918)
(@CGUID+257, 56397, 959, 3, 1, '', 3671.046, 3079.678, 816.2844, 6.265732, 7200, 0, 0), -- 56397 (Area: 5918)
(@CGUID+258, 56397, 959, 3, 1, '', 3715.93, 3047.7, 816.2844, 1.902409, 7200, 0, 0), -- 56397 (Area: 5918)
(@CGUID+259, 56397, 959, 3, 1, '', 3693.595, 3063.717, 816.2844, 1.047198, 7200, 0, 0), -- 56397 (Area: 5918)
(@CGUID+260, 56397, 959, 3, 1, '', 3701.891, 3057.743, 816.2844, 1.43117, 7200, 0, 0), -- 56397 (Area: 5918)
(@CGUID+261, 56397, 959, 3, 1, '', 3678.134, 3074.602, 816.2844, 0.1570796, 7200, 0, 0), -- 56397 (Area: 5918)
(@CGUID+262, 56397, 959, 3, 1, '', 3700.188, 3099.283, 817.4025, 5.332415, 7200, 0, 0), -- 56397 (Area: 5918)
(@CGUID+263, 56397, 959, 3, 1, '', 3694.821, 3065.563, 816.2844, 0.9424778, 7200, 0, 0), -- 56397 (Area: 5918)
(@CGUID+264, 56397, 959, 3, 1, '', 3719.421, 3062.312, 815.7065, 1.884956, 7200, 0, 0), -- 56397 (Area: 5918)
(@CGUID+265, 56397, 959, 3, 1, '', 3725.688, 3083.973, 817.4025, 2.879793, 7200, 0, 0), -- 56397 (Area: 5918)
(@CGUID+266, 56397, 959, 3, 1, '', 3683.372, 3087.663, 815.7065, 0, 7200, 0, 0), -- 56397 (Area: 5918)
(@CGUID+267, 56397, 959, 3, 1, '', 3715.841, 3103.935, 817.4025, 4.34587, 7200, 0, 0), -- 56397 (Area: 5918)
(@CGUID+268, 56397, 959, 3, 1, '', 3723.821, 3097.91, 817.4025, 3.822271, 7200, 0, 0), -- 56397 (Area: 5918)
(@CGUID+269, 67229, 959, 3, 1, '', 3713.398, 3091.716, 834.832, 0, 7200, 0, 0), -- 67229 (Area: 5918)
(@CGUID+270, 56397, 959, 3, 1, '', 3732.403, 3071.087, 816.2844, 2.844887, 7200, 0, 0), -- 56397 (Area: 5918)
(@CGUID+271, 56397, 959, 3, 1, '', 3718.041, 3097.977, 817.4025, 4.066617, 7200, 0, 0), -- 56397 (Area: 5918)
(@CGUID+272, 56397, 959, 3, 1, '', 3719.587, 3100.154, 817.4025, 4.08407, 7200, 0, 0), -- 56397 (Area: 5918)
(@CGUID+273, 56766, 959, 3, 1, '', 3972.371, 3070.4, 782.4536, 6.000056, 7200, 5, 1), -- 56766 (Area: 5918) (possible waypoints or random movement)
(@CGUID+274, 56766, 959, 3, 1, '', 3966.873, 3077.489, 781.3198, 2.053227, 7200, 5, 1), -- 56766 (Area: 5918) (possible waypoints or random movement)
(@CGUID+275, 56541, 959, 3, 1, '', 3713.436, 3091.417, 817.4025, 4.08407, 7200, 0, 0), -- 56541 (Area: 5918)
(@CGUID+276, 56766, 959, 3, 1, '', 3978.283, 2979.466, 780.0087, 2.249917, 7200, 5, 1), -- 56766 (Area: 5918) (possible waypoints or random movement)
(@CGUID+277, 56766, 959, 3, 1, '', 3988.403, 3054.754, 783.2657, 1.710578, 7200, 5, 1), -- 56766 (Area: 5918) (possible waypoints or random movement)
(@CGUID+278, 56766, 959, 3, 1, '', 3977.798, 2979.296, 780.0087, 4.598754, 7200, 5, 1), -- 56766 (Area: 5918) (possible waypoints or random movement)
(@CGUID+279, 56766, 959, 3, 1, '', 3978.927, 2979.928, 780.0087, 5.223952, 7200, 5, 1), -- 56766 (Area: 5918) (possible waypoints or random movement)
(@CGUID+280, 56766, 959, 3, 1, '', 3978.802, 2980.192, 780.0087, 6.238689, 7200, 5, 1), -- 56766 (Area: 5918) (possible waypoints or random movement)
(@CGUID+281, 56766, 959, 3, 1, '', 3977.187, 2981.446, 780.0087, 6.232646, 7200, 5, 1), -- 56766 (Area: 5918) (possible waypoints or random movement)
(@CGUID+282, 56767, 959, 3, 1, '', 3972.184, 2973.828, 832.2287, 1.80009, 7200, 0, 0), -- 56767 (Area: 5918)
(@CGUID+283, 56767, 959, 3, 1, '', 3979.585, 2975.591, 832.3574, 1.848728, 7200, 0, 0), -- 56767 (Area: 5918)
(@CGUID+284, 56767, 959, 3, 1, '', 3985.517, 2977.199, 832.2299, 1.853007, 7200, 0, 0), -- 56767 (Area: 5918)
(@CGUID+285, 59895, 959, 3, 1, '', 3989.552, 2919.235, 770.3939, 5.212962, 7200, 0, 0), -- 59895 (Area: 5918)
(@CGUID+286, 59895, 959, 3, 1, '', 3998.926, 2911.883, 770.3939, 4.457644, 7200, 0, 0), -- 59895 (Area: 5918)
(@CGUID+287, 59895, 959, 3, 1, '', 4011.004, 2898.731, 770.3939, 2.087941, 7200, 0, 0), -- 59895 (Area: 5918)
(@CGUID+288, 59895, 959, 3, 1, '', 4018.17, 2907.755, 770.6769, 2.552457, 7200, 0, 0), -- 59895 (Area: 5918)
(@CGUID+289, 59895, 959, 3, 1, '', 4009.258, 2919.432, 770.3939, 4.016242, 7200, 0, 0), -- 59895 (Area: 5918)
(@CGUID+290, 59895, 959, 3, 1, '', 3992.267, 2910.227, 770.3939, 5.436875, 7200, 0, 0), -- 59895 (Area: 5918)
(@CGUID+291, 56765, 959, 3, 1, '', 4072.601, 2923.982, 780.092, 0, 7200, 5, 1), -- 56765 (Area: 5918) (possible waypoints or random movement)
(@CGUID+292, 56765, 959, 3, 1, '', 4072.582, 2923.972, 780.092, 0, 7200, 5, 1), -- 56765 (Area: 5918) (possible waypoints or random movement)
(@CGUID+293, 58201, 959, 3, 1, '', 4015.661, 2829.42, 780.092, 0, 7200, 5, 1), -- 58201 (Area: 5918) (possible waypoints or random movement)
(@CGUID+294, 6491, 870, 1, 1, '1061 - 1062 - 972', 3527.47, 2704.003, 756.7897, 5.210021, 120, 0, 0), -- 6491 (Area: 5841)
(@CGUID+295, 58807, 959, 3, 1, '', 3831.624, 2720.05, 743.7786, 1.204277, 7200, 0, 0), -- 58807 (Area: 5918)
(@CGUID+296, 58812, 959, 3, 1, '', 3837.397, 2776.084, 745.6761, 0, 7200, 0, 0), -- 58812 (Area: 5918)
(@CGUID+297, 59036, 959, 3, 1, '', 3875.307, 2860.828, 756.153, 6.108652, 7200, 0, 0), -- 59036 (Area: 5918)
(@CGUID+298, 58810, 959, 3, 1, '', 3856.253, 2846.979, 754.8735, 1.204277, 7200, 0, 0), -- 58810 (Area: 5918)
(@CGUID+299, 58794, 959, 3, 1, '', 3909.857, 2873.789, 773.1833, 2.592345, 7200, 0, 0), -- 58794 (Area: 5918)
(@CGUID+300, 59036, 959, 3, 1, '', 3859.081, 2588.911, 754.6183, 0.2105927, 7200, 0, 0), -- 59036 (Area: 5918)
(@CGUID+301, 59036, 959, 3, 1, '', 3859.806, 2596.021, 754.6183, 5.832798, 7200, 0, 0), -- 59036 (Area: 5918)
(@CGUID+302, 58794, 959, 3, 1, '', 3826.75, 2721.21, 745.0083, 2.571763, 7200, 0, 0), -- 58794 (Area: 5918)
(@CGUID+303, 59036, 959, 3, 1, '', 3857.148, 2798.786, 746.2617, 6.268071, 7200, 0, 0), -- 59036 (Area: 5918)
(@CGUID+304, 58812, 959, 3, 1, '', 3839.056, 2724.616, 744.0379, 0, 7200, 0, 0), -- 58812 (Area: 5918)
(@CGUID+305, 58810, 959, 3, 1, '', 3827.984, 2724.904, 743.6609, 1.204277, 7200, 0, 0), -- 58810 (Area: 5918)
(@CGUID+306, 58807, 959, 3, 1, '', 3910.282, 2880.187, 771.1904, 0.7683401, 7200, 5, 1), -- 58807 (Area: 5918) (possible waypoints or random movement)
(@CGUID+307, 58794, 959, 3, 1, '', 3834.86, 2777.553, 747.6763, 5.40766, 7200, 0, 0), -- 58794 (Area: 5918)
(@CGUID+308, 59036, 959, 3, 1, '', 3892.784, 2831.12, 754.5294, 6.265732, 7200, 0, 0), -- 59036 (Area: 5918)
(@CGUID+309, 58807, 959, 3, 1, '', 3851.556, 2855.573, 754.6197, 1.500983, 7200, 0, 0), -- 58807 (Area: 5918)
(@CGUID+310, 59036, 959, 3, 1, '', 3856.26, 2809.047, 746.1802, 1.308997, 7200, 0, 0), -- 59036 (Area: 5918)
(@CGUID+311, 58803, 959, 3, 1, '', 3857.575, 2852.648, 754.7058, 0.1919862, 7200, 0, 0), -- 58803 (Area: 5918)
(@CGUID+312, 58810, 959, 3, 1, '', 3832.3, 2724.255, 743.85, 6.178465, 7200, 0, 0), -- 58810 (Area: 5918)
(@CGUID+313, 58807, 959, 3, 1, '', 3845.578, 2774.997, 745.6761, 2.05844, 7200, 0, 0), -- 58807 (Area: 5918)
(@CGUID+314, 58812, 959, 3, 1, '', 3885.661, 2855.574, 756.5597, 0, 7200, 0, 0), -- 58812 (Area: 5918)
(@CGUID+315, 58794, 959, 3, 1, '', 3849.773, 2847.393, 756.6203, 1.899869, 7200, 0, 0), -- 58794 (Area: 5918)
(@CGUID+316, 58803, 959, 3, 1, '', 3849.473, 2772.023, 745.6761, 0.1919862, 7200, 0, 0), -- 58803 (Area: 5918)
(@CGUID+317, 58794, 959, 3, 1, '', 3846.883, 2647.938, 754.6663, 0.162497, 7200, 0, 0), -- 58794 (Area: 5918)
(@CGUID+318, 59036, 959, 3, 1, '', 3814.236, 2792.017, 745.2467, 5.654867, 7200, 0, 0), -- 59036 (Area: 5918)
(@CGUID+319, 59036, 959, 3, 1, '', 3882.492, 2603.938, 754.6261, 4.157886, 7200, 0, 0), -- 59036 (Area: 5918)
(@CGUID+320, 58810, 959, 3, 1, '', 3838.667, 2772.318, 745.6761, 6.178465, 7200, 0, 0), -- 58810 (Area: 5918)
(@CGUID+321, 58807, 959, 3, 1, '', 3822.519, 2723.222, 742.4974, 1.500983, 7200, 0, 0), -- 58807 (Area: 5918)
(@CGUID+322, 58810, 959, 3, 1, '', 3841.83, 2773.981, 745.6761, 0.5442601, 7200, 0, 0), -- 58810 (Area: 5918)
(@CGUID+323, 58803, 959, 3, 1, '', 3836.585, 2722.642, 743.9562, 0.1919862, 7200, 0, 0), -- 58803 (Area: 5918)
(@CGUID+324, 58812, 959, 3, 1, '', 3824.587, 2719.573, 742.5626, 0, 7200, 0, 0), -- 58812 (Area: 5918)
(@CGUID+325, 58810, 959, 3, 1, '', 3853.766, 2842.859, 754.6601, 6.178465, 7200, 0, 0), -- 58810 (Area: 5918)
(@CGUID+326, 59036, 959, 3, 1, '', 3879.063, 2609.427, 754.6261, 4.303499, 7200, 0, 0), -- 59036 (Area: 5918)
(@CGUID+327, 59036, 959, 3, 1, '', 3839.869, 2697.554, 742.9727, 0.6806784, 7200, 0, 0), -- 59036 (Area: 5918)
(@CGUID+328, 59036, 959, 3, 1, '', 3820.32, 2784.907, 744.7361, 1.22173, 7200, 0, 0), -- 59036 (Area: 5918)
(@CGUID+329, 58810, 959, 3, 1, '', 3843.853, 2769.91, 745.6761, 1.204277, 7200, 0, 0), -- 58810 (Area: 5918)
(@CGUID+330, 58807, 959, 3, 1, '', 3916.37, 2873.114, 771.1904, 0.6132535, 7200, 0, 0), -- 58807 (Area: 5918)
(@CGUID+331, 56884, 959, 3, 1, '', 3880.087, 2585.784, 757.2838, 2.076942, 7200, 0, 0), -- 56884 (Area: 5918)
(@CGUID+332, 59036, 959, 3, 1, '', 3875.047, 2740.57, 742.8551, 1.396263, 7200, 0, 0), -- 59036 (Area: 5918)
(@CGUID+333, 58812, 959, 3, 1, '', 3904.365, 2666.955, 758.2334, 0, 7200, 0, 0), -- 58812 (Area: 5918)
(@CGUID+334, 58812, 959, 3, 1, '', 3848.056, 2648.43, 752.6254, 0, 7200, 0, 0), -- 58812 (Area: 5918)
(@CGUID+335, 58807, 959, 3, 1, '', 3851.733, 2646.938, 752.8698, 1.204277, 7200, 0, 0), -- 58807 (Area: 5918)
(@CGUID+336, 59036, 959, 3, 1, '', 3867.327, 2597.589, 754.6261, 6.020415, 7200, 0, 0), -- 59036 (Area: 5918)
(@CGUID+337, 58812, 959, 3, 1, '', 3935.97, 2608.095, 756.1853, 0, 7200, 0, 0), -- 58812 (Area: 5918)
(@CGUID+338, 59036, 959, 3, 1, '', 3797.314, 2738.56, 743.6981, 1.396263, 7200, 0, 0), -- 59036 (Area: 5918)
(@CGUID+339, 59036, 959, 3, 1, '', 3839.498, 2686.865, 744.5179, 2.267239, 7200, 0, 0), -- 59036 (Area: 5918)
(@CGUID+340, 58807, 959, 3, 1, '', 3843.207, 2651.898, 752.3316, 1.500983, 7200, 0, 0), -- 58807 (Area: 5918)
(@CGUID+341, 59036, 959, 3, 1, '', 3813.251, 2716.059, 741.7719, 1.396263, 7200, 0, 0), -- 59036 (Area: 5918)
(@CGUID+342, 58810, 959, 3, 1, '', 3853.389, 2652.478, 752.033, 6.178465, 7200, 0, 0), -- 58810 (Area: 5918)
(@CGUID+343, 59036, 959, 3, 1, '', 3855.518, 2628.649, 754.6261, 3.129957, 7200, 0, 0), -- 59036 (Area: 5918)
(@CGUID+344, 58810, 959, 3, 1, '', 3848.117, 2653.443, 752.1129, 1.204277, 7200, 0, 0), -- 58810 (Area: 5918)
(@CGUID+345, 59036, 959, 3, 1, '', 3794.667, 2772.348, 744.8594, 5.654867, 7200, 0, 0), -- 59036 (Area: 5918)
(@CGUID+346, 58803, 959, 3, 1, '', 3856.694, 2649.53, 752.5434, 0.1919862, 7200, 0, 0), -- 58803 (Area: 5918)
(@CGUID+347, 58812, 959, 3, 1, '', 3844.089, 2646.175, 752.7596, 0, 7200, 0, 0), -- 58812 (Area: 5918)
(@CGUID+348, 58812, 959, 3, 1, '', 3883.859, 2831.536, 754.1174, 0, 7200, 0, 0), -- 58812 (Area: 5918)
(@CGUID+349, 59036, 959, 3, 1, '', 3873.327, 2604.166, 754.6261, 4.653347, 7200, 0, 0), -- 59036 (Area: 5918)
(@CGUID+350, 58812, 959, 3, 1, '', 3924.635, 2597.577, 756.953, 0, 7200, 0, 0), -- 58812 (Area: 5918)
(@CGUID+351, 58812, 959, 3, 1, '', 3813.445, 2627.368, 756.1711, 0, 7200, 0, 0), -- 58812 (Area: 5918)
(@CGUID+352, 58812, 959, 3, 1, '', 3830.706, 2565.75, 757.3255, 0, 7200, 0, 0), -- 58812 (Area: 5918)
(@CGUID+353, 64387, 959, 3, 1, '', 3838.563, 2697.808, 742.9472, 4.896005, 7200, 0, 0), -- 64387 (Area: 5918)
(@CGUID+354, 37543, 1, 1, 1, '1019', -1295.568, 177.7483, 155.6725, 5.183628, 120, 0, 0), -- 37543 (Area: 215)
(@CGUID+355, 37543, 1, 1, 1, '1019', -1281.345, 174.1892, 130.3969, 0.715585, 120, 0, 0), -- 37543 (Area: 215)
(@CGUID+356, 37543, 1, 1, 1, '1019', -1311.295, 177.717, 130.3969, 3.420845, 120, 0, 0); -- 37543 (Area: 215)


DELETE FROM `creature_template_addon` WHERE `entry` IN (58198, 59811, 59752, 60162, 59808, 59741, 59751, 64550, 56747, 62236, 63717, 56926, 65257, 65414, 56754, 65407, 56719, 56397, 56505, 64549, 59895, 56764, 56763, 56766, 56765, 56870, 56395, 56473, 56678, 56472, 67229, 56541, 56767, 58201, 6491, 58807, 58812, 59036, 58810, 58794, 58803, 56884, 64387, 37543);
INSERT INTO `creature_template_addon` (`entry`, `mount`, `bytes1`, `bytes2`, `auras`) VALUES
(58198, 0, 0x0, 0x1, ''), -- 58198
(59811, 0, 0x3000000, 0x1, ''), -- 59811
(59752, 0, 0x0, 0x1, ''), -- 59752
(60162, 0, 0x0, 0x1, ''), -- 60162
(59808, 0, 0x0, 0x1, ''), -- 59808
(59741, 0, 0x0, 0x1, ''), -- 59741
(59751, 0, 0x0, 0x1, ''), -- 59751
(64550, 0, 0x0, 0x1, ''), -- 64550
(56747, 0, 0x0, 0x1, ''), -- 56747
(62236, 0, 0x0, 0x1, ''), -- 62236
(63717, 0, 0x7, 0x1, ''), -- 63717
(56926, 0, 0x0, 0x1, ''), -- 56926
(65257, 0, 0x7, 0x1, ''), -- 65257
(65414, 0, 0x0, 0x1, ''), -- 65414
(56754, 0, 0x3000000, 0x1, ''), -- 56754
(65407, 0, 0x0, 0x1, ''), -- 65407
(56719, 0, 0x0, 0x1, ''), -- 56719
(56397, 0, 0x0, 0x1, ''), -- 56397
(56505, 0, 0x0, 0x1, ''), -- 56505
(64549, 0, 0x0, 0x1, ''), -- 64549
(59895, 0, 0x40000, 0x1, ''), -- 59895
(56764, 0, 0x0, 0x1, ''), -- 56764
(56763, 0, 0x0, 0x1, ''), -- 56763
(56766, 0, 0x0, 0x1, ''), -- 56766
(56765, 0, 0x0, 0x1, ''), -- 56765
(56870, 0, 0x0, 0x1, ''), -- 56870
(56395, 0, 0x0, 0x1, ''), -- 56395
(56473, 0, 0x0, 0x1, ''), -- 56473
(56678, 0, 0x0, 0x1, ''), -- 56678
(56472, 0, 0x0, 0x1, ''), -- 56472
(67229, 0, 0x3000000, 0x1, ''), -- 67229
(56541, 0, 0x0, 0x1, ''), -- 56541
(56767, 0, 0x0, 0x1, ''), -- 56767
(59895, 0, 0x0, 0x1, ''), -- 59895
(58201, 0, 0x0, 0x1, ''), -- 58201
(6491, 0, 0x10000, 0x1, ''), -- 6491
(58807, 0, 0x0, 0x1, ''), -- 58807
(58812, 0, 0x0, 0x1, ''), -- 58812
(59036, 0, 0x0, 0x1, ''), -- 59036
(58810, 0, 0x0, 0x1, ''), -- 58810
(58794, 0, 0x0, 0x1, ''), -- 58794
(58803, 0, 0x0, 0x1, ''), -- 58803
(56884, 0, 0x0, 0x1, ''), -- 56884
(64387, 0, 0x0, 0x1, ''), -- 64387
(37543, 0, 0x0, 0x1, ''); -- 37543


DELETE FROM `creature_equip_template` WHERE `entry` IN (59036, 56767, 64549, 58803, 58807, 58810, 59752, 56473, 62236, 56678, 56747);
INSERT INTO `creature_equip_template` (`entry`, `itemEntry1`, `itemEntry2`, `itemEntry3`) VALUES
(59036, 77384, 0, 0), -- 59036
(56767, 0, 0, 86538), -- 56767
(64549, 0, 0, 32730), -- 64549
(58803, 77357, 0, 0), -- 58803
(58807, 77388, 0, 0), -- 58807
(58810, 77384, 77441, 0), -- 58810
(59752, 72822, 72822, 0), -- 59752
(56473, 4560, 4560, 0), -- 56473
(62236, 80274, 73458, 0), -- 62236
(56678, 76467, 0, 0), -- 56678
(56747, 77221, 0, 0); -- 56747



DELETE FROM `creature_template` WHERE `entry` IN (63717, 64549, 64550, 58198, 58201, 56541, 59036, 65407, 65414, 60162, 59895, 58794, 58803, 58807, 56870, 58810, 58812, 56884, 6491, 64387, 56926, 37543, 65257, 56395, 56397, 56678, 59741, 62236, 67229, 59751, 59752, 56719, 56747, 56472, 56473, 56754, 59808, 56763, 59811, 56764, 56765, 56766, 56767, 56505);
INSERT INTO `creature_template` (`entry`, `gossip_menu_id`, `minlevel`, `maxlevel`, `faction`, `npcflag`, `speed_walk`, `speed_run`, `BaseAttackTime`, `RangeAttackTime`, `unit_class`, `unit_flags`, `unit_flags2`, `dynamicflags`, `VehicleId`, `HoverHeight`) VALUES
(63717, 0, 90, 90, 16, 0, 2, 1.428571, 2000, 2000, 1, 33554432, 2048, 0, 0, 1), -- 63717
(64549, 0, 91, 91, 634, 0, 1.6, 1.142857, 2000, 2000, 1, 32832, 4196352, 0, 0, 1), -- 64549
(64550, 0, 90, 90, 14, 0, 1, 1.142857, 2000, 2000, 1, 33554432, 2048, 0, 0, 1), -- 64550
(58198, 0, 90, 90, 16, 0, 2, 1.428571, 2000, 2000, 1, 0, 2048, 0, 0, 1), -- 58198
(58201, 0, 91, 91, 14, 0, 1, 1.142857, 2000, 2000, 2, 33587200, 2048, 0, 0, 1), -- 58201
(56541, 0, 92, 92, 16, 0, 1, 1.142857, 2000, 2000, 1, 32832, 2097152, 0, 1879, 1), -- 56541
(59036, 0, 88, 88, 190, 0, 1.6, 1.142857, 2000, 2000, 1, 570720256, 2099201, 0, 0, 1), -- 59036
(65407, 0, 87, 87, 2482, 0, 1, 1.142857, 2000, 2000, 1, 33024, 33554432, 0, 1884, 1), -- 65407
(65414, 0, 90, 90, 14, 0, 1.6, 1.428571, 2000, 2000, 1, 32768, 2048, 0, 0, 1), -- 65414
(60162, 0, 90, 90, 7, 0, 1, 1, 2000, 2000, 1, 0, 32768, 0, 0, 1), -- 60162
(59895, 0, 92, 92, 2564, 0, 1.6, 1.142857, 2000, 2000, 1, 570721024, 33556481, 0, 0, 1), -- 59895
(58794, 0, 91, 91, 190, 16777216, 1.6, 1.142857, 2000, 2000, 1, 537165824, 69208065, 0, 0, 1), -- 58794
(58803, 0, 91, 91, 16, 0, 2, 1.428571, 2000, 2000, 2, 32832, 2048, 0, 0, 1), -- 58803
(58807, 0, 91, 91, 16, 0, 2, 1.428571, 2000, 2000, 1, 32832, 2048, 0, 0, 1), -- 58807
(56870, 0, 92, 92, 2244, 0, 1, 1.142857, 2000, 2000, 1, 33024, 2099200, 0, 0, 1), -- 56870
(58810, 0, 91, 91, 16, 0, 2, 1.428571, 2000, 2000, 1, 32832, 2048, 0, 0, 1), -- 58810
(58812, 0, 91, 91, 16, 0, 1, 1.142857, 2000, 2000, 1, 32768, 526336, 0, 0, 1), -- 58812
(56884, 0, 92, 92, 16, 0, 2.4, 1.714286, 2000, 2000, 1, 32832, 2099200, 0, 0, 1), -- 56884
(6491, 0, 60, 60, 35, 16385, 1, 1, 2000, 2000, 1, 768, 2048, 0, 0, 1), -- 6491
(64387, 0, 92, 92, 35, 0, 1, 1.142857, 2000, 2000, 1, 33600, 2099200, 0, 0, 1), -- 64387
(56926, 0, 1, 1, 35, 0, 1, 1.142857, 2000, 2000, 1, 33554432, 2048, 0, 0, 1), -- 56926
(37543, 0, 60, 60, 35, 0, 1.6, 0.5714286, 4000, 2000, 1, 33555200, 4196352, 0, 0, 1), -- 37543
(65257, 0, 90, 90, 14, 0, 1, 1.142857, 2000, 2000, 1, 33587456, 67110912, 0, 0, 1), -- 65257
(56395, 0, 90, 90, 14, 0, 1, 1.142857, 2000, 2000, 1, 32768, 0, 0, 1884, 1), -- 56395
(56397, 0, 90, 90, 14, 0, 1, 1.142857, 2000, 2000, 1, 256, 67143682, 0, 0, 1), -- 56397
(56678, 0, 90, 90, 14, 0, 1, 1.142857, 2000, 2000, 1, 33554688, 0, 0, 0, 1), -- 56678
(59741, 0, 90, 90, 2482, 0, 1, 1.142857, 2000, 2000, 1, 0, 2048, 0, 0, 1), -- 59741
(62236, 0, 89, 89, 2482, 2, 1, 1.142857, 2000, 2000, 2, 32768, 34816, 0, 0, 1), -- 62236
(67229, 0, 92, 92, 14, 0, 1, 1.142857, 2000, 2000, 1, 33554496, 67110914, 0, 0, 1), -- 67229
(59751, 0, 90, 90, 16, 0, 1, 1.142857, 2000, 2000, 1, 0, 2048, 0, 0, 1), -- 59751
(59752, 0, 90, 90, 16, 0, 1.2, 0.7142857, 2000, 2000, 1, 0, 2048, 0, 0, 1), -- 59752
(56719, 0, 92, 92, 16, 0, 1.6, 1.714286, 2000, 2000, 1, 32832, 35651584, 0, 0, 1), -- 56719
(56747, 0, 92, 92, 14, 0, 1, 1.142857, 2000, 2000, 1, 33088, 2099200, 0, 0, 1), -- 56747
(56472, 0, 91, 91, 14, 0, 1, 1.142857, 2000, 2000, 1, 0, 2048, 0, 1890, 1), -- 56472
(56473, 0, 91, 91, 14, 0, 1, 1.142857, 2000, 2000, 1, 0, 2048, 0, 0, 1), -- 56473
(56754, 0, 92, 92, 2102, 0, 3.2, 1.142857, 3000, 2000, 1, 32768, 4196352, 0, 0, 1), -- 56754
(59808, 0, 90, 90, 14, 0, 1, 1.142857, 2500, 2000, 1, 0, 34816, 0, 0, 1), -- 59808
(56763, 0, 91, 91, 16, 0, 1, 1.428571, 2000, 2000, 1, 32832, 33554432, 0, 0, 1), -- 56763
(59811, 0, 90, 90, 14, 0, 1, 1.142857, 2000, 2000, 1, 33554688, 2048, 0, 0, 1), -- 59811
(56764, 0, 91, 91, 16, 0, 1, 1.428571, 2000, 2000, 1, 32832, 33554432, 0, 0, 1), -- 56764
(56765, 0, 91, 91, 16, 0, 1, 1.428571, 2000, 2000, 1, 32832, 33554432, 0, 0, 1), -- 56765
(56766, 0, 90, 90, 16, 0, 1.2, 1, 2000, 2000, 1, 32768, 33554432, 0, 0, 1), -- 56766
(56767, 0, 91, 91, 634, 0, 1.6, 1.142857, 2000, 2000, 1, 32832, 4196352, 0, 0, 1), -- 56767
(56505, 0, 90, 90, 14, 0, 1, 1.142857, 2000, 2000, 1, 256, 67110914, 0, 0, 1); -- 56505



INSERT INTO `creature_text` (`entry`, `groupid`, `id`, `text`, `type`, `language`, `probability`, `emote`, `duration`, `sound`, `BroadcastTextID`, `comment`) VALUES
(56719, x, x, 'I will not be caged again. These Shado-Pan could not stop me. Neither shall you!', 14, 0, 100, 0, 0, 28346, 0, 'Sha of Violence to 0'),
(56719, x, x, 'So long as violence lurks in your hearts... I... will... return...', 14, 0, 100, 0, 0, 28347, 0, 'Sha of Violence to Player'),
(56754, x, x, 'The Azure Serpent stirs in the distance!', 41, 0, 100, 0, 0, 28318, 0, 'Azure Serpent to 0'),
(56754, x, x, 'The Azure Serpent moves in to attack!', 41, 0, 100, 0, 0, 0, 0, 'Azure Serpent to Gu Cloudstrike'),
(56754, x, x, '%s casts |cFFFF0000|Hspell:107140|h[Magnetic Shroud]|h|r.  Group up to release the healing energy!', 41, 0, 100, 0, 0, 28320, 0, 'Azure Serpent to 0'),
(56754, x, x, '%s casts |cFFFF0000|Hspell:107140|h[Magnetic Shroud]|h|r.  Group up to release the healing energy!', 41, 0, 100, 0, 0, 0, 0, 'Azure Serpent to 0'),
(56473, x, x, '|TInterface\\Icons\\inv_sword_24.blp:20|tFlying Snow uses her |cFFFF0000|Hspell:106706|h[Whirling Steel]|h|r technique!', 41, 0, 100, 0, 0, 0, 0, 'Flying Snow to 0'),
(56747, x, x, 'Weaklings... let me make room for our guests.', 12, 0, 100, 0, 0, 28322, 0, 'Gu Cloudstrike to Player'),
(56747, x, x, 'Approach... your death awaits.', 12, 0, 100, 0, 0, 28323, 0, 'Gu Cloudstrike to Player'),
(56747, x, x, 'Let me show you my power.', 12, 0, 100, 0, 0, 28323, 0, 'Gu Cloudstrike to 0'),
(56747, x, x, 'Come to me, serpent!  Together we will destroy these intruders.', 12, 0, 100, 0, 0, 28318, 0, 'Gu Cloudstrike to 0'),
(56747, x, x, 'Serpent, charge me with your power!', 12, 0, 100, 0, 0, 28324, 0, 'Gu Cloudstrike to 0'),
(56747, x, x, 'Their energy is strong!', 14, 0, 100, 0, 0, 28320, 0, 'Gu Cloudstrike to Azure Serpent'),
(56747, x, x, 'No, no! Do not fail me!', 14, 0, 100, 0, 0, 28321, 0, 'Gu Cloudstrike to Azure Serpent'),
(56747, x, x, '%s draws power to him...', 41, 0, 100, 0, 0, 0, 0, 'Gu Cloudstrike to Azure Serpent'),
(56747, x, x, 'Power! Glorious power!', 12, 0, 100, 0, 0, 0, 0, 'Gu Cloudstrike to 0'),
(56747, x, x, 'Even together... we failed...', 14, 0, 100, 0, 0, 28319, 0, 'Gu Cloudstrike to Player'),
(59751, x, x, 'Brothers! Dispose of these insolent outsiders!', 14, 0, 100, 0, 0, 27746, 0, 'Shado-Pan Warden to 0'),
(59751, x, x, 'The Shado-Pan need no outside aid! Remove these interlopers!', 14, 0, 100, 0, 0, 27745, 0, 'Shado-Pan Warden to 0'),
(65407, x, x, 'Welcome, outsiders. Master Snowdrift is waiting for you inside the school. Please remember to show proper respect to the Master.', 12, 0, 100, 2, 0, 0, 0, 'Shado-Pan Novice to Player'),
(56884, x, x, 'Taran Zhu and the Shado-Pan are MINE. Come forward and die by my hand, as all who oppose me shall in the days to come!', 14, 0, 100, 0, 0, 28334, 0, 'Corrupted Taran Zhu to Player'),
(56884, x, x, 'Hatred will consume and conquer all!', 14, 0, 100, 0, 0, 28332, 0, 'Corrupted Taran Zhu to Player'),
(56884, x, x, 'Feed me your hatred!', 14, 0, 100, 0, 0, 28336, 0, 'Corrupted Taran Zhu to Player'),
(56884, x, x, 'No... NO!', 14, 0, 100, 0, 0, 28333, 0, 'Taran Zhu to 0'),
(56884, x, x, 'The Sha of Hatred has fled my body... and the monastery, as well. I must thank you, strangers. The Shado-Pan are in your debt. Now, there is much work to be done...', 14, 0, 100, 0, 0, 28423, 0, 'Taran Zhu to 0'),
(59811, x, x, 'Shado-Pan Stormbringers react to your presence and begin to |cFFFF0000|Hspell:115009|h[Focus Energy]|h|r!', 41, 0, 100, 0, 0, 0, 0, 'Unstable Energy to Shado-Pan Stormbringer'),
(56541, x, x, 'Very well then, outsiders. Let us see your true strength.', 14, 0, 100, 0, 0, 27628, 0, 'Master Snowdrift to 0'),
(56541, x, x, '|TInterface\\Icons\\inv_weapon_hand_30.blp:20|tMaster Snowdrift uses his |cFFFF0000|Hspell:106853|h[Fists of Fury]|h|r technique!', 41, 0, 100, 0, 0, 0, 0, 'Master Snowdrift to 0'),
(56541, x, x, '|TInterface\\Icons\\spell_nature_earthbind.blp:20|tMaster Snowdrift uses his |cFFFF0000|Hspell:106434|h[Tornado Kick]|h|r!', 41, 0, 100, 0, 0, 0, 0, 'Master Snowdrift to 0'),
(56541, x, x, 'Skill with a weapon is but a physical manifestation of one''s martial strength. Let me show you what spiritual power is!', 14, 0, 100, 0, 0, 27629, 0, 'Master Snowdrift to 0'),
(56541, x, x, 'Master Snowdrift vanishes to the shadows and creates duplicate illusions of himself! Strike the illusions to dispel them!', 41, 0, 100, 14, 0, 0, 0, 'Master Snowdrift to 0'),
(56541, x, x, 'When I was but a cub I could scarcely throw a punch, but after years of training I can do so much more!', 14, 0, 100, 23, 0, 27630, 0, 'Master Snowdrift to 0'),
(56541, x, x, 'Master Snowdrift attacks you with his hand to hand techniques!', 41, 0, 100, 0, 0, 0, 0, 'Master Snowdrift to 0'),
(56870, x, x, 'You!  You have allowed the Sha to reawaken after all these years!', 14, 0, 100, 0, 0, 0, 0, 'Master Snowdrift to Player'),
(56870, x, x, 'If you truly wish to undo what your kind have wrought upon our land you must first prove yourselves here in our school.', 14, 0, 100, 0, 0, 0, 0, 'Master Snowdrift to Player'),
(56870, x, x, 'First, you will face our initiates...', 14, 0, 100, 397, 0, 27632, 0, 'Master Snowdrift to Player'),
(56870, x, x, 'Where one falls, another will rise to take their place.', 14, 0, 100, 397, 0, 0, 0, 'Master Snowdrift to Shado-Pan Novice'),
(56870, x, x, 'You have bested our most junior of students.  Now you will face two of my most senior.', 14, 0, 100, 0, 0, 0, 0, 'Master Snowdrift to Shado-Pan Novice'),
(56870, x, x, 'Flying Snow!  Fragrant Lotus!  Step forward!', 14, 0, 100, 22, 0, 27636, 0, 'Master Snowdrift to Shado-Pan Novice'),
(56870, x, x, 'You have bested my prize students. Perhaps you can be of use to us after all...', 14, 0, 100, 21, 0, 27633, 0, 'Master Snowdrift to 0'),
(56870, x, x, 'As my master once said, "You cannot truly know someone until you fight them."', 14, 0, 100, 0, 0, 27634, 0, 'Master Snowdrift to 0'),
(56870, x, x, 'Come forward, so that we may be properly introduced.', 14, 0, 100, 0, 0, 27635, 0, 'Master Snowdrift to 0'),
(56767, x, x, 'Shado-Pan Fire Archers appear on the rooftops!', 41, 0, 100, 0, 0, 0, 0, 'Shado-Pan Fire Archer to Player'),
(56767, x, x, 'The Shado-Pan Archers disappear!', 41, 0, 100, 0, 0, 0, 0, 'Shado-Pan Fire Archer to Player'),
(64549, x, x, 'Shado-Pan Ice Archers appear on the rooftops!', 41, 0, 100, 0, 0, 0, 0, 'Shado-Pan Ice Archer to Player'),
(64549, x, x, 'The Shado-Pan Archers disappear!', 41, 0, 100, 0, 0, 0, 0, 'Shado-Pan Ice Archer to Player');


DELETE FROM `creature_template` WHERE `entry` IN (63717, 64549, 64550, 56803, 58198, 58201, 56541, 59036, 65407, 65414, 60162, 59895, 58794, 58803, 58807, 56870, 58810, 58812, 56884, 6491, 64387, 56640, 56641, 56646, 56926, 65257, 66920, 56395, 56397, 56678, 66652, 60005, 58344, 60006, 58345, 60007, 59741, 62236, 67229, 59751, 59752, 64468, 56713, 56719, 46490, 56747, 56472, 56473, 56754, 59804, 59808, 56763, 59811, 56764, 56765, 56766, 56767, 56505);
INSERT INTO `creature_template` (`entry`, `name`, `femaleName`, `subname`, `IconName`, `type_flags`, `type_flags2`, `type`, `family`, `rank`, `KillCredit1`, `KillCredit2`, `PetSpellDataId`, `modelid1`, `modelid2`, `modelid3`, `modelid4`, `HealthModifier`, `ManaModifier`, `RacialLeader`, `movementId`, `exp_unk`, `VerifiedBuild`) VALUES
(63717, 'Shado-Pan Disciple', '', '', '', 0, 0, 10, 0, 1, 0, 0, 0, 41897, 0, 0, 0, 2, 1, 0, 151, 0, 18019), -- 63717
(64549, 'Shado-Pan Ice Archer', '', '', '', 40, 0, 7, 0, 1, 0, 0, 0, 40291, 0, 0, 0, 12, 1, 0, 125, 0, 18019), -- 64549
(64550, 'Ice Arrow Target', '', '', '', 0, 0, 10, 0, 1, 0, 0, 0, 1126, 11686, 0, 0, 1, 1, 0, 0, 0, 18019), -- 64550
(56803, 'Static Field Stalker', '', '', '', 0, 0, 8, 0, 0, 0, 0, 0, 11686, 0, 0, 0, 1, 1, 0, 0, 0, 18019), -- 56803
(58198, 'Shado-Pan Disciple', '', '', '', 0, 0, 7, 0, 1, 0, 0, 0, 41897, 41896, 0, 0, 2, 1, 0, 151, 0, 18019), -- 58198
(58201, 'Sha Manifestation', '', '', '', 8, 0, 4, 0, 1, 0, 0, 0, 40708, 0, 0, 0, 4, 1, 0, 0, 0, 18019), -- 58201
(56541, 'Master Snowdrift', '', '', '', 2097224, 0, 7, 0, 1, 0, 0, 0, 46071, 0, 0, 0, 35, 1, 0, 0, 0, 18019), -- 56541
(59036, 'Slain Shado-pan Initiate', '', '', '', 40, 0, 7, 0, 1, 0, 0, 0, 40563, 0, 0, 0, 1, 1, 0, 125, 0, 18019), -- 59036
(65407, 'Shado-Pan Novice', '', 'White Sash', '', 2097224, 0, 7, 0, 1, 0, 0, 0, 41897, 41896, 0, 0, 1, 1, 0, 0, 0, 18019), -- 65407
(65414, 'Ethereal Sha', '', '', '', 8, 0, 4, 0, 1, 0, 0, 0, 40887, 0, 0, 0, 3, 1, 0, 150, 0, 18019), -- 65414
(60162, 'Training Target', '', '', '', 1074790400, 6, 10, 0, 5, 0, 0, 0, 38459, 0, 0, 0, 1, 1, 0, 0, 0, 18019), -- 60162
(59895, 'Shado-Pan Monk', '', 'Watcher of the Seals', '', 0, 0, 7, 0, 1, 0, 0, 0, 41124, 0, 0, 0, 1, 1, 0, 125, 0, 18019), -- 59895
(58794, 'Slain Shado-Pan Defender', '', '', 'openhandglow', 40, 0, 7, 0, 1, 0, 0, 0, 40562, 0, 0, 0, 1, 1, 0, 125, 0, 18019), -- 58794
(58803, 'Residual Hatred', '', '', '', 8, 0, 6, 0, 1, 0, 0, 0, 41051, 0, 0, 0, 4, 5, 0, 151, 0, 18019), -- 58803
(58807, 'Vestige of Hatred', '', '', '', 8, 0, 6, 0, 1, 0, 0, 0, 40296, 0, 0, 0, 4, 1, 0, 151, 0, 18019), -- 58807
(56870, 'Master Snowdrift', '', '', '', 72, 0, 7, 0, 1, 0, 0, 0, 46071, 0, 0, 0, 5, 1, 0, 0, 0, 18019), -- 56870
(58810, 'Fragment of Hatred', '', '', '', 8, 0, 6, 0, 1, 0, 0, 0, 40297, 0, 0, 0, 4, 1, 0, 151, 0, 18019), -- 58810
(58812, 'Hateful Essence', '', '', '', 8, 0, 4, 0, 1, 0, 0, 0, 1126, 41106, 0, 0, 1, 1, 0, 0, 0, 18019), -- 58812
(56884, 'Taran Zhu', '', 'Lord of the Shado-Pan', '', 2147483752, 0, 7, 0, 1, 0, 0, 0, 41121, 0, 0, 0, 30, 1, 0, 170, 0, 18019), -- 56884
(6491, 'Spirit Healer', '', '', '', 2, 0, 7, 0, 0, 0, 0, 0, 5233, 0, 0, 0, 1.35, 1, 0, 0, 0, 18019), -- 6491
(64387, 'Master Snowdrift', '', '', '', 0, 0, 7, 0, 1, 0, 0, 0, 41902, 0, 0, 0, 35, 1, 0, 0, 0, 18019), -- 64387
(56640, 'Ball of Fire', '', '', '', 1074791440, 6, 4, 0, 0, 0, 0, 0, 21888, 0, 0, 0, 1, 1, 0, 129, 0, 18019), -- 56640
(56641, 'Ball of Fire', '', '', '', 1074791440, 6, 4, 0, 0, 0, 0, 0, 21888, 0, 0, 0, 1, 1, 0, 129, 0, 18019), -- 56641
(56646, 'Fire Flower', '', '', '', 1074790400, 4, 4, 0, 0, 0, 0, 0, 39437, 0, 0, 0, 1, 1, 0, 43, 0, 18019), -- 56646
(56926, 'Arc Lightning Stalker', '', '', '', 0, 0, 8, 0, 0, 0, 0, 0, 11686, 0, 0, 0, 1, 1, 0, 0, 0, 18019), -- 56926
(65257, 'Unleashed Sha', '', '', '', 8, 0, 4, 0, 1, 0, 0, 0, 40958, 40959, 40885, 0, 3, 1, 0, 0, 0, 18019), -- 65257
(66920, 'Corrupted Taran Zhu', '', 'Lord of the Shado-Pan', '', 2147483752, 0, 7, 0, 1, 0, 0, 0, 41121, 0, 0, 0, 1, 1, 0, 0, 0, 18019), -- 66920
(56395, 'Shado-Pan Novice', '', 'White Sash', '', 2097224, 0, 7, 0, 1, 0, 0, 0, 41897, 41896, 0, 0, 1, 1, 0, 0, 0, 18019), -- 56395
(56397, 'Position', '', '', '', 1073741824, 6, 8, 0, 0, 0, 0, 0, 10990, 38615, 0, 0, 1, 1, 0, 0, 0, 18019), -- 56397
(56678, 'Jade Staff', '', '', '', 0, 0, 10, 0, 1, 0, 0, 0, 15505, 41849, 0, 0, 3, 1, 0, 0, 0, 18019), -- 56678
(66652, 'Lesser Volatile Energy', '', '', '', 8, 0, 4, 0, 1, 0, 0, 0, 40884, 0, 0, 0, 0.4, 1, 0, 115, 0, 18019), -- 66652
(60005, 'Master Snowdrift', '', '', '', 1091567616, 6, 7, 0, 1, 0, 0, 0, 11686, 0, 0, 0, 0.3, 1, 0, 0, 0, 18019), -- 60005
(58344, 'Shado-pan Smoke Bomb', '', '', '', 1091568640, 22, 7, 0, 0, 0, 0, 0, 23377, 0, 0, 0, 0.3, 1, 0, 0, 0, 18019), -- 58344
(60006, 'Master Snowdrift', '', '', '', 1091567616, 6, 7, 0, 1, 0, 0, 0, 11686, 0, 0, 0, 0.3, 1, 0, 0, 0, 18019), -- 60006
(58345, 'Shado-pan Vanish Bomb', '', '', '', 1091568640, 22, 7, 0, 0, 0, 0, 0, 23377, 0, 0, 0, 0.3, 1, 0, 0, 0, 18019), -- 58345
(60007, 'Master Snowdrift', '', '', '', 1091567616, 6, 7, 0, 1, 0, 0, 0, 11686, 0, 0, 0, 0.3, 1, 0, 0, 0, 18019), -- 60007
(59741, 'Shado-Pan Guardian', '', '', '', 0, 0, 7, 0, 1, 0, 0, 0, 42078, 42079, 42080, 42081, 1, 1, 0, 0, 0, 18019), -- 59741
(62236, 'Ban Bearheart', '', '', '', 0, 0, 7, 0, 0, 0, 0, 0, 41861, 0, 0, 0, 1, 1, 0, 0, 0, 18019), -- 62236
(67229, 'Master Snowdrift', '', '', '', 1091568656, 22, 7, 0, 1, 0, 0, 0, 25204, 0, 0, 0, 1, 1, 0, 0, 0, 18019), -- 67229
(59751, 'Shado-Pan Warden', '', '', '', 0, 0, 7, 0, 1, 0, 0, 0, 46083, 0, 0, 0, 8, 1, 0, 0, 0, 18019), -- 59751
(59752, 'Shado-Pan Ambusher', '', '', '', 0, 0, 7, 0, 1, 0, 0, 0, 46084, 0, 0, 0, 1.5, 1, 0, 91, 0, 18019), -- 59752
(64468, 'Sha of Hatred', '', '', '', 104, 0, 4, 0, 1, 0, 0, 0, 16946, 0, 0, 0, 40, 1, 0, 191, 0, 18019), -- 64468
(56713, 'Master Snowdrift', '', '', '', 18875464, 16, 7, 0, 1, 0, 0, 0, 46071, 0, 0, 0, 0.3, 1, 0, 0, 0, 18019), -- 56713
(56719, 'Sha of Violence', '', '', '', 2147483752, 0, 4, 0, 1, 0, 0, 0, 43283, 0, 0, 0, 35, 1, 0, 167, 0, 18019), -- 56719
(46490, 'Guardian of Ancient Kings', '', '', '', 0, 0, 10, 0, 0, 0, 0, 0, 35107, 0, 0, 0, 1, 1, 0, 48, 0, 18019), -- 46490
(56747, 'Gu Cloudstrike', '', '', '', 2097224, 0, 7, 0, 1, 0, 0, 0, 39489, 0, 0, 0, 28, 1, 0, 0, 0, 18019), -- 56747
(56472, 'Fragrant Lotus', '', 'Black Sash', '', 2097224, 0, 7, 0, 1, 0, 0, 0, 41900, 0, 0, 0, 8, 1, 0, 0, 0, 18019), -- 56472
(56473, 'Flying Snow', '', 'Black Sash', '', 72, 0, 7, 0, 1, 0, 0, 0, 41901, 0, 0, 0, 8, 1, 0, 0, 0, 18019), -- 56473
(56754, 'Azure Serpent', '', '', '', 2097224, 0, 2, 0, 1, 0, 0, 0, 39492, 0, 0, 0, 12, 1, 0, 925, 0, 18019), -- 56754
(59804, 'Gripping Hatred', '', '', '', 8, 0, 4, 0, 1, 0, 0, 0, 1126, 41107, 0, 0, 0.5, 1, 0, 125, 0, 18019), -- 59804
(59808, 'Shado-Pan Stormbringer', '', '', '', 0, 0, 7, 0, 1, 0, 0, 0, 41803, 0, 0, 0, 2.5, 1, 0, 0, 0, 18019), -- 59808
(56763, 'Regenerating Sha', '', '', '', 8, 0, 4, 0, 1, 0, 0, 0, 41677, 0, 0, 0, 4, 1, 0, 144, 0, 18019), -- 56763
(59811, 'Unstable Energy', '', '', '', 0, 0, 4, 0, 1, 0, 0, 0, 43936, 0, 0, 0, 4, 1, 0, 0, 0, 18019), -- 59811
(56764, 'Consuming Sha', '', '', '', 8, 0, 4, 0, 1, 0, 0, 0, 40625, 0, 0, 0, 4, 1, 0, 144, 0, 18019), -- 56764
(56765, 'Destroying Sha', '', '', '', 8, 0, 4, 0, 1, 0, 0, 0, 40687, 0, 0, 0, 4, 1, 0, 144, 0, 18019), -- 56765
(56766, 'Volatile Energy', '', '', '', 8, 0, 4, 0, 1, 0, 0, 0, 40884, 0, 0, 0, 1, 1, 0, 115, 0, 18019), -- 56766
(56767, 'Shado-Pan Fire Archer', '', '', '', 40, 0, 7, 0, 1, 0, 0, 0, 40291, 0, 0, 0, 12, 1, 0, 125, 0, 18019), -- 56767
(56505, 'Shado-pan Referee', '', '', '', 1074790400, 6, 8, 0, 0, 0, 0, 0, 10990, 38615, 0, 0, 1, 1, 0, 0, 0, 18019); -- 56505



