INSERT IGNORE INTO `areatrigger_template` VALUES 
(12110, 4, 4, 5, 5, 15, 15, 0.3, 0.3, '', 22747),
(12802, 0, 4, 2, 2, 0, 0, 0, 0, '', 22747),
(10698, 0, 0, 3, 3, 0, 0, 0, 0, '', 22747),
(12606, 0, 0, 8, 8, 0, 0, 0, 0, '', 22747),
(9228, 0, 0, 8, 8, 0, 0, 0, 0, '', 22747),
(8352, 0, 0, 8, 8, 0, 0, 0, 0, '', 22747),
(8538, 0, 4, 2, 2, 0, 0, 0, 0, '', 22747),
(9225, 0, 0, 8, 8, 0, 0, 0, 0, '', 22747),
(11908, 0, 0, 1, 1, 0, 0, 0, 0, '', 22747),
(11721, 0, 0, 1, 1, 0, 0, 0, 0, '', 22747),
(12142, 0, 2, 0.25, 7.5, 0, 0, 0, 0, '', 22747),
(12324, 4, 4, 35, 35, 20, 20, 8, 8, '', 22747),
(10660, 0, 4, 18, 18, 0, 0, 0, 0, '', 22747),
(10003, 0, 1031, 1.5, 1.5, 0, 0, 0, 0, '', 22908),
(11813, 0, 2, 1, 3, 0, 0, 0, 0, '', 22747),
(9991, 0, 0, 4, 4, 0, 0, 0, 0, '', 23420),
(12323, 0, 0, 45, 45, 0, 0, 0, 0, '', 22624),
(9701, 0, 1, 5, 5, 0, 0, 0, 0, '', 23420),
(12167, 0, 0, 10, 10, 0, 0, 0, 0, '', 22624),
(11420, 0, 4, 8, 8, 0, 0, 0, 0, '', 22624),
(11353, 4, 0, 8, 8, 4, 4, 0.3, 0.3, '', 22624),
(12137, 0, 16, 3, 3, 0, 0, 0, 0, '', 22624),
(10370, 0, 0, 8, 8, 0, 0, 0, 0, '', 22624),
(0, 4, 0, 5, 5, 2, 2, 0.3, 0.3, '', 22908),
(3319, 0, 0, 3, 3, 0, 0, 0, 0, '', 22624),
(10470, 4, 0, 6, 6, 4, 4, 0.3, 0.3, '', 22624),
(10713, 3, 0, 4.72046, 4.72046, 0, 0, 0, 0, '', 23420),
(12929, 0, 0, 8, 8, 0, 0, 0, 0, '', 22624),
(11266, 0, 0, 6, 6, 0, 0, 0, 0, '', 22624),
(10714, 0, 0, 8, 8, 0, 0, 0, 0, '', 22624),
(10466, 0, 8, 3, 3, 0, 0, 0, 0, '', 22624),
(11332, 0, 0, 8, 8, 0, 0, 0, 0, '', 22624),
(9243, 4, 4, 5, 5, 75, 75, 75, 75, '', 22624),
(5302, 0, 8, 5, 5, 0, 0, 0, 0, '', 22624),
(5300, 0, 8, 5, 5, 0, 0, 0, 0, '', 22624),
(12286, 4, 0, 8, 8, 4, 4, 0.3, 0.3, '', 22624),
(6197, 1, 0, 2.5, 2.5, 3, 2.5, 2.5, 3, '', 22908),
(10194, 4, 10, 1.5, 1.5, 8, 8, 3, 3, '', 22624),
(9856, 0, 0, 2, 2, 0, 0, 0, 0, '', 23420),
(11313, 0, 2, 0.25, 25, 0, 0, 0, 0, '', 22624),
(7020, 0, 0, 3, 3, 0, 0, 0, 0, '', 22624),
(10471, 0, 4, 10, 10, 0, 0, 0, 0, '', 22747),
(12410, 0, 16, 2, 2, 0, 0, 0, 0, '', 22747),
(11304, 0, 0, 4, 4, 0, 0, 0, 0, '', 22747),
(11750, 0, 2, 1, 1, 0, 0, 0, 0, '', 22908),
(11781, 0, 16, 3, 3, 0, 0, 0, 0, '', 22747),
(11310, 0, 4, 4, 4, 0, 0, 0, 0, '', 22747),
(10991, 4, 0, 3, 3, 4, 4, 0.3, 0.3, '', 22747),
(2947, 0, 0, 8, 8, 0, 0, 0, 0, '', 22747),
(11338, 0, 4, 1, 1, 0, 0, 0, 0, '', 22908),
(11427, 0, 2, 12, 12, 0, 0, 0, 0, '', 22908),
(8382, 4, 0, 8, 8, 4, 4, 1, 1, '', 22747),
(13436, 4, 0, 8, 8, 4, 4, 0.3, 0.3, '', 22747),
(10529, 0, 0, 3, 3, 0, 0, 0, 0, '', 22747),
(12383, 0, 16, 3, 3, 0, 0, 0, 0, '', 22747),
(9482, 0, 2, 15, 15, 0, 0, 0, 0, '', 22908),
(12389, 0, 16, 2, 2, 0, 0, 0, 0, '', 22747),
(12516, 0, 0, 12, 12, 0, 0, 0, 0, '', 22747),
(12310, 0, 4, 15, 15, 0, 0, 0, 0, '', 22747),
(11022, 0, 4, 5, 5, 0, 0, 0, 0, '', 22747),
(10791, 0, 4, 4, 4, 0, 0, 0, 0, '', 22747),
(12673, 0, 4, 5, 5, 0, 0, 0, 0, '', 22747),
(12740, 0, 8, 10, 10, 0, 0, 0, 0, '', 23420),
(12378, 4, 0, 8, 8, 4, 4, 0.3, 0.3, '', 22747),
(9397, 4, 2, 8, 8, 4, 4, 0.3, 0.3, '', 22908),
(11203, 0, 0, 8, 8, 0, 0, 0, 0, '', 22747),
(12549, 0, 0, 12, 12, 0, 0, 0, 0, '', 22747),
(12506, 0, 4, 2, 2, 0, 0, 0, 0, '', 22747),
(11513, 0, 0, 1, 1, 0, 0, 0, 0, '', 22747),
(6211, 0, 0, 8, 8, 0, 0, 0, 0, '', 22747),
(8089, 4, 0, 8, 8, 4, 4, 0.3, 0.3, '', 22747),
(10205, 4, 0, 3, 3, 8, 8, 0.3, 0.3, '', 22747),
(11547, 0, 0, 5, 5, 0, 0, 0, 0, '', 22747),
(11370, 0, 4, 50, 50, 0, 0, 0, 0, '', 22747),
(11537, 0, 0, 2.5, 2.5, 0, 0, 0, 0, '', 22747),
(11510, 0, 0, 500, 500, 0, 0, 0, 0, '', 22747),
(3921, 0, 2, 1, 60, 0, 0, 0, 0, '', 22747),
(5972, 4, 0, 5, 5, 2, 2, 0.3, 0.3, '', 22747),
(12469, 0, 0, 5, 5, 0, 0, 0, 0, '', 22747),
(10133, 0, 0, 8, 8, 0, 0, 0, 0, '', 22747),
(12401, 0, 6, 7, 7, 0, 0, 0, 0, '', 22747),
(12493, 0, 0, 6, 6, 0, 0, 0, 0, '', 22747),
(11189, 0, 2, 1, 1, 0, 0, 0, 0, '', 22908),
(6870, 4, 0, 2, 2, 6, 6, 0.3, 0.3, '', 22747),
(5802, 0, 0, 6.5, 6.5, 0, 0, 0, 0, '', 22747),
(12498, 0, 4, 9, 9, 0, 0, 0, 0, '', 22747),
(10594, 0, 0, 5, 5, 0, 0, 0, 0, '', 22747),
(12307, 0, 2, 2, 2, 0, 0, 0, 0, '', 22747),
(10670, 0, 4, 15, 15, 0, 0, 0, 0, '', 22747),
(12051, 0, 0, 2, 2, 0, 0, 0, 0, '', 22747),
(12515, 0, 2, 0.5, 2, 0, 0, 0, 0, '', 22747),
(12275, 0, 0, 3, 3, 0, 0, 0, 0, '', 22747),
(9645, 4, 0, 6, 6, 2, 2, 0.3, 0.3, '', 22747),
(11014, 0, 4, 10, 10, 0, 0, 0, 0, '', 22747),
(5070, 0, 0, 6.5, 6.5, 0, 0, 0, 0, '', 22747),
(9671, 1, 2, 4, 10, 15, 4, 10, 15, '', 22810),
(9960, 0, 4, 30, 30, 0, 0, 0, 0, '', 22810),
(9647, 4, 4, 5, 5, 30, 30, 0.5, 0.5, '', 22810),
(9640, 0, 4, 15, 15, 0, 0, 0, 0, '', 22810),
(9683, 0, 4, 3, 3, 0, 0, 0, 0, '', 22810),
(10655, 0, 0, 3, 3, 0, 0, 0, 0, '', 22810),
(9574, 0, 0, 5, 5, 0, 0, 0, 0, '', 22810),
(9962, 0, 4, 7, 7, 0, 0, 0, 0, '', 22810),
(9996, 0, 4, 3, 3, 0, 0, 0, 0, '', 22810),
(9603, 0, 0, 5, 5, 0, 0, 0, 0, '', 22810),
(9592, 0, 0, 5, 5, 0, 0, 0, 0, '', 22810),
(9604, 0, 4, 5, 5, 0, 0, 0, 0, '', 22810),
(9580, 0, 4, 5, 5, 0, 0, 0, 0, '', 22810),
(9878, 0, 0, 5, 5, 0, 0, 0, 0, '', 22810),
(3153, 0, 0, 3, 3, 0, 0, 0, 0, 'areatrigger_pri_angelic_feather', 23420),
(12399, 0, 4, 6, 6, 0, 0, 0, 0, '', 22810),
(10743, 0, 4, 5, 5, 0, 0, 0, 0, '', 22810),
(10343, 0, 6, 7.5, 7.5, 0, 0, 0, 0, '', 22810),
(10771, 0, 0, 50, 50, 0, 0, 0, 0, '', 22810),
(10253, 0, 0, 8, 8, 0, 0, 0, 0, '', 22810),
(10424, 0, 4, 5, 5, 0, 0, 0, 0, '', 22810),
(10725, 0, 4, 2.25, 2.25, 0, 0, 0, 0, '', 22810),
(10193, 0, 2, 6, 6, 0, 0, 0, 0, '', 22810),
(10154, 0, 2, 4, 4, 0, 0, 0, 0, '', 22810),
(10152, 0, 4, 4, 4, 0, 0, 0, 0, '', 22810),
(10377, 0, 4, 2, 2, 0, 0, 0, 0, '', 22810),
(11662, 3, 0, 10, 10, 0, 0, 0, 0, '', 22810),
(11691, 1, 4, 6.25, 0.5, 0.75, 6.25, 0.5, 0.75, '', 22810),
(12114, 0, 0, 2, 2, 0, 0, 0, 0, '', 22810),
(8375, 0, 0, 1, 1, 0, 0, 0, 0, '', 22810),
(7023, 0, 0, 7, 7, 0, 0, 0, 0, '', 22810),
(12599, 0, 0, 5, 5, 0, 0, 0, 0, '', 22810),
(12852, 0, 4, 10, 10, 0, 0, 0, 0, '', 22810),
(4744, 4, 0, 5, 5, 30, 30, 0.5, 0.5, '', 22810),
(12154, 1, 0, 1.2, 1.2, 5, 1.2, 1.2, 5, '', 22810),
(12159, 1, 0, 1.2, 1.2, 5, 1.2, 1.2, 5, '', 22810),
(12153, 1, 0, 1.2, 1.2, 5, 1.2, 1.2, 5, '', 22810),
(8386, 0, 16, 3, 3, 0, 0, 0, 0, '', 22810),
(9537, 0, 4, 3, 3, 0, 0, 0, 0, '', 22810),
(11538, 0, 0, 6, 6, 0, 0, 0, 0, '', 22810),
(6473, 0, 4, 7, 7, 0, 0, 0, 0, '', 22810),
(4520, 0, 2, 2, 2, 0, 0, 0, 0, '', 22810),
(9233, 0, 0, 10, 10, 0, 0, 0, 0, '', 22810),
(9448, 1, 0, 4, 4, 7.5, 4, 4, 7.5, '', 22810),
(11023, 0, 0, 8, 8, 0, 0, 0, 0, '', 22810),
(11221, 0, 66, 0.75, 15, 0, 0, 0, 0, '', 22810),
(12467, 0, 2, 7, 7, 0, 0, 0, 0, '', 22810),
(11483, 0, 4, 25, 25, 0, 0, 0, 0, '', 22810),
(11482, 0, 4, 30, 30, 0, 0, 0, 0, '', 22810),
(11481, 0, 4, 35, 35, 0, 0, 0, 0, '', 22810),
(11480, 0, 4, 40, 40, 0, 0, 0, 0, '', 22810),
(11479, 0, 4, 45, 45, 0, 0, 0, 0, '', 22810),
(11394, 0, 4, 50, 50, 0, 0, 0, 0, '', 22810),
(11086, 0, 0, 10, 10, 0, 0, 0, 0, '', 22810),
(11569, 0, 2, 2, 2, 0, 0, 0, 0, '', 22908),
(3020, 0, 0, 8, 8, 0, 0, 0, 0, '', 22810),
(6700, 0, 16, 4, 4, 0, 0, 0, 0, '', 22810),
(11289, 0, 66, 0.75, 35, 0, 0, 0, 0, '', 22810),
(11245, 0, 66, 0.75, 15, 0, 0, 0, 0, '', 22810),
(12676, 0, 4, 10, 10, 0, 0, 0, 0, '', 22810),
(3282, 0, 0, 1, 1, 0, 0, 0, 0, '', 22810),
(11474, 0, 4, 2, 2, 0, 0, 0, 0, '', 22810),
(11551, 0, 0, 3, 3, 0, 0, 0, 0, '', 23420),
(12680, 0, 0, 80, 80, 0, 0, 0, 0, '', 22810),
(12452, 4, 4, 9, 9, 10, 10, 0.3, 0.3, '', 22810),
(11928, 0, 0, 2, 2, 0, 0, 0, 0, '', 22810),
(8536, 0, 0, 3, 3, 0, 0, 0, 0, '', 22810),
(12243, 4, 4, 6, 6, 12, 12, 6, 6, '', 22810),
(12367, 0, 4, 10, 10, 0, 0, 0, 0, '', 22810),
(9035, 0, 18, 3, 3, 0, 0, 0, 0, '', 22810),
(8394, 0, 0, 1.5, 1.5, 0, 0, 0, 0, '', 22810),
(9067, 0, 18, 0, 2, 0, 0, 0, 0, '', 22810),
(10982, 0, 0, 5, 5, 0, 0, 0, 0, '', 22810),
(9202, 4, 16, 1.5, 1.5, 3.5, 3.5, 0.3, 0.3, '', 22810),
(12446, 0, 1026, 15, 25, 0, 0, 0, 0, '', 22908),
(11612, 4, 0, 5, 5, 4, 4, 0.3, 0.3, '', 22810),
(11422, 0, 2, 0.25, 25, 0, 0, 0, 0, '', 22810),
(6094, 4, 0, 5, 5, 5, 5, 1, 1, '', 22810),
(6966, 4, 0, 3, 3, 4, 4, 0.3, 0.3, '', 22810),
(11979, 1, 0, 2.5, 15, 5, 2.5, 15, 5, '', 22810),
(11978, 1, 0, 15, 2.5, 5, 15, 2.5, 5, '', 22810),
(9756, 4, 0, 1, 1, 7, 7, 3, 3, '', 22810),
(3678, 4, 0, 10, 10, 7, 7, 3, 3, '', 22810),
(6212, 0, 2, 8, 8, 0, 0, 0, 0, '', 22908),
(11399, 0, 4, 10, 10, 0, 0, 0, 0, '', 22810),
(11802, 0, 0, 10, 10, 0, 0, 0, 0, '', 22810),
(12022, 0, 0, 5, 5, 0, 0, 0, 0, '', 22810),
(11887, 0, 66, 3, 20, 0, 0, 0, 0, '', 22810),
(11895, 4, 0, 2, 2, 4, 4, 0.3, 0.3, '', 22810),
(11322, 0, 4, 3, 3, 0, 0, 0, 0, '', 22810),
(12770, 0, 6, 20, 20, 0, 0, 0, 0, '', 22810),
(11209, 0, 0, 4, 4, 0, 0, 0, 0, '', 22810),
(10652, 1, 4, 25, 25, 2.5, 25, 25, 2.5, '', 22810),
(8606, 0, 0, 5, 5, 0, 0, 0, 0, '', 22810),
(12447, 0, 0, 3, 3, 0, 0, 0, 0, '', 22810),
(12440, 4, 4, 60, 60, 5, 5, 4.8, 4.8, '', 22810),
(12448, 0, 0, 1.5, 1.5, 0, 0, 0, 0, '', 22810),
(12463, 0, 0, 2, 2, 0, 0, 0, 0, '', 22810),
(11904, 0, 2, 10, 10, 0, 0, 0, 0, '', 22810),
(10347, 3, 4, 0, 0, 0, 0, 0, 0, '', 22810),
(9239, 0, 0, 4, 4, 0, 0, 0, 0, '', 22810),
(11287, 0, 0, 3, 3, 0, 0, 0, 0, '', 22810),
(12758, 0, 0, 4, 4, 0, 0, 0, 0, '', 22810),
(9100, 0, 4, 5, 5, 0, 0, 0, 0, '', 22810),
(11899, 4, 16, 0.5, 0.5, 3, 3, 0.3, 0.3, '', 22810),
(12460, 0, 0, 7, 7, 0, 0, 0, 0, '', 22810),
(9669, 0, 0, 5, 5, 0, 0, 0, 0, '', 22810),
(11860, 0, 2, 45, 45, 0, 0, 0, 0, '', 22810),
(8790, 0, 0, 2.5, 2.5, 0, 0, 0, 0, '', 22810),
(10692, 0, 0, 5, 5, 0, 0, 0, 0, '', 22810),
(12462, 0, 0, 10, 10, 0, 0, 0, 0, '', 22810),
(10202, 0, 0, 1, 1, 0, 0, 0, 0, '', 22810),
(12632, 0, 0, 7, 7, 0, 0, 0, 0, '', 22810),
(11450, 0, 0, 16, 16, 0, 0, 0, 0, '', 22810),
(11516, 0, 4, 10, 10, 0, 0, 0, 0, '', 22810),
(9229, 0, 0, 10, 10, 0, 0, 0, 0, '', 22810),
(11982, 0, 4, 5, 5, 0, 0, 0, 0, '', 22810),
(11808, 4, 0, 8, 8, 4, 4, 0.3, 0.3, '', 22810),
(10200, 0, 4, 3, 3, 0, 0, 0, 0, '', 22810),
(10185, 4, 4, 2, 2, 6, 6, 0.3, 0.3, '', 22810),
(10163, 0, 0, 3, 3, 0, 0, 0, 0, '', 22810),
(12428, 4, 4, 2.55, 2.55, 3, 3, 1.5, 1.5, '', 22810),
(10403, 4, 4, 1, 1, 3, 3, 0.5, 0.5, '', 22810),
(10067, 3, 0, 30, 30, 0, 0, 0, 0, '', 22810),
(10015, 0, 4, 5, 5, 0, 0, 0, 0, '', 22810),
(9899, 0, 82, 3.5, 3.5, 0, 0, 0, 0, '', 22810),
(12649, 0, 0, 3.5, 3.5, 0, 0, 0, 0, '', 22810),
(10718, 0, 0, 8, 8, 0, 0, 0, 0, '', 22810),
(5742, 4, 0, 8, 8, 4, 4, 1, 1, '', 22810),
(10765, 0, 0, 5, 5, 0, 0, 0, 0, '', 22810),
(11142, 0, 4, 20, 20, 0, 0, 0, 0, '', 22810),
(11591, 0, 4, 30, 30, 0, 0, 0, 0, '', 22810),
(9070, 0, 0, 2, 2, 0, 0, 0, 0, '', 22810),
(11719, 4, 0, 7, 7, 4, 4, 0.3, 0.3, '', 22810),
(7567, 0, 0, 20, 20, 0, 0, 0, 0, '', 22810),
(12465, 0, 0, 500, 500, 0, 0, 0, 0, '', 22810),
(11393, 4, 0, 3, 3, 10, 10, 0.3, 0.3, '', 22810),
(11519, 0, 0, 3, 3, 0, 0, 0, 0, '', 22810),
(12204, 0, 0, 12.5, 12.5, 0, 0, 0, 0, '', 22810),
(9038, 0, 0, 3, 3, 0, 0, 0, 0, '', 22810),
(10479, 0, 0, 2, 2, 0, 0, 0, 0, '', 22810),
(10126, 4, 0, 2, 2, 6, 6, 2, 2, '', 22810),
(10398, 0, 4, 4, 4, 0, 0, 0, 0, '', 22810),
(10117, 0, 0, 4.5, 4.5, 0, 0, 0, 0, '', 22810),
(10116, 0, 0, 4.5, 4.5, 0, 0, 0, 0, '', 22810),
(10113, 0, 0, 4.5, 4.5, 0, 0, 0, 0, '', 22810),
(10112, 0, 0, 4.5, 4.5, 0, 0, 0, 0, '', 22810),
(10111, 0, 0, 4.5, 4.5, 0, 0, 0, 0, '', 22810),
(9749, 0, 2, 3, 3, 0, 0, 0, 0, '', 22810),
(9758, 3, 4, 0, 0, 0, 0, 0, 0, '', 22810),
(10295, 0, 0, 2, 2, 0, 0, 0, 0, '', 22810),
(9582, 1, 0, 60, 60, 17.5, 60, 60, 17.5, '', 22810),
(9583, 1, 0, 60, 60, 17.5, 60, 60, 17.5, '', 22810),
(10357, 0, 0, 2, 2, 0, 0, 0, 0, '', 22810),
(10235, 0, 4, 0.75, 0.75, 0, 0, 0, 0, '', 22810),
(10196, 0, 0, 4, 4, 0, 0, 0, 0, '', 22810),
(10374, 3, 0, 50, 50, 0, 0, 0, 0, '', 22810),
(10675, 0, 0, 10, 10, 0, 0, 0, 0, '', 22810),
(9601, 0, 2, 2, 2, 0, 0, 0, 0, '', 22810),
(9705, 1, 4, 12, 10, 5, 12, 10, 5, '', 22810),
(9232, 4, 0, 1.5, 1.5, 5, 5, 1, 1, '', 22810),
(9677, 3, 4, 0, 0, 0, 0, 0, 0, '', 22810),
(9700, 0, 4, 6, 6, 0, 0, 0, 0, '', 22810),
(10192, 4, 4, 3, 3, 8, 8, 0.3, 0.3, '', 22810),
(11863, 4, 16, 0.5, 0.5, 3, 3, 0.3, 0.3, '', 22810),
(11417, 0, 0, 10, 10, 0, 0, 0, 0, '', 22810),
(11575, 0, 0, 5, 5, 0, 0, 0, 0, '', 22810),
(12158, 4, 4, 1, 1, 6, 6, 0.3, 0.3, '', 22810),
(12143, 0, 0, 2, 2, 0, 0, 0, 0, '', 22810),
(9805, 4, 0, 6, 6, 10, 10, 5, 5, '', 22747),
(6627, 0, 18, 0, 3, 0, 0, 0, 0, '', 22747),
(11833, 0, 0, 8, 8, 0, 0, 0, 0, '', 22747),
(12689, 3, 4, 0, 0, 0, 0, 0, 0, '', 22747),
(10704, 4, 0, 2, 2, 4, 4, 0.3, 0.3, '', 22747),
(8090, 0, 0, 40, 40, 0, 0, 0, 0, '', 22747),
(8066, 0, 0, 40, 40, 0, 0, 0, 0, '', 22747),
(10093, 0, 0, 1.5, 1.5, 0, 0, 0, 0, '', 22747),
(10517, 4, 0, 5, 5, 0.5, 0.5, 0.3, 0.3, '', 22747),
(11498, 0, 2, 6.5, 6.5, 0, 0, 0, 0, '', 22747),
(11646, 0, 0, 5, 5, 0, 0, 0, 0, '', 22747),
(11645, 0, 0, 60, 60, 0, 0, 0, 0, '', 22747),
(12191, 0, 0, 2.5, 2.5, 0, 0, 0, 0, '', 22747),
(11511, 4, 0, 1, 1, 3, 3, 0.5, 0.5, '', 22747),
(9681, 3, 4, 0, 0, 0, 0, 0, 0, '', 22747),
(8924, 0, 0, 10, 10, 0, 0, 0, 0, '', 22747),
(11986, 3, 4, 0, 0, 0, 0, 0, 0, '', 22747),
(12283, 0, 4, 2, 2, 0, 0, 0, 0, '', 22747),
(9852, 1, 0, 4.5, 4.5, 1.5, 4.5, 4.5, 1.5, '', 22747),
(12921, 0, 0, 1, 1, 0, 0, 0, 0, '', 22747),
(9799, 0, 2, 4, 9, 0, 0, 0, 0, '', 22747),
(9817, 1, 16, 0.75, 0.925, 1.25, 0.75, 0.925, 1.25, '', 22747),
(9790, 0, 0, 1, 1, 0, 0, 0, 0, '', 22747),
(10407, 0, 1024, 2, 2, 0, 0, 0, 0, '', 22747),
(10460, 0, 16, 2, 2, 0, 0, 0, 0, '', 22747),
(12575, 0, 0, 3, 3, 0, 0, 0, 0, '', 22747),
(10584, 1, 0, 2, 2, 7.5, 2, 2, 7.5, '', 22747),
(10533, 0, 0, 2.5, 2.5, 0, 0, 0, 0, '', 22747),
(10502, 4, 0, 1, 1, 7, 7, 3, 3, '', 22747),
(11574, 0, 0, 10, 10, 0, 0, 0, 0, '', 22747),
(10568, 0, 0, 10, 10, 0, 0, 0, 0, '', 22747),
(10593, 4, 0, 5, 5, 2, 2, 0.3, 0.3, '', 22747),
(7287, 0, 18, 0.01, 1.5, 0, 0, 0, 0, '', 22747),
(9791, 3, 0, 0, 0, 0, 0, 0, 0, '', 22747),
(11796, 0, 0, 5, 5, 0, 0, 0, 0, '', 22747),
(11903, 0, 4, 1.5, 1.5, 0, 0, 0, 0, '', 22747),
(8697, 0, 4, 2, 2, 0, 0, 0, 0, '', 22747),
(12013, 0, 0, 2, 2, 0, 0, 0, 0, '', 22747),
(12255, 0, 4, 1.5, 1.5, 0, 0, 0, 0, '', 22747),
(11956, 0, 0, 2, 2, 0, 0, 0, 0, '', 22747),
(11791, 4, 0, 8, 8, 4, 4, 1, 1, '', 22747),
(10476, 0, 6, 6, 6, 0, 0, 0, 0, '', 22747),
(10712, 0, 0, 10, 10, 0, 0, 0, 0, '', 22747),
(10711, 4, 4, 1.5, 1.5, 3, 3, 0.3, 0.3, '', 22747),
(10775, 0, 4, 4.5, 4.5, 0, 0, 0, 0, '', 22747),
(9219, 0, 0, 5, 5, 0, 0, 0, 0, '', 22747),
(10690, 4, 0, 2, 2, 6, 6, 0.3, 0.3, '', 22747),
(12379, 0, 0, 5, 5, 0, 0, 0, 0, '', 22747),
(11361, 3, 0, 0, 0, 0, 0, 0, 0, '', 22624),
(10787, 0, 0, 3, 3, 0, 0, 0, 0, '', 22624),
(10768, 0, 4, 3, 3, 0, 0, 0, 0, '', 22624),
(10763, 0, 4, 3, 3, 0, 0, 0, 0, '', 22624),
(10431, 0, 0, 5, 5, 0, 0, 0, 0, '', 22624),
(10428, 0, 0, 20, 20, 0, 0, 0, 0, '', 22624),
(10039, 0, 0, 5, 5, 0, 0, 0, 0, '', 22624),
(10745, 0, 4, 10, 10, 0, 0, 0, 0, '', 22624),
(12125, 0, 0, 7, 7, 0, 0, 0, 0, '', 22624),
(12805, 4, 0, 8, 8, 4, 4, 0.3, 0.3, '', 22624),
(12683, 0, 4, 30, 30, 0, 0, 0, 0, '', 22624),
(12738, 0, 0, 30, 30, 0, 0, 0, 0, '', 22624),
(10069, 0, 0, 1, 1, 0, 0, 0, 0, '', 22624),
(9775, 0, 0, 2, 2, 0, 0, 0, 0, '', 22624),
(11568, 0, 0, 3, 3, 0, 0, 0, 0, '', 22624),
(11595, 4, 4, 2, 2, 6, 6, 1.5, 1.5, '', 22624),
(9665, 0, 4, 15, 15, 0, 0, 0, 0, '', 22624),
(10046, 0, 0, 1, 1, 0, 0, 0, 0, '', 22624),
(10044, 0, 0, 1, 1, 0, 0, 0, 0, '', 22624),
(10102, 0, 4, 10, 10, 0, 0, 0, 0, '', 22624),
(10058, 0, 0, 45.5, 45.5, 0, 0, 0, 0, '', 22624),
(10057, 3, 0, 0, 0, 0, 0, 0, 0, '', 22624),
(9668, 0, 4, 15, 15, 0, 0, 0, 0, '', 22624),
(9777, 0, 0, 2, 2, 0, 0, 0, 0, '', 22624),
(10546, 0, 0, 3, 3, 0, 0, 0, 0, '', 22624),
(10727, 0, 0, 8, 8, 0, 0, 0, 0, '', 23420),
(10225, 4, 0, 2, 2, 6, 6, 0.3, 0.3, '', 22624),
(9905, 0, 0, 3, 3, 0, 0, 0, 0, '', 23420),
(10665, 0, 0, 6, 6, 0, 0, 0, 0, '', 23420),
(10350, 0, 4, 3, 3, 0, 0, 0, 0, '', 23420),
(10362, 4, 0, 2, 2, 6, 6, 2, 2, '', 23420),
(11557, 0, 0, 1, 1, 0, 0, 0, 0, '', 22624),
(9862, 0, 0, 4, 4, 0, 0, 0, 0, '', 22624),
(9786, 3, 0, 0, 0, 0, 0, 0, 0, '', 22624),
(9573, 0, 0, 3, 3, 0, 0, 0, 0, '', 22624),
(9596, 0, 4, 2, 2, 0, 0, 0, 0, '', 22624),
(9595, 0, 4, 2, 2, 0, 0, 0, 0, '', 22624),
(9741, 0, 0, 3, 3, 0, 0, 0, 0, '', 22624),
(9738, 0, 16, 2, 2, 0, 0, 0, 0, '', 22624),
(9737, 0, 16, 2, 2, 0, 0, 0, 0, '', 22624),
(11290, 0, 0, 5, 5, 0, 0, 0, 0, '', 22624),
(10191, 0, 8, 5, 5, 0, 0, 0, 0, '', 22624),
(11356, 4, 0, 6, 6, 4, 4, 0.3, 0.3, '', 22624),
(11351, 4, 0, 1.5, 1.5, 3, 3, 0.3, 0.3, '', 22624),
(11733, 0, 4, 3, 3, 0, 0, 0, 0, '', 22624),
(11825, 0, 0, 2, 2, 0, 0, 0, 0, '', 22624),
(12217, 0, 0, 3, 3, 0, 0, 0, 0, '', 22624),
(11847, 3, 4, 0, 0, 0, 0, 0, 0, '', 22624),
(10682, 4, 0, 5, 5, 30, 30, 0.5, 0.5, '', 22624),
(11953, 0, 2, 3, 3, 0, 0, 0, 0, '', 22624),
(12113, 0, 0, 3, 3, 0, 0, 0, 0, '', 22624),
(9110, 4, 16, 8, 8, 6, 6, 0.3, 0.3, '', 22624),
(11960, 3, 4, 0, 0, 0, 0, 0, 0, '', 22624),
(11958, 4, 4, 2, 2, 6, 6, 2, 2, '', 22624),
(12302, 1, 0, 5, 5, 5, 5, 5, 5, '', 22624),
(9049, 0, 0, 5, 5, 0, 0, 0, 0, '', 22624),
(9433, 4, 4, 5, 5, 15, 15, 0.3, 0.3, '', 22624),
(11337, 0, 0, 3, 3, 0, 0, 0, 0, '', 22624),
(10560, 0, 0, 8, 8, 0, 0, 0, 0, '', 22624),
(9305, 1, 0, 2.5, 15, 5, 2.5, 15, 5, '', 22624),
(9680, 0, 0, 10, 10, 0, 0, 0, 0, '', 22624),
(9684, 4, 4, 1.5, 1.5, 3, 3, 0.3, 0.3, '', 22624),
(9557, 0, 4, 5, 5, 0, 0, 0, 0, '', 22624),
(7866, 0, 0, 10, 10, 0, 0, 0, 0, '', 22624),
(7854, 0, 2, 2, 2, 0, 0, 0, 0, '', 22624),
(7862, 0, 0, 7, 7, 0, 0, 0, 0, '', 22624),
(11492, 0, 8, 5, 5, 0, 0, 0, 0, '', 22624),
(11641, 0, 2, 1, 30, 0, 0, 0, 0, '', 22624),
(12308, 4, 2, 2, 2, 6, 6, 1.5, 1.5, '', 22624),
(10572, 0, 5, 5, 5, 0, 0, 0, 0, '', 22624),
(10005, 3, 4, 0, 0, 0, 0, 0, 0, '', 22624),
(12318, 0, 0, 0.75, 0.75, 0, 0, 0, 0, '', 22624),
(9032, 0, 0, 3, 3, 0, 0, 0, 0, '', 22624),
(12458, 0, 0, 2, 2, 0, 0, 0, 0, '', 22624),
(10383, 0, 0, 7.5, 7.5, 0, 0, 0, 0, '', 22624),
(12408, 0, 0, 1, 1, 0, 0, 0, 0, '', 22624),
(11610, 0, 0, 3, 3, 0, 0, 0, 0, '', 22624),
(9994, 3, 0, 25.1103, 25.1103, 0, 0, 0, 0, '', 22624),
(6626, 0, 18, 0, 3, 0, 0, 0, 0, '', 22624),
(11807, 0, 0, 3, 3, 0, 0, 0, 0, '', 22624),
(10801, 4, 0, 8, 8, 4, 4, 0.3, 0.3, '', 22624),
(11522, 0, 4, 3, 3, 0, 0, 0, 0, '', 22624),
(8716, 0, 0, 3, 3, 0, 0, 0, 0, '', 22624),
(7813, 3, 0, 2, 2, 0, 0, 0, 0, '', 22624),
(10639, 0, 18, 1, 6, 0, 0, 0, 0, '', 22624),
(10753, 4, 0, 3, 3, 4, 4, 0.3, 0.3, '', 22624),
(10752, 4, 16, 2, 2, 3, 3, 0.3, 0.3, '', 22624),
(10688, 0, 0, 5, 5, 0, 0, 0, 0, '', 22624),
(10687, 1, 4, 2, 2, 7.5, 2, 2, 7.5, '', 22624),
(9170, 4, 0, 3, 3, 4, 4, 1, 1, '', 22624),
(9181, 4, 0, 3, 3, 4, 4, 1, 1, '', 22624),
(10700, 3, 4, 0, 0, 0, 0, 0, 0, '', 22594),
(8690, 0, 0, 3, 3, 0, 0, 0, 0, '', 22594),
(12124, 0, 0, 3, 3, 0, 0, 0, 0, '', 22594),
(6095, 0, 8, 5, 5, 0, 0, 0, 0, '', 22594),
(8802, 0, 2, 7, 7, 0, 0, 0, 0, '', 22594),
(9914, 0, 4, 2.5, 2.5, 0, 0, 0, 0, '', 22594),
(12257, 0, 4, 5, 5, 0, 0, 0, 0, '', 22594),
(10276, 0, 0, 6, 6, 0, 0, 0, 0, '', 22594),
(9836, 0, 4, 10, 10, 0, 0, 0, 0, '', 22594),
(5268, 0, 0, 3, 3, 0, 0, 0, 0, '', 22594),
(10447, 3, 0, 0, 0, 0, 0, 0, 0, '', 22594),
(10580, 0, 0, 4, 4, 0, 0, 0, 0, '', 22594),
(9301, 0, 0, 1.5, 1.5, 0, 0, 0, 0, '', 22594),
(11536, 4, 0, 2, 2, 3, 3, 0.3, 0.3, '', 22594),
(11030, 0, 0, 50, 50, 0, 0, 0, 0, '', 22594),
(9722, 0, 4, 5, 5, 0, 0, 0, 0, '', 22594),
(8878, 0, 0, 4, 4, 0, 0, 0, 0, '', 22594),
(12361, 0, 0, 2, 2, 0, 0, 0, 0, '', 22594),
(9101, 0, 0, 4, 4, 0, 0, 0, 0, '', 22594),
(11913, 0, 4, 5, 5, 0, 0, 0, 0, '', 22594),
(8443, 0, 4, 30, 30, 0, 0, 0, 0, '', 22594),
(11523, 0, 4, 4, 4, 0, 0, 0, 0, '', 22594),
(7991, 0, 0, 5, 5, 0, 0, 0, 0, '', 22594),
(12090, 0, 4, 40, 40, 0, 0, 0, 0, '', 22594),
(12130, 0, 0, 3, 3, 0, 0, 0, 0, '', 22594),
(10396, 0, 0, 8, 8, 0, 0, 0, 0, '', 22594),
(12619, 4, 4, 3, 3, 8, 8, 0.3, 0.3, '', 22594),
(11122, 0, 0, 3, 3, 0, 0, 0, 0, '', 22594),
(9850, 0, 4, 5, 5, 0, 0, 0, 0, '', 23420),
(12285, 0, 0, 3, 3, 0, 0, 0, 0, '', 22594),
(12252, 4, 16, 1, 1, 3, 3, 0.5, 0.5, '', 22594),
(9087, 1, 2, 0.75, 1.25, 2.5, 0.75, 1.25, 2.5, '', 22594),
(12108, 0, 4, 10, 10, 0, 0, 0, 0, '', 22594),
(12058, 4, 4, 15.5, 15.5, 5, 5, 0.3, 0.3, '', 22594),
(11539, 0, 4, 3, 3, 0, 0, 0, 0, '', 22594),
(9887, 0, 0, 1, 1, 0, 0, 0, 0, '', 22594),
(11566, 0, 0, 4, 4, 0, 0, 0, 0, '', 22594),
(9370, 0, 0, 5, 5, 0, 0, 0, 0, '', 22594),
(10227, 0, 4, 4, 4, 0, 0, 0, 0, '', 22594),
(10241, 0, 4, 1.5, 1.5, 0, 0, 0, 0, '', 22594),
(10240, 0, 0, 5, 5, 0, 0, 0, 0, '', 22594),
(11253, 0, 4, 10, 10, 0, 0, 0, 0, '', 22594),
(11160, 1, 4, 6, 8, 3.5, 6, 8, 3.5, '', 22594),
(12509, 3, 48, 0, 0, 0, 0, 0, 0, '', 22594),
(12341, 0, 0, 3, 3, 0, 0, 0, 0, '', 22594),
(7345, 4, 0, 2.5, 2.5, 4, 4, 0.3, 0.3, '', 22594),
(9605, 4, 0, 2.5, 2.5, 4, 4, 0.3, 0.3, '', 22594),
(11837, 3, 4, 0, 0, 0, 0, 0, 0, '', 22594),
(12206, 0, 0, 3, 3, 0, 0, 0, 0, '', 22594),
(9138, 0, 4, 5, 5, 0, 0, 0, 0, '', 22594),
(9835, 0, 0, 8, 8, 0, 0, 0, 0, '', 22594),
(11571, 0, 4, 0.75, 0.75, 0, 0, 0, 0, '', 22594),
(8542, 4, 0, 8, 8, 4, 4, 0.3, 0.3, '', 22566),
(10091, 0, 18, 1.5, 1.5, 0, 0, 0, 0, '', 22566),
(10541, 0, 0, 9, 9, 0, 0, 0, 0, '', 22566),
(10050, 0, 4, 3, 3, 0, 0, 0, 0, '', 22566),
(11286, 1, 4, 6, 1, 0.75, 6, 1, 0.75, '', 22566),
(10516, 1, 8, 1.5, 1.5, 2, 1.5, 1.5, 2, '', 22566),
(10416, 0, 4, 3, 3, 0, 0, 0, 0, '', 22566),
(12594, 0, 0, 3, 3, 0, 0, 0, 0, '', 22566),
(12592, 0, 0, 3, 3, 0, 0, 0, 0, '', 22566),
(12595, 0, 0, 3, 3, 0, 0, 0, 0, '', 22566),
(9710, 0, 0, 6.5, 6.5, 0, 0, 0, 0, '', 22566),
(6898, 0, 0, 6, 6, 0, 0, 0, 0, '', 22566),
(12409, 0, 4, 5, 5, 0, 0, 0, 0, '', 22566),
(10627, 0, 0, 5, 5, 0, 0, 0, 0, '', 22566),
(10535, 0, 0, 4, 4, 0, 0, 0, 0, '', 22566),
(12485, 0, 0, 10, 10, 0, 0, 0, 0, '', 22566),
(12328, 0, 4, 6, 6, 0, 0, 0, 0, '', 22566),
(12251, 0, 0, 3, 3, 0, 0, 0, 0, '', 22566),
(12170, 0, 0, 2.5, 2.5, 0, 0, 0, 0, '', 22566),
(12402, 0, 0, 3, 3, 0, 0, 0, 0, '', 22566),
(12400, 4, 4, 5, 5, 25, 25, 15, 15, '', 22566),
(5247, 0, 4, 3, 3, 0, 0, 0, 0, '', 22566),
(12274, 1, 18, 1.5, 5, 5, 1.5, 5, 5, '', 22566),
(6572, 0, 2, 3, 3, 0, 0, 0, 0, '', 22566),
(12422, 0, 0, 1, 1, 0, 0, 0, 0, '', 22566),
(11893, 0, 0, 1, 1, 0, 0, 0, 0, '', 22566),
(10566, 4, 0, 4, 4, 4, 4, 0.3, 0.3, '', 22566),
(12034, 0, 4, 20, 20, 0, 0, 0, 0, '', 22566),
(11894, 3, 4, 0, 0, 0, 0, 0, 0, '', 22566),
(3841, 4, 0, 8, 8, 10, 10, 5, 5, '', 22566),
(10707, 0, 0, 3, 3, 0, 0, 0, 0, '', 22566),
(12536, 0, 0, 1.5, 1.5, 0, 0, 0, 0, '', 22566),
(7657, 1, 0, 2, 1, 1, 2, 1, 1, '', 22566),
(10313, 0, 2, 5, 5, 0, 0, 0, 0, '', 22566),
(6748, 0, 0, 5, 5, 0, 0, 0, 0, '', 22566),
(12074, 0, 0, 2, 2, 0, 0, 0, 0, '', 22566),
(10309, 0, 0, 4, 4, 0, 0, 0, 0, '', 22566),
(10018, 0, 4, 3, 3, 0, 0, 0, 0, '', 22566),
(11843, 0, 0, 3.5, 3.5, 0, 0, 0, 0, '', 22566),
(12247, 0, 4, 4, 4, 0, 0, 0, 0, '', 22566),
(11783, 4, 0, 1, 1, 7, 7, 3, 3, '', 22566),
(11819, 0, 0, 6, 6, 0, 0, 0, 0, '', 22566),
(12757, 0, 4, 4.5, 4.5, 0, 0, 0, 0, '', 22566),
(12188, 0, 0, 5, 5, 0, 0, 0, 0, '', 22566),
(11849, 0, 4, 3, 3, 0, 0, 0, 0, '', 22522),
(12583, 0, 4, 10, 10, 0, 0, 0, 0, '', 22522),
(11608, 0, 0, 3, 3, 0, 0, 0, 0, '', 22522),
(12012, 0, 0, 2, 2, 0, 0, 0, 0, '', 22522),
(9766, 1, 0, 9, 6, 2, 9, 6, 2, '', 22522),
(7095, 0, 3, 1, 1, 0, 0, 0, 0, '', 22522),
(10555, 1, 8, 0.175, 7.5, 1.25, 0.175, 7.5, 1.25, '', 22522),
(9333, 1, 0, 7.5, 6, 17.5, 7.5, 6, 17.5, '', 22522),
(9217, 1, 0, 7.5, 6, 17.5, 7.5, 6, 17.5, '', 22522),
(11010, 4, 0, 3, 3, 3, 3, 0.3, 0.3, '', 22522),
(10366, 3, 0, 0, 0, 0, 0, 0, 0, '', 23420),
(11947, 0, 4, 3, 3, 0, 0, 0, 0, '', 22498),
(9187, 0, 16, 4, 4, 0, 0, 0, 0, '', 22498),
(11518, 4, 4, 20, 20, 1, 1, 0, 0, '', 22498),
(10375, 0, 4, 3.5, 3.5, 0, 0, 0, 0, '', 23420),
(10041, 0, 0, 7, 7, 0, 0, 0, 0, '', 23420),
(11552, 0, 1, 5, 5, 0, 0, 0, 0, '', 23420),
(10693, 0, 0, 6, 6, 0, 0, 0, 0, '', 23420),
(11231, 0, 0, 10, 10, 0, 0, 0, 0, '', 23420),
(9709, 0, 1024, 3, 3, 0, 0, 0, 0, '', 23420),
(10355, 0, 0, 3, 3, 0, 0, 0, 0, '', 23420),
(12504, 0, 0, 1, 1, 0, 0, 0, 0, '', 23420),
(10356, 4, 0, 4, 4, 4, 4, 0.3, 0.3, '', 23420),
(10195, 0, 4, 35, 35, 0, 0, 0, 0, '', 22498),
(9637, 0, 20, 5, 5, 0, 0, 0, 0, '', 23420),
(10288, 4, 2, 0.5, 0.5, 1.5, 1.5, 0.3, 0.3, '', 23420),
(10400, 0, 4, 2, 2, 0, 0, 0, 0, '', 23420),
(10076, 0, 0, 4, 4, 0, 0, 0, 0, '', 23420),
(10089, 0, 0, 5, 5, 0, 0, 0, 0, '', 23420),
(9877, 1, 4, 6, 1, 0.75, 6, 1, 0.75, '', 23420),
(10037, 0, 4, 15, 15, 0, 0, 0, 0, '', 23420),
(8032, 0, 4, 50, 50, 0, 0, 0, 0, '', 22498),
(7619, 0, 4, 1.5, 1.5, 0, 0, 0, 0, '', 22498),
(7920, 0, 4, 6, 6, 0, 0, 0, 0, '', 22498),
(7714, 0, 0, 5, 5, 0, 0, 0, 0, '', 22498),
(7679, 4, 0, 2, 2, 6, 6, 0.3, 0.3, '', 22498),
(6906, 0, 4, 15, 15, 0, 0, 0, 0, '', 22498),
(6684, 0, 0, 3, 3, 0, 0, 0, 0, '', 22498),
(8151, 0, 0, 1.5, 1.5, 0, 0, 0, 0, '', 22498),
(6582, 0, 18, 0, 2, 0, 0, 0, 0, '', 22498),
(7911, 0, 0, 2, 2, 0, 0, 0, 0, '', 22498),
(8012, 0, 4, 2, 2, 0, 0, 0, 0, '', 22498),
(5653, 0, 16, 2, 2, 0, 0, 0, 0, '', 22498),
(8335, 0, 0, 2, 2, 0, 0, 0, 0, '', 22498),
(12983, 0, 4, 100, 100, 0, 0, 0, 0, '', 22908),
(12197, 0, 4, 10, 10, 0, 0, 0, 0, '', 22908),
(12186, 1, 0, 7.5, 2.5, 5, 7.5, 2.5, 5, '', 22908),
(11955, 0, 4, 3, 3, 0, 0, 0, 0, '', 22908),
(13120, 0, 0, 4, 4, 0, 0, 0, 0, '', 22908),
(13122, 0, 0, 4, 4, 0, 0, 0, 0, '', 22908),
(10813, 0, 4, 20, 20, 0, 0, 0, 0, '', 22908),
(13112, 0, 0, 4, 4, 0, 0, 0, 0, '', 22908),
(13354, 3, 0, 0, 0, 0, 0, 0, 0, '', 22908),
(13353, 3, 0, 0, 0, 0, 0, 0, 0, '', 22908),
(13352, 3, 0, 0, 0, 0, 0, 0, 0, '', 22908),
(12922, 0, 2, 6, 6, 0, 0, 0, 0, '', 22908),
(13189, 1, 0, 5, 2.5, 7.5, 5, 2.5, 7.5, '', 22908),
(13188, 0, 0, 10, 10, 0, 0, 0, 0, '', 22908),
(13689, 0, 0, 10, 10, 0, 0, 0, 0, '', 22908),
(12882, 4, 4, 2, 2, 6, 6, 0.3, 0.3, '', 22908),
(12851, 3, 1, 0, 0, 0, 0, 0, 0, '', 22908),
(12879, 4, 0, 1, 1, 5, 5, 2.5, 2.5, '', 22908),
(12857, 0, 0, 4.5, 4.5, 0, 0, 0, 0, '', 22908),
(12856, 0, 0, 4.5, 4.5, 0, 0, 0, 0, '', 22908),
(12855, 0, 0, 4.5, 4.5, 0, 0, 0, 0, '', 22908),
(12853, 0, 0, 4.5, 4.5, 0, 0, 0, 0, '', 22908),
(12854, 0, 0, 4.5, 4.5, 0, 0, 0, 0, '', 22908),
(12893, 0, 4, 6, 6, 0, 0, 0, 0, '', 22908),
(12894, 0, 4, 35, 35, 0, 0, 0, 0, '', 22908),
(12904, 0, 0, 8, 8, 0, 0, 0, 0, '', 22908),
(12897, 1, 0, 22.5, 100, 3.5, 22.5, 100, 3.5, '', 22908),
(12892, 0, 2, 1, 1, 0, 0, 0, 0, '', 22908),
(12968, 1, 18, 2, 5.5, 2.5, 2, 5.5, 2.5, '', 22908),
(11989, 0, 4, 6, 6, 0, 0, 0, 0, '', 22908),
(11381, 4, 4, 3, 3, 6, 6, 0.3, 0.3, '', 22908),
(11390, 4, 4, 15, 15, 10, 10, -1, -1, '', 22908),
(11910, 0, 0, 5, 5, 0, 0, 0, 0, '', 22908),
(12610, 0, 0, 6, 6, 0, 0, 0, 0, '', 22908),
(13127, 4, 0, 5, 5, 8, 8, -2, -2, '', 22908),
(13117, 0, 0, 6, 6, 0, 0, 0, 0, '', 22908),
(7856, 0, 0, 2, 2, 0, 0, 0, 0, '', 22908),
(11854, 0, 2, 30, 30, 0, 0, 0, 0, '', 22908),
(10387, 3, 4, 0, 0, 0, 0, 0, 0, '', 22908),
(10393, 3, 4, 0, 0, 0, 0, 0, 0, '', 22908),
(13267, 1, 0, 5, 1, 2.5, 5, 1, 2.5, '', 22908),
(11692, 0, 0, 1, 1, 0, 0, 0, 0, '', 22908),
(11846, 0, 0, 1, 1, 0, 0, 0, 0, '', 22908),
(10716, 0, 0, 4, 4, 0, 0, 0, 0, '', 22908),
(10625, 0, 4, 12, 12, 0, 0, 0, 0, '', 22908),
(6629, 0, 0, 2, 2, 0, 0, 0, 0, '', 22908),
(11004, 0, 4, 20, 20, 0, 0, 0, 0, '', 22908),
(10459, 3, 4, 0, 0, 0, 0, 0, 0, '', 22908),
(12517, 0, 4, 50, 50, 0, 0, 0, 0, '', 23420),
(13677, 0, 18, 2.5, 2.5, 0, 0, 0, 0, '', 23420),
(6669, 0, 4, 5, 5, 0, 0, 0, 0, '', 23420);

INSERT IGNORE INTO `spell_areatrigger` VALUES 
(337, 3153, 0, 0, 0, 0, 0, 0, 600000, 23420),
(5420, 10133, 0, 0, 0, 0, 0, 0, 7177, 23420),
(196770, 11420, 0, 0, 0, 0, 0, 0, 8000, 24430),
(209788, 11231, 0, 0, 0, 0, 0, 0, 30000, 24430),
(196718, 11203, 0, 0, 0, 0, 0, 0, 8000, 24430),
(213214, 11552, 0, 0, 0, 0, 35, 998, 600000, 24430),
(193238, 9701, 0, 0, 0, 0, 35, 998, 600000, 24430),
(213212, 11551, 0, 0, 0, 0, 35, 7500, 600000, 24430),
(192571, 9709, 0, 0, 0, 0, 35, 7500, 600000, 24430),
(202202, 9856, 0, 0, 0, 0, 0, 6283, 600000, 24430),
(196503, 9991, 0, 0, 0, 0, 0, 0, 150000, 24430),
(199761, 10288, 0, 1669, 0, 0, 0, 12000, 12000, 24430),
(223473, 12504, 0, 0, 0, 0, 0, 0, 15000, 24430),
(199477, 10259, 0, 0, 0, 0, 0, 0, 0, 24430),
(201035, 10400, 0, 0, 0, 0, 0, 0, 60000, 24430),
(198306, 9850, 0, 0, 0, 0, 0, 0, 5000, 24430),
(197608, 10076, 0, 0, 0, 0, 0, 0, 15000, 24430),
(200753, 10375, 0, 0, 0, 0, 0, 0, 3000, 24430),
(192604, 9637, 0, 0, 0, 0, 0, 0, 0, 24430),
(198947, 10195, 0, 0, 0, 0, 0, 0, 8000, 24430),
(197748, 10089, 0, 0, 0, 0, 0, 0, 20000, 24430),
(197245, 10041, 0, 0, 0, 0, 0, 0, 15000, 24430),
(200786, 10378, 0, 0, 0, 0, 0, 0, 15000, 24430),
(197180, 10037, 0, 0, 0, 0, 0, 0, 6000, 24430),
(200525, 10356, 0, 0, 0, 0, 0, 0, 15000, 24430),
(200417, 10350, 0, 0, 0, 0, 0, 0, 6000, 24430),
(195402, 9905, 0, 0, 0, 0, 0, 0, 20000, 24430),
(200510, 10355, 0, 0, 0, 0, 0, 0, 10000, 24430),
(195051, 9877, 0, 0, 0, 0, 0, 0, 20000, 24430),
(192665, 6669, 0, 0, 0, 0, 0, 0, 15000, 24430),
(209693, 8352, 0, 0, 0, 0, 0, 0, 30000, 24430),
(205228, 4488, 0, 0, 0, 0, 0, 0, 0, 24461),
(184123, 4408, 0, 0, 0, 0, 0, 1500, 0, 0),
(6711, 10693, 0, 0, 0, 0, 0, 0, 20000, 23420),
(5977, 10665, 0, 0, 0, 0, 0, 0, 20000, 23420),
(6039, 10727, 0, 0, 0, 0, 0, 0, 2000, 23420),
(5130, 9856, 0, 0, 0, 0, 0, 6874, 600000, 23420),
(5269, 9991, 0, 0, 0, 0, 0, 0, 150000, 23420),
(7082, 11551, 0, 0, 0, 0, 35, 7500, 600000, 23420),
(7083, 11552, 0, 0, 0, 0, 35, 998, 600000, 23420),
(4915, 9701, 0, 0, 0, 0, 35, 0, 600000, 23420),
(4919, 9709, 0, 0, 0, 0, 35, 45867, 600000, 23420),
(5572, 10288, 0, 1669, 0, 0, 0, 12000, 12000, 23420),
(5693, 10400, 0, 0, 0, 0, 0, 0, 60000, 23420),
(8318, 12504, 0, 0, 0, 0, 0, 0, 15000, 23420),
(5127, 9850, 0, 0, 0, 0, 0, 0, 5000, 23420),
(5363, 10076, 0, 0, 0, 0, 0, 0, 15000, 23420),
(5668, 10375, 0, 0, 0, 0, 0, 0, 3000, 23420),
(4920, 9637, 0, 0, 0, 0, 0, 0, 0, 23420),
(6659, 11231, 0, 0, 0, 0, 0, 0, 30000, 23420),
(5648, 10356, 0, 0, 0, 0, 0, 0, 15000, 23420),
(5319, 10041, 0, 0, 0, 0, 0, 0, 15000, 23420),
(5380, 10089, 0, 0, 0, 0, 0, 0, 20000, 23420),
(5315, 10037, 0, 0, 0, 0, 0, 0, 6000, 23420),
(5655, 10362, 0, 0, 0, 0, 0, 0, 15000, 23420),
(5659, 10366, 0, 0, 0, 0, 0, 0, 10000, 23420),
(5639, 10350, 0, 0, 0, 0, 0, 0, 6000, 23420),
(5177, 9905, 0, 0, 0, 0, 0, 0, 20000, 23420),
(5647, 10355, 0, 0, 0, 0, 0, 0, 10000, 23420),
(5151, 9877, 0, 0, 0, 0, 0, 0, 20000, 23420),
(2104, 6669, 0, 0, 0, 0, 0, 0, 15000, 23420),
(6639, 11221, 0, 0, 1793, 0, 34, 24139, 45000, 23420),
(5280, 10003, 0, 0, 0, 0, 0, 1818, 5000, 23420),
(8162, 12307, 0, 2100, 0, 0, 31, 0, 0, 23420),
(8163, 12307, 0, 2101, 0, 0, 31, 0, 0, 23420),
(8040, 12307, 0, 2059, 0, 0, 31, 0, 0, 23420),
(8200, 12401, 0, 2113, 0, 0, 0, 0, 0, 23420);

INSERT IGNORE INTO `areatrigger_template_polygon_vertices` VALUES 
(10713, 3, 12.9541, 11.1635, NULL, NULL, 22498),
(10713, 2, 15.1926, 7.84888, NULL, NULL, 22498),
(10713, 1, 1.11963, -1.65735, NULL, NULL, 22498),
(10713, 0, -1.11939, 1.65717, NULL, NULL, 22498),
(11662, 32, 5, 0, NULL, NULL, 22498),
(11662, 31, 4.61035, 1.91, NULL, NULL, 22498),
(11662, 30, 3.53027, 3.53, NULL, NULL, 22498),
(11662, 29, 1.91016, 4.60998, NULL, NULL, 22498),
(11662, 28, 0, 5, NULL, NULL, 22498),
(11662, 27, -3.54004, 3.53, NULL, NULL, 22498),
(11662, 26, -4.62012, 1.91, NULL, NULL, 22498),
(11662, 25, -5, 0, NULL, NULL, 22498),
(11662, 24, -4.62012, -1.92001, NULL, NULL, 22498),
(11662, 23, -3.54004, -3.54001, NULL, NULL, 22498),
(11662, 22, -1.91992, -4.62, NULL, NULL, 22498),
(11662, 21, 0, -5, NULL, NULL, 22498),
(11662, 20, 1.91016, -4.62, NULL, NULL, 22498),
(11662, 19, 3.53027, -3.54001, NULL, NULL, 22498),
(11662, 18, 4.61035, -1.92001, NULL, NULL, 22498),
(11662, 17, 5, -0.0100098, NULL, NULL, 22498),
(11662, 16, 8, -0.0100098, NULL, NULL, 22498),
(11662, 15, 7.38965, -3.07001, NULL, NULL, 22498),
(11662, 14, 5.65039, -5.66, NULL, NULL, 22498),
(11662, 13, 3.05957, -7.39999, NULL, NULL, 22498),
(11662, 12, 0, -8, NULL, NULL, 22498),
(11662, 11, -3.07031, -7.39999, NULL, NULL, 22498),
(11662, 10, -5.66016, -5.66, NULL, NULL, 22498),
(11662, 9, -7.40039, -3.07001, NULL, NULL, 22498),
(11662, 8, -8, 0, NULL, NULL, 22498),
(11662, 7, -7.40039, 3.06, NULL, NULL, 22498),
(11662, 6, -5.66016, 5.64999, NULL, NULL, 22498),
(11662, 5, -3.07031, 7.39002, NULL, NULL, 22498),
(11662, 4, 0, 8, NULL, NULL, 22498),
(11662, 3, 3.05957, 7.39002, NULL, NULL, 22498),
(11662, 2, 5.65039, 5.64999, NULL, NULL, 22498),
(11662, 1, 7.38965, 3.06, NULL, NULL, 22498),
(11662, 0, 8, 0, NULL, NULL, 22498),
(10347, 3, 0, 5, NULL, NULL, 22498),
(10347, 2, 0, -7, NULL, NULL, 22498),
(10347, 1, -30, -8, NULL, NULL, 22498),
(10347, 0, -30, 6, NULL, NULL, 22498),
(10067, 3, -11.0272, 2.5, NULL, NULL, 22498),
(10067, 2, 0, 2.5, NULL, NULL, 22498),
(10067, 1, 0, -2.5, NULL, NULL, 22498),
(10067, 0, -11.0272, -2.5, NULL, NULL, 22498),
(9758, 6, 2.00708, 0.079834, NULL, NULL, 22498),
(9758, 5, 0.604248, -4.24658, NULL, NULL, 22498),
(9758, 4, -3.14233, -6.06427, NULL, NULL, 22498),
(9758, 3, -190.362, -8.34552, NULL, NULL, 22498),
(9758, 2, -189.907, 8.61108, NULL, NULL, 22498),
(9758, 1, -3.44775, 6.10065, NULL, NULL, 22498),
(9758, 0, 0.375, 4.64581, NULL, NULL, 22498),
(10374, 3, 31.0478, -93.3924, NULL, NULL, 22498),
(10374, 2, -82.5061, 25.8576, NULL, NULL, 22498),
(10374, 1, -17.5886, 85.4618, NULL, NULL, 22498),
(10374, 0, 97.0146, -28.0417, NULL, NULL, 22498),
(9677, 3, 35, 12, NULL, NULL, 22498),
(9677, 2, 35, -12, NULL, NULL, 22498),
(9677, 1, 10, -6, NULL, NULL, 22498),
(9677, 0, 10, 6, NULL, NULL, 22498),
(12689, 3, 3, 2.92565, NULL, NULL, 22498),
(12689, 2, 3, -3, NULL, NULL, 22498),
(12689, 1, 0, -3, NULL, NULL, 22498),
(12689, 0, 0, 3, NULL, NULL, 22498),
(9681, 3, -2, 2, NULL, NULL, 22498),
(9681, 2, 8, 3, NULL, NULL, 22498),
(9681, 1, 8, -3, NULL, NULL, 22498),
(9681, 0, -2, -2, NULL, NULL, 22498),
(11986, 3, 28.9778, 7.76457, NULL, NULL, 22498),
(11986, 2, 28.9778, -7.76457, NULL, NULL, 22498),
(11986, 1, 0, -1, NULL, NULL, 22498),
(11986, 0, 0, 1, NULL, NULL, 22498),
(9791, 3, 200, 30, NULL, NULL, 22498),
(9791, 2, 200, -30, NULL, NULL, 22498),
(9791, 1, 0, -30, NULL, NULL, 22498),
(9791, 0, 0, 30, NULL, NULL, 22498),
(11361, 3, 0.75, 3, NULL, NULL, 22498),
(11361, 2, 0.75, -3, NULL, NULL, 22498),
(11361, 1, -0.75, -3, NULL, NULL, 22498),
(11361, 0, -0.75, 3, NULL, NULL, 22498),
(10057, 11, -50, -12, NULL, NULL, 22498),
(10057, 10, -50, 13, NULL, NULL, 22498),
(10057, 9, -11, 13, NULL, NULL, 22498),
(10057, 8, -11, 20, NULL, NULL, 22498),
(10057, 7, 9, 20, NULL, NULL, 22498),
(10057, 6, 9, 13, NULL, NULL, 22498),
(10057, 5, 50, 13, NULL, NULL, 22498),
(10057, 4, 50, -12, NULL, NULL, 22498),
(10057, 3, 9, -12, NULL, NULL, 22498),
(10057, 2, 9, -20, NULL, NULL, 22498),
(10057, 1, -11, -20, NULL, NULL, 22498),
(10057, 0, -11, -12, NULL, NULL, 22498),
(9786, 3, 28.9778, 7.76457, NULL, NULL, 22498),
(9786, 2, 28.9778, -7.76457, NULL, NULL, 22498),
(9786, 1, 0, -1, NULL, NULL, 22498),
(9786, 0, 0, 1, NULL, NULL, 22498),
(11847, 3, 0, 1, NULL, NULL, 22498),
(11847, 2, 20, 1, NULL, NULL, 22498),
(11847, 1, 20, -1, NULL, NULL, 22498),
(11847, 0, 0, -1, NULL, NULL, 22498),
(11960, 3, 100, 10, NULL, NULL, 22498),
(11960, 2, 100, -10, NULL, NULL, 22498),
(11960, 1, 0, -10, NULL, NULL, 22498),
(11960, 0, 0, 10, NULL, NULL, 22498),
(6197, 8, -13.9309, 10.9575, NULL, NULL, 22498),
(6197, 7, -7.66968, 22.2648, NULL, NULL, 22498),
(6197, 6, 0.117676, 28.9974, NULL, NULL, 22498),
(6197, 5, 8.95361, 22.2144, NULL, NULL, 22498),
(6197, 4, 15.5942, 9.28906, NULL, NULL, 22498),
(6197, 3, 19.4153, -9.1936, NULL, NULL, 22498),
(6197, 2, 22.1497, -28.7665, NULL, NULL, 22498),
(6197, 1, -22.1497, -28.9974, NULL, NULL, 22498),
(6197, 0, -19.1541, -8.49737, NULL, NULL, 22498),
(10005, 3, 35, 1.5, NULL, NULL, 22498),
(10005, 2, 35, -1.5, NULL, NULL, 22498),
(10005, 1, 0, -1.5, NULL, NULL, 22498),
(10005, 0, 0, 1.5, NULL, NULL, 22498),
(9994, 3, 2.34723, 4.53027, NULL, NULL, 22498),
(9994, 2, 7.71338, 1.35449, NULL, NULL, 22498),
(9994, 1, 2.64563, -7.9165, NULL, NULL, 22498),
(9994, 0, -4.3476, -2.32666, NULL, NULL, 22498),
(7813, 31, -21.0278, -23.4609, NULL, NULL, 22498),
(7813, 30, -27.0347, -20.5244, NULL, NULL, 22498),
(7813, 29, -28.5156, -15.2944, NULL, NULL, 22498),
(7813, 28, -27.9392, -7.34815, NULL, NULL, 22498),
(7813, 27, -28.1701, -4.58691, NULL, NULL, 22498),
(7813, 26, -23.8038, 2.94775, NULL, NULL, 22498),
(7813, 25, -17.9705, 6.73828, NULL, NULL, 22498),
(7813, 24, -15.618, 7.53271, NULL, NULL, 22498),
(7813, 23, -10.717, 11.8364, NULL, NULL, 22498),
(7813, 22, -9.95831, 13.3565, NULL, NULL, 22498),
(7813, 21, -6.95312, 17.3193, NULL, NULL, 22498),
(7813, 20, -2.17877, 21.1074, NULL, NULL, 22498),
(7813, 19, 3.71008, 22.7593, NULL, NULL, 22498),
(7813, 18, 4.97052, 23.4609, NULL, NULL, 22498),
(7813, 17, 11.0052, 23.3652, NULL, NULL, 22498),
(7813, 16, 12.7917, 23.082, NULL, NULL, 22498),
(7813, 15, 16.8351, 21.543, NULL, NULL, 22498),
(7813, 14, 20.8264, 18.8809, NULL, NULL, 22498),
(7813, 13, 24.0382, 13.3062, NULL, NULL, 22498),
(7813, 12, 24.2604, 6.6665, NULL, NULL, 22498),
(7813, 11, 28.2952, 1.47998, NULL, NULL, 22498),
(7813, 10, 28.5157, -4.2832, NULL, NULL, 22498),
(7813, 9, 27.8594, -9.99072, NULL, NULL, 22498),
(7813, 8, 25.9011, -14.9648, NULL, NULL, 22498),
(7813, 7, 22.3785, -19.4575, NULL, NULL, 22498),
(7813, 6, 15.8021, -22.0889, NULL, NULL, 22498),
(7813, 5, 9.00522, -21.9795, NULL, NULL, 22498),
(7813, 4, 0.694458, -20.4326, NULL, NULL, 22498),
(7813, 3, -3.37323, -17.5679, NULL, NULL, 22498),
(7813, 2, -9.2951, -16.7529, NULL, NULL, 22498),
(7813, 1, -11.8194, -16.9766, NULL, NULL, 22498),
(7813, 0, -15.9444, -18.562, NULL, NULL, 22498),
(10700, 3, 1, 1, NULL, NULL, 22498),
(10700, 2, 1, -1, NULL, NULL, 22498),
(10700, 1, -10, -10, NULL, NULL, 22498),
(10700, 0, -10, 10, NULL, NULL, 22498),
(10447, 42, 18.5723, 1.88013, NULL, NULL, 22498),
(10447, 41, 18.7842, 0.154297, NULL, NULL, 22498),
(10447, 40, 18.4609, -2.10864, NULL, NULL, 22498),
(10447, 39, 17.5312, -4.35352, NULL, NULL, 22498),
(10447, 38, 16.0488, -6.3169, NULL, NULL, 22498),
(10447, 37, 14.2085, -7.72315, NULL, NULL, 22498),
(10447, 36, 11.6748, -8.69629, NULL, NULL, 22498),
(10447, 35, 9.23877, -7.75708, NULL, NULL, 22498),
(10447, 34, 5.76904, -17.8118, NULL, NULL, 22498),
(10447, 33, -0.134277, -25.2527, NULL, NULL, 22498),
(10447, 32, -7.63867, -31.166, NULL, NULL, 22498),
(10447, 31, -10.2935, -31.9724, NULL, NULL, 22498),
(10447, 30, -10.6709, -30.3481, NULL, NULL, 22498),
(10447, 29, -8.93066, -28.8247, NULL, NULL, 22498),
(10447, 28, -8.13623, -25.113, NULL, NULL, 22498),
(10447, 27, -9.60596, -21.5132, NULL, NULL, 22498),
(10447, 26, -12.8603, -19.6936, NULL, NULL, 22498),
(10447, 25, -13.6675, -19.6528, NULL, NULL, 22498),
(10447, 24, -16.6509, -14.3264, NULL, NULL, 22498),
(10447, 23, -13.4658, -13.3977, NULL, NULL, 22498),
(10447, 22, -13.478, -6.74756, NULL, NULL, 22498),
(10447, 21, -18.8218, -5.74316, NULL, NULL, 22498),
(10447, 20, -19.1675, -4.81787, NULL, NULL, 22498),
(10447, 19, -19.1587, 4.91577, NULL, NULL, 22498),
(10447, 18, -18.6196, 5.84717, NULL, NULL, 22498),
(10447, 17, -13.75, 6.66309, NULL, NULL, 22498),
(10447, 16, -13.498, 13.3237, NULL, NULL, 22498),
(10447, 15, -16.4228, 14.4946, NULL, NULL, 22498),
(10447, 14, -13.9971, 18.9729, NULL, NULL, 22498),
(10447, 13, -11.6372, 19.2524, NULL, NULL, 22498),
(10447, 12, -8.88867, 21.8662, NULL, NULL, 22498),
(10447, 11, -8.10938, 25.6458, NULL, NULL, 22498),
(10447, 10, -9.61377, 29.1292, NULL, NULL, 22498),
(10447, 9, -11.4478, 30.2065, NULL, NULL, 22498),
(10447, 8, -10.4971, 32.5493, NULL, NULL, 22498),
(10447, 7, -7.55908, 31.7168, NULL, NULL, 22498),
(10447, 6, -0.216797, 26.072, NULL, NULL, 22498),
(10447, 5, 5.73535, 18.3159, NULL, NULL, 22498),
(10447, 4, 9.09131, 8.07617, NULL, NULL, 22498),
(10447, 3, 11.5913, 8.95386, NULL, NULL, 22498),
(10447, 2, 13.7065, 8.28979, NULL, NULL, 22498),
(10447, 1, 16.2178, 6.65698, NULL, NULL, 22498),
(10447, 0, 17.4707, 4.82104, NULL, NULL, 22498),
(10447, 156, -50.335, -36.8064, NULL, NULL, 22498),
(10447, 155, -46.9297, -36.8274, NULL, NULL, 22498),
(10447, 154, -44.2275, -37.5217, NULL, NULL, 22498),
(10447, 153, -41.7466, -39.0479, NULL, NULL, 22498),
(10447, 152, -39.1235, -42.9854, NULL, NULL, 22498),
(10447, 151, -29.5635, -40.5686, NULL, NULL, 22498),
(10447, 150, -20.6748, -35.4297, NULL, NULL, 22498),
(10447, 149, -11.52, -26.855, NULL, NULL, 22498),
(10447, 148, -6.65967, -18.8611, NULL, NULL, 22498),
(10447, 147, -8.36035, -16.8257, NULL, NULL, 22498),
(10447, 146, -10.6016, -17.356, NULL, NULL, 22498),
(10447, 145, -13.2407, -16.1103, NULL, NULL, 22498),
(10447, 144, -17.0019, -12.7014, NULL, NULL, 22498),
(10447, 143, -20.0132, -8.84546, NULL, NULL, 22498),
(10447, 142, -21.7969, -4.69971, NULL, NULL, 22498),
(10447, 141, -21.7803, -4.2456, NULL, NULL, 22498),
(10447, 140, -21.6206, -3.75171, NULL, NULL, 22498),
(10447, 139, -22.1025, -2.9331, NULL, NULL, 22498),
(10447, 138, -22.9775, -2.58521, NULL, NULL, 22498),
(10447, 137, -24.0654, -3.11475, NULL, NULL, 22498),
(10447, 136, -24.1235, -4.38623, NULL, NULL, 22498),
(10447, 135, -26.4619, -1.94971, NULL, NULL, 22498),
(10447, 134, -27.4307, 0.362793, NULL, NULL, 22498),
(10447, 133, -27.7998, 2.65869, NULL, NULL, 22498),
(10447, 132, -27.5513, 4.97729, NULL, NULL, 22498),
(10447, 131, -26.5859, 7.33325, NULL, NULL, 22498),
(10447, 130, -25.3272, 9.11108, NULL, NULL, 22498),
(10447, 129, -24.3291, 9.74731, NULL, NULL, 22498),
(10447, 128, -23.9404, 8.49463, NULL, NULL, 22498),
(10447, 127, -22.9609, 8.07812, NULL, NULL, 22498),
(10447, 126, -21.9888, 8.30713, NULL, NULL, 22498),
(10447, 125, -21.5557, 9.22388, NULL, NULL, 22498),
(10447, 124, -22.1348, 10.2803, NULL, NULL, 22498),
(10447, 123, -19.8188, 14.5242, NULL, NULL, 22498),
(10447, 122, -17.0322, 18.1389, NULL, NULL, 22498),
(10447, 121, -13.2153, 21.467, NULL, NULL, 22498),
(10447, 120, -9.92822, 23.072, NULL, NULL, 22498),
(10447, 119, -9.24072, 22.3706, NULL, NULL, 22498),
(10447, 118, -7.32324, 22.4192, NULL, NULL, 22498),
(10447, 117, -6.21094, 23.6919, NULL, NULL, 22498),
(10447, 116, -6.39502, 25.5503, NULL, NULL, 22498),
(10447, 115, -7.67481, 26.6753, NULL, NULL, 22498),
(10447, 114, -8.75635, 26.73, NULL, NULL, 22498),
(10447, 113, -10.04, 28.7742, NULL, NULL, 22498),
(10447, 112, -11.644, 32.0669, NULL, NULL, 22498),
(10447, 111, -12.415, 33.0122, NULL, NULL, 22498),
(10447, 110, -15.0488, 34.9817, NULL, NULL, 22498),
(10447, 109, -15.6973, 35.874, NULL, NULL, 22498),
(10447, 108, -25.9756, 43.0051, NULL, NULL, 22498),
(10447, 107, -37.6562, 48.5625, NULL, NULL, 22498),
(10447, 106, -43.3213, 52.0181, NULL, NULL, 22498),
(10447, 105, -51.3647, 52.8342, NULL, NULL, 22498),
(10447, 104, -51.7251, 48.408, NULL, NULL, 22498),
(10447, 103, -52.7979, 45.4983, NULL, NULL, 22498),
(10447, 102, -54.7095, 43.0435, NULL, NULL, 22498),
(10447, 101, -57.4941, 41.3931, NULL, NULL, 22498),
(10447, 100, -60.8628, 40.8149, NULL, NULL, 22498),
(10447, 99, -64.1157, 41.4192, NULL, NULL, 22498),
(10447, 98, -66.124, 42.4739, NULL, NULL, 22498),
(10447, 97, -67.9438, 44.125, NULL, NULL, 22498),
(10447, 96, -69.4863, 47.5842, NULL, NULL, 22498),
(10447, 95, -69.0381, 50.3176, NULL, NULL, 22498),
(10447, 94, -75.1426, 48.9539, NULL, NULL, 22498),
(10447, 93, -86.8896, 43.553, NULL, NULL, 22498),
(10447, 92, -91.3023, 43.467, NULL, NULL, 22498),
(10447, 91, -93.0688, 44.6562, NULL, NULL, 22498),
(10447, 90, -90.3389, 47.5747, NULL, NULL, 22498),
(10447, 89, -90.1606, 49.158, NULL, NULL, 22498),
(10447, 88, -88.7935, 49.2681, NULL, NULL, 22498),
(10447, 87, -87.0156, 50.6978, NULL, NULL, 22498),
(10447, 86, -86.1943, 55.927, NULL, NULL, 22498),
(10447, 85, -86.4209, 56.5034, NULL, NULL, 22498),
(10447, 84, -82.9385, 57.8696, NULL, NULL, 22498),
(10447, 83, -79.311, 60.894, NULL, NULL, 22498),
(10447, 82, -78.4072, 60.2778, NULL, NULL, 22498),
(10447, 81, -73.6216, 58.8523, NULL, NULL, 22498),
(10447, 80, -71.4351, 59.9087, NULL, NULL, 22498),
(10447, 79, -69.3135, 65.3801, NULL, NULL, 22498),
(10447, 78, -65.4565, 65.7935, NULL, NULL, 22498),
(10447, 77, -61.4092, 67.7021, NULL, NULL, 22498),
(10447, 76, -61.0376, 67.0806, NULL, NULL, 22498),
(10447, 75, -56.5767, 64.0347, NULL, NULL, 22498),
(10447, 74, -54.3647, 64.4365, NULL, NULL, 22498),
(10447, 73, -50.6348, 68.8611, NULL, NULL, 22498),
(10447, 72, -46.6191, 67.8584, NULL, NULL, 22498),
(10447, 71, -42.7295, 68.303, NULL, NULL, 22498),
(10447, 70, -42.2021, 67.48, NULL, NULL, 22498),
(10447, 69, -38.9653, 62.4297, NULL, NULL, 22498),
(10447, 68, -37.7544, 62.2248, NULL, NULL, 22498),
(10447, 67, -35.0869, 60.2231, NULL, NULL, 22498),
(10447, 66, -30.5815, 59.0894, NULL, NULL, 22498),
(10447, 65, -28.5, 59.7742, NULL, NULL, 22498),
(10447, 64, -25.9385, 58.908, NULL, NULL, 22498),
(10447, 63, -23.5391, 60.5044, NULL, NULL, 22498),
(10447, 62, -19.9644, 61.4243, NULL, NULL, 22498),
(10447, 61, -17.7744, 63.5632, NULL, NULL, 22498),
(10447, 60, -17.1235, 61.499, NULL, NULL, 22498),
(10447, 59, -14.2319, 57.249, NULL, NULL, 22498),
(10447, 58, -10.5107, 53.4219, NULL, NULL, 22498),
(10447, 57, -5.74854, 50.2935, NULL, NULL, 22498),
(10447, 56, -1.73291, 48.4766, NULL, NULL, 22498),
(10447, 55, 1.40185, 47.9565, NULL, NULL, 22498),
(10447, 54, 0.36377, 45.8594, NULL, NULL, 22498),
(10447, 53, -0.65918, 39.5642, NULL, NULL, 22498),
(10447, 52, 0.42334, 38.5225, NULL, NULL, 22498),
(10447, 51, 0.584961, 35.875, NULL, NULL, 22498),
(10447, 50, 2.59473, 31.1101, NULL, NULL, 22498),
(10447, 49, 6.49805, 28.8594, NULL, NULL, 22498),
(10447, 48, 7.69092, 26.7361, NULL, NULL, 22498),
(10447, 47, 11.8057, 26.2952, NULL, NULL, 22498),
(10447, 46, 13.0571, 26.5252, NULL, NULL, 22498),
(10447, 45, 12.855, 25.9158, NULL, NULL, 22498),
(10447, 44, 13.0478, 22.7014, NULL, NULL, 22498),
(10447, 43, 14.2353, 19.1467, NULL, NULL, 22498),
(12509, 3, 0.75, 3, NULL, NULL, 22498),
(12509, 2, 0.75, -3, NULL, NULL, 22498),
(12509, 1, -0.75, -3, NULL, NULL, 22498),
(12509, 0, -0.75, 3, NULL, NULL, 22498),
(11837, 3, 42.4264, 42.4264, NULL, NULL, 22498),
(11837, 2, 42.4264, -42.4264, NULL, NULL, 22498),
(11837, 1, -0.1, -0.1, NULL, NULL, 22498),
(11837, 0, -0.1, 0.1, NULL, NULL, 22498),
(11894, 3, 5, 3.5, NULL, NULL, 22498),
(11894, 2, 5, -3.5, NULL, NULL, 22498),
(11894, 1, 0.5, -3, NULL, NULL, 22498),
(11894, 0, 0.5, 3, NULL, NULL, 22498),
(10366, 3, 7, 1.5, 0, 0, 23420),
(10366, 2, 7, -1.5, 0, 0, 23420),
(10366, 1, 0, -1.5, 0, 0, 23420),
(10366, 0, 0, 1.5, 0, 0, 23420);
