SET @CGUID := 20556000;
SET @OGUID := 20406000;

UPDATE `areatrigger_template` SET `VerifiedBuild`=22908 WHERE `Id`=10665;
UPDATE `areatrigger_template` SET `VerifiedBuild`=22908 WHERE `Id`=10665;
UPDATE `areatrigger_template` SET `VerifiedBuild`=22908 WHERE `Id`=10693;
UPDATE `areatrigger_template` SET `VerifiedBuild`=22908 WHERE `Id`=10665;
UPDATE `areatrigger_template` SET `VerifiedBuild`=22908 WHERE `Id`=10665;
UPDATE `areatrigger_template` SET `VerifiedBuild`=22908 WHERE `Id`=10665;
UPDATE `areatrigger_template` SET `VerifiedBuild`=22908 WHERE `Id`=10665;
UPDATE `areatrigger_template` SET `VerifiedBuild`=22908 WHERE `Id`=12740;
UPDATE `areatrigger_template` SET `VerifiedBuild`=22908 WHERE `Id`=10665;
UPDATE `areatrigger_template` SET `VerifiedBuild`=22908 WHERE `Id`=10718;
UPDATE `areatrigger_template` SET `VerifiedBuild`=22908 WHERE `Id`=10727;
UPDATE `areatrigger_template` SET `VerifiedBuild`=22908 WHERE `Id`=10665;
UPDATE `areatrigger_template` SET `VerifiedBuild`=22908 WHERE `Id`=10665;
UPDATE `areatrigger_template` SET `VerifiedBuild`=22908 WHERE `Id`=10665;
UPDATE `areatrigger_template` SET `VerifiedBuild`=22908 WHERE `Id`=10665;
UPDATE `areatrigger_template` SET `VerifiedBuild`=22908 WHERE `Id`=10665;
UPDATE `areatrigger_template` SET `VerifiedBuild`=22908 WHERE `Id`=10665;
UPDATE `areatrigger_template` SET `VerifiedBuild`=22908 WHERE `Id`=10665;
UPDATE `areatrigger_template` SET `VerifiedBuild`=22908 WHERE `Id`=12606;
UPDATE `areatrigger_template` SET `VerifiedBuild`=22908 WHERE `Id`=9228;
UPDATE `areatrigger_template` SET `VerifiedBuild`=22908 WHERE `Id`=10665;
UPDATE `areatrigger_template` SET `VerifiedBuild`=22908 WHERE `Id`=10665;
UPDATE `areatrigger_template` SET `VerifiedBuild`=22908 WHERE `Id`=10665;
UPDATE `areatrigger_template` SET `VerifiedBuild`=22908 WHERE `Id`=10665;
UPDATE `areatrigger_template` SET `VerifiedBuild`=22908 WHERE `Id`=10665;
UPDATE `areatrigger_template` SET `VerifiedBuild`=22908 WHERE `Id`=10665;
UPDATE `areatrigger_template` SET `VerifiedBuild`=22908 WHERE `Id`=10665;
UPDATE `areatrigger_template` SET `VerifiedBuild`=22908 WHERE `Id`=10665;
UPDATE `areatrigger_template` SET `VerifiedBuild`=22908 WHERE `Id`=10665;
UPDATE `areatrigger_template` SET `VerifiedBuild`=22908 WHERE `Id`=10665;
UPDATE `areatrigger_template` SET `VerifiedBuild`=22908 WHERE `Id`=10665;
UPDATE `areatrigger_template` SET `VerifiedBuild`=22908 WHERE `Id`=10665;
UPDATE `areatrigger_template` SET `VerifiedBuild`=22908 WHERE `Id`=10718;
UPDATE `areatrigger_template` SET `VerifiedBuild`=22908 WHERE `Id`=10665;
UPDATE `areatrigger_template` SET `VerifiedBuild`=22908 WHERE `Id`=10665;
UPDATE `areatrigger_template` SET `VerifiedBuild`=22908 WHERE `Id`=10727;
UPDATE `areatrigger_template` SET `VerifiedBuild`=22908 WHERE `Id`=10665;
UPDATE `areatrigger_template` SET `VerifiedBuild`=22908 WHERE `Id`=12740;
UPDATE `areatrigger_template` SET `VerifiedBuild`=22908 WHERE `Id`=11266;
UPDATE `areatrigger_template` SET `VerifiedBuild`=22908 WHERE `Id`=10665;
UPDATE `areatrigger_template` SET `VerifiedBuild`=22908 WHERE `Id`=10665;
UPDATE `areatrigger_template` SET `VerifiedBuild`=22908 WHERE `Id`=10665;
UPDATE `areatrigger_template` SET `VerifiedBuild`=22908 WHERE `Id`=10665;
UPDATE `areatrigger_template` SET `VerifiedBuild`=22908 WHERE `Id`=10665;
UPDATE `areatrigger_template` SET `VerifiedBuild`=22908 WHERE `Id`=10665;
UPDATE `areatrigger_template` SET `VerifiedBuild`=22908 WHERE `Id`=10665;
UPDATE `areatrigger_template` SET `VerifiedBuild`=22908 WHERE `Id`=10665;
UPDATE `areatrigger_template` SET `VerifiedBuild`=22908 WHERE `Id`=10665;
UPDATE `areatrigger_template` SET `VerifiedBuild`=22908 WHERE `Id`=10665;
UPDATE `areatrigger_template` SET `VerifiedBuild`=22908 WHERE `Id`=3319;
UPDATE `areatrigger_template` SET `VerifiedBuild`=22908 WHERE `Id`=10768;
UPDATE `areatrigger_template` SET `VerifiedBuild`=22908 WHERE `Id`=11266;
UPDATE `areatrigger_template` SET `VerifiedBuild`=22908 WHERE `Id`=10768;
UPDATE `areatrigger_template` SET `VerifiedBuild`=22908 WHERE `Id`=10768;
UPDATE `areatrigger_template` SET `VerifiedBuild`=22908 WHERE `Id`=11266;
UPDATE `areatrigger_template` SET `VerifiedBuild`=22908 WHERE `Id`=3319;
UPDATE `areatrigger_template` SET `VerifiedBuild`=22908 WHERE `Id`=10768;
UPDATE `areatrigger_template` SET `VerifiedBuild`=22908 WHERE `Id`=10768;
UPDATE `areatrigger_template` SET `VerifiedBuild`=22908 WHERE `Id`=10665;
UPDATE `areatrigger_template` SET `VerifiedBuild`=22908 WHERE `Id`=10718;
UPDATE `areatrigger_template` SET `VerifiedBuild`=22908 WHERE `Id`=10665;
UPDATE `areatrigger_template` SET `VerifiedBuild`=22908 WHERE `Id`=10727;
UPDATE `areatrigger_template` SET `VerifiedBuild`=22908 WHERE `Id`=10665;
UPDATE `areatrigger_template` SET `VerifiedBuild`=22908 WHERE `Id`=5300;
UPDATE `areatrigger_template` SET `VerifiedBuild`=22908 WHERE `Id`=5302;
UPDATE `areatrigger_template` SET `VerifiedBuild`=22908 WHERE `Id`=10665;
UPDATE `areatrigger_template` SET `VerifiedBuild`=22908 WHERE `Id`=10665;
UPDATE `areatrigger_template` SET `VerifiedBuild`=22908 WHERE `Id`=10665;
UPDATE `areatrigger_template` SET `VerifiedBuild`=22908 WHERE `Id`=10665;
UPDATE `areatrigger_template` SET `VerifiedBuild`=22908 WHERE `Id`=10665;
UPDATE `areatrigger_template` SET `VerifiedBuild`=22908 WHERE `Id`=12606;
UPDATE `areatrigger_template` SET `VerifiedBuild`=22908 WHERE `Id`=9228;
UPDATE `areatrigger_template` SET `VerifiedBuild`=22908 WHERE `Id`=3319;
UPDATE `areatrigger_template` SET `VerifiedBuild`=22908 WHERE `Id`=7020;
UPDATE `areatrigger_template` SET `VerifiedBuild`=22908 WHERE `Id`=3319;
UPDATE `areatrigger_template` SET `VerifiedBuild`=22908 WHERE `Id`=10665;
UPDATE `areatrigger_template` SET `VerifiedBuild`=22908 WHERE `Id`=3319;
UPDATE `areatrigger_template` SET `VerifiedBuild`=22908 WHERE `Id`=10665;
UPDATE `areatrigger_template` SET `VerifiedBuild`=22908 WHERE `Id`=10665;
UPDATE `areatrigger_template` SET `VerifiedBuild`=22908 WHERE `Id`=10665;
UPDATE `areatrigger_template` SET `VerifiedBuild`=22908 WHERE `Id`=10665;
UPDATE `areatrigger_template` SET `VerifiedBuild`=22908 WHERE `Id`=10727;
UPDATE `areatrigger_template` SET `VerifiedBuild`=22908 WHERE `Id`=10665;
UPDATE `areatrigger_template` SET `VerifiedBuild`=22908 WHERE `Id`=3319;
UPDATE `areatrigger_template` SET `VerifiedBuild`=22908 WHERE `Id`=5300;
UPDATE `areatrigger_template` SET `VerifiedBuild`=22908 WHERE `Id`=5302;
UPDATE `areatrigger_template` SET `VerifiedBuild`=22908 WHERE `Id`=10693;
UPDATE `areatrigger_template` SET `VerifiedBuild`=22908 WHERE `Id`=10665;
UPDATE `areatrigger_template` SET `VerifiedBuild`=22908 WHERE `Id`=10665;
UPDATE `areatrigger_template` SET `VerifiedBuild`=22908 WHERE `Id`=10665;
UPDATE `areatrigger_template` SET `VerifiedBuild`=22908 WHERE `Id`=12740;
UPDATE `areatrigger_template` SET `VerifiedBuild`=22908 WHERE `Id`=10665;
UPDATE `areatrigger_template` SET `VerifiedBuild`=22908 WHERE `Id`=10665;
UPDATE `areatrigger_template` SET `VerifiedBuild`=22908 WHERE `Id`=10665;
UPDATE `areatrigger_template` SET `VerifiedBuild`=22908 WHERE `Id`=10665;
UPDATE `areatrigger_template` SET `VerifiedBuild`=22908 WHERE `Id`=10665;
UPDATE `areatrigger_template` SET `VerifiedBuild`=22908 WHERE `Id`=10665;
UPDATE `areatrigger_template` SET `VerifiedBuild`=22908 WHERE `Id`=10665;
UPDATE `areatrigger_template` SET `VerifiedBuild`=22908 WHERE `Id`=10665;
UPDATE `areatrigger_template` SET `VerifiedBuild`=22908 WHERE `Id`=10665;
UPDATE `areatrigger_template` SET `VerifiedBuild`=22908 WHERE `Id`=10665;
UPDATE `areatrigger_template` SET `VerifiedBuild`=22908 WHERE `Id`=10727;
UPDATE `areatrigger_template` SET `VerifiedBuild`=22908 WHERE `Id`=3319;
UPDATE `areatrigger_template` SET `VerifiedBuild`=22908 WHERE `Id`=10665;
UPDATE `areatrigger_template` SET `VerifiedBuild`=22908 WHERE `Id`=10665;
UPDATE `areatrigger_template` SET `VerifiedBuild`=22908 WHERE `Id`=10665;
UPDATE `areatrigger_template` SET `VerifiedBuild`=22908 WHERE `Id`=10727;
UPDATE `areatrigger_template` SET `VerifiedBuild`=22908 WHERE `Id`=3319;
UPDATE `areatrigger_template` SET `VerifiedBuild`=22908 WHERE `Id`=10665;
UPDATE `areatrigger_template` SET `VerifiedBuild`=22908 WHERE `Id`=10665;
UPDATE `areatrigger_template` SET `VerifiedBuild`=22908 WHERE `Id`=10665;
UPDATE `areatrigger_template` SET `VerifiedBuild`=22908 WHERE `Id`=10665;
UPDATE `areatrigger_template` SET `VerifiedBuild`=22908 WHERE `Id`=10665;
UPDATE `areatrigger_template` SET `VerifiedBuild`=22908 WHERE `Id`=10665;
UPDATE `areatrigger_template` SET `VerifiedBuild`=22908 WHERE `Id`=10665;
UPDATE `areatrigger_template` SET `VerifiedBuild`=22908 WHERE `Id`=10665;
UPDATE `areatrigger_template` SET `VerifiedBuild`=22908 WHERE `Id`=10665;
UPDATE `areatrigger_template` SET `VerifiedBuild`=22908 WHERE `Id`=10665;
UPDATE `areatrigger_template` SET `VerifiedBuild`=22908 WHERE `Id`=12606;
UPDATE `areatrigger_template` SET `VerifiedBuild`=22908 WHERE `Id`=9228;
UPDATE `areatrigger_template` SET `VerifiedBuild`=22908 WHERE `Id`=3319;
UPDATE `areatrigger_template` SET `VerifiedBuild`=22908 WHERE `Id`=10665;
UPDATE `areatrigger_template` SET `VerifiedBuild`=22908 WHERE `Id`=10693;
UPDATE `areatrigger_template` SET `VerifiedBuild`=22908 WHERE `Id`=3319;
UPDATE `areatrigger_template` SET `VerifiedBuild`=22908 WHERE `Id`=10665;
UPDATE `areatrigger_template` SET `VerifiedBuild`=22908 WHERE `Id`=10665;
UPDATE `areatrigger_template` SET `VerifiedBuild`=22908 WHERE `Id`=10665;
UPDATE `areatrigger_template` SET `VerifiedBuild`=22908 WHERE `Id`=10727;
UPDATE `areatrigger_template` SET `VerifiedBuild`=22908 WHERE `Id`=10665;
UPDATE `areatrigger_template` SET `VerifiedBuild`=22908 WHERE `Id`=10665;
UPDATE `areatrigger_template` SET `VerifiedBuild`=22908 WHERE `Id`=10665;
UPDATE `areatrigger_template` SET `VerifiedBuild`=22908 WHERE `Id`=12740;
UPDATE `areatrigger_template` SET `VerifiedBuild`=22908 WHERE `Id`=10665;
UPDATE `areatrigger_template` SET `VerifiedBuild`=22908 WHERE `Id`=10665;
UPDATE `areatrigger_template` SET `VerifiedBuild`=22908 WHERE `Id`=10665;
UPDATE `areatrigger_template` SET `VerifiedBuild`=22908 WHERE `Id`=10775;
UPDATE `areatrigger_template` SET `VerifiedBuild`=22908 WHERE `Id`=10712;
UPDATE `areatrigger_template` SET `VerifiedBuild`=22908 WHERE `Id`=10711;
UPDATE `areatrigger_template` SET `VerifiedBuild`=22908 WHERE `Id`=10665;
UPDATE `areatrigger_template` SET `VerifiedBuild`=22908 WHERE `Id`=11266;
UPDATE `areatrigger_template` SET `VerifiedBuild`=22908 WHERE `Id`=11266;
UPDATE `areatrigger_template` SET `VerifiedBuild`=22908 WHERE `Id`=10665;
UPDATE `areatrigger_template` SET `VerifiedBuild`=22908 WHERE `Id`=10039;
UPDATE `areatrigger_template` SET `VerifiedBuild`=22908 WHERE `Id`=10039;
UPDATE `areatrigger_template` SET `VerifiedBuild`=22908 WHERE `Id`=10665;
UPDATE `areatrigger_template` SET `VerifiedBuild`=22908 WHERE `Id`=10665;
UPDATE `areatrigger_template` SET `VerifiedBuild`=22908 WHERE `Id`=12740;
UPDATE `areatrigger_template` SET `VerifiedBuild`=22908 WHERE `Id`=10039;
UPDATE `areatrigger_template` SET `VerifiedBuild`=22908 WHERE `Id`=10039;
UPDATE `areatrigger_template` SET `VerifiedBuild`=22908 WHERE `Id`=10665;
UPDATE `areatrigger_template` SET `VerifiedBuild`=22908 WHERE `Id`=11266;
UPDATE `areatrigger_template` SET `VerifiedBuild`=22908 WHERE `Id`=10727;
UPDATE `areatrigger_template` SET `VerifiedBuild`=22908 WHERE `Id`=10665;
UPDATE `areatrigger_template` SET `VerifiedBuild`=22908 WHERE `Id`=10039;
UPDATE `areatrigger_template` SET `VerifiedBuild`=22908 WHERE `Id`=10039;
UPDATE `areatrigger_template` SET `VerifiedBuild`=22908 WHERE `Id`=3319;
UPDATE `areatrigger_template` SET `VerifiedBuild`=22908 WHERE `Id`=11266;
UPDATE `areatrigger_template` SET `VerifiedBuild`=22908 WHERE `Id`=3319;
UPDATE `areatrigger_template` SET `VerifiedBuild`=22908 WHERE `Id`=10665;
UPDATE `areatrigger_template` SET `VerifiedBuild`=22908 WHERE `Id`=10665;
UPDATE `areatrigger_template` SET `VerifiedBuild`=22908 WHERE `Id`=10039;
UPDATE `areatrigger_template` SET `VerifiedBuild`=22908 WHERE `Id`=10039;
UPDATE `areatrigger_template` SET `VerifiedBuild`=22908 WHERE `Id`=3319;
UPDATE `areatrigger_template` SET `VerifiedBuild`=22908 WHERE `Id`=10665;
UPDATE `areatrigger_template` SET `VerifiedBuild`=22908 WHERE `Id`=3319;
UPDATE `areatrigger_template` SET `VerifiedBuild`=22908 WHERE `Id`=10665;
UPDATE `areatrigger_template` SET `VerifiedBuild`=22908 WHERE `Id`=10039;
UPDATE `areatrigger_template` SET `VerifiedBuild`=22908 WHERE `Id`=10039;
UPDATE `areatrigger_template` SET `VerifiedBuild`=22908 WHERE `Id`=10665;
UPDATE `areatrigger_template` SET `VerifiedBuild`=22908 WHERE `Id`=3319;
UPDATE `areatrigger_template` SET `VerifiedBuild`=22908 WHERE `Id`=10665;
UPDATE `areatrigger_template` SET `VerifiedBuild`=22908 WHERE `Id`=11266;
UPDATE `areatrigger_template` SET `VerifiedBuild`=22908 WHERE `Id`=10665;
UPDATE `areatrigger_template` SET `VerifiedBuild`=22908 WHERE `Id`=10039;
UPDATE `areatrigger_template` SET `VerifiedBuild`=22908 WHERE `Id`=10039;
UPDATE `areatrigger_template` SET `VerifiedBuild`=22908 WHERE `Id`=11266;
UPDATE `areatrigger_template` SET `VerifiedBuild`=22908 WHERE `Id`=10718;
UPDATE `areatrigger_template` SET `VerifiedBuild`=22908 WHERE `Id`=10727;
UPDATE `areatrigger_template` SET `VerifiedBuild`=22908 WHERE `Id`=10665;
UPDATE `areatrigger_template` SET `VerifiedBuild`=22908 WHERE `Id`=10665;
UPDATE `areatrigger_template` SET `VerifiedBuild`=22908 WHERE `Id`=10665;
UPDATE `areatrigger_template` SET `VerifiedBuild`=22908 WHERE `Id`=10039;
UPDATE `areatrigger_template` SET `VerifiedBuild`=22908 WHERE `Id`=10039;
UPDATE `areatrigger_template` SET `VerifiedBuild`=22908 WHERE `Id`=10665;
UPDATE `areatrigger_template` SET `VerifiedBuild`=22908 WHERE `Id`=10693;
UPDATE `areatrigger_template` SET `VerifiedBuild`=22908 WHERE `Id`=10665;
UPDATE `areatrigger_template` SET `VerifiedBuild`=22908 WHERE `Id`=10693;
UPDATE `areatrigger_template` SET `VerifiedBuild`=22908 WHERE `Id`=10665;
UPDATE `areatrigger_template` SET `VerifiedBuild`=22908 WHERE `Id`=3319;
UPDATE `areatrigger_template` SET `VerifiedBuild`=22908 WHERE `Id`=10665;
UPDATE `areatrigger_template` SET `VerifiedBuild`=22908 WHERE `Id`=10665;
UPDATE `areatrigger_template` SET `VerifiedBuild`=22908 WHERE `Id`=10665;
UPDATE `areatrigger_template` SET `VerifiedBuild`=22908 WHERE `Id`=10665;
UPDATE `areatrigger_template` SET `VerifiedBuild`=22908 WHERE `Id`=10665;
UPDATE `areatrigger_template` SET `VerifiedBuild`=22908 WHERE `Id`=12740;
UPDATE `areatrigger_template` SET `VerifiedBuild`=22908 WHERE `Id`=10665;
UPDATE `areatrigger_template` SET `VerifiedBuild`=22908 WHERE `Id`=10665;
UPDATE `areatrigger_template` SET `VerifiedBuild`=22908 WHERE `Id`=10665;
UPDATE `areatrigger_template` SET `VerifiedBuild`=22908 WHERE `Id`=10727;
UPDATE `areatrigger_template` SET `VerifiedBuild`=22908 WHERE `Id`=10665;
UPDATE `areatrigger_template` SET `VerifiedBuild`=22908 WHERE `Id`=10665;
UPDATE `areatrigger_template` SET `VerifiedBuild`=22908 WHERE `Id`=10665;
UPDATE `areatrigger_template` SET `VerifiedBuild`=22908 WHERE `Id`=10665;
UPDATE `areatrigger_template` SET `VerifiedBuild`=22908 WHERE `Id`=10665;
UPDATE `areatrigger_template` SET `VerifiedBuild`=22908 WHERE `Id`=12606;
UPDATE `areatrigger_template` SET `VerifiedBuild`=22908 WHERE `Id`=9228;
UPDATE `areatrigger_template` SET `VerifiedBuild`=22908 WHERE `Id`=10665;
UPDATE `areatrigger_template` SET `VerifiedBuild`=22908 WHERE `Id`=10665;
UPDATE `areatrigger_template` SET `VerifiedBuild`=22908 WHERE `Id`=3319;
UPDATE `areatrigger_template` SET `VerifiedBuild`=22908 WHERE `Id`=10665;
UPDATE `areatrigger_template` SET `VerifiedBuild`=22908 WHERE `Id`=10712;
UPDATE `areatrigger_template` SET `VerifiedBuild`=22908 WHERE `Id`=10711;
UPDATE `areatrigger_template` SET `VerifiedBuild`=22908 WHERE `Id`=10665;
UPDATE `areatrigger_template` SET `VerifiedBuild`=22908 WHERE `Id`=12606;
UPDATE `areatrigger_template` SET `VerifiedBuild`=22908 WHERE `Id`=9228;
UPDATE `areatrigger_template` SET `VerifiedBuild`=22908 WHERE `Id`=10665;
UPDATE `areatrigger_template` SET `VerifiedBuild`=22908 WHERE `Id`=10665;
UPDATE `areatrigger_template` SET `VerifiedBuild`=22908 WHERE `Id`=10665;
UPDATE `areatrigger_template` SET `VerifiedBuild`=22908 WHERE `Id`=10665;
UPDATE `areatrigger_template` SET `VerifiedBuild`=22908 WHERE `Id`=10665;
UPDATE `areatrigger_template` SET `VerifiedBuild`=22908 WHERE `Id`=10665;
UPDATE `areatrigger_template` SET `VerifiedBuild`=22908 WHERE `Id`=10727;
UPDATE `areatrigger_template` SET `VerifiedBuild`=22908 WHERE `Id`=12606;
UPDATE `areatrigger_template` SET `VerifiedBuild`=22908 WHERE `Id`=9228;
UPDATE `areatrigger_template` SET `VerifiedBuild`=22908 WHERE `Id`=10665;
UPDATE `areatrigger_template` SET `VerifiedBuild`=22908 WHERE `Id`=10693;
UPDATE `areatrigger_template` SET `VerifiedBuild`=22908 WHERE `Id`=10665;
UPDATE `areatrigger_template` SET `VerifiedBuild`=22908 WHERE `Id`=10665;
UPDATE `areatrigger_template` SET `VerifiedBuild`=22908 WHERE `Id`=10665;
UPDATE `areatrigger_template` SET `VerifiedBuild`=22908 WHERE `Id`=10665;
UPDATE `areatrigger_template` SET `VerifiedBuild`=22908 WHERE `Id`=10665;
UPDATE `areatrigger_template` SET `VerifiedBuild`=22908 WHERE `Id`=10693;
UPDATE `areatrigger_template` SET `VerifiedBuild`=22908 WHERE `Id`=10665;
UPDATE `areatrigger_template` SET `VerifiedBuild`=22908 WHERE `Id`=10665;
UPDATE `areatrigger_template` SET `VerifiedBuild`=22908 WHERE `Id`=10665;
UPDATE `areatrigger_template` SET `VerifiedBuild`=22908 WHERE `Id`=10665;
UPDATE `areatrigger_template` SET `VerifiedBuild`=22908 WHERE `Id`=10665;
UPDATE `areatrigger_template` SET `VerifiedBuild`=22908 WHERE `Id`=10665;
UPDATE `areatrigger_template` SET `VerifiedBuild`=22908 WHERE `Id`=10665;
UPDATE `areatrigger_template` SET `VerifiedBuild`=22908 WHERE `Id`=10665;
UPDATE `areatrigger_template` SET `VerifiedBuild`=22908 WHERE `Id`=10665;
UPDATE `areatrigger_template` SET `VerifiedBuild`=22908 WHERE `Id`=10727;
UPDATE `areatrigger_template` SET `VerifiedBuild`=22908 WHERE `Id`=12740;
UPDATE `areatrigger_template` SET `VerifiedBuild`=22908 WHERE `Id`=10665;
UPDATE `areatrigger_template` SET `VerifiedBuild`=22908 WHERE `Id`=3319;
UPDATE `areatrigger_template` SET `VerifiedBuild`=22908 WHERE `Id`=3319;
UPDATE `areatrigger_template` SET `VerifiedBuild`=22908 WHERE `Id`=10665;
UPDATE `areatrigger_template` SET `VerifiedBuild`=22908 WHERE `Id`=10693;
UPDATE `areatrigger_template` SET `VerifiedBuild`=22908 WHERE `Id`=10665;
UPDATE `areatrigger_template` SET `VerifiedBuild`=22908 WHERE `Id`=10745;
UPDATE `areatrigger_template` SET `VerifiedBuild`=22908 WHERE `Id`=10665;
UPDATE `areatrigger_template` SET `VerifiedBuild`=22908 WHERE `Id`=10727;
UPDATE `areatrigger_template` SET `VerifiedBuild`=22908 WHERE `Id`=10665;
UPDATE `areatrigger_template` SET `VerifiedBuild`=22908 WHERE `Id`=10665;
UPDATE `areatrigger_template` SET `VerifiedBuild`=22908 WHERE `Id`=10665;
UPDATE `areatrigger_template` SET `VerifiedBuild`=22908 WHERE `Id`=10665;
UPDATE `areatrigger_template` SET `VerifiedBuild`=22908 WHERE `Id`=10665;
UPDATE `areatrigger_template` SET `VerifiedBuild`=22908 WHERE `Id`=10665;
UPDATE `areatrigger_template` SET `VerifiedBuild`=22908 WHERE `Id`=10665;
UPDATE `areatrigger_template` SET `VerifiedBuild`=22908 WHERE `Id`=10745;
UPDATE `areatrigger_template` SET `VerifiedBuild`=22908 WHERE `Id`=12606;
UPDATE `areatrigger_template` SET `VerifiedBuild`=22908 WHERE `Id`=9228;
UPDATE `areatrigger_template` SET `VerifiedBuild`=22908 WHERE `Id`=7020;
UPDATE `areatrigger_template` SET `VerifiedBuild`=22908 WHERE `Id`=3319;
UPDATE `areatrigger_template` SET `VerifiedBuild`=22908 WHERE `Id`=10665;
UPDATE `areatrigger_template` SET `VerifiedBuild`=22908 WHERE `Id`=10665;
UPDATE `areatrigger_template` SET `VerifiedBuild`=22908 WHERE `Id`=10665;
UPDATE `areatrigger_template` SET `VerifiedBuild`=22908 WHERE `Id`=7020;
UPDATE `areatrigger_template` SET `VerifiedBuild`=22908 WHERE `Id`=10665;
UPDATE `areatrigger_template` SET `VerifiedBuild`=22908 WHERE `Id`=10665;
UPDATE `areatrigger_template` SET `VerifiedBuild`=22908 WHERE `Id`=10665;
UPDATE `areatrigger_template` SET `VerifiedBuild`=22908 WHERE `Id`=10727;
UPDATE `areatrigger_template` SET `VerifiedBuild`=22908 WHERE `Id`=10665;
UPDATE `areatrigger_template` SET `VerifiedBuild`=22908 WHERE `Id`=10665;
UPDATE `areatrigger_template` SET `VerifiedBuild`=22908 WHERE `Id`=10665;
UPDATE `areatrigger_template` SET `VerifiedBuild`=22908 WHERE `Id`=10665;
UPDATE `areatrigger_template` SET `VerifiedBuild`=22908 WHERE `Id`=10665;
UPDATE `areatrigger_template` SET `VerifiedBuild`=22908 WHERE `Id`=10665;
UPDATE `areatrigger_template` SET `VerifiedBuild`=22908 WHERE `Id`=10665;
UPDATE `areatrigger_template` SET `VerifiedBuild`=22908 WHERE `Id`=10665;
UPDATE `areatrigger_template` SET `VerifiedBuild`=22908 WHERE `Id`=10727;
UPDATE `areatrigger_template` SET `VerifiedBuild`=22908 WHERE `Id`=10665;
UPDATE `areatrigger_template` SET `VerifiedBuild`=22908 WHERE `Id`=10665;
UPDATE `areatrigger_template` SET `VerifiedBuild`=22908 WHERE `Id`=10665;
UPDATE `areatrigger_template` SET `VerifiedBuild`=22908 WHERE `Id`=12606;
UPDATE `areatrigger_template` SET `VerifiedBuild`=22908 WHERE `Id`=9228;
UPDATE `areatrigger_template` SET `VerifiedBuild`=22908 WHERE `Id`=10665;
UPDATE `areatrigger_template` SET `VerifiedBuild`=22908 WHERE `Id`=10665;
UPDATE `areatrigger_template` SET `VerifiedBuild`=22908 WHERE `Id`=10718;
UPDATE `areatrigger_template` SET `VerifiedBuild`=22908 WHERE `Id`=10665;
UPDATE `areatrigger_template` SET `VerifiedBuild`=22908 WHERE `Id`=10727;
UPDATE `areatrigger_template` SET `VerifiedBuild`=22908 WHERE `Id`=10665;
UPDATE `areatrigger_template` SET `VerifiedBuild`=22908 WHERE `Id`=10665;
UPDATE `areatrigger_template` SET `VerifiedBuild`=22908 WHERE `Id`=11266;
UPDATE `areatrigger_template` SET `VerifiedBuild`=22908 WHERE `Id`=10665;
UPDATE `areatrigger_template` SET `VerifiedBuild`=22908 WHERE `Id`=10665;
UPDATE `areatrigger_template` SET `VerifiedBuild`=22908 WHERE `Id`=10693;
UPDATE `areatrigger_template` SET `VerifiedBuild`=22908 WHERE `Id`=3319;
UPDATE `areatrigger_template` SET `VerifiedBuild`=22908 WHERE `Id`=10745;
UPDATE `areatrigger_template` SET `VerifiedBuild`=22908 WHERE `Id`=10665;
UPDATE `areatrigger_template` SET `VerifiedBuild`=22908 WHERE `Id`=10665;
UPDATE `areatrigger_template` SET `VerifiedBuild`=22908 WHERE `Id`=5300;
UPDATE `areatrigger_template` SET `VerifiedBuild`=22908 WHERE `Id`=5302;
UPDATE `areatrigger_template` SET `VerifiedBuild`=22908 WHERE `Id`=10665;
UPDATE `areatrigger_template` SET `VerifiedBuild`=22908 WHERE `Id`=10665;
UPDATE `areatrigger_template` SET `VerifiedBuild`=22908 WHERE `Id`=10745;
UPDATE `areatrigger_template` SET `VerifiedBuild`=22908 WHERE `Id`=10665;
UPDATE `areatrigger_template` SET `VerifiedBuild`=22908 WHERE `Id`=10693;
UPDATE `areatrigger_template` SET `VerifiedBuild`=22908 WHERE `Id`=10665;
UPDATE `areatrigger_template` SET `VerifiedBuild`=22908 WHERE `Id`=10665;
UPDATE `areatrigger_template` SET `VerifiedBuild`=22908 WHERE `Id`=10693;
UPDATE `areatrigger_template` SET `VerifiedBuild`=22908 WHERE `Id`=10665;
UPDATE `areatrigger_template` SET `VerifiedBuild`=22908 WHERE `Id`=10665;
UPDATE `areatrigger_template` SET `VerifiedBuild`=22908 WHERE `Id`=10665;
UPDATE `areatrigger_template` SET `VerifiedBuild`=22908 WHERE `Id`=10665;
UPDATE `areatrigger_template` SET `VerifiedBuild`=22908 WHERE `Id`=10665;
UPDATE `areatrigger_template` SET `VerifiedBuild`=22908 WHERE `Id`=10665;
UPDATE `areatrigger_template` SET `VerifiedBuild`=22908 WHERE `Id`=10665;
UPDATE `areatrigger_template` SET `VerifiedBuild`=22908 WHERE `Id`=10693;
UPDATE `areatrigger_template` SET `VerifiedBuild`=22908 WHERE `Id`=10727;
UPDATE `areatrigger_template` SET `VerifiedBuild`=22908 WHERE `Id`=10745;
UPDATE `areatrigger_template` SET `VerifiedBuild`=22908 WHERE `Id`=10665;
UPDATE `areatrigger_template` SET `VerifiedBuild`=22908 WHERE `Id`=10665;
UPDATE `areatrigger_template` SET `VerifiedBuild`=22908 WHERE `Id`=10775;
UPDATE `areatrigger_template` SET `VerifiedBuild`=22908 WHERE `Id`=10665;
UPDATE `areatrigger_template` SET `VerifiedBuild`=22908 WHERE `Id`=10665;
UPDATE `areatrigger_template` SET `VerifiedBuild`=22908 WHERE `Id`=10665;
UPDATE `areatrigger_template` SET `VerifiedBuild`=22908 WHERE `Id`=10745;
UPDATE `areatrigger_template` SET `VerifiedBuild`=22908 WHERE `Id`=12606;
UPDATE `areatrigger_template` SET `VerifiedBuild`=22908 WHERE `Id`=9228;
UPDATE `areatrigger_template` SET `VerifiedBuild`=22908 WHERE `Id`=10665;
UPDATE `areatrigger_template` SET `VerifiedBuild`=22908 WHERE `Id`=10665;
UPDATE `areatrigger_template` SET `VerifiedBuild`=22908 WHERE `Id`=10665;
UPDATE `areatrigger_template` SET `VerifiedBuild`=22908 WHERE `Id`=10665;
UPDATE `areatrigger_template` SET `VerifiedBuild`=22908 WHERE `Id`=10665;
UPDATE `areatrigger_template` SET `VerifiedBuild`=22908 WHERE `Id`=10665;
UPDATE `areatrigger_template` SET `VerifiedBuild`=22908 WHERE `Id`=10665;
UPDATE `areatrigger_template` SET `VerifiedBuild`=22908 WHERE `Id`=10665;
UPDATE `areatrigger_template` SET `VerifiedBuild`=22908 WHERE `Id`=10665;
UPDATE `areatrigger_template` SET `VerifiedBuild`=22908 WHERE `Id`=10665;
UPDATE `areatrigger_template` SET `VerifiedBuild`=22908 WHERE `Id`=10665;
UPDATE `areatrigger_template` SET `VerifiedBuild`=22908 WHERE `Id`=10727;
UPDATE `areatrigger_template` SET `VerifiedBuild`=22908 WHERE `Id`=10665;
UPDATE `areatrigger_template` SET `VerifiedBuild`=22908 WHERE `Id`=11266;
UPDATE `areatrigger_template` SET `VerifiedBuild`=22908 WHERE `Id`=10665;
UPDATE `areatrigger_template` SET `VerifiedBuild`=22908 WHERE `Id`=10665;
UPDATE `areatrigger_template` SET `VerifiedBuild`=22908 WHERE `Id`=10665;
UPDATE `areatrigger_template` SET `VerifiedBuild`=22908 WHERE `Id`=10665;
UPDATE `areatrigger_template` SET `VerifiedBuild`=22908 WHERE `Id`=3319;
UPDATE `areatrigger_template` SET `VerifiedBuild`=22908 WHERE `Id`=10665;
UPDATE `areatrigger_template` SET `VerifiedBuild`=22908 WHERE `Id`=10665;
UPDATE `areatrigger_template` SET `VerifiedBuild`=22908 WHERE `Id`=10665;
UPDATE `areatrigger_template` SET `VerifiedBuild`=22908 WHERE `Id`=10665;
UPDATE `areatrigger_template` SET `VerifiedBuild`=22908 WHERE `Id`=10665;
UPDATE `areatrigger_template` SET `VerifiedBuild`=22908 WHERE `Id`=10665;
UPDATE `areatrigger_template` SET `VerifiedBuild`=22908 WHERE `Id`=10665;
UPDATE `areatrigger_template` SET `VerifiedBuild`=22908 WHERE `Id`=10727;
UPDATE `areatrigger_template` SET `VerifiedBuild`=22908 WHERE `Id`=10665;
UPDATE `areatrigger_template` SET `VerifiedBuild`=22908 WHERE `Id`=10775;
UPDATE `areatrigger_template` SET `VerifiedBuild`=22908 WHERE `Id`=10665;
UPDATE `areatrigger_template` SET `VerifiedBuild`=22908 WHERE `Id`=10693;
UPDATE `areatrigger_template` SET `VerifiedBuild`=22908 WHERE `Id`=10665;
UPDATE `areatrigger_template` SET `VerifiedBuild`=22908 WHERE `Id`=10665;
UPDATE `areatrigger_template` SET `VerifiedBuild`=22908 WHERE `Id`=10693;
UPDATE `areatrigger_template` SET `VerifiedBuild`=22908 WHERE `Id`=10665;
UPDATE `areatrigger_template` SET `VerifiedBuild`=22908 WHERE `Id`=10727;
UPDATE `areatrigger_template` SET `VerifiedBuild`=22908 WHERE `Id`=12606;
UPDATE `areatrigger_template` SET `VerifiedBuild`=22908 WHERE `Id`=9228;
UPDATE `areatrigger_template` SET `VerifiedBuild`=22908 WHERE `Id`=10665;
UPDATE `areatrigger_template` SET `VerifiedBuild`=22908 WHERE `Id`=10665;
UPDATE `areatrigger_template` SET `VerifiedBuild`=22908 WHERE `Id`=10665;
UPDATE `areatrigger_template` SET `ScriptName`="at_pal_consecration" WHERE `Id`=12606;

DELETE FROM `spell_areatrigger` WHERE SpellMiscId = 1315 OR SpellMiscId = 1316 OR SpellMiscId = 6025 OR SpellMiscId = 6024 OR (`SpellMiscId`=6031 AND `AreaTriggerId`=10718) OR `SpellMiscId`=4488 OR (`SpellMiscId`=6081 AND `AreaTriggerId`=10768) OR (`AreaTriggerId`=5300) OR (`AreaTriggerId`=5302) OR (`SpellMiscId`=6089 AND `AreaTriggerId`=10775) OR (`AreaTriggerId`=10712) OR (`AreaTriggerId`=10711) OR (`SpellMiscId`=5129 AND `AreaTriggerId`=10039) OR (`SpellMiscId`=6058 AND `AreaTriggerId`=10745);
INSERT INTO `spell_areatrigger` (`SpellMiscId`, `AreaTriggerId`, `MoveCurveId`, `ScaleCurveId`, `MorphCurveId`, `FacingCurveId`, `DecalPropertiesId`, `TimeToTarget`, `TimeToTargetScale`, `VerifiedBuild`) VALUES
(6031, 10718, 0, 0, 0, 0, 0, 0, 2000, 22908), -- SpellId : 202138
(4488, 12606, 0, 0, 0, 0, 0, 0, 7958, 22908), -- SpellId : 26573
(6081, 10768, 0, 0, 0, 0, 0, 0, 0, 22908), -- SpellId : 205015
(1315, 5300, 392, 0, 0, 0, 0, 1389, 1000, 22908), -- SpellId : 123986
(1316, 5302, 393, 0, 0, 0, 0, 1389, 1000, 22908), -- SpellId : 123986
(6089, 10775, 0, 0, 0, 0, 0, 0, 3000, 22908), -- SpellId : 205115
(6025, 10712, 0, 0, 0, 0, 0, 0, 20000, 22908), -- SpellId : 204465
(6024, 10711, 0, 0, 0, 0, 0, 0, 20000, 22908), -- SpellId : 204465
(5129, 10039, 0, 0, 0, 0, 0, 0, 15000, 22908), -- SpellId : 201120
(6058, 10745, 0, 0, 0, 0, 0, 0, 0, 22908); -- SpellId : 204763

UPDATE `spell_areatrigger` SET `DecalPropertiesId`=0, `TimeToTarget`=0, `TimeToTargetScale`=0, `VerifiedBuild`=22908 WHERE (`SpellMiscId`=5977 AND `AreaTriggerId`=10665); -- SpellId : 0
UPDATE `spell_areatrigger` SET `DecalPropertiesId`=0, `TimeToTarget`=0, `TimeToTargetScale`=0, `VerifiedBuild`=22908 WHERE (`SpellMiscId`=5977 AND `AreaTriggerId`=10665); -- SpellId : 0
UPDATE `spell_areatrigger` SET `DecalPropertiesId`=0, `TimeToTarget`=0, `TimeToTargetScale`=0, `VerifiedBuild`=22908 WHERE (`SpellMiscId`=6711 AND `AreaTriggerId`=10693); -- SpellId : 0
UPDATE `spell_areatrigger` SET `DecalPropertiesId`=0, `TimeToTarget`=0, `TimeToTargetScale`=0, `VerifiedBuild`=22908 WHERE (`SpellMiscId`=5977 AND `AreaTriggerId`=10665); -- SpellId : 0
UPDATE `spell_areatrigger` SET `DecalPropertiesId`=0, `TimeToTarget`=0, `TimeToTargetScale`=0, `VerifiedBuild`=22908 WHERE (`SpellMiscId`=5977 AND `AreaTriggerId`=10665); -- SpellId : 0
UPDATE `spell_areatrigger` SET `DecalPropertiesId`=0, `TimeToTarget`=0, `TimeToTargetScale`=0, `VerifiedBuild`=22908 WHERE (`SpellMiscId`=5977 AND `AreaTriggerId`=10665); -- SpellId : 0
UPDATE `spell_areatrigger` SET `DecalPropertiesId`=0, `TimeToTarget`=0, `TimeToTargetScale`=0, `VerifiedBuild`=22908 WHERE (`SpellMiscId`=5977 AND `AreaTriggerId`=10665); -- SpellId : 0
UPDATE `spell_areatrigger` SET `DecalPropertiesId`=0, `TimeToTarget`=2802, `TimeToTargetScale`=0, `VerifiedBuild`=22908 WHERE (`SpellMiscId`=8661 AND `AreaTriggerId`=12740); -- SpellId : 0
UPDATE `spell_areatrigger` SET `DecalPropertiesId`=0, `TimeToTarget`=0, `TimeToTargetScale`=0, `VerifiedBuild`=22908 WHERE (`SpellMiscId`=5977 AND `AreaTriggerId`=10665); -- SpellId : 0
UPDATE `spell_areatrigger` SET `DecalPropertiesId`=0, `TimeToTarget`=0, `TimeToTargetScale`=2000, `VerifiedBuild`=22908 WHERE (`SpellMiscId`=6039 AND `AreaTriggerId`=10727); -- SpellId : 0
UPDATE `spell_areatrigger` SET `DecalPropertiesId`=0, `TimeToTarget`=0, `TimeToTargetScale`=0, `VerifiedBuild`=22908 WHERE (`SpellMiscId`=5977 AND `AreaTriggerId`=10665); -- SpellId : 0
UPDATE `spell_areatrigger` SET `DecalPropertiesId`=0, `TimeToTarget`=0, `TimeToTargetScale`=0, `VerifiedBuild`=22908 WHERE (`SpellMiscId`=5977 AND `AreaTriggerId`=10665); -- SpellId : 0
UPDATE `spell_areatrigger` SET `DecalPropertiesId`=0, `TimeToTarget`=0, `TimeToTargetScale`=0, `VerifiedBuild`=22908 WHERE (`SpellMiscId`=5977 AND `AreaTriggerId`=10665); -- SpellId : 0
UPDATE `spell_areatrigger` SET `DecalPropertiesId`=0, `TimeToTarget`=0, `TimeToTargetScale`=0, `VerifiedBuild`=22908 WHERE (`SpellMiscId`=5977 AND `AreaTriggerId`=10665); -- SpellId : 0
UPDATE `spell_areatrigger` SET `DecalPropertiesId`=0, `TimeToTarget`=0, `TimeToTargetScale`=0, `VerifiedBuild`=22908 WHERE (`SpellMiscId`=5977 AND `AreaTriggerId`=10665); -- SpellId : 0
UPDATE `spell_areatrigger` SET `DecalPropertiesId`=0, `TimeToTarget`=0, `TimeToTargetScale`=0, `VerifiedBuild`=22908 WHERE (`SpellMiscId`=5977 AND `AreaTriggerId`=10665); -- SpellId : 0
UPDATE `spell_areatrigger` SET `DecalPropertiesId`=0, `TimeToTarget`=0, `TimeToTargetScale`=0, `VerifiedBuild`=22908 WHERE (`SpellMiscId`=5977 AND `AreaTriggerId`=10665); -- SpellId : 0
UPDATE `spell_areatrigger` SET `DecalPropertiesId`=0, `TimeToTarget`=0, `TimeToTargetScale`=7958, `VerifiedBuild`=22908 WHERE (`SpellMiscId`=4488 AND `AreaTriggerId`=9228); -- SpellId : 0
UPDATE `spell_areatrigger` SET `DecalPropertiesId`=0, `TimeToTarget`=0, `TimeToTargetScale`=0, `VerifiedBuild`=22908 WHERE (`SpellMiscId`=5977 AND `AreaTriggerId`=10665); -- SpellId : 0
UPDATE `spell_areatrigger` SET `DecalPropertiesId`=0, `TimeToTarget`=0, `TimeToTargetScale`=0, `VerifiedBuild`=22908 WHERE (`SpellMiscId`=5977 AND `AreaTriggerId`=10665); -- SpellId : 0
UPDATE `spell_areatrigger` SET `DecalPropertiesId`=0, `TimeToTarget`=0, `TimeToTargetScale`=0, `VerifiedBuild`=22908 WHERE (`SpellMiscId`=5977 AND `AreaTriggerId`=10665); -- SpellId : 0
UPDATE `spell_areatrigger` SET `DecalPropertiesId`=0, `TimeToTarget`=0, `TimeToTargetScale`=0, `VerifiedBuild`=22908 WHERE (`SpellMiscId`=5977 AND `AreaTriggerId`=10665); -- SpellId : 0
UPDATE `spell_areatrigger` SET `DecalPropertiesId`=0, `TimeToTarget`=0, `TimeToTargetScale`=0, `VerifiedBuild`=22908 WHERE (`SpellMiscId`=5977 AND `AreaTriggerId`=10665); -- SpellId : 0
UPDATE `spell_areatrigger` SET `DecalPropertiesId`=0, `TimeToTarget`=0, `TimeToTargetScale`=0, `VerifiedBuild`=22908 WHERE (`SpellMiscId`=5977 AND `AreaTriggerId`=10665); -- SpellId : 0
UPDATE `spell_areatrigger` SET `DecalPropertiesId`=0, `TimeToTarget`=0, `TimeToTargetScale`=0, `VerifiedBuild`=22908 WHERE (`SpellMiscId`=5977 AND `AreaTriggerId`=10665); -- SpellId : 0
UPDATE `spell_areatrigger` SET `DecalPropertiesId`=0, `TimeToTarget`=0, `TimeToTargetScale`=0, `VerifiedBuild`=22908 WHERE (`SpellMiscId`=5977 AND `AreaTriggerId`=10665); -- SpellId : 0
UPDATE `spell_areatrigger` SET `DecalPropertiesId`=0, `TimeToTarget`=0, `TimeToTargetScale`=0, `VerifiedBuild`=22908 WHERE (`SpellMiscId`=5977 AND `AreaTriggerId`=10665); -- SpellId : 0
UPDATE `spell_areatrigger` SET `DecalPropertiesId`=0, `TimeToTarget`=0, `TimeToTargetScale`=0, `VerifiedBuild`=22908 WHERE (`SpellMiscId`=5977 AND `AreaTriggerId`=10665); -- SpellId : 0
UPDATE `spell_areatrigger` SET `DecalPropertiesId`=0, `TimeToTarget`=0, `TimeToTargetScale`=0, `VerifiedBuild`=22908 WHERE (`SpellMiscId`=5977 AND `AreaTriggerId`=10665); -- SpellId : 0
UPDATE `spell_areatrigger` SET `DecalPropertiesId`=0, `TimeToTarget`=0, `TimeToTargetScale`=0, `VerifiedBuild`=22908 WHERE (`SpellMiscId`=5977 AND `AreaTriggerId`=10665); -- SpellId : 0
UPDATE `spell_areatrigger` SET `DecalPropertiesId`=0, `TimeToTarget`=0, `TimeToTargetScale`=0, `VerifiedBuild`=22908 WHERE (`SpellMiscId`=5977 AND `AreaTriggerId`=10665); -- SpellId : 0
UPDATE `spell_areatrigger` SET `DecalPropertiesId`=0, `TimeToTarget`=0, `TimeToTargetScale`=0, `VerifiedBuild`=22908 WHERE (`SpellMiscId`=5977 AND `AreaTriggerId`=10665); -- SpellId : 0
UPDATE `spell_areatrigger` SET `DecalPropertiesId`=0, `TimeToTarget`=0, `TimeToTargetScale`=2000, `VerifiedBuild`=22908 WHERE (`SpellMiscId`=6039 AND `AreaTriggerId`=10727); -- SpellId : 0
UPDATE `spell_areatrigger` SET `DecalPropertiesId`=0, `TimeToTarget`=0, `TimeToTargetScale`=0, `VerifiedBuild`=22908 WHERE (`SpellMiscId`=5977 AND `AreaTriggerId`=10665); -- SpellId : 0
UPDATE `spell_areatrigger` SET `DecalPropertiesId`=0, `TimeToTarget`=2933, `TimeToTargetScale`=0, `VerifiedBuild`=22908 WHERE (`SpellMiscId`=8661 AND `AreaTriggerId`=12740); -- SpellId : 0
UPDATE `spell_areatrigger` SET `DecalPropertiesId`=0, `TimeToTarget`=0, `TimeToTargetScale`=0, `VerifiedBuild`=22908 WHERE (`SpellMiscId`=6710 AND `AreaTriggerId`=11266); -- SpellId : 0
UPDATE `spell_areatrigger` SET `DecalPropertiesId`=0, `TimeToTarget`=0, `TimeToTargetScale`=0, `VerifiedBuild`=22908 WHERE (`SpellMiscId`=5977 AND `AreaTriggerId`=10665); -- SpellId : 0
UPDATE `spell_areatrigger` SET `DecalPropertiesId`=0, `TimeToTarget`=0, `TimeToTargetScale`=0, `VerifiedBuild`=22908 WHERE (`SpellMiscId`=5977 AND `AreaTriggerId`=10665); -- SpellId : 0
UPDATE `spell_areatrigger` SET `DecalPropertiesId`=0, `TimeToTarget`=0, `TimeToTargetScale`=0, `VerifiedBuild`=22908 WHERE (`SpellMiscId`=5977 AND `AreaTriggerId`=10665); -- SpellId : 0
UPDATE `spell_areatrigger` SET `DecalPropertiesId`=0, `TimeToTarget`=0, `TimeToTargetScale`=0, `VerifiedBuild`=22908 WHERE (`SpellMiscId`=5977 AND `AreaTriggerId`=10665); -- SpellId : 0
UPDATE `spell_areatrigger` SET `DecalPropertiesId`=0, `TimeToTarget`=0, `TimeToTargetScale`=0, `VerifiedBuild`=22908 WHERE (`SpellMiscId`=5977 AND `AreaTriggerId`=10665); -- SpellId : 0
UPDATE `spell_areatrigger` SET `DecalPropertiesId`=0, `TimeToTarget`=0, `TimeToTargetScale`=0, `VerifiedBuild`=22908 WHERE (`SpellMiscId`=5977 AND `AreaTriggerId`=10665); -- SpellId : 0
UPDATE `spell_areatrigger` SET `DecalPropertiesId`=0, `TimeToTarget`=0, `TimeToTargetScale`=0, `VerifiedBuild`=22908 WHERE (`SpellMiscId`=5977 AND `AreaTriggerId`=10665); -- SpellId : 0
UPDATE `spell_areatrigger` SET `DecalPropertiesId`=0, `TimeToTarget`=0, `TimeToTargetScale`=0, `VerifiedBuild`=22908 WHERE (`SpellMiscId`=5977 AND `AreaTriggerId`=10665); -- SpellId : 0
UPDATE `spell_areatrigger` SET `DecalPropertiesId`=0, `TimeToTarget`=0, `TimeToTargetScale`=0, `VerifiedBuild`=22908 WHERE (`SpellMiscId`=5977 AND `AreaTriggerId`=10665); -- SpellId : 0
UPDATE `spell_areatrigger` SET `DecalPropertiesId`=0, `TimeToTarget`=0, `TimeToTargetScale`=0, `VerifiedBuild`=22908 WHERE (`SpellMiscId`=5977 AND `AreaTriggerId`=10665); -- SpellId : 0
UPDATE `spell_areatrigger` SET `DecalPropertiesId`=0, `TimeToTarget`=0, `TimeToTargetScale`=0, `VerifiedBuild`=22908 WHERE (`SpellMiscId`=383 AND `AreaTriggerId`=3319); -- SpellId : 0
UPDATE `spell_areatrigger` SET `DecalPropertiesId`=0, `TimeToTarget`=0, `TimeToTargetScale`=0, `VerifiedBuild`=22908 WHERE (`SpellMiscId`=6710 AND `AreaTriggerId`=11266); -- SpellId : 0
UPDATE `spell_areatrigger` SET `DecalPropertiesId`=0, `TimeToTarget`=0, `TimeToTargetScale`=0, `VerifiedBuild`=22908 WHERE (`SpellMiscId`=6710 AND `AreaTriggerId`=11266); -- SpellId : 0
UPDATE `spell_areatrigger` SET `DecalPropertiesId`=0, `TimeToTarget`=0, `TimeToTargetScale`=0, `VerifiedBuild`=22908 WHERE (`SpellMiscId`=383 AND `AreaTriggerId`=3319); -- SpellId : 0
UPDATE `spell_areatrigger` SET `DecalPropertiesId`=0, `TimeToTarget`=0, `TimeToTargetScale`=0, `VerifiedBuild`=22908 WHERE (`SpellMiscId`=5977 AND `AreaTriggerId`=10665); -- SpellId : 0
UPDATE `spell_areatrigger` SET `DecalPropertiesId`=0, `TimeToTarget`=0, `TimeToTargetScale`=0, `VerifiedBuild`=22908 WHERE (`SpellMiscId`=5977 AND `AreaTriggerId`=10665); -- SpellId : 0
UPDATE `spell_areatrigger` SET `DecalPropertiesId`=0, `TimeToTarget`=0, `TimeToTargetScale`=2000, `VerifiedBuild`=22908 WHERE (`SpellMiscId`=6039 AND `AreaTriggerId`=10727); -- SpellId : 0
UPDATE `spell_areatrigger` SET `DecalPropertiesId`=0, `TimeToTarget`=0, `TimeToTargetScale`=0, `VerifiedBuild`=22908 WHERE (`SpellMiscId`=5977 AND `AreaTriggerId`=10665); -- SpellId : 0
UPDATE `spell_areatrigger` SET `DecalPropertiesId`=0, `TimeToTarget`=0, `TimeToTargetScale`=0, `VerifiedBuild`=22908 WHERE (`SpellMiscId`=5977 AND `AreaTriggerId`=10665); -- SpellId : 0
UPDATE `spell_areatrigger` SET `DecalPropertiesId`=0, `TimeToTarget`=0, `TimeToTargetScale`=0, `VerifiedBuild`=22908 WHERE (`SpellMiscId`=5977 AND `AreaTriggerId`=10665); -- SpellId : 0
UPDATE `spell_areatrigger` SET `DecalPropertiesId`=0, `TimeToTarget`=0, `TimeToTargetScale`=0, `VerifiedBuild`=22908 WHERE (`SpellMiscId`=5977 AND `AreaTriggerId`=10665); -- SpellId : 0
UPDATE `spell_areatrigger` SET `DecalPropertiesId`=0, `TimeToTarget`=0, `TimeToTargetScale`=0, `VerifiedBuild`=22908 WHERE (`SpellMiscId`=5977 AND `AreaTriggerId`=10665); -- SpellId : 0
UPDATE `spell_areatrigger` SET `DecalPropertiesId`=0, `TimeToTarget`=0, `TimeToTargetScale`=0, `VerifiedBuild`=22908 WHERE (`SpellMiscId`=5977 AND `AreaTriggerId`=10665); -- SpellId : 0
UPDATE `spell_areatrigger` SET `DecalPropertiesId`=0, `TimeToTarget`=0, `TimeToTargetScale`=7958, `VerifiedBuild`=22908 WHERE (`SpellMiscId`=4488 AND `AreaTriggerId`=9228); -- SpellId : 0
UPDATE `spell_areatrigger` SET `DecalPropertiesId`=0, `TimeToTarget`=0, `TimeToTargetScale`=0, `VerifiedBuild`=22908 WHERE (`SpellMiscId`=383 AND `AreaTriggerId`=3319); -- SpellId : 0
UPDATE `spell_areatrigger` SET `DecalPropertiesId`=0, `TimeToTarget`=0, `TimeToTargetScale`=0, `VerifiedBuild`=22908 WHERE (`SpellMiscId`=383 AND `AreaTriggerId`=3319); -- SpellId : 0
UPDATE `spell_areatrigger` SET `DecalPropertiesId`=0, `TimeToTarget`=0, `TimeToTargetScale`=0, `VerifiedBuild`=22908 WHERE (`SpellMiscId`=2442 AND `AreaTriggerId`=7020); -- SpellId : 0
UPDATE `spell_areatrigger` SET `DecalPropertiesId`=0, `TimeToTarget`=0, `TimeToTargetScale`=0, `VerifiedBuild`=22908 WHERE (`SpellMiscId`=5977 AND `AreaTriggerId`=10665); -- SpellId : 0
UPDATE `spell_areatrigger` SET `DecalPropertiesId`=0, `TimeToTarget`=0, `TimeToTargetScale`=0, `VerifiedBuild`=22908 WHERE (`SpellMiscId`=383 AND `AreaTriggerId`=3319); -- SpellId : 0
UPDATE `spell_areatrigger` SET `DecalPropertiesId`=0, `TimeToTarget`=0, `TimeToTargetScale`=0, `VerifiedBuild`=22908 WHERE (`SpellMiscId`=5977 AND `AreaTriggerId`=10665); -- SpellId : 0
UPDATE `spell_areatrigger` SET `DecalPropertiesId`=0, `TimeToTarget`=0, `TimeToTargetScale`=0, `VerifiedBuild`=22908 WHERE (`SpellMiscId`=5977 AND `AreaTriggerId`=10665); -- SpellId : 0
UPDATE `spell_areatrigger` SET `DecalPropertiesId`=0, `TimeToTarget`=0, `TimeToTargetScale`=0, `VerifiedBuild`=22908 WHERE (`SpellMiscId`=5977 AND `AreaTriggerId`=10665); -- SpellId : 0
UPDATE `spell_areatrigger` SET `DecalPropertiesId`=0, `TimeToTarget`=0, `TimeToTargetScale`=0, `VerifiedBuild`=22908 WHERE (`SpellMiscId`=5977 AND `AreaTriggerId`=10665); -- SpellId : 0
UPDATE `spell_areatrigger` SET `DecalPropertiesId`=0, `TimeToTarget`=0, `TimeToTargetScale`=2000, `VerifiedBuild`=22908 WHERE (`SpellMiscId`=6039 AND `AreaTriggerId`=10727); -- SpellId : 0
UPDATE `spell_areatrigger` SET `DecalPropertiesId`=0, `TimeToTarget`=0, `TimeToTargetScale`=0, `VerifiedBuild`=22908 WHERE (`SpellMiscId`=5977 AND `AreaTriggerId`=10665); -- SpellId : 0
UPDATE `spell_areatrigger` SET `DecalPropertiesId`=0, `TimeToTarget`=0, `TimeToTargetScale`=0, `VerifiedBuild`=22908 WHERE (`SpellMiscId`=383 AND `AreaTriggerId`=3319); -- SpellId : 0
UPDATE `spell_areatrigger` SET `DecalPropertiesId`=0, `TimeToTarget`=0, `TimeToTargetScale`=0, `VerifiedBuild`=22908 WHERE (`SpellMiscId`=6711 AND `AreaTriggerId`=10693); -- SpellId : 0
UPDATE `spell_areatrigger` SET `DecalPropertiesId`=0, `TimeToTarget`=0, `TimeToTargetScale`=0, `VerifiedBuild`=22908 WHERE (`SpellMiscId`=5977 AND `AreaTriggerId`=10665); -- SpellId : 0
UPDATE `spell_areatrigger` SET `DecalPropertiesId`=0, `TimeToTarget`=0, `TimeToTargetScale`=0, `VerifiedBuild`=22908 WHERE (`SpellMiscId`=5977 AND `AreaTriggerId`=10665); -- SpellId : 0
UPDATE `spell_areatrigger` SET `DecalPropertiesId`=0, `TimeToTarget`=0, `TimeToTargetScale`=0, `VerifiedBuild`=22908 WHERE (`SpellMiscId`=5977 AND `AreaTriggerId`=10665); -- SpellId : 0
UPDATE `spell_areatrigger` SET `DecalPropertiesId`=0, `TimeToTarget`=2863, `TimeToTargetScale`=0, `VerifiedBuild`=22908 WHERE (`SpellMiscId`=8661 AND `AreaTriggerId`=12740); -- SpellId : 0
UPDATE `spell_areatrigger` SET `DecalPropertiesId`=0, `TimeToTarget`=0, `TimeToTargetScale`=0, `VerifiedBuild`=22908 WHERE (`SpellMiscId`=5977 AND `AreaTriggerId`=10665); -- SpellId : 0
UPDATE `spell_areatrigger` SET `DecalPropertiesId`=0, `TimeToTarget`=0, `TimeToTargetScale`=0, `VerifiedBuild`=22908 WHERE (`SpellMiscId`=5977 AND `AreaTriggerId`=10665); -- SpellId : 0
UPDATE `spell_areatrigger` SET `DecalPropertiesId`=0, `TimeToTarget`=0, `TimeToTargetScale`=0, `VerifiedBuild`=22908 WHERE (`SpellMiscId`=5977 AND `AreaTriggerId`=10665); -- SpellId : 0
UPDATE `spell_areatrigger` SET `DecalPropertiesId`=0, `TimeToTarget`=0, `TimeToTargetScale`=0, `VerifiedBuild`=22908 WHERE (`SpellMiscId`=5977 AND `AreaTriggerId`=10665); -- SpellId : 0
UPDATE `spell_areatrigger` SET `DecalPropertiesId`=0, `TimeToTarget`=0, `TimeToTargetScale`=0, `VerifiedBuild`=22908 WHERE (`SpellMiscId`=5977 AND `AreaTriggerId`=10665); -- SpellId : 0
UPDATE `spell_areatrigger` SET `DecalPropertiesId`=0, `TimeToTarget`=0, `TimeToTargetScale`=0, `VerifiedBuild`=22908 WHERE (`SpellMiscId`=5977 AND `AreaTriggerId`=10665); -- SpellId : 0
UPDATE `spell_areatrigger` SET `DecalPropertiesId`=0, `TimeToTarget`=0, `TimeToTargetScale`=0, `VerifiedBuild`=22908 WHERE (`SpellMiscId`=5977 AND `AreaTriggerId`=10665); -- SpellId : 0
UPDATE `spell_areatrigger` SET `DecalPropertiesId`=0, `TimeToTarget`=0, `TimeToTargetScale`=0, `VerifiedBuild`=22908 WHERE (`SpellMiscId`=5977 AND `AreaTriggerId`=10665); -- SpellId : 0
UPDATE `spell_areatrigger` SET `DecalPropertiesId`=0, `TimeToTarget`=0, `TimeToTargetScale`=0, `VerifiedBuild`=22908 WHERE (`SpellMiscId`=5977 AND `AreaTriggerId`=10665); -- SpellId : 0
UPDATE `spell_areatrigger` SET `DecalPropertiesId`=0, `TimeToTarget`=0, `TimeToTargetScale`=0, `VerifiedBuild`=22908 WHERE (`SpellMiscId`=5977 AND `AreaTriggerId`=10665); -- SpellId : 0
UPDATE `spell_areatrigger` SET `DecalPropertiesId`=0, `TimeToTarget`=0, `TimeToTargetScale`=2000, `VerifiedBuild`=22908 WHERE (`SpellMiscId`=6039 AND `AreaTriggerId`=10727); -- SpellId : 0
UPDATE `spell_areatrigger` SET `DecalPropertiesId`=0, `TimeToTarget`=0, `TimeToTargetScale`=0, `VerifiedBuild`=22908 WHERE (`SpellMiscId`=383 AND `AreaTriggerId`=3319); -- SpellId : 0
UPDATE `spell_areatrigger` SET `DecalPropertiesId`=0, `TimeToTarget`=0, `TimeToTargetScale`=0, `VerifiedBuild`=22908 WHERE (`SpellMiscId`=5977 AND `AreaTriggerId`=10665); -- SpellId : 0
UPDATE `spell_areatrigger` SET `DecalPropertiesId`=0, `TimeToTarget`=0, `TimeToTargetScale`=0, `VerifiedBuild`=22908 WHERE (`SpellMiscId`=5977 AND `AreaTriggerId`=10665); -- SpellId : 0
UPDATE `spell_areatrigger` SET `DecalPropertiesId`=0, `TimeToTarget`=0, `TimeToTargetScale`=0, `VerifiedBuild`=22908 WHERE (`SpellMiscId`=5977 AND `AreaTriggerId`=10665); -- SpellId : 0
UPDATE `spell_areatrigger` SET `DecalPropertiesId`=0, `TimeToTarget`=0, `TimeToTargetScale`=2000, `VerifiedBuild`=22908 WHERE (`SpellMiscId`=6039 AND `AreaTriggerId`=10727); -- SpellId : 0
UPDATE `spell_areatrigger` SET `DecalPropertiesId`=0, `TimeToTarget`=0, `TimeToTargetScale`=0, `VerifiedBuild`=22908 WHERE (`SpellMiscId`=383 AND `AreaTriggerId`=3319); -- SpellId : 0
UPDATE `spell_areatrigger` SET `DecalPropertiesId`=0, `TimeToTarget`=0, `TimeToTargetScale`=0, `VerifiedBuild`=22908 WHERE (`SpellMiscId`=5977 AND `AreaTriggerId`=10665); -- SpellId : 0
UPDATE `spell_areatrigger` SET `DecalPropertiesId`=0, `TimeToTarget`=0, `TimeToTargetScale`=0, `VerifiedBuild`=22908 WHERE (`SpellMiscId`=5977 AND `AreaTriggerId`=10665); -- SpellId : 0
UPDATE `spell_areatrigger` SET `DecalPropertiesId`=0, `TimeToTarget`=0, `TimeToTargetScale`=0, `VerifiedBuild`=22908 WHERE (`SpellMiscId`=5977 AND `AreaTriggerId`=10665); -- SpellId : 0
UPDATE `spell_areatrigger` SET `DecalPropertiesId`=0, `TimeToTarget`=0, `TimeToTargetScale`=0, `VerifiedBuild`=22908 WHERE (`SpellMiscId`=5977 AND `AreaTriggerId`=10665); -- SpellId : 0
UPDATE `spell_areatrigger` SET `DecalPropertiesId`=0, `TimeToTarget`=0, `TimeToTargetScale`=0, `VerifiedBuild`=22908 WHERE (`SpellMiscId`=5977 AND `AreaTriggerId`=10665); -- SpellId : 0
UPDATE `spell_areatrigger` SET `DecalPropertiesId`=0, `TimeToTarget`=0, `TimeToTargetScale`=0, `VerifiedBuild`=22908 WHERE (`SpellMiscId`=5977 AND `AreaTriggerId`=10665); -- SpellId : 0
UPDATE `spell_areatrigger` SET `DecalPropertiesId`=0, `TimeToTarget`=0, `TimeToTargetScale`=0, `VerifiedBuild`=22908 WHERE (`SpellMiscId`=5977 AND `AreaTriggerId`=10665); -- SpellId : 0
UPDATE `spell_areatrigger` SET `DecalPropertiesId`=0, `TimeToTarget`=0, `TimeToTargetScale`=0, `VerifiedBuild`=22908 WHERE (`SpellMiscId`=5977 AND `AreaTriggerId`=10665); -- SpellId : 0
UPDATE `spell_areatrigger` SET `DecalPropertiesId`=0, `TimeToTarget`=0, `TimeToTargetScale`=0, `VerifiedBuild`=22908 WHERE (`SpellMiscId`=5977 AND `AreaTriggerId`=10665); -- SpellId : 0
UPDATE `spell_areatrigger` SET `DecalPropertiesId`=0, `TimeToTarget`=0, `TimeToTargetScale`=0, `VerifiedBuild`=22908 WHERE (`SpellMiscId`=5977 AND `AreaTriggerId`=10665); -- SpellId : 0
UPDATE `spell_areatrigger` SET `DecalPropertiesId`=0, `TimeToTarget`=0, `TimeToTargetScale`=7958, `VerifiedBuild`=22908 WHERE (`SpellMiscId`=4488 AND `AreaTriggerId`=9228); -- SpellId : 0
UPDATE `spell_areatrigger` SET `DecalPropertiesId`=0, `TimeToTarget`=0, `TimeToTargetScale`=0, `VerifiedBuild`=22908 WHERE (`SpellMiscId`=383 AND `AreaTriggerId`=3319); -- SpellId : 0
UPDATE `spell_areatrigger` SET `DecalPropertiesId`=0, `TimeToTarget`=0, `TimeToTargetScale`=0, `VerifiedBuild`=22908 WHERE (`SpellMiscId`=5977 AND `AreaTriggerId`=10665); -- SpellId : 0
UPDATE `spell_areatrigger` SET `DecalPropertiesId`=0, `TimeToTarget`=0, `TimeToTargetScale`=0, `VerifiedBuild`=22908 WHERE (`SpellMiscId`=6711 AND `AreaTriggerId`=10693); -- SpellId : 0
UPDATE `spell_areatrigger` SET `DecalPropertiesId`=0, `TimeToTarget`=0, `TimeToTargetScale`=0, `VerifiedBuild`=22908 WHERE (`SpellMiscId`=383 AND `AreaTriggerId`=3319); -- SpellId : 0
UPDATE `spell_areatrigger` SET `DecalPropertiesId`=0, `TimeToTarget`=0, `TimeToTargetScale`=0, `VerifiedBuild`=22908 WHERE (`SpellMiscId`=5977 AND `AreaTriggerId`=10665); -- SpellId : 0
UPDATE `spell_areatrigger` SET `DecalPropertiesId`=0, `TimeToTarget`=0, `TimeToTargetScale`=0, `VerifiedBuild`=22908 WHERE (`SpellMiscId`=5977 AND `AreaTriggerId`=10665); -- SpellId : 0
UPDATE `spell_areatrigger` SET `DecalPropertiesId`=0, `TimeToTarget`=0, `TimeToTargetScale`=0, `VerifiedBuild`=22908 WHERE (`SpellMiscId`=5977 AND `AreaTriggerId`=10665); -- SpellId : 0
UPDATE `spell_areatrigger` SET `DecalPropertiesId`=0, `TimeToTarget`=0, `TimeToTargetScale`=2000, `VerifiedBuild`=22908 WHERE (`SpellMiscId`=6039 AND `AreaTriggerId`=10727); -- SpellId : 0
UPDATE `spell_areatrigger` SET `DecalPropertiesId`=0, `TimeToTarget`=0, `TimeToTargetScale`=0, `VerifiedBuild`=22908 WHERE (`SpellMiscId`=5977 AND `AreaTriggerId`=10665); -- SpellId : 0
UPDATE `spell_areatrigger` SET `DecalPropertiesId`=0, `TimeToTarget`=0, `TimeToTargetScale`=0, `VerifiedBuild`=22908 WHERE (`SpellMiscId`=5977 AND `AreaTriggerId`=10665); -- SpellId : 0
UPDATE `spell_areatrigger` SET `DecalPropertiesId`=0, `TimeToTarget`=0, `TimeToTargetScale`=0, `VerifiedBuild`=22908 WHERE (`SpellMiscId`=5977 AND `AreaTriggerId`=10665); -- SpellId : 0
UPDATE `spell_areatrigger` SET `DecalPropertiesId`=0, `TimeToTarget`=2913, `TimeToTargetScale`=0, `VerifiedBuild`=22908 WHERE (`SpellMiscId`=8661 AND `AreaTriggerId`=12740); -- SpellId : 0
UPDATE `spell_areatrigger` SET `DecalPropertiesId`=0, `TimeToTarget`=0, `TimeToTargetScale`=0, `VerifiedBuild`=22908 WHERE (`SpellMiscId`=5977 AND `AreaTriggerId`=10665); -- SpellId : 0
UPDATE `spell_areatrigger` SET `DecalPropertiesId`=0, `TimeToTarget`=0, `TimeToTargetScale`=0, `VerifiedBuild`=22908 WHERE (`SpellMiscId`=5977 AND `AreaTriggerId`=10665); -- SpellId : 0
UPDATE `spell_areatrigger` SET `DecalPropertiesId`=0, `TimeToTarget`=0, `TimeToTargetScale`=0, `VerifiedBuild`=22908 WHERE (`SpellMiscId`=5977 AND `AreaTriggerId`=10665); -- SpellId : 0
UPDATE `spell_areatrigger` SET `DecalPropertiesId`=0, `TimeToTarget`=0, `TimeToTargetScale`=0, `VerifiedBuild`=22908 WHERE (`SpellMiscId`=5977 AND `AreaTriggerId`=10665); -- SpellId : 0
UPDATE `spell_areatrigger` SET `DecalPropertiesId`=0, `TimeToTarget`=0, `TimeToTargetScale`=0, `VerifiedBuild`=22908 WHERE (`SpellMiscId`=6710 AND `AreaTriggerId`=11266); -- SpellId : 0
UPDATE `spell_areatrigger` SET `DecalPropertiesId`=0, `TimeToTarget`=0, `TimeToTargetScale`=0, `VerifiedBuild`=22908 WHERE (`SpellMiscId`=6710 AND `AreaTriggerId`=11266); -- SpellId : 0
UPDATE `spell_areatrigger` SET `DecalPropertiesId`=0, `TimeToTarget`=0, `TimeToTargetScale`=0, `VerifiedBuild`=22908 WHERE (`SpellMiscId`=5977 AND `AreaTriggerId`=10665); -- SpellId : 0
UPDATE `spell_areatrigger` SET `DecalPropertiesId`=0, `TimeToTarget`=0, `TimeToTargetScale`=0, `VerifiedBuild`=22908 WHERE (`SpellMiscId`=5977 AND `AreaTriggerId`=10665); -- SpellId : 0
UPDATE `spell_areatrigger` SET `DecalPropertiesId`=0, `TimeToTarget`=0, `TimeToTargetScale`=0, `VerifiedBuild`=22908 WHERE (`SpellMiscId`=5977 AND `AreaTriggerId`=10665); -- SpellId : 0
UPDATE `spell_areatrigger` SET `DecalPropertiesId`=0, `TimeToTarget`=3000, `TimeToTargetScale`=0, `VerifiedBuild`=22908 WHERE (`SpellMiscId`=8661 AND `AreaTriggerId`=12740); -- SpellId : 0
UPDATE `spell_areatrigger` SET `DecalPropertiesId`=0, `TimeToTarget`=0, `TimeToTargetScale`=0, `VerifiedBuild`=22908 WHERE (`SpellMiscId`=5977 AND `AreaTriggerId`=10665); -- SpellId : 0
UPDATE `spell_areatrigger` SET `DecalPropertiesId`=0, `TimeToTarget`=0, `TimeToTargetScale`=0, `VerifiedBuild`=22908 WHERE (`SpellMiscId`=6710 AND `AreaTriggerId`=11266); -- SpellId : 0
UPDATE `spell_areatrigger` SET `DecalPropertiesId`=0, `TimeToTarget`=0, `TimeToTargetScale`=2000, `VerifiedBuild`=22908 WHERE (`SpellMiscId`=6039 AND `AreaTriggerId`=10727); -- SpellId : 0
UPDATE `spell_areatrigger` SET `DecalPropertiesId`=0, `TimeToTarget`=0, `TimeToTargetScale`=0, `VerifiedBuild`=22908 WHERE (`SpellMiscId`=5977 AND `AreaTriggerId`=10665); -- SpellId : 0
UPDATE `spell_areatrigger` SET `DecalPropertiesId`=0, `TimeToTarget`=0, `TimeToTargetScale`=0, `VerifiedBuild`=22908 WHERE (`SpellMiscId`=383 AND `AreaTriggerId`=3319); -- SpellId : 0
UPDATE `spell_areatrigger` SET `DecalPropertiesId`=0, `TimeToTarget`=0, `TimeToTargetScale`=0, `VerifiedBuild`=22908 WHERE (`SpellMiscId`=6710 AND `AreaTriggerId`=11266); -- SpellId : 0
UPDATE `spell_areatrigger` SET `DecalPropertiesId`=0, `TimeToTarget`=0, `TimeToTargetScale`=0, `VerifiedBuild`=22908 WHERE (`SpellMiscId`=383 AND `AreaTriggerId`=3319); -- SpellId : 0
UPDATE `spell_areatrigger` SET `DecalPropertiesId`=0, `TimeToTarget`=0, `TimeToTargetScale`=0, `VerifiedBuild`=22908 WHERE (`SpellMiscId`=5977 AND `AreaTriggerId`=10665); -- SpellId : 0
UPDATE `spell_areatrigger` SET `DecalPropertiesId`=0, `TimeToTarget`=0, `TimeToTargetScale`=0, `VerifiedBuild`=22908 WHERE (`SpellMiscId`=5977 AND `AreaTriggerId`=10665); -- SpellId : 0
UPDATE `spell_areatrigger` SET `DecalPropertiesId`=0, `TimeToTarget`=0, `TimeToTargetScale`=0, `VerifiedBuild`=22908 WHERE (`SpellMiscId`=383 AND `AreaTriggerId`=3319); -- SpellId : 0
UPDATE `spell_areatrigger` SET `DecalPropertiesId`=0, `TimeToTarget`=0, `TimeToTargetScale`=0, `VerifiedBuild`=22908 WHERE (`SpellMiscId`=5977 AND `AreaTriggerId`=10665); -- SpellId : 0
UPDATE `spell_areatrigger` SET `DecalPropertiesId`=0, `TimeToTarget`=0, `TimeToTargetScale`=0, `VerifiedBuild`=22908 WHERE (`SpellMiscId`=383 AND `AreaTriggerId`=3319); -- SpellId : 0
UPDATE `spell_areatrigger` SET `DecalPropertiesId`=0, `TimeToTarget`=0, `TimeToTargetScale`=0, `VerifiedBuild`=22908 WHERE (`SpellMiscId`=5977 AND `AreaTriggerId`=10665); -- SpellId : 0
UPDATE `spell_areatrigger` SET `DecalPropertiesId`=0, `TimeToTarget`=0, `TimeToTargetScale`=0, `VerifiedBuild`=22908 WHERE (`SpellMiscId`=5977 AND `AreaTriggerId`=10665); -- SpellId : 0
UPDATE `spell_areatrigger` SET `DecalPropertiesId`=0, `TimeToTarget`=0, `TimeToTargetScale`=0, `VerifiedBuild`=22908 WHERE (`SpellMiscId`=383 AND `AreaTriggerId`=3319); -- SpellId : 0
UPDATE `spell_areatrigger` SET `DecalPropertiesId`=0, `TimeToTarget`=0, `TimeToTargetScale`=0, `VerifiedBuild`=22908 WHERE (`SpellMiscId`=5977 AND `AreaTriggerId`=10665); -- SpellId : 0
UPDATE `spell_areatrigger` SET `DecalPropertiesId`=0, `TimeToTarget`=0, `TimeToTargetScale`=0, `VerifiedBuild`=22908 WHERE (`SpellMiscId`=6710 AND `AreaTriggerId`=11266); -- SpellId : 0
UPDATE `spell_areatrigger` SET `DecalPropertiesId`=0, `TimeToTarget`=0, `TimeToTargetScale`=0, `VerifiedBuild`=22908 WHERE (`SpellMiscId`=5977 AND `AreaTriggerId`=10665); -- SpellId : 0
UPDATE `spell_areatrigger` SET `DecalPropertiesId`=0, `TimeToTarget`=0, `TimeToTargetScale`=0, `VerifiedBuild`=22908 WHERE (`SpellMiscId`=6710 AND `AreaTriggerId`=11266); -- SpellId : 0
UPDATE `spell_areatrigger` SET `DecalPropertiesId`=0, `TimeToTarget`=0, `TimeToTargetScale`=2000, `VerifiedBuild`=22908 WHERE (`SpellMiscId`=6039 AND `AreaTriggerId`=10727); -- SpellId : 0
UPDATE `spell_areatrigger` SET `DecalPropertiesId`=0, `TimeToTarget`=0, `TimeToTargetScale`=0, `VerifiedBuild`=22908 WHERE (`SpellMiscId`=5977 AND `AreaTriggerId`=10665); -- SpellId : 0
UPDATE `spell_areatrigger` SET `DecalPropertiesId`=0, `TimeToTarget`=0, `TimeToTargetScale`=0, `VerifiedBuild`=22908 WHERE (`SpellMiscId`=5977 AND `AreaTriggerId`=10665); -- SpellId : 0
UPDATE `spell_areatrigger` SET `DecalPropertiesId`=0, `TimeToTarget`=0, `TimeToTargetScale`=0, `VerifiedBuild`=22908 WHERE (`SpellMiscId`=5977 AND `AreaTriggerId`=10665); -- SpellId : 0
UPDATE `spell_areatrigger` SET `DecalPropertiesId`=0, `TimeToTarget`=0, `TimeToTargetScale`=0, `VerifiedBuild`=22908 WHERE (`SpellMiscId`=5977 AND `AreaTriggerId`=10665); -- SpellId : 0
UPDATE `spell_areatrigger` SET `DecalPropertiesId`=0, `TimeToTarget`=0, `TimeToTargetScale`=0, `VerifiedBuild`=22908 WHERE (`SpellMiscId`=6711 AND `AreaTriggerId`=10693); -- SpellId : 0
UPDATE `spell_areatrigger` SET `DecalPropertiesId`=0, `TimeToTarget`=0, `TimeToTargetScale`=0, `VerifiedBuild`=22908 WHERE (`SpellMiscId`=5977 AND `AreaTriggerId`=10665); -- SpellId : 0
UPDATE `spell_areatrigger` SET `DecalPropertiesId`=0, `TimeToTarget`=0, `TimeToTargetScale`=0, `VerifiedBuild`=22908 WHERE (`SpellMiscId`=6711 AND `AreaTriggerId`=10693); -- SpellId : 0
UPDATE `spell_areatrigger` SET `DecalPropertiesId`=0, `TimeToTarget`=0, `TimeToTargetScale`=0, `VerifiedBuild`=22908 WHERE (`SpellMiscId`=5977 AND `AreaTriggerId`=10665); -- SpellId : 0
UPDATE `spell_areatrigger` SET `DecalPropertiesId`=0, `TimeToTarget`=0, `TimeToTargetScale`=0, `VerifiedBuild`=22908 WHERE (`SpellMiscId`=383 AND `AreaTriggerId`=3319); -- SpellId : 0
UPDATE `spell_areatrigger` SET `DecalPropertiesId`=0, `TimeToTarget`=0, `TimeToTargetScale`=0, `VerifiedBuild`=22908 WHERE (`SpellMiscId`=5977 AND `AreaTriggerId`=10665); -- SpellId : 0
UPDATE `spell_areatrigger` SET `DecalPropertiesId`=0, `TimeToTarget`=0, `TimeToTargetScale`=0, `VerifiedBuild`=22908 WHERE (`SpellMiscId`=5977 AND `AreaTriggerId`=10665); -- SpellId : 0
UPDATE `spell_areatrigger` SET `DecalPropertiesId`=0, `TimeToTarget`=0, `TimeToTargetScale`=0, `VerifiedBuild`=22908 WHERE (`SpellMiscId`=5977 AND `AreaTriggerId`=10665); -- SpellId : 0
UPDATE `spell_areatrigger` SET `DecalPropertiesId`=0, `TimeToTarget`=0, `TimeToTargetScale`=0, `VerifiedBuild`=22908 WHERE (`SpellMiscId`=5977 AND `AreaTriggerId`=10665); -- SpellId : 0
UPDATE `spell_areatrigger` SET `DecalPropertiesId`=0, `TimeToTarget`=0, `TimeToTargetScale`=0, `VerifiedBuild`=22908 WHERE (`SpellMiscId`=5977 AND `AreaTriggerId`=10665); -- SpellId : 0
UPDATE `spell_areatrigger` SET `DecalPropertiesId`=0, `TimeToTarget`=2890, `TimeToTargetScale`=0, `VerifiedBuild`=22908 WHERE (`SpellMiscId`=8661 AND `AreaTriggerId`=12740); -- SpellId : 0
UPDATE `spell_areatrigger` SET `DecalPropertiesId`=0, `TimeToTarget`=0, `TimeToTargetScale`=0, `VerifiedBuild`=22908 WHERE (`SpellMiscId`=5977 AND `AreaTriggerId`=10665); -- SpellId : 0
UPDATE `spell_areatrigger` SET `DecalPropertiesId`=0, `TimeToTarget`=0, `TimeToTargetScale`=0, `VerifiedBuild`=22908 WHERE (`SpellMiscId`=5977 AND `AreaTriggerId`=10665); -- SpellId : 0
UPDATE `spell_areatrigger` SET `DecalPropertiesId`=0, `TimeToTarget`=0, `TimeToTargetScale`=0, `VerifiedBuild`=22908 WHERE (`SpellMiscId`=5977 AND `AreaTriggerId`=10665); -- SpellId : 0
UPDATE `spell_areatrigger` SET `DecalPropertiesId`=0, `TimeToTarget`=0, `TimeToTargetScale`=2000, `VerifiedBuild`=22908 WHERE (`SpellMiscId`=6039 AND `AreaTriggerId`=10727); -- SpellId : 0
UPDATE `spell_areatrigger` SET `DecalPropertiesId`=0, `TimeToTarget`=0, `TimeToTargetScale`=0, `VerifiedBuild`=22908 WHERE (`SpellMiscId`=5977 AND `AreaTriggerId`=10665); -- SpellId : 0
UPDATE `spell_areatrigger` SET `DecalPropertiesId`=0, `TimeToTarget`=0, `TimeToTargetScale`=0, `VerifiedBuild`=22908 WHERE (`SpellMiscId`=5977 AND `AreaTriggerId`=10665); -- SpellId : 0
UPDATE `spell_areatrigger` SET `DecalPropertiesId`=0, `TimeToTarget`=0, `TimeToTargetScale`=0, `VerifiedBuild`=22908 WHERE (`SpellMiscId`=5977 AND `AreaTriggerId`=10665); -- SpellId : 0
UPDATE `spell_areatrigger` SET `DecalPropertiesId`=0, `TimeToTarget`=0, `TimeToTargetScale`=0, `VerifiedBuild`=22908 WHERE (`SpellMiscId`=5977 AND `AreaTriggerId`=10665); -- SpellId : 0
UPDATE `spell_areatrigger` SET `DecalPropertiesId`=0, `TimeToTarget`=0, `TimeToTargetScale`=0, `VerifiedBuild`=22908 WHERE (`SpellMiscId`=5977 AND `AreaTriggerId`=10665); -- SpellId : 0
UPDATE `spell_areatrigger` SET `DecalPropertiesId`=0, `TimeToTarget`=0, `TimeToTargetScale`=7958, `VerifiedBuild`=22908 WHERE (`SpellMiscId`=4488 AND `AreaTriggerId`=9228); -- SpellId : 0
UPDATE `spell_areatrigger` SET `DecalPropertiesId`=0, `TimeToTarget`=0, `TimeToTargetScale`=0, `VerifiedBuild`=22908 WHERE (`SpellMiscId`=5977 AND `AreaTriggerId`=10665); -- SpellId : 0
UPDATE `spell_areatrigger` SET `DecalPropertiesId`=0, `TimeToTarget`=0, `TimeToTargetScale`=0, `VerifiedBuild`=22908 WHERE (`SpellMiscId`=5977 AND `AreaTriggerId`=10665); -- SpellId : 0
UPDATE `spell_areatrigger` SET `DecalPropertiesId`=0, `TimeToTarget`=0, `TimeToTargetScale`=0, `VerifiedBuild`=22908 WHERE (`SpellMiscId`=383 AND `AreaTriggerId`=3319); -- SpellId : 0
UPDATE `spell_areatrigger` SET `DecalPropertiesId`=0, `TimeToTarget`=0, `TimeToTargetScale`=0, `VerifiedBuild`=22908 WHERE (`SpellMiscId`=5977 AND `AreaTriggerId`=10665); -- SpellId : 0
UPDATE `spell_areatrigger` SET `DecalPropertiesId`=0, `TimeToTarget`=0, `TimeToTargetScale`=0, `VerifiedBuild`=22908 WHERE (`SpellMiscId`=5977 AND `AreaTriggerId`=10665); -- SpellId : 0
UPDATE `spell_areatrigger` SET `DecalPropertiesId`=0, `TimeToTarget`=0, `TimeToTargetScale`=7958, `VerifiedBuild`=22908 WHERE (`SpellMiscId`=4488 AND `AreaTriggerId`=9228); -- SpellId : 0
UPDATE `spell_areatrigger` SET `DecalPropertiesId`=0, `TimeToTarget`=0, `TimeToTargetScale`=0, `VerifiedBuild`=22908 WHERE (`SpellMiscId`=5977 AND `AreaTriggerId`=10665); -- SpellId : 0
UPDATE `spell_areatrigger` SET `DecalPropertiesId`=0, `TimeToTarget`=0, `TimeToTargetScale`=0, `VerifiedBuild`=22908 WHERE (`SpellMiscId`=5977 AND `AreaTriggerId`=10665); -- SpellId : 0
UPDATE `spell_areatrigger` SET `DecalPropertiesId`=0, `TimeToTarget`=0, `TimeToTargetScale`=0, `VerifiedBuild`=22908 WHERE (`SpellMiscId`=5977 AND `AreaTriggerId`=10665); -- SpellId : 0
UPDATE `spell_areatrigger` SET `DecalPropertiesId`=0, `TimeToTarget`=0, `TimeToTargetScale`=0, `VerifiedBuild`=22908 WHERE (`SpellMiscId`=5977 AND `AreaTriggerId`=10665); -- SpellId : 0
UPDATE `spell_areatrigger` SET `DecalPropertiesId`=0, `TimeToTarget`=0, `TimeToTargetScale`=0, `VerifiedBuild`=22908 WHERE (`SpellMiscId`=5977 AND `AreaTriggerId`=10665); -- SpellId : 0
UPDATE `spell_areatrigger` SET `DecalPropertiesId`=0, `TimeToTarget`=0, `TimeToTargetScale`=0, `VerifiedBuild`=22908 WHERE (`SpellMiscId`=5977 AND `AreaTriggerId`=10665); -- SpellId : 0
UPDATE `spell_areatrigger` SET `DecalPropertiesId`=0, `TimeToTarget`=0, `TimeToTargetScale`=2000, `VerifiedBuild`=22908 WHERE (`SpellMiscId`=6039 AND `AreaTriggerId`=10727); -- SpellId : 0
UPDATE `spell_areatrigger` SET `DecalPropertiesId`=0, `TimeToTarget`=0, `TimeToTargetScale`=7958, `VerifiedBuild`=22908 WHERE (`SpellMiscId`=4488 AND `AreaTriggerId`=9228); -- SpellId : 0
UPDATE `spell_areatrigger` SET `DecalPropertiesId`=0, `TimeToTarget`=0, `TimeToTargetScale`=0, `VerifiedBuild`=22908 WHERE (`SpellMiscId`=5977 AND `AreaTriggerId`=10665); -- SpellId : 0
UPDATE `spell_areatrigger` SET `DecalPropertiesId`=0, `TimeToTarget`=0, `TimeToTargetScale`=0, `VerifiedBuild`=22908 WHERE (`SpellMiscId`=6711 AND `AreaTriggerId`=10693); -- SpellId : 0
UPDATE `spell_areatrigger` SET `DecalPropertiesId`=0, `TimeToTarget`=0, `TimeToTargetScale`=0, `VerifiedBuild`=22908 WHERE (`SpellMiscId`=5977 AND `AreaTriggerId`=10665); -- SpellId : 0
UPDATE `spell_areatrigger` SET `DecalPropertiesId`=0, `TimeToTarget`=0, `TimeToTargetScale`=0, `VerifiedBuild`=22908 WHERE (`SpellMiscId`=5977 AND `AreaTriggerId`=10665); -- SpellId : 0
UPDATE `spell_areatrigger` SET `DecalPropertiesId`=0, `TimeToTarget`=0, `TimeToTargetScale`=0, `VerifiedBuild`=22908 WHERE (`SpellMiscId`=5977 AND `AreaTriggerId`=10665); -- SpellId : 0
UPDATE `spell_areatrigger` SET `DecalPropertiesId`=0, `TimeToTarget`=0, `TimeToTargetScale`=0, `VerifiedBuild`=22908 WHERE (`SpellMiscId`=5977 AND `AreaTriggerId`=10665); -- SpellId : 0
UPDATE `spell_areatrigger` SET `DecalPropertiesId`=0, `TimeToTarget`=0, `TimeToTargetScale`=0, `VerifiedBuild`=22908 WHERE (`SpellMiscId`=5977 AND `AreaTriggerId`=10665); -- SpellId : 0
UPDATE `spell_areatrigger` SET `DecalPropertiesId`=0, `TimeToTarget`=0, `TimeToTargetScale`=0, `VerifiedBuild`=22908 WHERE (`SpellMiscId`=6711 AND `AreaTriggerId`=10693); -- SpellId : 0
UPDATE `spell_areatrigger` SET `DecalPropertiesId`=0, `TimeToTarget`=0, `TimeToTargetScale`=0, `VerifiedBuild`=22908 WHERE (`SpellMiscId`=5977 AND `AreaTriggerId`=10665); -- SpellId : 0
UPDATE `spell_areatrigger` SET `DecalPropertiesId`=0, `TimeToTarget`=0, `TimeToTargetScale`=0, `VerifiedBuild`=22908 WHERE (`SpellMiscId`=5977 AND `AreaTriggerId`=10665); -- SpellId : 0
UPDATE `spell_areatrigger` SET `DecalPropertiesId`=0, `TimeToTarget`=0, `TimeToTargetScale`=0, `VerifiedBuild`=22908 WHERE (`SpellMiscId`=5977 AND `AreaTriggerId`=10665); -- SpellId : 0
UPDATE `spell_areatrigger` SET `DecalPropertiesId`=0, `TimeToTarget`=0, `TimeToTargetScale`=0, `VerifiedBuild`=22908 WHERE (`SpellMiscId`=5977 AND `AreaTriggerId`=10665); -- SpellId : 0
UPDATE `spell_areatrigger` SET `DecalPropertiesId`=0, `TimeToTarget`=0, `TimeToTargetScale`=0, `VerifiedBuild`=22908 WHERE (`SpellMiscId`=5977 AND `AreaTriggerId`=10665); -- SpellId : 0
UPDATE `spell_areatrigger` SET `DecalPropertiesId`=0, `TimeToTarget`=0, `TimeToTargetScale`=0, `VerifiedBuild`=22908 WHERE (`SpellMiscId`=5977 AND `AreaTriggerId`=10665); -- SpellId : 0
UPDATE `spell_areatrigger` SET `DecalPropertiesId`=0, `TimeToTarget`=0, `TimeToTargetScale`=0, `VerifiedBuild`=22908 WHERE (`SpellMiscId`=5977 AND `AreaTriggerId`=10665); -- SpellId : 0
UPDATE `spell_areatrigger` SET `DecalPropertiesId`=0, `TimeToTarget`=0, `TimeToTargetScale`=0, `VerifiedBuild`=22908 WHERE (`SpellMiscId`=5977 AND `AreaTriggerId`=10665); -- SpellId : 0
UPDATE `spell_areatrigger` SET `DecalPropertiesId`=0, `TimeToTarget`=0, `TimeToTargetScale`=0, `VerifiedBuild`=22908 WHERE (`SpellMiscId`=5977 AND `AreaTriggerId`=10665); -- SpellId : 0
UPDATE `spell_areatrigger` SET `DecalPropertiesId`=0, `TimeToTarget`=0, `TimeToTargetScale`=2000, `VerifiedBuild`=22908 WHERE (`SpellMiscId`=6039 AND `AreaTriggerId`=10727); -- SpellId : 0
UPDATE `spell_areatrigger` SET `DecalPropertiesId`=0, `TimeToTarget`=2863, `TimeToTargetScale`=0, `VerifiedBuild`=22908 WHERE (`SpellMiscId`=8661 AND `AreaTriggerId`=12740); -- SpellId : 0
UPDATE `spell_areatrigger` SET `DecalPropertiesId`=0, `TimeToTarget`=0, `TimeToTargetScale`=0, `VerifiedBuild`=22908 WHERE (`SpellMiscId`=5977 AND `AreaTriggerId`=10665); -- SpellId : 0
UPDATE `spell_areatrigger` SET `DecalPropertiesId`=0, `TimeToTarget`=0, `TimeToTargetScale`=0, `VerifiedBuild`=22908 WHERE (`SpellMiscId`=383 AND `AreaTriggerId`=3319); -- SpellId : 0
UPDATE `spell_areatrigger` SET `DecalPropertiesId`=0, `TimeToTarget`=0, `TimeToTargetScale`=0, `VerifiedBuild`=22908 WHERE (`SpellMiscId`=383 AND `AreaTriggerId`=3319); -- SpellId : 0
UPDATE `spell_areatrigger` SET `DecalPropertiesId`=0, `TimeToTarget`=0, `TimeToTargetScale`=0, `VerifiedBuild`=22908 WHERE (`SpellMiscId`=5977 AND `AreaTriggerId`=10665); -- SpellId : 0
UPDATE `spell_areatrigger` SET `DecalPropertiesId`=0, `TimeToTarget`=0, `TimeToTargetScale`=0, `VerifiedBuild`=22908 WHERE (`SpellMiscId`=6711 AND `AreaTriggerId`=10693); -- SpellId : 0
UPDATE `spell_areatrigger` SET `DecalPropertiesId`=0, `TimeToTarget`=0, `TimeToTargetScale`=0, `VerifiedBuild`=22908 WHERE (`SpellMiscId`=5977 AND `AreaTriggerId`=10665); -- SpellId : 0
UPDATE `spell_areatrigger` SET `DecalPropertiesId`=0, `TimeToTarget`=0, `TimeToTargetScale`=0, `VerifiedBuild`=22908 WHERE (`SpellMiscId`=5977 AND `AreaTriggerId`=10665); -- SpellId : 0
UPDATE `spell_areatrigger` SET `DecalPropertiesId`=0, `TimeToTarget`=0, `TimeToTargetScale`=2000, `VerifiedBuild`=22908 WHERE (`SpellMiscId`=6039 AND `AreaTriggerId`=10727); -- SpellId : 0
UPDATE `spell_areatrigger` SET `DecalPropertiesId`=0, `TimeToTarget`=0, `TimeToTargetScale`=0, `VerifiedBuild`=22908 WHERE (`SpellMiscId`=5977 AND `AreaTriggerId`=10665); -- SpellId : 0
UPDATE `spell_areatrigger` SET `DecalPropertiesId`=0, `TimeToTarget`=0, `TimeToTargetScale`=0, `VerifiedBuild`=22908 WHERE (`SpellMiscId`=5977 AND `AreaTriggerId`=10665); -- SpellId : 0
UPDATE `spell_areatrigger` SET `DecalPropertiesId`=0, `TimeToTarget`=0, `TimeToTargetScale`=0, `VerifiedBuild`=22908 WHERE (`SpellMiscId`=5977 AND `AreaTriggerId`=10665); -- SpellId : 0
UPDATE `spell_areatrigger` SET `DecalPropertiesId`=0, `TimeToTarget`=0, `TimeToTargetScale`=0, `VerifiedBuild`=22908 WHERE (`SpellMiscId`=5977 AND `AreaTriggerId`=10665); -- SpellId : 0
UPDATE `spell_areatrigger` SET `DecalPropertiesId`=0, `TimeToTarget`=0, `TimeToTargetScale`=0, `VerifiedBuild`=22908 WHERE (`SpellMiscId`=5977 AND `AreaTriggerId`=10665); -- SpellId : 0
UPDATE `spell_areatrigger` SET `DecalPropertiesId`=0, `TimeToTarget`=0, `TimeToTargetScale`=0, `VerifiedBuild`=22908 WHERE (`SpellMiscId`=5977 AND `AreaTriggerId`=10665); -- SpellId : 0
UPDATE `spell_areatrigger` SET `DecalPropertiesId`=0, `TimeToTarget`=0, `TimeToTargetScale`=0, `VerifiedBuild`=22908 WHERE (`SpellMiscId`=5977 AND `AreaTriggerId`=10665); -- SpellId : 0
UPDATE `spell_areatrigger` SET `DecalPropertiesId`=0, `TimeToTarget`=0, `TimeToTargetScale`=7958, `VerifiedBuild`=22908 WHERE (`SpellMiscId`=4488 AND `AreaTriggerId`=9228); -- SpellId : 0
UPDATE `spell_areatrigger` SET `DecalPropertiesId`=0, `TimeToTarget`=0, `TimeToTargetScale`=0, `VerifiedBuild`=22908 WHERE (`SpellMiscId`=383 AND `AreaTriggerId`=3319); -- SpellId : 0
UPDATE `spell_areatrigger` SET `DecalPropertiesId`=0, `TimeToTarget`=0, `TimeToTargetScale`=0, `VerifiedBuild`=22908 WHERE (`SpellMiscId`=2442 AND `AreaTriggerId`=7020); -- SpellId : 0
UPDATE `spell_areatrigger` SET `DecalPropertiesId`=0, `TimeToTarget`=0, `TimeToTargetScale`=0, `VerifiedBuild`=22908 WHERE (`SpellMiscId`=5977 AND `AreaTriggerId`=10665); -- SpellId : 0
UPDATE `spell_areatrigger` SET `DecalPropertiesId`=0, `TimeToTarget`=0, `TimeToTargetScale`=0, `VerifiedBuild`=22908 WHERE (`SpellMiscId`=5977 AND `AreaTriggerId`=10665); -- SpellId : 0
UPDATE `spell_areatrigger` SET `DecalPropertiesId`=0, `TimeToTarget`=0, `TimeToTargetScale`=0, `VerifiedBuild`=22908 WHERE (`SpellMiscId`=5977 AND `AreaTriggerId`=10665); -- SpellId : 0
UPDATE `spell_areatrigger` SET `DecalPropertiesId`=0, `TimeToTarget`=0, `TimeToTargetScale`=0, `VerifiedBuild`=22908 WHERE (`SpellMiscId`=2442 AND `AreaTriggerId`=7020); -- SpellId : 0
UPDATE `spell_areatrigger` SET `DecalPropertiesId`=0, `TimeToTarget`=0, `TimeToTargetScale`=0, `VerifiedBuild`=22908 WHERE (`SpellMiscId`=5977 AND `AreaTriggerId`=10665); -- SpellId : 0
UPDATE `spell_areatrigger` SET `DecalPropertiesId`=0, `TimeToTarget`=0, `TimeToTargetScale`=0, `VerifiedBuild`=22908 WHERE (`SpellMiscId`=5977 AND `AreaTriggerId`=10665); -- SpellId : 0
UPDATE `spell_areatrigger` SET `DecalPropertiesId`=0, `TimeToTarget`=0, `TimeToTargetScale`=0, `VerifiedBuild`=22908 WHERE (`SpellMiscId`=5977 AND `AreaTriggerId`=10665); -- SpellId : 0
UPDATE `spell_areatrigger` SET `DecalPropertiesId`=0, `TimeToTarget`=0, `TimeToTargetScale`=2000, `VerifiedBuild`=22908 WHERE (`SpellMiscId`=6039 AND `AreaTriggerId`=10727); -- SpellId : 0
UPDATE `spell_areatrigger` SET `DecalPropertiesId`=0, `TimeToTarget`=0, `TimeToTargetScale`=0, `VerifiedBuild`=22908 WHERE (`SpellMiscId`=5977 AND `AreaTriggerId`=10665); -- SpellId : 0
UPDATE `spell_areatrigger` SET `DecalPropertiesId`=0, `TimeToTarget`=0, `TimeToTargetScale`=0, `VerifiedBuild`=22908 WHERE (`SpellMiscId`=5977 AND `AreaTriggerId`=10665); -- SpellId : 0
UPDATE `spell_areatrigger` SET `DecalPropertiesId`=0, `TimeToTarget`=0, `TimeToTargetScale`=0, `VerifiedBuild`=22908 WHERE (`SpellMiscId`=5977 AND `AreaTriggerId`=10665); -- SpellId : 0
UPDATE `spell_areatrigger` SET `DecalPropertiesId`=0, `TimeToTarget`=0, `TimeToTargetScale`=0, `VerifiedBuild`=22908 WHERE (`SpellMiscId`=5977 AND `AreaTriggerId`=10665); -- SpellId : 0
UPDATE `spell_areatrigger` SET `DecalPropertiesId`=0, `TimeToTarget`=0, `TimeToTargetScale`=0, `VerifiedBuild`=22908 WHERE (`SpellMiscId`=5977 AND `AreaTriggerId`=10665); -- SpellId : 0
UPDATE `spell_areatrigger` SET `DecalPropertiesId`=0, `TimeToTarget`=0, `TimeToTargetScale`=0, `VerifiedBuild`=22908 WHERE (`SpellMiscId`=5977 AND `AreaTriggerId`=10665); -- SpellId : 0
UPDATE `spell_areatrigger` SET `DecalPropertiesId`=0, `TimeToTarget`=0, `TimeToTargetScale`=0, `VerifiedBuild`=22908 WHERE (`SpellMiscId`=5977 AND `AreaTriggerId`=10665); -- SpellId : 0
UPDATE `spell_areatrigger` SET `DecalPropertiesId`=0, `TimeToTarget`=0, `TimeToTargetScale`=0, `VerifiedBuild`=22908 WHERE (`SpellMiscId`=5977 AND `AreaTriggerId`=10665); -- SpellId : 0
UPDATE `spell_areatrigger` SET `DecalPropertiesId`=0, `TimeToTarget`=0, `TimeToTargetScale`=2000, `VerifiedBuild`=22908 WHERE (`SpellMiscId`=6039 AND `AreaTriggerId`=10727); -- SpellId : 0
UPDATE `spell_areatrigger` SET `DecalPropertiesId`=0, `TimeToTarget`=0, `TimeToTargetScale`=0, `VerifiedBuild`=22908 WHERE (`SpellMiscId`=5977 AND `AreaTriggerId`=10665); -- SpellId : 0
UPDATE `spell_areatrigger` SET `DecalPropertiesId`=0, `TimeToTarget`=0, `TimeToTargetScale`=0, `VerifiedBuild`=22908 WHERE (`SpellMiscId`=5977 AND `AreaTriggerId`=10665); -- SpellId : 0
UPDATE `spell_areatrigger` SET `DecalPropertiesId`=0, `TimeToTarget`=0, `TimeToTargetScale`=0, `VerifiedBuild`=22908 WHERE (`SpellMiscId`=5977 AND `AreaTriggerId`=10665); -- SpellId : 0
UPDATE `spell_areatrigger` SET `DecalPropertiesId`=0, `TimeToTarget`=0, `TimeToTargetScale`=6122, `VerifiedBuild`=22908 WHERE (`SpellMiscId`=4488 AND `AreaTriggerId`=9228); -- SpellId : 0
UPDATE `spell_areatrigger` SET `DecalPropertiesId`=0, `TimeToTarget`=0, `TimeToTargetScale`=0, `VerifiedBuild`=22908 WHERE (`SpellMiscId`=5977 AND `AreaTriggerId`=10665); -- SpellId : 0
UPDATE `spell_areatrigger` SET `DecalPropertiesId`=0, `TimeToTarget`=0, `TimeToTargetScale`=0, `VerifiedBuild`=22908 WHERE (`SpellMiscId`=5977 AND `AreaTriggerId`=10665); -- SpellId : 0
UPDATE `spell_areatrigger` SET `DecalPropertiesId`=0, `TimeToTarget`=0, `TimeToTargetScale`=0, `VerifiedBuild`=22908 WHERE (`SpellMiscId`=5977 AND `AreaTriggerId`=10665); -- SpellId : 0
UPDATE `spell_areatrigger` SET `DecalPropertiesId`=0, `TimeToTarget`=0, `TimeToTargetScale`=0, `VerifiedBuild`=22908 WHERE (`SpellMiscId`=5977 AND `AreaTriggerId`=10665); -- SpellId : 0
UPDATE `spell_areatrigger` SET `DecalPropertiesId`=0, `TimeToTarget`=0, `TimeToTargetScale`=2000, `VerifiedBuild`=22908 WHERE (`SpellMiscId`=6039 AND `AreaTriggerId`=10727); -- SpellId : 0
UPDATE `spell_areatrigger` SET `DecalPropertiesId`=0, `TimeToTarget`=0, `TimeToTargetScale`=0, `VerifiedBuild`=22908 WHERE (`SpellMiscId`=5977 AND `AreaTriggerId`=10665); -- SpellId : 0
UPDATE `spell_areatrigger` SET `DecalPropertiesId`=0, `TimeToTarget`=0, `TimeToTargetScale`=0, `VerifiedBuild`=22908 WHERE (`SpellMiscId`=6710 AND `AreaTriggerId`=11266); -- SpellId : 0
UPDATE `spell_areatrigger` SET `DecalPropertiesId`=0, `TimeToTarget`=0, `TimeToTargetScale`=0, `VerifiedBuild`=22908 WHERE (`SpellMiscId`=5977 AND `AreaTriggerId`=10665); -- SpellId : 0
UPDATE `spell_areatrigger` SET `DecalPropertiesId`=0, `TimeToTarget`=0, `TimeToTargetScale`=0, `VerifiedBuild`=22908 WHERE (`SpellMiscId`=5977 AND `AreaTriggerId`=10665); -- SpellId : 0
UPDATE `spell_areatrigger` SET `DecalPropertiesId`=0, `TimeToTarget`=0, `TimeToTargetScale`=0, `VerifiedBuild`=22908 WHERE (`SpellMiscId`=6711 AND `AreaTriggerId`=10693); -- SpellId : 0
UPDATE `spell_areatrigger` SET `DecalPropertiesId`=0, `TimeToTarget`=0, `TimeToTargetScale`=0, `VerifiedBuild`=22908 WHERE (`SpellMiscId`=383 AND `AreaTriggerId`=3319); -- SpellId : 0
UPDATE `spell_areatrigger` SET `DecalPropertiesId`=0, `TimeToTarget`=0, `TimeToTargetScale`=0, `VerifiedBuild`=22908 WHERE (`SpellMiscId`=5977 AND `AreaTriggerId`=10665); -- SpellId : 0
UPDATE `spell_areatrigger` SET `DecalPropertiesId`=0, `TimeToTarget`=0, `TimeToTargetScale`=0, `VerifiedBuild`=22908 WHERE (`SpellMiscId`=5977 AND `AreaTriggerId`=10665); -- SpellId : 0
UPDATE `spell_areatrigger` SET `DecalPropertiesId`=0, `TimeToTarget`=0, `TimeToTargetScale`=0, `VerifiedBuild`=22908 WHERE (`SpellMiscId`=5977 AND `AreaTriggerId`=10665); -- SpellId : 0
UPDATE `spell_areatrigger` SET `DecalPropertiesId`=0, `TimeToTarget`=0, `TimeToTargetScale`=0, `VerifiedBuild`=22908 WHERE (`SpellMiscId`=5977 AND `AreaTriggerId`=10665); -- SpellId : 0
UPDATE `spell_areatrigger` SET `DecalPropertiesId`=0, `TimeToTarget`=0, `TimeToTargetScale`=0, `VerifiedBuild`=22908 WHERE (`SpellMiscId`=5977 AND `AreaTriggerId`=10665); -- SpellId : 0
UPDATE `spell_areatrigger` SET `DecalPropertiesId`=0, `TimeToTarget`=0, `TimeToTargetScale`=0, `VerifiedBuild`=22908 WHERE (`SpellMiscId`=6711 AND `AreaTriggerId`=10693); -- SpellId : 0
UPDATE `spell_areatrigger` SET `DecalPropertiesId`=0, `TimeToTarget`=0, `TimeToTargetScale`=0, `VerifiedBuild`=22908 WHERE (`SpellMiscId`=5977 AND `AreaTriggerId`=10665); -- SpellId : 0
UPDATE `spell_areatrigger` SET `DecalPropertiesId`=0, `TimeToTarget`=0, `TimeToTargetScale`=0, `VerifiedBuild`=22908 WHERE (`SpellMiscId`=5977 AND `AreaTriggerId`=10665); -- SpellId : 0
UPDATE `spell_areatrigger` SET `DecalPropertiesId`=0, `TimeToTarget`=0, `TimeToTargetScale`=0, `VerifiedBuild`=22908 WHERE (`SpellMiscId`=6711 AND `AreaTriggerId`=10693); -- SpellId : 0
UPDATE `spell_areatrigger` SET `DecalPropertiesId`=0, `TimeToTarget`=0, `TimeToTargetScale`=0, `VerifiedBuild`=22908 WHERE (`SpellMiscId`=5977 AND `AreaTriggerId`=10665); -- SpellId : 0
UPDATE `spell_areatrigger` SET `DecalPropertiesId`=0, `TimeToTarget`=0, `TimeToTargetScale`=0, `VerifiedBuild`=22908 WHERE (`SpellMiscId`=5977 AND `AreaTriggerId`=10665); -- SpellId : 0
UPDATE `spell_areatrigger` SET `DecalPropertiesId`=0, `TimeToTarget`=0, `TimeToTargetScale`=0, `VerifiedBuild`=22908 WHERE (`SpellMiscId`=5977 AND `AreaTriggerId`=10665); -- SpellId : 0
UPDATE `spell_areatrigger` SET `DecalPropertiesId`=0, `TimeToTarget`=0, `TimeToTargetScale`=0, `VerifiedBuild`=22908 WHERE (`SpellMiscId`=5977 AND `AreaTriggerId`=10665); -- SpellId : 0
UPDATE `spell_areatrigger` SET `DecalPropertiesId`=0, `TimeToTarget`=0, `TimeToTargetScale`=0, `VerifiedBuild`=22908 WHERE (`SpellMiscId`=5977 AND `AreaTriggerId`=10665); -- SpellId : 0
UPDATE `spell_areatrigger` SET `DecalPropertiesId`=0, `TimeToTarget`=0, `TimeToTargetScale`=0, `VerifiedBuild`=22908 WHERE (`SpellMiscId`=5977 AND `AreaTriggerId`=10665); -- SpellId : 0
UPDATE `spell_areatrigger` SET `DecalPropertiesId`=0, `TimeToTarget`=0, `TimeToTargetScale`=0, `VerifiedBuild`=22908 WHERE (`SpellMiscId`=5977 AND `AreaTriggerId`=10665); -- SpellId : 0
UPDATE `spell_areatrigger` SET `DecalPropertiesId`=0, `TimeToTarget`=0, `TimeToTargetScale`=0, `VerifiedBuild`=22908 WHERE (`SpellMiscId`=6711 AND `AreaTriggerId`=10693); -- SpellId : 0
UPDATE `spell_areatrigger` SET `DecalPropertiesId`=0, `TimeToTarget`=0, `TimeToTargetScale`=2000, `VerifiedBuild`=22908 WHERE (`SpellMiscId`=6039 AND `AreaTriggerId`=10727); -- SpellId : 0
UPDATE `spell_areatrigger` SET `DecalPropertiesId`=0, `TimeToTarget`=0, `TimeToTargetScale`=0, `VerifiedBuild`=22908 WHERE (`SpellMiscId`=5977 AND `AreaTriggerId`=10665); -- SpellId : 0
UPDATE `spell_areatrigger` SET `DecalPropertiesId`=0, `TimeToTarget`=0, `TimeToTargetScale`=0, `VerifiedBuild`=22908 WHERE (`SpellMiscId`=5977 AND `AreaTriggerId`=10665); -- SpellId : 0
UPDATE `spell_areatrigger` SET `DecalPropertiesId`=0, `TimeToTarget`=0, `TimeToTargetScale`=0, `VerifiedBuild`=22908 WHERE (`SpellMiscId`=5977 AND `AreaTriggerId`=10665); -- SpellId : 0
UPDATE `spell_areatrigger` SET `DecalPropertiesId`=0, `TimeToTarget`=0, `TimeToTargetScale`=0, `VerifiedBuild`=22908 WHERE (`SpellMiscId`=5977 AND `AreaTriggerId`=10665); -- SpellId : 0
UPDATE `spell_areatrigger` SET `DecalPropertiesId`=0, `TimeToTarget`=0, `TimeToTargetScale`=0, `VerifiedBuild`=22908 WHERE (`SpellMiscId`=5977 AND `AreaTriggerId`=10665); -- SpellId : 0
UPDATE `spell_areatrigger` SET `DecalPropertiesId`=0, `TimeToTarget`=0, `TimeToTargetScale`=7958, `VerifiedBuild`=22908 WHERE (`SpellMiscId`=4488 AND `AreaTriggerId`=9228); -- SpellId : 0
UPDATE `spell_areatrigger` SET `DecalPropertiesId`=0, `TimeToTarget`=0, `TimeToTargetScale`=0, `VerifiedBuild`=22908 WHERE (`SpellMiscId`=5977 AND `AreaTriggerId`=10665); -- SpellId : 0
UPDATE `spell_areatrigger` SET `DecalPropertiesId`=0, `TimeToTarget`=0, `TimeToTargetScale`=0, `VerifiedBuild`=22908 WHERE (`SpellMiscId`=5977 AND `AreaTriggerId`=10665); -- SpellId : 0
UPDATE `spell_areatrigger` SET `DecalPropertiesId`=0, `TimeToTarget`=0, `TimeToTargetScale`=0, `VerifiedBuild`=22908 WHERE (`SpellMiscId`=5977 AND `AreaTriggerId`=10665); -- SpellId : 0
UPDATE `spell_areatrigger` SET `DecalPropertiesId`=0, `TimeToTarget`=0, `TimeToTargetScale`=0, `VerifiedBuild`=22908 WHERE (`SpellMiscId`=5977 AND `AreaTriggerId`=10665); -- SpellId : 0
UPDATE `spell_areatrigger` SET `DecalPropertiesId`=0, `TimeToTarget`=0, `TimeToTargetScale`=0, `VerifiedBuild`=22908 WHERE (`SpellMiscId`=5977 AND `AreaTriggerId`=10665); -- SpellId : 0
UPDATE `spell_areatrigger` SET `DecalPropertiesId`=0, `TimeToTarget`=0, `TimeToTargetScale`=0, `VerifiedBuild`=22908 WHERE (`SpellMiscId`=5977 AND `AreaTriggerId`=10665); -- SpellId : 0
UPDATE `spell_areatrigger` SET `DecalPropertiesId`=0, `TimeToTarget`=0, `TimeToTargetScale`=0, `VerifiedBuild`=22908 WHERE (`SpellMiscId`=5977 AND `AreaTriggerId`=10665); -- SpellId : 0
UPDATE `spell_areatrigger` SET `DecalPropertiesId`=0, `TimeToTarget`=0, `TimeToTargetScale`=0, `VerifiedBuild`=22908 WHERE (`SpellMiscId`=5977 AND `AreaTriggerId`=10665); -- SpellId : 0
UPDATE `spell_areatrigger` SET `DecalPropertiesId`=0, `TimeToTarget`=0, `TimeToTargetScale`=0, `VerifiedBuild`=22908 WHERE (`SpellMiscId`=5977 AND `AreaTriggerId`=10665); -- SpellId : 0
UPDATE `spell_areatrigger` SET `DecalPropertiesId`=0, `TimeToTarget`=0, `TimeToTargetScale`=0, `VerifiedBuild`=22908 WHERE (`SpellMiscId`=5977 AND `AreaTriggerId`=10665); -- SpellId : 0
UPDATE `spell_areatrigger` SET `DecalPropertiesId`=0, `TimeToTarget`=0, `TimeToTargetScale`=0, `VerifiedBuild`=22908 WHERE (`SpellMiscId`=5977 AND `AreaTriggerId`=10665); -- SpellId : 0
UPDATE `spell_areatrigger` SET `DecalPropertiesId`=0, `TimeToTarget`=0, `TimeToTargetScale`=2000, `VerifiedBuild`=22908 WHERE (`SpellMiscId`=6039 AND `AreaTriggerId`=10727); -- SpellId : 0
UPDATE `spell_areatrigger` SET `DecalPropertiesId`=0, `TimeToTarget`=0, `TimeToTargetScale`=0, `VerifiedBuild`=22908 WHERE (`SpellMiscId`=5977 AND `AreaTriggerId`=10665); -- SpellId : 0
UPDATE `spell_areatrigger` SET `DecalPropertiesId`=0, `TimeToTarget`=0, `TimeToTargetScale`=0, `VerifiedBuild`=22908 WHERE (`SpellMiscId`=6710 AND `AreaTriggerId`=11266); -- SpellId : 0
UPDATE `spell_areatrigger` SET `DecalPropertiesId`=0, `TimeToTarget`=0, `TimeToTargetScale`=0, `VerifiedBuild`=22908 WHERE (`SpellMiscId`=5977 AND `AreaTriggerId`=10665); -- SpellId : 0
UPDATE `spell_areatrigger` SET `DecalPropertiesId`=0, `TimeToTarget`=0, `TimeToTargetScale`=0, `VerifiedBuild`=22908 WHERE (`SpellMiscId`=5977 AND `AreaTriggerId`=10665); -- SpellId : 0
UPDATE `spell_areatrigger` SET `DecalPropertiesId`=0, `TimeToTarget`=0, `TimeToTargetScale`=0, `VerifiedBuild`=22908 WHERE (`SpellMiscId`=5977 AND `AreaTriggerId`=10665); -- SpellId : 0
UPDATE `spell_areatrigger` SET `DecalPropertiesId`=0, `TimeToTarget`=0, `TimeToTargetScale`=0, `VerifiedBuild`=22908 WHERE (`SpellMiscId`=5977 AND `AreaTriggerId`=10665); -- SpellId : 0
UPDATE `spell_areatrigger` SET `DecalPropertiesId`=0, `TimeToTarget`=0, `TimeToTargetScale`=0, `VerifiedBuild`=22908 WHERE (`SpellMiscId`=383 AND `AreaTriggerId`=3319); -- SpellId : 0
UPDATE `spell_areatrigger` SET `DecalPropertiesId`=0, `TimeToTarget`=0, `TimeToTargetScale`=0, `VerifiedBuild`=22908 WHERE (`SpellMiscId`=5977 AND `AreaTriggerId`=10665); -- SpellId : 0
UPDATE `spell_areatrigger` SET `DecalPropertiesId`=0, `TimeToTarget`=0, `TimeToTargetScale`=0, `VerifiedBuild`=22908 WHERE (`SpellMiscId`=5977 AND `AreaTriggerId`=10665); -- SpellId : 0
UPDATE `spell_areatrigger` SET `DecalPropertiesId`=0, `TimeToTarget`=0, `TimeToTargetScale`=0, `VerifiedBuild`=22908 WHERE (`SpellMiscId`=5977 AND `AreaTriggerId`=10665); -- SpellId : 0
UPDATE `spell_areatrigger` SET `DecalPropertiesId`=0, `TimeToTarget`=0, `TimeToTargetScale`=0, `VerifiedBuild`=22908 WHERE (`SpellMiscId`=5977 AND `AreaTriggerId`=10665); -- SpellId : 0
UPDATE `spell_areatrigger` SET `DecalPropertiesId`=0, `TimeToTarget`=0, `TimeToTargetScale`=0, `VerifiedBuild`=22908 WHERE (`SpellMiscId`=5977 AND `AreaTriggerId`=10665); -- SpellId : 0
UPDATE `spell_areatrigger` SET `DecalPropertiesId`=0, `TimeToTarget`=0, `TimeToTargetScale`=0, `VerifiedBuild`=22908 WHERE (`SpellMiscId`=5977 AND `AreaTriggerId`=10665); -- SpellId : 0
UPDATE `spell_areatrigger` SET `DecalPropertiesId`=0, `TimeToTarget`=0, `TimeToTargetScale`=0, `VerifiedBuild`=22908 WHERE (`SpellMiscId`=5977 AND `AreaTriggerId`=10665); -- SpellId : 0
UPDATE `spell_areatrigger` SET `DecalPropertiesId`=0, `TimeToTarget`=0, `TimeToTargetScale`=2000, `VerifiedBuild`=22908 WHERE (`SpellMiscId`=6039 AND `AreaTriggerId`=10727); -- SpellId : 0
UPDATE `spell_areatrigger` SET `DecalPropertiesId`=0, `TimeToTarget`=0, `TimeToTargetScale`=0, `VerifiedBuild`=22908 WHERE (`SpellMiscId`=5977 AND `AreaTriggerId`=10665); -- SpellId : 0
UPDATE `spell_areatrigger` SET `DecalPropertiesId`=0, `TimeToTarget`=0, `TimeToTargetScale`=0, `VerifiedBuild`=22908 WHERE (`SpellMiscId`=5977 AND `AreaTriggerId`=10665); -- SpellId : 0
UPDATE `spell_areatrigger` SET `DecalPropertiesId`=0, `TimeToTarget`=0, `TimeToTargetScale`=0, `VerifiedBuild`=22908 WHERE (`SpellMiscId`=6711 AND `AreaTriggerId`=10693); -- SpellId : 0
UPDATE `spell_areatrigger` SET `DecalPropertiesId`=0, `TimeToTarget`=0, `TimeToTargetScale`=0, `VerifiedBuild`=22908 WHERE (`SpellMiscId`=5977 AND `AreaTriggerId`=10665); -- SpellId : 0
UPDATE `spell_areatrigger` SET `DecalPropertiesId`=0, `TimeToTarget`=0, `TimeToTargetScale`=0, `VerifiedBuild`=22908 WHERE (`SpellMiscId`=5977 AND `AreaTriggerId`=10665); -- SpellId : 0
UPDATE `spell_areatrigger` SET `DecalPropertiesId`=0, `TimeToTarget`=0, `TimeToTargetScale`=0, `VerifiedBuild`=22908 WHERE (`SpellMiscId`=6711 AND `AreaTriggerId`=10693); -- SpellId : 0
UPDATE `spell_areatrigger` SET `DecalPropertiesId`=0, `TimeToTarget`=0, `TimeToTargetScale`=0, `VerifiedBuild`=22908 WHERE (`SpellMiscId`=5977 AND `AreaTriggerId`=10665); -- SpellId : 0
UPDATE `spell_areatrigger` SET `DecalPropertiesId`=0, `TimeToTarget`=0, `TimeToTargetScale`=2000, `VerifiedBuild`=22908 WHERE (`SpellMiscId`=6039 AND `AreaTriggerId`=10727); -- SpellId : 0
UPDATE `spell_areatrigger` SET `DecalPropertiesId`=0, `TimeToTarget`=0, `TimeToTargetScale`=7958, `VerifiedBuild`=22908 WHERE (`SpellMiscId`=4488 AND `AreaTriggerId`=9228); -- SpellId : 0
UPDATE `spell_areatrigger` SET `DecalPropertiesId`=0, `TimeToTarget`=0, `TimeToTargetScale`=0, `VerifiedBuild`=22908 WHERE (`SpellMiscId`=5977 AND `AreaTriggerId`=10665); -- SpellId : 0
UPDATE `spell_areatrigger` SET `DecalPropertiesId`=0, `TimeToTarget`=0, `TimeToTargetScale`=0, `VerifiedBuild`=22908 WHERE (`SpellMiscId`=5977 AND `AreaTriggerId`=10665); -- SpellId : 0
UPDATE `spell_areatrigger` SET `DecalPropertiesId`=0, `TimeToTarget`=0, `TimeToTargetScale`=0, `VerifiedBuild`=22908 WHERE (`SpellMiscId`=5977 AND `AreaTriggerId`=10665); -- SpellId : 0

DELETE FROM `gameobject_template_addon` WHERE `entry` IN (246430 /*Millificent's Discarded Lockbox*/, 249733 /*Plasmatic Laser Bolt*/, 247385 /*Cell*/, 246990 /*Cell*/, 247544 /*Doodad_7DU_VioletHold_trapdoor001*/, 247005 /*Prison Barrier*/, 247000 /*Cell*/, 246996 /*Cell*/, 246998 /*Cell*/, 246992 /*Cell*/, 246993 /*Cell*/, 246994 /*Cell*/, 247002 /*Prison Seal*/, 246997 /*Cell*/, 246999 /*Cell*/, 246995 /*Cell*/);
INSERT INTO `gameobject_template_addon` (`entry`, `faction`, `flags`) VALUES
(246430, 94, 16416), -- Millificent's Discarded Lockbox
(249733, 0, 4), -- Plasmatic Laser Bolt
(247385, 114, 32), -- Cell
(246990, 114, 32), -- Cell
(247544, 114, 0), -- Doodad_7DU_VioletHold_trapdoor001
(247005, 0, 32), -- Prison Barrier
(247000, 114, 32), -- Cell
(246996, 114, 32), -- Cell
(246998, 114, 32), -- Cell
(246992, 114, 32), -- Cell
(246993, 114, 32), -- Cell
(246994, 114, 32), -- Cell
(247002, 1375, 34), -- Prison Seal
(246997, 114, 32), -- Cell
(246999, 114, 32), -- Cell
(246995, 114, 32); -- Cell

UPDATE `gameobject_template_addon` SET `flags`=32 WHERE `entry`=193611; -- Activation Crystal

DELETE FROM `creature` WHERE `guid` BETWEEN @CGUID+0 AND @CGUID+149;
INSERT INTO `creature` (`guid`, `id`, `map`, `zoneId`, `areaId`, `spawnMask`, `PhaseId`, `PhaseGroup`, `modelid`, `equipment_id`, `position_x`, `position_y`, `position_z`, `orientation`, `spawntimesecs`, `spawndist`, `currentwaypoint`, `curhealth`, `curmana`, `MovementType`, `npcflag`, `unit_flags`, `dynamicflags`, `VerifiedBuild`) VALUES
(@CGUID+0, 102272, 1544, 7996, 7996, 8388614, '0', 0, 0, 0, 4604.608, 3994.34, 78.03719, 2.391101, 7200, 0, 0, 0, 0, 0, 0, 0, 0, 22908), -- Felguard Destroyer (Area: Le fort Pourpre - Difficulty: Normal) (Auras: 29266 - Feindre la mort permanent)
(@CGUID+1, 92879, 1544, 7996, 7996, 8388614, '0', 0, 0, 0, 4584.663, 4025.527, 91.01959, 4.662285, 7200, 0, 0, 0, 0, 0, 0, 0, 0, 22908), -- SLG Generic Stalker (Gigantic AOI) (Area: Le fort Pourpre - Difficulty: Normal)
(@CGUID+2, 92879, 1544, 7996, 7996, 8388614, '0', 0, 0, 0, 4596.075, 4015.254, 92.01548, 4.662285, 7200, 0, 0, 0, 0, 0, 0, 0, 0, 22908), -- SLG Generic Stalker (Gigantic AOI) (Area: Le fort Pourpre - Difficulty: Normal)
(@CGUID+3, 53488, 1544, 7996, 7996, 8388614, '0', 0, 0, 0, 4561.284, 4013.854, 83.75523, 0, 7200, 0, 0, 0, 0, 0, 0, 0, 0, 22908), -- Summon Enabler Stalker (Area: Le fort Pourpre - Difficulty: Normal) (Auras: 99201 - Summon Enabler)
(@CGUID+4, 102272, 1544, 7996, 7996, 8388614, '0', 0, 0, 0, 4601.624, 4033.984, 78.03722, 2.356194, 7200, 0, 0, 0, 0, 0, 0, 0, 0, 22908), -- Felguard Destroyer (Area: Le fort Pourpre - Difficulty: Normal) (Auras: 29266 - Feindre la mort permanent)
(@CGUID+5, 102269, 1544, 7996, 7996, 8388614, '0', 0, 0, 0, 4609.905, 4030.738, 78.03674, 4.08407, 7200, 0, 0, 0, 0, 0, 0, 0, 0, 22908), -- Felstalker Ravener (Area: Le fort Pourpre - Difficulty: Normal) (Auras: 29266 - Feindre la mort permanent)
(@CGUID+6, 53488, 1544, 7996, 7996, 8388614, '0', 0, 0, 0, 4586.456, 4015.295, 83.55151, 0, 7200, 0, 0, 0, 0, 0, 0, 0, 0, 22908), -- Summon Enabler Stalker (Area: Le fort Pourpre - Difficulty: Normal) (Auras: 99201 - Summon Enabler)
(@CGUID+7, 92879, 1544, 7996, 7996, 8388614, '0', 0, 0, 0, 4584.236, 4003.269, 91.01959, 4.662285, 7200, 0, 0, 0, 0, 0, 0, 0, 0, 22908), -- SLG Generic Stalker (Gigantic AOI) (Area: Le fort Pourpre - Difficulty: Normal)
(@CGUID+8, 102279, 1544, 7996, 7996, 8388614, '0', 0, 0, 0, 4653.471, 4041.606, 78.08148, 3.560472, 7200, 0, 0, 0, 0, 0, 0, 0, 0, 22908), -- Teleportation Portal (Area: Le fort Pourpre - Difficulty: Normal) (Auras: )
(@CGUID+9, 92879, 1544, 7996, 7996, 8388614, '0', 0, 0, 0, 4638.592, 3961.345, 95.35567, 0, 7200, 0, 0, 0, 0, 0, 0, 0, 0, 22908), -- SLG Generic Stalker (Gigantic AOI) (Area: Le fort Pourpre - Difficulty: Normal)
(@CGUID+10, 4075, 1544, 7996, 7996, 8388614, '0', 0, 0, 0, 4671.846, 4048.379, 86.58946, 1.662705, 7200, 0, 0, 0, 0, 0, 0, 0, 0, 22908), -- Rat (Area: Le fort Pourpre - Difficulty: Normal)
(@CGUID+11, 30857, 1544, 7996, 7996, 8388614, '0', 0, 0, 0, 4590.297, 4022.577, 83.46928, 3.189458, 7200, 10, 0, 0, 0, 1, 0, 0, 0, 22908), -- Defense Dummy Target (Area: Le fort Pourpre - Difficulty: Normal) (possible waypoints or random movement)
(@CGUID+12, 102431, 1544, 7996, 7996, 8388614, '0', 0, 0, 0, 4616.372, 4082.219, 82.72073, 4.981614, 7200, 0, 0, 0, 0, 0, 0, 0, 0, 22908), -- Blood-Princess Thal'ena (Area: Le fort Pourpre - Difficulty: Normal)
(@CGUID+13, 92879, 1544, 7996, 7996, 8388614, '0', 0, 0, 0, 4673.434, 4046.756, 95.06452, 4.662285, 7200, 0, 0, 0, 0, 0, 0, 0, 0, 22908), -- SLG Generic Stalker (Gigantic AOI) (Area: Le fort Pourpre - Difficulty: Normal)
(@CGUID+14, 104529, 1544, 7996, 7996, 8388614, '0', 0, 0, 0, 4667.385, 4050.753, 78.16601, 3.988004, 7200, 0, 0, 0, 0, 0, 0, 0, 0, 22908), -- Lyndras (Area: Le fort Pourpre - Difficulty: Normal)
(@CGUID+15, 102281, 1544, 7996, 7996, 8388614, '0', 0, 0, 0, 4663.585, 4014.958, 82.72407, 3.01942, 7200, 0, 0, 0, 0, 0, 0, 0, 0, 22908), -- Teleportation Portal (Area: Le fort Pourpre - Difficulty: Normal) (Auras: )
(@CGUID+16, 102489, 1544, 7996, 7996, 8388614, '0', 0, 0, 0, 4602.696, 3990.91, 136.3367, 0, 7200, 0, 0, 0, 0, 0, 0, 0, 0, 22908), -- Web Invisible Stalker (Area: Le fort Pourpre - Difficulty: Normal) (Auras: )
(@CGUID+17, 102671, 1544, 7996, 7996, 8388614, '0', 0, 0, 0, 4603.712, 3955.961, 90.77977, 5.926001, 7200, 10, 0, 0, 0, 1, 0, 0, 0, 22908), -- Prison Cell (Area: Le fort Pourpre - Difficulty: Normal) (possible waypoints or random movement)
(@CGUID+18, 30659, 1544, 7996, 7996, 8388614, '0', 0, 0, 0, 4592.483, 4021.945, 83.45076, 4.363323, 7200, 0, 0, 0, 0, 0, 0, 0, 0, 22908), -- Violet Hold Guard (Area: Le fort Pourpre - Difficulty: Normal) (Auras: 29266 - Feindre la mort permanent)
(@CGUID+19, 92879, 1544, 7996, 7996, 8388614, '0', 0, 0, 0, 4675.495, 4010.005, 96.41754, 4.662285, 7200, 0, 0, 0, 0, 0, 0, 0, 0, 22908), -- SLG Generic Stalker (Gigantic AOI) (Area: Le fort Pourpre - Difficulty: Normal)
(@CGUID+20, 30659, 1544, 7996, 7996, 8388614, '0', 0, 0, 0, 4591.532, 4002.099, 83.45535, 3.735005, 7200, 0, 0, 0, 0, 0, 0, 0, 0, 22908), -- Violet Hold Guard (Area: Le fort Pourpre - Difficulty: Normal) (Auras: 29266 - Feindre la mort permanent)
(@CGUID+21, 102279, 1544, 7996, 7996, 8388614, '0', 0, 0, 0, 4604.432, 3980.733, 78.04087, 0.9075712, 7200, 0, 0, 0, 0, 0, 0, 0, 0, 22908), -- Teleportation Portal (Area: Le fort Pourpre - Difficulty: Normal)
(@CGUID+22, 92879, 1544, 7996, 7996, 8388614, '0', 0, 0, 0, 4645.153, 4066.198, 95.06452, 4.662285, 7200, 0, 0, 0, 0, 0, 0, 0, 0, 22908), -- SLG Generic Stalker (Gigantic AOI) (Area: Le fort Pourpre - Difficulty: Normal)
(@CGUID+23, 4075, 1544, 7996, 7996, 8388614, '0', 0, 0, 0, 4669.858, 4052.943, 78.20415, 5.429735, 7200, 0, 0, 0, 0, 0, 0, 0, 0, 22908), -- Rat (Area: Le fort Pourpre - Difficulty: Normal)
(@CGUID+24, 14881, 1544, 7996, 7996, 8388614, '0', 0, 0, 0, 4581.566, 4043.838, 83.4017, 3.649173, 7200, 10, 0, 0, 0, 1, 0, 0, 0, 22908), -- Spider (Area: Le fort Pourpre - Difficulty: Normal) (possible waypoints or random movement)
(@CGUID+25, 102246, 1544, 7996, 7996, 8388614, '0', 0, 0, 0, 4693.139, 3957.834, 70.25357, 2.367904, 7200, 0, 0, 0, 0, 0, 0, 0, 0, 22908), -- Anub'esset (Area: Le fort Pourpre - Difficulty: Normal)
(@CGUID+26, 30896, 1544, 7996, 7996, 8388614, '0', 0, 0, 0, 4568.704, 4015.267, 91.49594, 0, 7200, 0, 0, 0, 0, 0, 0, 0, 0, 22908), -- Prison Door Seal (Area: Le fort Pourpre - Difficulty: Normal)
(@CGUID+27, 102281, 1544, 7996, 7996, 8388614, '0', 0, 0, 0, 4667.052, 3981.968, 70.01569, 2.251475, 7200, 0, 0, 0, 0, 0, 0, 0, 0, 22908), -- Teleportation Portal (Area: Le fort Pourpre - Difficulty: Normal) (Auras: )
(@CGUID+28, 102489, 1544, 7996, 7996, 8388614, '0', 0, 0, 0, 4647.466, 4045.39, 134.9366, 0, 7200, 0, 0, 0, 0, 0, 0, 0, 0, 22908), -- Web Invisible Stalker (Area: Le fort Pourpre - Difficulty: Normal) (Auras: )
(@CGUID+29, 102671, 1544, 7996, 7996, 8388614, '0', 0, 0, 0, 4650.47, 4057.215, 82.09309, 2.546821, 7200, 10, 0, 0, 0, 1, 0, 0, 0, 22908), -- Prison Cell (Area: Le fort Pourpre - Difficulty: Normal) (Auras: ) (possible waypoints or random movement)
(@CGUID+30, 30857, 1544, 7996, 7996, 8388614, '0', 0, 0, 0, 4631.182, 4023.193, 77.98946, 3.506923, 7200, 0, 0, 0, 0, 0, 0, 0, 0, 22908), -- Defense Dummy Target (Area: Le fort Pourpre - Difficulty: Normal)
(@CGUID+31, 102279, 1544, 7996, 7996, 8388614, '0', 0, 0, 0, 4682.276, 4013.682, 91.80927, 3.054326, 7200, 0, 0, 0, 0, 0, 0, 0, 0, 22908), -- Teleportation Portal (Area: Le fort Pourpre - Difficulty: Normal) (Auras: )
(@CGUID+32, 92879, 1544, 7996, 7996, 8388614, '0', 0, 0, 0, 4621.818, 4060.188, 91.01959, 4.662285, 7200, 0, 0, 0, 0, 0, 0, 0, 0, 22908), -- SLG Generic Stalker (Gigantic AOI) (Area: Le fort Pourpre - Difficulty: Normal)
(@CGUID+33, 30857, 1544, 7996, 7996, 8388614, '0', 0, 0, 0, 4673.802, 4035.423, 62.52332, 5.374276, 7200, 0, 0, 0, 0, 0, 0, 0, 0, 22908), -- Defense Dummy Target (Area: Le fort Pourpre - Difficulty: Normal)
(@CGUID+34, 102336, 1544, 7996, 7996, 8388614, '0', 0, 0, 0, 4636.633, 3964.019, 86.98946, 0, 7200, 0, 0, 0, 0, 0, 0, 0, 0, 22908), -- Portal Keeper (Area: Le fort Pourpre - Difficulty: Normal) (Auras: )
(@CGUID+35, 32204, 1544, 7996, 7996, 8388614, '0', 0, 0, 0, 4673.905, 4011.445, 91.80089, 5.009095, 7200, 0, 0, 0, 0, 0, 0, 0, 0, 22908), -- Lieutenant Sinclari (Area: Le fort Pourpre - Difficulty: Normal)
(@CGUID+36, 102671, 1544, 7996, 7996, 8388614, '0', 0, 0, 0, 4622.505, 4081.072, 85.07603, 3.026622, 7200, 10, 0, 0, 0, 1, 0, 0, 0, 22908), -- Prison Cell (Area: Le fort Pourpre - Difficulty: Normal) (possible waypoints or random movement)
(@CGUID+37, 92879, 1544, 7996, 7996, 8388614, '0', 0, 0, 0, 4682.45, 3993.685, 97.45294, 4.662285, 7200, 0, 0, 0, 0, 0, 0, 0, 0, 22908), -- SLG Generic Stalker (Gigantic AOI) (Area: Le fort Pourpre - Difficulty: Normal)
(@CGUID+38, 30883, 1544, 7996, 7996, 8388614, '0', 0, 0, 0, 4602.01, 4015.852, 83.39333, 2.111848, 7200, 0, 0, 0, 0, 0, 0, 0, 0, 22908), -- Dalaran Prison Event Controller (Area: Le fort Pourpre - Difficulty: Normal)
(@CGUID+39, 92879, 1544, 7996, 7996, 8388614, '0', 0, 0, 0, 4677.802, 4030.208, 97.45294, 4.662285, 7200, 0, 0, 0, 0, 0, 0, 0, 0, 22908), -- SLG Generic Stalker (Gigantic AOI) (Area: Le fort Pourpre - Difficulty: Normal)
(@CGUID+40, 102281, 1544, 7996, 7996, 8388614, '0', 0, 0, 0, 4667.371, 4058.247, 86.53987, 3.961897, 7200, 0, 0, 0, 0, 0, 0, 0, 0, 22908), -- Teleportation Portal (Area: Le fort Pourpre - Difficulty: Normal) (Auras: )
(@CGUID+41, 102489, 1544, 7996, 7996, 8388614, '0', 0, 0, 0, 4638.429, 3989.896, 135.4737, 0, 7200, 0, 0, 0, 0, 0, 0, 0, 0, 22908), -- Web Invisible Stalker (Area: Le fort Pourpre - Difficulty: Normal) (Auras: )
(@CGUID+42, 92879, 1544, 7996, 7996, 8388614, '0', 0, 0, 0, 4632.609, 4070.142, 91.01959, 4.662285, 7200, 0, 0, 0, 0, 0, 0, 0, 0, 22908), -- SLG Generic Stalker (Gigantic AOI) (Area: Le fort Pourpre - Difficulty: Normal)
(@CGUID+43, 30857, 1544, 7996, 7996, 8388614, '0', 0, 0, 0, 4653.289, 4016.936, 77.98946, 5.240756, 7200, 0, 0, 0, 0, 0, 0, 0, 0, 22908), -- Defense Dummy Target (Area: Le fort Pourpre - Difficulty: Normal)
(@CGUID+44, 102279, 1544, 7996, 7996, 8388614, '0', 0, 0, 0, 4636.862, 3963.915, 87.0574, 1.675516, 7200, 0, 0, 0, 0, 0, 0, 0, 0, 22908), -- Teleportation Portal (Area: Le fort Pourpre - Difficulty: Normal) (Auras: )
(@CGUID+45, 101951, 1544, 7996, 7996, 8388614, '0', 0, 0, 0, 4584.247, 3953.359, 78.05457, 0.8674789, 7200, 0, 0, 0, 0, 0, 0, 0, 0, 22908), -- Shivermaw (Area: Le fort Pourpre - Difficulty: Normal)
(@CGUID+46, 30857, 1544, 7996, 7996, 8388614, '0', 0, 0, 0, 4604.186, 3979.365, 77.98951, 3.133682, 7200, 10, 0, 0, 0, 1, 0, 0, 0, 22908), -- Defense Dummy Target (Area: Le fort Pourpre - Difficulty: Normal) (possible waypoints or random movement)
(@CGUID+47, 101950, 1544, 7996, 7996, 8388614, '0', 0, 0, 0, 4639.027, 3933.319, 87.0574, 1.611537, 7200, 0, 0, 0, 0, 0, 0, 0, 0, 22908), -- Mindflayer Kaahrj (Area: Le fort Pourpre - Difficulty: Normal) (Auras: )
(@CGUID+48, 102279, 1544, 7996, 7996, 8388614, '0', 0, 0, 0, 4623.706, 4060.674, 82.72407, 4.34587, 7200, 0, 0, 0, 0, 0, 0, 0, 0, 22908), -- Teleportation Portal (Area: Le fort Pourpre - Difficulty: Normal) (Auras: )
(@CGUID+49, 92879, 1544, 7996, 7996, 8388614, '0', 0, 0, 0, 4602.741, 4062.913, 91.01959, 4.662285, 7200, 0, 0, 0, 0, 0, 0, 0, 0, 22908), -- SLG Generic Stalker (Gigantic AOI) (Area: Le fort Pourpre - Difficulty: Normal)
(@CGUID+50, 14881, 1544, 7996, 7996, 8388614, '0', 0, 0, 0, 4581.858, 3997.505, 83.63433, 2.622595, 7200, 10, 0, 0, 0, 1, 0, 0, 0, 22908), -- Spider (Area: Le fort Pourpre - Difficulty: Normal) (possible waypoints or random movement)
(@CGUID+51, 102671, 1544, 7996, 7996, 8388614, '0', 0, 0, 0, 4648.494, 3946.295, 114.2377, 0.3978513, 7200, 10, 0, 0, 0, 1, 0, 0, 0, 22908), -- Prison Cell (Area: Le fort Pourpre - Difficulty: Normal) (Auras: ) (possible waypoints or random movement)
(@CGUID+52, 30659, 1544, 7996, 7996, 8388614, '0', 0, 0, 0, 4599.858, 3993.451, 78.03719, 2.408554, 7200, 0, 0, 0, 0, 0, 0, 0, 0, 22908), -- Violet Hold Guard (Area: Le fort Pourpre - Difficulty: Normal) (Auras: 29266 - Feindre la mort permanent)
(@CGUID+53, 101995, 1544, 7996, 7996, 8388614, '0', 0, 0, 0, 4682.177, 4076.764, 86.59469, 4.129472, 7200, 0, 0, 0, 0, 0, 0, 0, 0, 22908), -- Festerface (Area: Le fort Pourpre - Difficulty: Normal)
(@CGUID+54, 92879, 1544, 7996, 7996, 8388614, '0', 0, 0, 0, 4621.818, 4060.188, 91.01959, 4.662285, 7200, 0, 0, 0, 0, 0, 0, 0, 0, 22908), -- SLG Generic Stalker (Gigantic AOI) (Area: Le fort Pourpre - Difficulty: Normal)
(@CGUID+55, 30857, 1544, 7996, 7996, 8388614, '0', 0, 0, 0, 4622.229, 3995.177, 78.06128, 4.78299, 7200, 0, 0, 0, 0, 0, 0, 0, 0, 22908), -- Defense Dummy Target (Area: Le fort Pourpre - Difficulty: Normal)
(@CGUID+56, 92879, 1544, 7996, 7996, 8388614, '0', 0, 0, 0, 4671.201, 3976.028, 97.45294, 4.662285, 7200, 0, 0, 0, 0, 0, 0, 0, 0, 22908), -- SLG Generic Stalker (Gigantic AOI) (Area: Le fort Pourpre - Difficulty: Normal)
(@CGUID+57, 2110, 1544, 7996, 7996, 8388614, '0', 0, 0, 0, 4585.855, 4052.558, 78.16112, 1.876923, 7200, 0, 0, 0, 0, 0, 0, 0, 0, 22908), -- Black Rat (Area: Le fort Pourpre - Difficulty: Normal)
(@CGUID+58, 30659, 1544, 7996, 7996, 8388614, '0', 0, 0, 0, 4600.183, 4010.105, 83.39924, 1.20843, 7200, 0, 0, 0, 0, 0, 0, 0, 0, 22908), -- Violet Hold Guard (Area: Le fort Pourpre - Difficulty: Normal) (Auras: 29266 - Feindre la mort permanent)
(@CGUID+59, 92879, 1544, 7996, 7996, 8388614, '0', 0, 0, 0, 4654.891, 3966.881, 97.45294, 4.662285, 7200, 0, 0, 0, 0, 0, 0, 0, 0, 22908), -- SLG Generic Stalker (Gigantic AOI) (Area: Le fort Pourpre - Difficulty: Normal)
(@CGUID+60, 30857, 1544, 7996, 7996, 8388614, '0', 0, 0, 0, 4603.574, 4041.533, 77.98946, 4.750174, 7200, 0, 0, 0, 0, 0, 0, 0, 0, 22908), -- Defense Dummy Target (Area: Le fort Pourpre - Difficulty: Normal)
(@CGUID+61, 102489, 1544, 7996, 7996, 8388614, '0', 0, 0, 0, 4602.29, 4045.39, 134.9366, 0, 7200, 0, 0, 0, 0, 0, 0, 0, 0, 22908), -- Web Invisible Stalker (Area: Le fort Pourpre - Difficulty: Normal) (Auras: )
(@CGUID+62, 102671, 1544, 7996, 7996, 8388614, '0', 0, 0, 0, 4674.517, 4063.799, 86.64097, 5.636847, 7200, 10, 0, 0, 0, 1, 0, 0, 0, 22908), -- Prison Cell (Area: Le fort Pourpre - Difficulty: Normal) (possible waypoints or random movement)
(@CGUID+63, 92879, 1544, 7996, 7996, 8388614, '0', 0, 0, 0, 4660.692, 4058.831, 95.06452, 4.662285, 7200, 0, 0, 0, 0, 0, 0, 0, 0, 22908), -- SLG Generic Stalker (Gigantic AOI) (Area: Le fort Pourpre - Difficulty: Normal)
(@CGUID+64, 101976, 1544, 7996, 7996, 8388614, '0', 0, 0, 0, 4652.854, 4057.385, 78.02722, 4.254159, 7200, 0, 0, 0, 0, 0, 0, 0, 0, 22908), -- Millificent Manastorm (Area: Le fort Pourpre - Difficulty: Normal)
(@CGUID+65, 30659, 1544, 7996, 7996, 8388614, '0', 0, 0, 0, 4614.963, 4024.398, 78.03641, 4.782202, 7200, 0, 0, 0, 0, 0, 0, 0, 0, 22908), -- Violet Hold Guard (Area: Le fort Pourpre - Difficulty: Normal) (Auras: 29266 - Feindre la mort permanent)
(@CGUID+66, 102369, 1544, 7996, 7996, 8388614, '0', 0, 0, 0, 4635.672, 3966.656, 86.98946, 1.980218, 7200, 0, 0, 0, 0, 0, 0, 0, 0, 22908), -- Felstalker Ravener (Area: Le fort Pourpre - Difficulty: Normal) (Auras: )
(@CGUID+67, 102671, 1544, 7996, 7996, 8388614, '0', 0, 0, 0, 4687.332, 3973.59, 76.5562, 0.680868, 7200, 10, 0, 0, 0, 1, 0, 0, 0, 22908), -- Prison Cell (Area: Le fort Pourpre - Difficulty: Normal) (possible waypoints or random movement)
(@CGUID+68, 30857, 1544, 7996, 7996, 8388614, '0', 0, 0, 0, 4638.451, 4041.749, 0.125, 4.683875, 7200, 10, 0, 0, 0, 1, 0, 0, 0, 22908), -- Defense Dummy Target (Area: Le fort Pourpre - Difficulty: Normal) (possible waypoints or random movement)
(@CGUID+69, 113610, 1544, 7996, 7996, 8388614, '0', 0, 0, 0, 4712.94, 3991.413, 91.75088, 1.553343, 7200, 0, 0, 0, 0, 0, 0, 0, 0, 22908), -- Lord Malgath (Area: Le fort Pourpre - Difficulty: Normal)
(@CGUID+70, 102620, 1544, 7996, 7996, 8388614, '0', 0, 0, 0, 4708.059, 4013.869, 91.75376, 3.013337, 7200, 0, 0, 0, 0, 0, 0, 0, 0, 22908), -- Taldath the Destroyer (Area: Le fort Pourpre - Difficulty: Normal)
(@CGUID+71, 4075, 1544, 7996, 7996, 8388614, '0', 0, 0, 0, 4671.874, 4017.283, 8.124825, 6.217677, 7200, 0, 0, 0, 0, 0, 0, 0, 0, 22908), -- Rat (Area: Le fort Pourpre - Difficulty: Normal)
(@CGUID+72, 102370, 1544, 7996, 7996, 8388614, '0', 0, 0, 0, 4635.672, 3966.656, 86.98946, 1.980218, 7200, 0, 0, 0, 0, 0, 0, 0, 0, 22908), -- Eredar Invader (Area: Le fort Pourpre - Difficulty: Normal) (Auras: )
(@CGUID+73, 102370, 1544, 7996, 7996, 8388614, '0', 0, 0, 0, 4635.669, 3966.664, 86.98946, 1.980218, 7200, 0, 0, 0, 0, 0, 0, 0, 0, 22908), -- Eredar Invader (Area: Le fort Pourpre - Difficulty: Normal) (Auras: )
(@CGUID+74, 102377, 1544, 7996, 7996, 8388614, '0', 0, 0, 0, 4636.862, 3963.915, 87.14074, 1.980218, 7200, 0, 0, 0, 0, 0, 0, 0, 0, 22908), -- Fel Inciter (Area: Le fort Pourpre - Difficulty: Normal) (Auras: )
(@CGUID+75, 102368, 1544, 7996, 7996, 8388614, '0', 0, 0, 0, 4635.818, 3966.321, 86.98946, 1.980218, 7200, 0, 0, 0, 0, 0, 0, 0, 0, 22908), -- Felguard Destroyer (Area: Le fort Pourpre - Difficulty: Normal) (Auras: )
(@CGUID+76, 102370, 1544, 7996, 7996, 8388614, '0', 0, 0, 0, 4635.712, 3966.563, 86.98946, 1.980218, 7200, 0, 0, 0, 0, 0, 0, 0, 0, 22908), -- Eredar Invader (Area: Le fort Pourpre - Difficulty: Normal) (Auras: )
(@CGUID+77, 102370, 1544, 7996, 7996, 8388614, '0', 0, 0, 0, 4635.706, 3966.579, 86.98946, 1.980218, 7200, 0, 0, 0, 0, 0, 0, 0, 0, 22908), -- Eredar Invader (Area: Le fort Pourpre - Difficulty: Normal) (Auras: )
(@CGUID+78, 14881, 1544, 7996, 7996, 8388614, '0', 0, 0, 0, 4717.055, 4034.438, 92.19527, 0.672776, 7200, 10, 0, 0, 0, 1, 0, 0, 0, 22908), -- Spider (Area: Le fort Pourpre - Difficulty: Normal) (possible waypoints or random movement)
(@CGUID+79, 102377, 1544, 7996, 7996, 8388614, '0', 0, 0, 0, 4636.862, 3963.915, 87.14074, 1.980218, 7200, 0, 0, 0, 0, 0, 0, 0, 0, 22908), -- Fel Inciter (Area: Le fort Pourpre - Difficulty: Normal) (Auras: )
(@CGUID+80, 102282, 1544, 7996, 7996, 8388614, '0', 0, 0, 0, 4633.552, 4013.568, 92.12376, 3.91895, 7200, 0, 0, 0, 0, 0, 0, 0, 0, 22908), -- Lord Malgath (Area: Le fort Pourpre - Difficulty: Normal) (Auras: 202311 - Bouclier gangren)
(@CGUID+81, 102279, 1544, 7996, 7996, 8388614, '0', 0, 0, 0, 4636.862, 3963.915, 87.0574, 1.675516, 7200, 0, 0, 0, 0, 0, 0, 0, 0, 22908), -- Teleportation Portal (Area: Le fort Pourpre - Difficulty: Normal) (Auras: )
(@CGUID+82, 30837, 1544, 7996, 7996, 8388614, '0', 0, 0, 0, 4634.463, 4013.835, 123.1774, 5.846853, 7200, 0, 0, 0, 0, 0, 0, 0, 0, 22908), -- Defense System (Area: Le fort Pourpre - Difficulty: Normal) (Auras: 57886 - Effet d'apparition de Systme de dfense)
(@CGUID+83, 102282, 1544, 7996, 7996, 8388614, '0', 0, 0, 0, 4632.935, 4012.4, 92.43427, 4.136198, 7200, 0, 0, 0, 0, 0, 0, 0, 0, 22908), -- Lord Malgath (Area: Le fort Pourpre - Difficulty: Normal) (Auras: 202311 - Bouclier gangren)
(@CGUID+84, 14881, 1544, 7996, 7996, 8388614, '0', 0, 0, 0, 4684.093, 4096.21, 86.78945, 2.108057, 7200, 10, 0, 0, 0, 1, 0, 0, 0, 22908), -- Spider (Area: Le fort Pourpre - Difficulty: Normal) (possible waypoints or random movement)
(@CGUID+85, 102282, 1544, 7996, 7996, 8388614, '0', 0, 0, 0, 4633.062, 4014.253, 92.49438, 1.248743, 7200, 0, 0, 0, 0, 0, 0, 0, 0, 22908), -- Lord Malgath (Area: Le fort Pourpre - Difficulty: Normal) (Auras: 202311 - Bouclier gangren)
(@CGUID+86, 30837, 1544, 7996, 7996, 8388614, '0', 0, 0, 0, 4634.463, 4013.835, 123.1774, 5.846853, 7200, 0, 0, 0, 0, 0, 0, 0, 0, 22908), -- Defense System (Area: Le fort Pourpre - Difficulty: Normal) (Auras: 57886 - Effet d'apparition de Systme de dfense)
(@CGUID+87, 102302, 1544, 7996, 7996, 8388614, '0', 0, 0, 0, 4634.896, 3961.985, 86.98946, 3.917926, 7200, 0, 0, 0, 0, 0, 0, 0, 0, 22908), -- Portal Keeper (Area: Le fort Pourpre - Difficulty: Normal) (Auras: )
(@CGUID+88, 102368, 1544, 7996, 7996, 8388614, '0', 0, 0, 0, 4635.753, 3966.47, 86.98946, 1.980218, 7200, 0, 0, 0, 0, 0, 0, 0, 0, 22908), -- Felguard Destroyer (Area: Le fort Pourpre - Difficulty: Normal) (Auras: )
(@CGUID+89, 102370, 1544, 7996, 7996, 8388614, '0', 0, 0, 0, 4635.568, 3966.896, 86.98947, 1.980218, 7200, 0, 0, 0, 0, 0, 0, 0, 0, 22908), -- Eredar Invader (Area: Le fort Pourpre - Difficulty: Normal) (Auras: )
(@CGUID+90, 102370, 1544, 7996, 7996, 8388614, '0', 0, 0, 0, 4635.565, 3966.904, 86.98947, 1.980218, 7200, 0, 0, 0, 0, 0, 0, 0, 0, 22908), -- Eredar Invader (Area: Le fort Pourpre - Difficulty: Normal) (Auras: )
(@CGUID+91, 102377, 1544, 7996, 7996, 8388614, '0', 0, 0, 0, 4635.82, 3966.315, 86.98946, 1.980218, 7200, 0, 0, 0, 0, 0, 0, 0, 0, 22908), -- Fel Inciter (Area: Le fort Pourpre - Difficulty: Normal) (Auras: )
(@CGUID+92, 102279, 1544, 7996, 7996, 8388614, '0', 0, 0, 0, 4636.862, 3963.915, 87.0574, 1.675516, 7200, 0, 0, 0, 0, 0, 0, 0, 0, 22908), -- Teleportation Portal (Area: Le fort Pourpre - Difficulty: Normal) (Auras: )
(@CGUID+93, 102282, 1544, 7996, 7996, 8388614, '0', 0, 0, 0, 4633.132, 4011.831, 93.07014, 4.485532, 7200, 0, 0, 0, 0, 0, 0, 0, 0, 22908), -- Lord Malgath (Area: Le fort Pourpre - Difficulty: Normal) (Auras: 202311 - Bouclier gangren)
(@CGUID+94, 102302, 1544, 7996, 7996, 8388614, '0', 0, 0, 0, 4655.94, 4042.43, 78.00106, 0.3219581, 7200, 0, 0, 0, 0, 0, 0, 0, 0, 22908), -- Portal Keeper (Area: Le fort Pourpre - Difficulty: Normal) (Auras: )
(@CGUID+95, 102369, 1544, 7996, 7996, 8388614, '0', 0, 0, 0, 4652.543, 4039.361, 78.46376, 4.677011, 7200, 0, 0, 0, 0, 0, 0, 0, 0, 22908), -- Felstalker Ravener (Area: Le fort Pourpre - Difficulty: Normal) (Auras: )
(@CGUID+96, 102370, 1544, 7996, 7996, 8388614, '0', 0, 0, 0, 4652.537, 4039.184, 78.46376, 4.677011, 7200, 0, 0, 0, 0, 0, 0, 0, 0, 22908), -- Eredar Invader (Area: Le fort Pourpre - Difficulty: Normal)
(@CGUID+97, 102370, 1544, 7996, 7996, 8388614, '0', 0, 0, 0, 4652.537, 4039.184, 78.46376, 4.677011, 7200, 0, 0, 0, 0, 0, 0, 0, 0, 22908), -- Eredar Invader (Area: Le fort Pourpre - Difficulty: Normal)
(@CGUID+98, 102380, 1544, 7996, 7996, 8388614, '0', 0, 0, 0, 4653.471, 4041.606, 78.16482, 3.596839, 7200, 0, 0, 0, 0, 0, 0, 0, 0, 22908), -- Shadow Council Warlock (Area: Le fort Pourpre - Difficulty: Normal) (Auras: )
(@CGUID+99, 102267, 1544, 7996, 7996, 8388614, '0', 0, 0, 0, 4632.733, 4013.696, 93.02142, 3.159046, 7200, 0, 0, 0, 0, 0, 0, 0, 0, 22908), -- Teleportation Portal (Intro) (Area: Le fort Pourpre - Difficulty: Normal)
(@CGUID+100, 102282, 1544, 7996, 7996, 8388614, '0', 0, 0, 0, 4632.436, 4013.57, 93.02143, 3.211406, 7200, 0, 0, 0, 0, 0, 0, 0, 0, 22908), -- Lord Malgath (Area: Le fort Pourpre - Difficulty: Normal) (Auras: 202311 - Bouclier gangren)
(@CGUID+101, 102279, 1544, 7996, 7996, 8388614, '0', 0, 0, 0, 4653.471, 4041.606, 78.08148, 3.560472, 7200, 0, 0, 0, 0, 0, 0, 0, 0, 22908), -- Teleportation Portal (Area: Le fort Pourpre - Difficulty: Normal)
(@CGUID+102, 111374, 1544, 7996, 7996, 8388614, '0', 0, 0, 0, 4633.128, 4014.205, 78.04999, 0, 7200, 0, 0, 0, 0, 0, 0, 0, 0, 22908), -- Xal'atath (Area: Le fort Pourpre - Difficulty: Normal)
(@CGUID+103, 102040, 1544, 7996, 7996, 8388614, '0', 0, 0, 0, 4627.719, 4058.392, 82.72406, 4.964176, 7200, 0, 0, 0, 0, 0, 0, 0, 0, 22908), -- Image de Milhouse Tempte-de-Mana (Area: Le fort Pourpre - Difficulty: Normal) (Auras: 201239 - Hologrammification)
-- (@CGUID+104, 102044, UNKNOWN, 7996, 7996, 8388614, '0', 0, 0, 0, 0.2920104, 0.001780279, 1.852106, 0, 7200, 0, 0, 0, 0, 0, 0, 0, 0, 22908), -- Mechanical Bomb Squirrel (Area: Le fort Pourpre - Difficulty: Normal) (Auras: 201243 - Bombe-cureuil en lmentium) - !!! on transport - transport template not found !!!
(@CGUID+105, 102282, 1544, 7996, 7996, 8388614, '0', 0, 0, 0, 4632.781, 4013.43, 92.47704, 4.600419, 7200, 0, 0, 0, 0, 0, 0, 0, 0, 22908), -- Lord Malgath (Area: Le fort Pourpre - Difficulty: Normal) (Auras: 202311 - Bouclier gangren)
(@CGUID+106, 102302, 1544, 7996, 7996, 8388614, '0', 0, 0, 0, 4682.276, 4013.682, 91.87563, 3.266696, 7200, 0, 0, 0, 0, 0, 0, 0, 0, 22908), -- Portal Keeper (Area: Le fort Pourpre - Difficulty: Normal)
(@CGUID+107, 102373, 1544, 7996, 7996, 8388614, '0', 0, 0, 0, 4680.615, 4015.215, 91.87732, 2.396227, 7200, 0, 0, 0, 0, 0, 0, 0, 0, 22908), -- Corrosive Felhound (Area: Le fort Pourpre - Difficulty: Normal) (Auras: 123169 - chelle: 105-110%)
(@CGUID+108, 102377, 1544, 7996, 7996, 8388614, '0', 0, 0, 0, 4681.702, 4011.329, 91.84148, 4.473264, 7200, 0, 0, 0, 0, 0, 0, 0, 0, 22908), -- Fel Inciter (Area: Le fort Pourpre - Difficulty: Normal) (Auras: )
(@CGUID+109, 102279, 1544, 7996, 7996, 8388614, '0', 0, 0, 0, 4682.276, 4013.682, 91.80927, 3.054326, 7200, 0, 0, 0, 0, 0, 0, 0, 0, 22908), -- Teleportation Portal (Area: Le fort Pourpre - Difficulty: Normal) (Auras: )
(@CGUID+110, 102282, 1544, 7996, 7996, 8388614, '0', 0, 0, 0, 4633.51, 4013.443, 91.83764, 4.369022, 7200, 0, 0, 0, 0, 0, 0, 0, 0, 22908), -- Lord Malgath (Area: Le fort Pourpre - Difficulty: Normal) (Auras: 202311 - Bouclier gangren)
(@CGUID+111, 102282, 1544, 7996, 7996, 8388614, '0', 0, 0, 0, 4632.778, 4013.445, 92.54708, 5.178827, 7200, 0, 0, 0, 0, 0, 0, 0, 0, 22908), -- Lord Malgath (Area: Le fort Pourpre - Difficulty: Normal) (Auras: 202311 - Bouclier gangren)
(@CGUID+112, 102335, 1544, 7996, 7996, 8388614, '0', 0, 0, 0, 4682.342, 4013.705, 91.87502, 0.336155, 7200, 0, 0, 0, 0, 0, 0, 0, 0, 22908), -- Portal Guardian (Area: Le fort Pourpre - Difficulty: Normal) (Auras: )
(@CGUID+113, 102373, 1544, 7996, 7996, 8388614, '0', 0, 0, 0, 4682.276, 4013.682, 91.8926, 4.473264, 7200, 0, 0, 0, 0, 0, 0, 0, 0, 22908), -- Corrosive Felhound (Area: Le fort Pourpre - Difficulty: Normal) (Auras: 123169 - chelle: 105-110%)
(@CGUID+114, 102377, 1544, 7996, 7996, 8388614, '0', 0, 0, 0, 4682.276, 4013.682, 91.8926, 4.473264, 7200, 0, 0, 0, 0, 0, 0, 0, 0, 22908), -- Fel Inciter (Area: Le fort Pourpre - Difficulty: Normal) (Auras: )
(@CGUID+115, 102279, 1544, 7996, 7996, 8388614, '0', 0, 0, 0, 4682.276, 4013.682, 91.80927, 3.054326, 7200, 0, 0, 0, 0, 0, 0, 0, 0, 22908), -- Teleportation Portal (Area: Le fort Pourpre - Difficulty: Normal) (Auras: )
(@CGUID+116, 102282, 1544, 7996, 7996, 8388614, '0', 0, 0, 0, 4632.944, 4013.976, 92.62733, 1.076154, 7200, 0, 0, 0, 0, 0, 0, 0, 0, 22908), -- Lord Malgath (Area: Le fort Pourpre - Difficulty: Normal) (Auras: 202311 - Bouclier gangren)
(@CGUID+117, 102337, 1544, 7996, 7996, 8388614, '0', 0, 0, 0, 4636.916, 3963.871, 86.98946, 5.594222, 7200, 0, 0, 0, 0, 0, 0, 0, 0, 22908), -- Portal Guardian (Area: Le fort Pourpre - Difficulty: Normal) (Auras: )
(@CGUID+118, 102372, 1544, 7996, 7996, 8388614, '0', 0, 0, 0, 4636.862, 3963.915, 87.14074, 1.980218, 7200, 0, 0, 0, 0, 0, 0, 0, 0, 22908), -- Felhound Mage Slayer (Area: Le fort Pourpre - Difficulty: Normal) (Auras: 205112 - Drain dessence)
(@CGUID+119, 102380, 1544, 7996, 7996, 8388614, '0', 0, 0, 0, 4636.936, 3963.788, 86.98946, 5.238723, 7200, 0, 0, 0, 0, 0, 0, 0, 0, 22908), -- Shadow Council Warlock (Area: Le fort Pourpre - Difficulty: Normal) (Auras: )
(@CGUID+120, 102370, 1544, 7996, 7996, 8388614, '0', 0, 0, 0, 4636.887, 3965.303, 86.98946, 1.552682, 7200, 0, 0, 0, 0, 0, 0, 0, 0, 22908), -- Eredar Invader (Area: Le fort Pourpre - Difficulty: Normal) (Auras: )
(@CGUID+121, 102370, 1544, 7996, 7996, 8388614, '0', 0, 0, 0, 4636.887, 3965.303, 86.98946, 1.552682, 7200, 0, 0, 0, 0, 0, 0, 0, 0, 22908), -- Eredar Invader (Area: Le fort Pourpre - Difficulty: Normal) (Auras: )
(@CGUID+122, 102370, 1544, 7996, 7996, 8388614, '0', 0, 0, 0, 4636.887, 3965.303, 86.98946, 1.552682, 7200, 0, 0, 0, 0, 0, 0, 0, 0, 22908), -- Eredar Invader (Area: Le fort Pourpre - Difficulty: Normal) (Auras: )
(@CGUID+123, 102267, 1544, 7996, 7996, 8388614, '0', 0, 0, 0, 4632.733, 4013.696, 93.02142, 3.159046, 7200, 0, 0, 0, 0, 0, 0, 0, 0, 22908), -- Teleportation Portal (Intro) (Area: Le fort Pourpre - Difficulty: Normal)
(@CGUID+124, 102282, 1544, 7996, 7996, 8388614, '0', 0, 0, 0, 4632.436, 4013.57, 93.02143, 3.211406, 7200, 0, 0, 0, 0, 0, 0, 0, 0, 22908), -- Lord Malgath (Area: Le fort Pourpre - Difficulty: Normal) (Auras: 202311 - Bouclier gangren)
(@CGUID+125, 102279, 1544, 7996, 7996, 8388614, '0', 0, 0, 0, 4636.862, 3963.915, 87.0574, 1.675516, 7200, 0, 0, 0, 0, 0, 0, 0, 0, 22908), -- Teleportation Portal (Area: Le fort Pourpre - Difficulty: Normal)
(@CGUID+126, 111374, 1544, 7996, 7996, 8388614, '0', 0, 0, 0, 4633.047, 4014.214, 78.04997, 0, 7200, 0, 0, 0, 0, 0, 0, 0, 0, 22908), -- Xal'atath (Area: Le fort Pourpre - Difficulty: Normal)
(@CGUID+127, 102282, 1544, 7996, 7996, 8388614, '0', 0, 0, 0, 4633.98, 4012.023, 93.3205, 4.06368, 7200, 0, 0, 0, 0, 0, 0, 0, 0, 22908), -- Lord Malgath (Area: Le fort Pourpre - Difficulty: Normal) (Auras: 202311 - Bouclier gangren)
(@CGUID+128, 30837, 1544, 7996, 7996, 8388614, '0', 0, 0, 0, 4634.463, 4013.835, 123.1774, 5.846853, 7200, 0, 0, 0, 0, 0, 0, 0, 0, 22908), -- Defense System (Area: Le fort Pourpre - Difficulty: Normal) (Auras: 57886 - Effet d'apparition de Systme de dfense)
(@CGUID+129, 102335, 1544, 7996, 7996, 8388614, '0', 0, 0, 0, 4625.057, 4063.085, 82.78946, 1.060134, 7200, 0, 0, 0, 0, 0, 0, 0, 0, 22908), -- Portal Guardian (Area: Le fort Pourpre - Difficulty: Normal) (Auras: )
(@CGUID+130, 102368, 1544, 7996, 7996, 8388614, '0', 0, 0, 0, 4623.246, 4059.914, 82.78946, 4.168366, 7200, 0, 0, 0, 0, 0, 0, 0, 0, 22908), -- Felguard Destroyer (Area: Le fort Pourpre - Difficulty: Normal) (Auras: )
(@CGUID+131, 102376, 1544, 7996, 7996, 8388614, '0', 0, 0, 0, 4623.706, 4060.674, 82.8074, 4.19618, 7200, 0, 0, 0, 0, 0, 0, 0, 0, 22908), -- Wrathguard Bladeweaver (Area: Le fort Pourpre - Difficulty: Normal) (Auras: )
(@CGUID+132, 102372, 1544, 7996, 7996, 8388614, '0', 0, 0, 0, 4623.706, 4060.674, 82.8074, 4.19618, 7200, 0, 0, 0, 0, 0, 0, 0, 0, 22908), -- Felhound Mage Slayer (Area: Le fort Pourpre - Difficulty: Normal) (Auras: )
(@CGUID+133, 102279, 1544, 7996, 7996, 8388614, '0', 0, 0, 0, 4623.706, 4060.674, 82.72407, 4.34587, 7200, 0, 0, 0, 0, 0, 0, 0, 0, 22908), -- Teleportation Portal (Area: Le fort Pourpre - Difficulty: Normal)
(@CGUID+134, 102282, 1544, 7996, 7996, 8388614, '0', 0, 0, 0, 4631.914, 4013.203, 91.11324, 6.260104, 7200, 0, 0, 0, 0, 0, 0, 0, 0, 22908), -- Lord Malgath (Area: Le fort Pourpre - Difficulty: Normal) (Auras: 202311 - Bouclier gangren)
(@CGUID+135, 102336, 1544, 7996, 7996, 8388614, '0', 0, 0, 0, 4682.276, 4013.682, 91.87563, 0.7121311, 7200, 0, 0, 0, 0, 0, 0, 0, 0, 22908), -- Portal Keeper (Area: Le fort Pourpre - Difficulty: Normal) (Auras: )
(@CGUID+136, 4075, 1544, 7996, 7996, 8388614, '0', 0, 0, 0, 4671.096, 4048.875, 86.66638, 1.108686, 7200, 0, 0, 0, 0, 0, 0, 0, 0, 22908), -- Rat (Area: Le fort Pourpre - Difficulty: Normal)
(@CGUID+137, 102369, 1544, 7996, 7996, 8388614, '0', 0, 0, 0, 4681.571, 4010.79, 91.83364, 2.718798, 7200, 0, 0, 0, 0, 0, 0, 0, 0, 22908), -- Felstalker Ravener (Area: Le fort Pourpre - Difficulty: Normal) (Auras: )
(@CGUID+138, 102376, 1544, 7996, 7996, 8388614, '0', 0, 0, 0, 4682.276, 4013.682, 91.8926, 4.473264, 7200, 0, 0, 0, 0, 0, 0, 0, 0, 22908), -- Wrathguard Bladeweaver (Area: Le fort Pourpre - Difficulty: Normal) (Auras: )
(@CGUID+139, 102373, 1544, 7996, 7996, 8388614, '0', 0, 0, 0, 4681.696, 4011.303, 91.8411, 4.473264, 7200, 0, 0, 0, 0, 0, 0, 0, 0, 22908), -- Corrosive Felhound (Area: Le fort Pourpre - Difficulty: Normal) (Auras: 123169 - chelle: 105-110%)
(@CGUID+140, 102279, 1544, 7996, 7996, 8388614, '0', 0, 0, 0, 4682.276, 4013.682, 91.80927, 3.054326, 7200, 0, 0, 0, 0, 0, 0, 0, 0, 22908), -- Teleportation Portal (Area: Le fort Pourpre - Difficulty: Normal)
(@CGUID+141, 102282, 1544, 7996, 7996, 8388614, '0', 0, 0, 0, 4633.256, 4013.972, 92.42619, 2.403114, 7200, 0, 0, 0, 0, 0, 0, 0, 0, 22908), -- Lord Malgath (Area: Le fort Pourpre - Difficulty: Normal) (Auras: 202311 - Bouclier gangren)
-- (@CGUID+142, 112742, UNKNOWN, 7996, 7996, 8388614, '0', 0, 0, 0, 0.01991985, 0, 1.844967, 3.141593, 7200, 0, 0, 0, 0, 0, 0, 0, 0, 22908), -- Broodling (Area: Le fort Pourpre - Difficulty: Normal) - !!! on transport - transport template not found !!!
(@CGUID+143, 30837, 1544, 7996, 7996, 8388614, '0', 0, 0, 0, 4634.463, 4013.835, 123.1774, 5.846853, 7200, 0, 0, 0, 0, 0, 0, 0, 0, 22908), -- Defense System (Area: Le fort Pourpre - Difficulty: Normal) (Auras: 57886 - Effet d'apparition de Systme de dfense)
-- (@CGUID+144, 112742, UNKNOWN, 7996, 7996, 8388614, '0', 0, 0, 0, 0.3583471, 0, 2.173889, 3.141593, 7200, 0, 0, 0, 0, 0, 0, 0, 0, 22908), -- Broodling (Area: Le fort Pourpre - Difficulty: Normal) (Auras: ) - !!! on transport - transport template not found !!!
(@CGUID+145, 102387, 1544, 7996, 7996, 8388614, '0', 0, 0, 0, 4691.853, 4014.938, 115.7628, 3.202404, 7200, 0, 0, 0, 0, 0, 0, 0, 0, 22908), -- Sael'orn (Area: Le fort Pourpre - Difficulty: Normal)
(@CGUID+146, 102434, 1544, 7996, 7996, 8388614, '0', 0, 0, 0, 4602.293, 4045.387, 134.9366, 0, 7200, 0, 0, 0, 0, 0, 0, 0, 0, 22908), -- Phase Spider (Area: Le fort Pourpre - Difficulty: Normal) (Auras: 191183 - Rampante gangrene: descente de la toile du plafond)
(@CGUID+147, 102434, 1544, 7996, 7996, 8388614, '0', 0, 0, 0, 4647.466, 4045.387, 132.1535, 0, 7200, 0, 0, 0, 0, 0, 0, 0, 0, 22908), -- Phase Spider (Area: Le fort Pourpre - Difficulty: Normal) (Auras: 191183 - Rampante gangrene: descente de la toile du plafond)
(@CGUID+148, 102434, 1544, 7996, 7996, 8388614, '0', 0, 0, 0, 4602.698, 3990.907, 134.9322, 0, 7200, 0, 0, 0, 0, 0, 0, 0, 0, 22908), -- Phase Spider (Area: Le fort Pourpre - Difficulty: Normal) (Auras: 191183 - Rampante gangrene: descente de la toile du plafond)
(@CGUID+149, 102434, 1544, 7996, 7996, 8388614, '0', 0, 0, 0, 4638.431, 3989.894, 132.1411, 0, 7200, 0, 0, 0, 0, 0, 0, 0, 0, 22908); -- Phase Spider (Area: Le fort Pourpre - Difficulty: Normal) (Auras: 191183 - Rampante gangrene: descente de la toile du plafond)
DELETE FROM `creature_addon` WHERE `guid` BETWEEN @CGUID+0 AND @CGUID+149;
INSERT INTO `creature_addon` (`guid`, `path_id`, `mount`, `bytes1`, `bytes2`, `emote`, `aiAnimKit`, `movementAnimKit`, `meleeAnimKit`, `auras`) VALUES
(@CGUID+0, 0, 0, 0, 1, 0, 0, 0, 0, '29266'), -- Felguard Destroyer - 29266 - Feindre la mort permanent
(@CGUID+1, 0, 0, 0, 1, 0, 0, 0, 0, ''), -- SLG Generic Stalker (Gigantic AOI)
(@CGUID+2, 0, 0, 0, 1, 0, 0, 0, 0, ''), -- SLG Generic Stalker (Gigantic AOI)
(@CGUID+3, 0, 0, 0, 1, 0, 0, 0, 0, '99201'), -- Summon Enabler Stalker - 99201 - Summon Enabler
(@CGUID+4, 0, 0, 0, 1, 0, 0, 0, 0, '29266'), -- Felguard Destroyer - 29266 - Feindre la mort permanent
(@CGUID+5, 0, 0, 0, 1, 0, 0, 0, 0, '29266'), -- Felstalker Ravener - 29266 - Feindre la mort permanent
(@CGUID+6, 0, 0, 0, 1, 0, 0, 0, 0, '99201'), -- Summon Enabler Stalker - 99201 - Summon Enabler
(@CGUID+7, 0, 0, 0, 1, 0, 0, 0, 0, ''), -- SLG Generic Stalker (Gigantic AOI)
(@CGUID+8, 0, 0, 50331648, 1, 0, 0, 0, 0, ''), -- Teleportation Portal
(@CGUID+9, 0, 0, 0, 1, 0, 0, 0, 0, ''), -- SLG Generic Stalker (Gigantic AOI)
(@CGUID+10, 0, 0, 0, 1, 0, 0, 0, 0, ''), -- Rat
(@CGUID+11, 0, 0, 0, 1, 0, 0, 0, 0, ''), -- Defense Dummy Target
(@CGUID+12, 0, 0, 0, 1, 0, 0, 0, 0, ''), -- Blood-Princess Thal'ena
(@CGUID+13, 0, 0, 0, 1, 0, 0, 0, 0, ''), -- SLG Generic Stalker (Gigantic AOI)
(@CGUID+14, 0, 0, 0, 1, 0, 0, 0, 0, ''), -- Lyndras
(@CGUID+15, 0, 0, 50331648, 1, 0, 0, 0, 0, ''), -- Teleportation Portal
(@CGUID+16, 0, 0, 0, 1, 0, 0, 0, 0, ''), -- Web Invisible Stalker
(@CGUID+17, 0, 0, 50331648, 1, 0, 0, 0, 0, ''), -- Prison Cell
(@CGUID+18, 0, 0, 0, 1, 0, 0, 0, 0, '29266'), -- Violet Hold Guard - 29266 - Feindre la mort permanent
(@CGUID+19, 0, 0, 0, 1, 0, 0, 0, 0, ''), -- SLG Generic Stalker (Gigantic AOI)
(@CGUID+20, 0, 0, 0, 1, 0, 0, 0, 0, '29266'), -- Violet Hold Guard - 29266 - Feindre la mort permanent
(@CGUID+21, 0, 0, 50331648, 1, 0, 0, 0, 0, ''), -- Teleportation Portal
(@CGUID+22, 0, 0, 0, 1, 0, 0, 0, 0, ''), -- SLG Generic Stalker (Gigantic AOI)
(@CGUID+23, 0, 0, 0, 1, 0, 0, 0, 0, ''), -- Rat
(@CGUID+24, 0, 0, 0, 1, 0, 0, 0, 0, ''), -- Spider
(@CGUID+25, 0, 0, 0, 1, 0, 0, 0, 0, ''), -- Anub'esset
(@CGUID+26, 0, 0, 50331648, 1, 0, 0, 0, 0, ''), -- Prison Door Seal
(@CGUID+27, 0, 0, 50331648, 1, 0, 0, 0, 0, ''), -- Teleportation Portal
(@CGUID+28, 0, 0, 0, 1, 0, 0, 0, 0, ''), -- Web Invisible Stalker
(@CGUID+29, 0, 0, 50331648, 1, 0, 0, 0, 0, ''), -- Prison Cell
(@CGUID+30, 0, 0, 0, 1, 0, 0, 0, 0, ''), -- Defense Dummy Target
(@CGUID+31, 0, 0, 50331648, 1, 0, 0, 0, 0, ''), -- Teleportation Portal
(@CGUID+32, 0, 0, 0, 1, 0, 0, 0, 0, ''), -- SLG Generic Stalker (Gigantic AOI)
(@CGUID+33, 0, 0, 0, 1, 0, 0, 0, 0, ''), -- Defense Dummy Target
(@CGUID+34, 0, 0, 0, 1, 0, 0, 0, 0, ''), -- Portal Keeper
(@CGUID+35, 0, 0, 0, 1, 0, 0, 0, 0, ''), -- Lieutenant Sinclari
(@CGUID+36, 0, 0, 50331648, 1, 0, 0, 0, 0, ''), -- Prison Cell
(@CGUID+37, 0, 0, 0, 1, 0, 0, 0, 0, ''), -- SLG Generic Stalker (Gigantic AOI)
(@CGUID+38, 0, 0, 0, 1, 0, 0, 0, 0, ''), -- Dalaran Prison Event Controller
(@CGUID+39, 0, 0, 0, 1, 0, 0, 0, 0, ''), -- SLG Generic Stalker (Gigantic AOI)
(@CGUID+40, 0, 0, 50331648, 1, 0, 0, 0, 0, ''), -- Teleportation Portal
(@CGUID+41, 0, 0, 0, 1, 0, 0, 0, 0, ''), -- Web Invisible Stalker
(@CGUID+42, 0, 0, 0, 1, 0, 0, 0, 0, ''), -- SLG Generic Stalker (Gigantic AOI)
(@CGUID+43, 0, 0, 0, 1, 0, 0, 0, 0, ''), -- Defense Dummy Target
(@CGUID+44, 0, 0, 50331648, 1, 0, 0, 0, 0, ''), -- Teleportation Portal
(@CGUID+45, 0, 0, 0, 1, 0, 0, 0, 0, ''), -- Shivermaw
(@CGUID+46, 0, 0, 0, 1, 0, 0, 0, 0, ''), -- Defense Dummy Target
(@CGUID+47, 0, 0, 0, 1, 0, 0, 0, 0, ''), -- Mindflayer Kaahrj
(@CGUID+48, 0, 0, 50331648, 1, 0, 0, 0, 0, ''), -- Teleportation Portal
(@CGUID+49, 0, 0, 0, 1, 0, 0, 0, 0, ''), -- SLG Generic Stalker (Gigantic AOI)
(@CGUID+50, 0, 0, 0, 1, 0, 0, 0, 0, ''), -- Spider
(@CGUID+51, 0, 0, 50331648, 1, 0, 0, 0, 0, ''), -- Prison Cell
(@CGUID+52, 0, 0, 0, 1, 0, 0, 0, 0, '29266'), -- Violet Hold Guard - 29266 - Feindre la mort permanent
(@CGUID+53, 0, 0, 0, 1, 0, 0, 0, 0, ''), -- Festerface
(@CGUID+54, 0, 0, 0, 1, 0, 0, 0, 0, ''), -- SLG Generic Stalker (Gigantic AOI)
(@CGUID+55, 0, 0, 0, 1, 0, 0, 0, 0, ''), -- Defense Dummy Target
(@CGUID+56, 0, 0, 0, 1, 0, 0, 0, 0, ''), -- SLG Generic Stalker (Gigantic AOI)
(@CGUID+57, 0, 0, 0, 1, 0, 0, 0, 0, ''), -- Black Rat
(@CGUID+58, 0, 0, 0, 1, 0, 0, 0, 0, '29266'), -- Violet Hold Guard - 29266 - Feindre la mort permanent
(@CGUID+59, 0, 0, 0, 1, 0, 0, 0, 0, ''), -- SLG Generic Stalker (Gigantic AOI)
(@CGUID+60, 0, 0, 0, 1, 0, 0, 0, 0, ''), -- Defense Dummy Target
(@CGUID+61, 0, 0, 0, 1, 0, 0, 0, 0, ''), -- Web Invisible Stalker
(@CGUID+62, 0, 0, 50331648, 1, 0, 0, 0, 0, ''), -- Prison Cell
(@CGUID+63, 0, 0, 0, 1, 0, 0, 0, 0, ''), -- SLG Generic Stalker (Gigantic AOI)
(@CGUID+64, 0, 0, 1, 1, 0, 0, 0, 0, ''), -- Millificent Manastorm
(@CGUID+65, 0, 0, 0, 1, 0, 0, 0, 0, '29266'), -- Violet Hold Guard - 29266 - Feindre la mort permanent
(@CGUID+66, 0, 0, 0, 1, 0, 0, 0, 0, ''), -- Felstalker Ravener
(@CGUID+67, 0, 0, 50331648, 1, 0, 0, 0, 0, ''), -- Prison Cell
(@CGUID+68, 0, 0, 0, 1, 0, 0, 0, 0, ''), -- Defense Dummy Target
(@CGUID+69, 0, 0, 0, 1, 0, 0, 0, 0, ''), -- Lord Malgath
(@CGUID+70, 0, 0, 0, 1, 0, 0, 0, 0, ''), -- Taldath the Destroyer
(@CGUID+71, 0, 0, 0, 1, 0, 0, 0, 0, ''), -- Rat
(@CGUID+72, 0, 0, 0, 1, 0, 0, 0, 0, ''), -- Eredar Invader
(@CGUID+73, 0, 0, 0, 1, 0, 0, 0, 0, ''), -- Eredar Invader
(@CGUID+74, 0, 0, 0, 1, 0, 0, 0, 0, ''), -- Fel Inciter
(@CGUID+75, 0, 0, 0, 1, 0, 0, 0, 0, ''), -- Felguard Destroyer
(@CGUID+76, 0, 0, 0, 1, 0, 0, 0, 0, ''), -- Eredar Invader
(@CGUID+77, 0, 0, 0, 1, 0, 0, 0, 0, ''), -- Eredar Invader
(@CGUID+78, 0, 0, 0, 1, 0, 0, 0, 0, ''), -- Spider
(@CGUID+79, 0, 0, 0, 1, 0, 0, 0, 0, ''), -- Fel Inciter
(@CGUID+80, 0, 0, 50331648, 1, 0, 0, 0, 0, '202311'), -- Lord Malgath - 202311 - Bouclier gangren
(@CGUID+81, 0, 0, 50331648, 1, 0, 0, 0, 0, ''), -- Teleportation Portal
(@CGUID+82, 0, 0, 50331648, 1, 0, 0, 0, 0, '57886'), -- Defense System - 57886 - Effet d'apparition de Systme de dfense
(@CGUID+83, 0, 0, 50331648, 1, 0, 0, 0, 0, '202311'), -- Lord Malgath - 202311 - Bouclier gangren
(@CGUID+84, 0, 0, 0, 1, 0, 0, 0, 0, ''), -- Spider
(@CGUID+85, 0, 0, 50331648, 1, 0, 0, 0, 0, '202311'), -- Lord Malgath - 202311 - Bouclier gangren
(@CGUID+86, 0, 0, 50331648, 1, 0, 0, 0, 0, '57886'), -- Defense System - 57886 - Effet d'apparition de Systme de dfense
(@CGUID+87, 0, 0, 0, 1, 0, 0, 0, 0, ''), -- Portal Keeper
(@CGUID+88, 0, 0, 0, 1, 0, 0, 0, 0, ''), -- Felguard Destroyer
(@CGUID+89, 0, 0, 0, 1, 0, 0, 0, 0, ''), -- Eredar Invader
(@CGUID+90, 0, 0, 0, 1, 0, 0, 0, 0, ''), -- Eredar Invader
(@CGUID+91, 0, 0, 0, 1, 0, 0, 0, 0, ''), -- Fel Inciter
(@CGUID+92, 0, 0, 50331648, 1, 0, 0, 0, 0, ''), -- Teleportation Portal
(@CGUID+93, 0, 0, 50331648, 1, 0, 0, 0, 0, '202311'), -- Lord Malgath - 202311 - Bouclier gangren
(@CGUID+94, 0, 0, 0, 1, 0, 0, 0, 0, ''), -- Portal Keeper
(@CGUID+95, 0, 0, 0, 1, 0, 0, 0, 0, ''), -- Felstalker Ravener
(@CGUID+96, 0, 0, 0, 1, 0, 0, 0, 0, ''), -- Eredar Invader
(@CGUID+97, 0, 0, 0, 1, 0, 0, 0, 0, ''), -- Eredar Invader
(@CGUID+98, 0, 0, 0, 1, 0, 0, 0, 0, ''), -- Shadow Council Warlock
(@CGUID+99, 0, 0, 50331648, 1, 0, 0, 0, 0, ''), -- Teleportation Portal (Intro)
(@CGUID+100, 0, 0, 50331648, 1, 0, 0, 0, 0, '202311'), -- Lord Malgath - 202311 - Bouclier gangren
(@CGUID+101, 0, 0, 50331648, 1, 0, 0, 0, 0, ''), -- Teleportation Portal
(@CGUID+102, 0, 0, 0, 1, 0, 0, 0, 0, ''), -- Xal'atath
(@CGUID+103, 0, 0, 0, 1, 0, 0, 0, 0, '201239'), -- Image de Milhouse Tempte-de-Mana - 201239 - Hologrammification
(@CGUID+104, 0, 0, 0, 1, 0, 0, 0, 0, '201243'), -- Mechanical Bomb Squirrel - 201243 - Bombe-cureuil en lmentium
(@CGUID+105, 0, 0, 50331648, 1, 0, 0, 0, 0, '202311'), -- Lord Malgath - 202311 - Bouclier gangren
(@CGUID+106, 0, 0, 0, 1, 0, 0, 0, 0, ''), -- Portal Keeper
(@CGUID+107, 0, 0, 0, 1, 0, 0, 0, 0, '123169'), -- Corrosive Felhound - 123169 - chelle: 105-110%
(@CGUID+108, 0, 0, 0, 1, 0, 0, 0, 0, ''), -- Fel Inciter
(@CGUID+109, 0, 0, 50331648, 1, 0, 0, 0, 0, ''), -- Teleportation Portal
(@CGUID+110, 0, 0, 50331648, 1, 0, 0, 0, 0, '202311'), -- Lord Malgath - 202311 - Bouclier gangren
(@CGUID+111, 0, 0, 50331648, 1, 0, 0, 0, 0, '202311'), -- Lord Malgath - 202311 - Bouclier gangren
(@CGUID+112, 0, 0, 0, 1, 0, 0, 0, 0, ''), -- Portal Guardian
(@CGUID+113, 0, 0, 0, 1, 0, 0, 0, 0, '123169'), -- Corrosive Felhound - 123169 - chelle: 105-110%
(@CGUID+114, 0, 0, 0, 1, 0, 0, 0, 0, ''), -- Fel Inciter
(@CGUID+115, 0, 0, 50331648, 1, 0, 0, 0, 0, ''), -- Teleportation Portal
(@CGUID+116, 0, 0, 50331648, 1, 0, 0, 0, 0, '202311'), -- Lord Malgath - 202311 - Bouclier gangren
(@CGUID+117, 0, 0, 0, 1, 0, 0, 0, 0, ''), -- Portal Guardian
(@CGUID+118, 0, 0, 0, 1, 0, 0, 0, 0, '205112'), -- Felhound Mage Slayer - 205112 - Drain dessence
(@CGUID+119, 0, 0, 0, 1, 0, 0, 0, 0, ''), -- Shadow Council Warlock
(@CGUID+120, 0, 0, 0, 1, 0, 0, 0, 0, ''), -- Eredar Invader
(@CGUID+121, 0, 0, 0, 1, 0, 0, 0, 0, ''), -- Eredar Invader
(@CGUID+122, 0, 0, 0, 1, 0, 0, 0, 0, ''), -- Eredar Invader
(@CGUID+123, 0, 0, 50331648, 1, 0, 0, 0, 0, ''), -- Teleportation Portal (Intro)
(@CGUID+124, 0, 0, 50331648, 1, 0, 0, 0, 0, '202311'), -- Lord Malgath - 202311 - Bouclier gangren
(@CGUID+125, 0, 0, 50331648, 1, 0, 0, 0, 0, ''), -- Teleportation Portal
(@CGUID+126, 0, 0, 0, 1, 0, 0, 0, 0, ''), -- Xal'atath
(@CGUID+127, 0, 0, 50331648, 1, 0, 0, 0, 0, '202311'), -- Lord Malgath - 202311 - Bouclier gangren
(@CGUID+128, 0, 0, 50331648, 1, 0, 0, 0, 0, '57886'), -- Defense System - 57886 - Effet d'apparition de Systme de dfense
(@CGUID+129, 0, 0, 0, 1, 0, 0, 0, 0, ''), -- Portal Guardian
(@CGUID+130, 0, 0, 0, 1, 0, 0, 0, 0, ''), -- Felguard Destroyer
(@CGUID+131, 0, 0, 0, 1, 0, 0, 0, 0, ''), -- Wrathguard Bladeweaver
(@CGUID+132, 0, 0, 0, 1, 0, 0, 0, 0, ''), -- Felhound Mage Slayer
(@CGUID+133, 0, 0, 50331648, 1, 0, 0, 0, 0, ''), -- Teleportation Portal
(@CGUID+134, 0, 0, 50331648, 1, 0, 0, 0, 0, '202311'), -- Lord Malgath - 202311 - Bouclier gangren
(@CGUID+135, 0, 0, 0, 1, 0, 0, 0, 0, ''), -- Portal Keeper
(@CGUID+136, 0, 0, 0, 1, 0, 0, 0, 0, ''), -- Rat
(@CGUID+137, 0, 0, 0, 1, 0, 0, 0, 0, ''), -- Felstalker Ravener
(@CGUID+138, 0, 0, 0, 1, 0, 0, 0, 0, ''), -- Wrathguard Bladeweaver
(@CGUID+139, 0, 0, 0, 1, 0, 0, 0, 0, '123169'), -- Corrosive Felhound - 123169 - chelle: 105-110%
(@CGUID+140, 0, 0, 50331648, 1, 0, 0, 0, 0, ''), -- Teleportation Portal
(@CGUID+141, 0, 0, 50331648, 1, 0, 0, 0, 0, '202311'), -- Lord Malgath - 202311 - Bouclier gangren
(@CGUID+142, 0, 0, 0, 1, 0, 0, 0, 0, ''), -- Broodling
(@CGUID+143, 0, 0, 50331648, 1, 0, 0, 0, 0, '57886'), -- Defense System - 57886 - Effet d'apparition de Systme de dfense
(@CGUID+144, 0, 0, 0, 1, 0, 0, 0, 0, ''), -- Broodling
(@CGUID+145, 0, 0, 0, 1, 0, 0, 0, 0, ''), -- Sael'orn
(@CGUID+146, 0, 0, 50331648, 1, 0, 0, 0, 0, '191183'), -- Phase Spider - 191183 - Rampante gangrene: descente de la toile du plafond
(@CGUID+147, 0, 0, 50331648, 1, 0, 0, 0, 0, '191183'), -- Phase Spider - 191183 - Rampante gangrene: descente de la toile du plafond
(@CGUID+148, 0, 0, 50331648, 1, 0, 0, 0, 0, '191183'), -- Phase Spider - 191183 - Rampante gangrene: descente de la toile du plafond
(@CGUID+149, 0, 0, 50331648, 1, 0, 0, 0, 0, '191183'); -- Phase Spider - 191183 - Rampante gangrene: descente de la toile du plafond

DELETE FROM `gameobject` WHERE `guid` BETWEEN @OGUID+0 AND @OGUID+22;
INSERT INTO `gameobject` (`guid`, `id`, `map`, `zoneId`, `areaId`, `spawnMask`, `PhaseId`, `PhaseGroup`, `position_x`, `position_y`, `position_z`, `orientation`, `rotation0`, `rotation1`, `rotation2`, `rotation3`, `spawntimesecs`, `animprogress`, `state`, `VerifiedBuild`) VALUES
(@OGUID+0, 246995, 1544, 7996, 7996, 8388614, '0', 0, 4598.856, 4072.354, 86.94776, 0.5467415, 0, 0, 0.2699785, 0.9628664, 7200, 255, 1, 22908), -- Cell (Area: Le fort Pourpre - Difficulty: Normal)
(@OGUID+1, 246999, 1544, 7996, 7996, 8388614, '0', 0, 4591.765, 3963.482, 88.60955, 2.44346, 0, 0, 0.9396925, 0.3420205, 7200, 255, 1, 22908), -- Cell (Area: Le fort Pourpre - Difficulty: Normal)
(@OGUID+2, 246997, 1544, 7996, 7996, 8388614, '0', 0, 4616.735, 4080.393, 86.94776, 0.2899686, 0, 0, 0.1444769, 0.9895082, 7200, 255, 1, 22908), -- Cell (Area: Le fort Pourpre - Difficulty: Normal)
(@OGUID+3, 247002, 1544, 7996, 7996, 8388614, '0', 0, 4566.874, 4015.322, 83.67188, 3.141593, 0, 0, -1, 0, 7200, 255, 1, 22908), -- Prison Seal (Area: Le fort Pourpre - Difficulty: Normal)
(@OGUID+4, 193611, 1544, 7996, 7996, 8388614, '0', 0, 4591.994, 3992.018, 79.78208, 5.616818, 0, 0, -0.3270531, 0.945006, 7200, 255, 1, 22908), -- Activation Crystal (Area: Le fort Pourpre - Difficulty: Normal)
(@OGUID+5, 193615, 1544, 7996, 7996, 8388614, '0', 0, 4572.606, 4008.778, 84.98153, 1.483528, 0, 0, 0.6755896, 0.7372779, 7200, 255, 1, 22908), -- Intro Activation Crystal (Area: Le fort Pourpre - Difficulty: Normal)
(@OGUID+6, 193611, 1544, 7996, 7996, 8388614, '0', 0, 4599.257, 4055.423, 79.55013, 5.075842, 0, 0, -0.5676689, 0.823257, 7200, 255, 1, 22908), -- Activation Crystal (Area: Le fort Pourpre - Difficulty: Normal)
(@OGUID+7, 193611, 1544, 7996, 7996, 8388614, '0', 0, 4592.176, 4036.608, 79.69947, 0.6536632, 0, 0, 0.321044, 0.9470643, 7200, 255, 1, 22908), -- Activation Crystal (Area: Le fort Pourpre - Difficulty: Normal)
(@OGUID+8, 193611, 1544, 7996, 7996, 8388614, '0', 0, 4608.369, 3959.907, 79.46056, 1.865029, 0, 0, 0.8031206, 0.5958165, 7200, 255, 1, 22908), -- Activation Crystal (Area: Le fort Pourpre - Difficulty: Normal)
(@OGUID+9, 246994, 1544, 7996, 7996, 8388614, '0', 0, 4698.6, 3996.117, 96.71999, 4.372541, 0, 0, -0.8164997, 0.5773458, 7200, 255, 1, 22908), -- Cell (Area: Le fort Pourpre - Difficulty: Normal)
(@OGUID+10, 246993, 1544, 7996, 7996, 8388614, '0', 0, 4701.842, 4014.676, 96.71999, 4.675041, 0, 0, -0.7201872, 0.6937798, 7200, 255, 1, 22908), -- Cell (Area: Le fort Pourpre - Difficulty: Normal)
(@OGUID+11, 246992, 1544, 7996, 7996, 8388614, '0', 0, 4699.062, 4033.985, 96.71999, 5.016514, 0, 0, -0.5918369, 0.8060577, 7200, 255, 1, 22908), -- Cell (Area: Le fort Pourpre - Difficulty: Normal)
(@OGUID+12, 246998, 1544, 7996, 7996, 8388614, '0', 0, 4675.87, 4070.065, 94.23019, 5.585054, 0, 0, -0.34202, 0.9396927, 7200, 255, 1, 22908), -- Cell (Area: Le fort Pourpre - Difficulty: Normal)
(@OGUID+13, 246996, 1544, 7996, 7996, 8388614, '0', 0, 4636.3, 4082.634, 86.94776, 6.225835, 0, 0, -0.02867126, 0.9995889, 7200, 255, 1, 22908), -- Cell (Area: Le fort Pourpre - Difficulty: Normal)
(@OGUID+14, 247000, 1544, 7996, 7996, 8388614, '0', 0, 4639.354, 3945.334, 96.97873, 3.141593, 0, 0, -1, 0, 7200, 255, 1, 22908), -- Cell (Area: Le fort Pourpre - Difficulty: Normal)
(@OGUID+15, 247005, 1544, 7996, 7996, 8388614, '0', 0, 4664.908, 4048.242, 80.44494, 5.636052, 0, 0, -0.3179502, 0.9481074, 7200, 255, 1, 22908), -- Prison Barrier (Area: Le fort Pourpre - Difficulty: Normal)
(@OGUID+16, 247544, 1544, 7996, 7996, 8388614, '0', 0, 4646.223, 4038.949, 77.64993, 3.141593, 0, 0, -1, 0, 7200, 255, 1, 22908), -- Doodad_7DU_VioletHold_trapdoor001 (Area: Le fort Pourpre - Difficulty: Normal)
(@OGUID+17, 246990, 1544, 7996, 7996, 8388614, '0', 0, 4652.238, 4056.062, 80.44494, 5.838571, 0, 0, -0.2204809, 0.9753913, 7200, 255, 1, 22908), -- Cell (Area: Le fort Pourpre - Difficulty: Normal)
(@OGUID+18, 252248, 1544, 7996, 7996, 8388614, '0', 0, 4546.606, 4014.896, 87.03782, 0, 0, 0, 0, 1, 7200, 255, 1, 22908), -- Instance Portal (Area: Le fort Pourpre - Difficulty: Normal)
(@OGUID+19, 247385, 1544, 7996, 7996, 8388614, '0', 0, 4681.175, 3967.49, 76.2686, 3.979842, 0, 0, -0.9134455, 0.4069611, 7200, 255, 1, 22908), -- Cell (Area: Le fort Pourpre - Difficulty: Normal)
-- (@OGUID+20, 233282, 1544, 7996, 7996, 8388614, '', 0, 4595.564, 4014.973, 83.38947, 3.116126, 0, 0, 0.9999189, 0.01273282, 7200, 255, 1, 22908), -- Refreshment Table (Area: Le fort Pourpre - Difficulty: Normal) - !!! might be temporary spawn !!!
(@OGUID+21, 246430, 1544, 7996, 7996, 8388614, '0', 0, 4594.394, 4015.411, 83.34489, 0.01176459, 0, 0, 0.005882263, 0.9999827, 7200, 255, 1, 22908), -- Millificent's Discarded Lockbox (Area: Le fort Pourpre - Difficulty: Normal)
(@OGUID+22, 249733, 1544, 7996, 7996, 8388614, '0', 0, 4639.771, 3896.604, 90.24394, 6.261279, 0, 0, -0.01095295, 0.99994, 7200, 255, 1, 22908); -- Plasmatic Laser Bolt (Area: Le fort Pourpre - Difficulty: Normal)

DELETE FROM `gameobject_addon` WHERE `guid` BETWEEN @OGUID+0 AND @OGUID+22;
INSERT INTO `gameobject_addon` (`guid`, `parent_rotation0`, `parent_rotation1`, `parent_rotation2`, `parent_rotation3`) VALUES
(@OGUID+0, 0, 0, 1, -0.00000004371139), -- Cell
(@OGUID+1, 0, 0, 1, -0.00000004371139), -- Cell
(@OGUID+2, 0, 0, 1, -0.00000004371139), -- Cell
(@OGUID+3, 0, 0, 1, -0.00000004371139), -- Prison Seal
(@OGUID+9, 0, 0, 1, -0.00000004371139), -- Cell
(@OGUID+10, 0, 0, 1, -0.00000004371139), -- Cell
(@OGUID+11, 0, 0, 1, -0.00000004371139), -- Cell
(@OGUID+12, 0, 0, 1, -0.00000004371139), -- Cell
(@OGUID+13, 0, 0, 1, -0.00000004371139), -- Cell
(@OGUID+14, 0, 0, 1, -0.00000004371139), -- Cell
(@OGUID+15, 0, 0, 1, -0.00000004371139), -- Prison Barrier
(@OGUID+16, 0, 0, 1, -0.00000004371139), -- Doodad_7DU_VioletHold_trapdoor001
(@OGUID+17, 0, 0, 1, -0.00000004371139), -- Cell
(@OGUID+19, 0, 0, 1, -0.00000004371139); -- Cell

DELETE FROM `creature_template_addon` WHERE `entry` IN (102434 /*102434 (Phase Spider) - Rampante gangrene: descente de la toile du plafond*/, 102387 /*102387 (Sael'orn)*/, 112742 /*112742 (Broodling)*/, 102376 /*102376 (Wrathguard Bladeweaver)*/, 102372 /*102372 (Felhound Mage Slayer) - Drain dessence*/, 102337 /*102337 (Portal Guardian)*/, 102335 /*102335 (Portal Guardian)*/, 102373 /*102373 (Corrosive Felhound) - chelle: 105-110%*/, 102084 /*102084 (Mechanical Bomb Squirrel) - Bombe-cureuil en lmentium*/, 102085 /*102085 (Mechanical Bomb Squirrel) - Bombe-cureuil en lmentium*/, 102044 /*102044 (Mechanical Bomb Squirrel) - Bombe-cureuil en lmentium*/, 102040 /*Image de Milhouse Tempte-de-Mana - Hologrammification*/, 111374 /*111374 (Xal'atath)*/, 102267 /*102267 (Teleportation Portal (Intro))*/, 102380 /*102380 (Shadow Council Warlock)*/, 102302 /*102302 (Portal Keeper)*/, 102282 /*102282 (Lord Malgath) - Bouclier gangren*/, 102368 /*102368 (Felguard Destroyer)*/, 102377 /*102377 (Fel Inciter)*/, 102370 /*102370 (Eredar Invader)*/, 102620 /*102620 (Taldath the Destroyer)*/, 113610 /*113610 (Lord Malgath)*/, 102369 /*102369 (Felstalker Ravener)*/, 101976 /*101976 (Millificent Manastorm)*/, 101995 /*101995 (Festerface)*/, 101950 /*101950 (Mindflayer Kaahrj)*/, 101951 /*101951 (Shivermaw)*/, 30883 /*30883 (Dalaran Prison Event Controller)*/, 32204 /*32204 (Lieutenant Sinclari)*/, 102336 /*102336 (Portal Keeper)*/, 102246 /*102246 (Anub'esset)*/, 102671 /*102671 (Prison Cell)*/, 102489 /*102489 (Web Invisible Stalker)*/, 102281 /*102281 (Teleportation Portal)*/, 104529 /*104529 (Lyndras)*/, 102431 /*102431 (Blood-Princess Thal'ena)*/, 30857 /*30857 (Defense Dummy Target)*/, 102279 /*102279 (Teleportation Portal)*/, 102269 /*102269 (Felstalker Ravener) - Feindre la mort permanent*/, 92879 /*92879 (SLG Generic Stalker (Gigantic AOI))*/, 102272 /*102272 (Felguard Destroyer) - Feindre la mort permanent*/);
INSERT INTO `creature_template_addon` (`entry`, `path_id`, `mount`, `bytes1`, `bytes2`, `emote`, `aiAnimKit`, `movementAnimKit`, `meleeAnimKit`, `auras`) VALUES
(102434, 0, 0, 50331648, 1, 0, 0, 0, 0, '191183'), -- 102434 (Phase Spider) - Rampante gangrene: descente de la toile du plafond
(102387, 0, 0, 0, 1, 0, 0, 0, 0, ''), -- 102387 (Sael'orn)
(112742, 0, 0, 0, 1, 0, 0, 0, 0, ''), -- 112742 (Broodling)
(102376, 0, 0, 0, 1, 0, 0, 0, 0, ''), -- 102376 (Wrathguard Bladeweaver)
(102372, 0, 0, 0, 1, 0, 0, 0, 0, '205112'), -- 102372 (Felhound Mage Slayer) - Drain dessence
(102337, 0, 0, 0, 1, 0, 0, 0, 0, ''), -- 102337 (Portal Guardian)
(102335, 0, 0, 0, 1, 0, 0, 0, 0, ''), -- 102335 (Portal Guardian)
(102373, 0, 0, 0, 1, 0, 0, 0, 0, '123169'), -- 102373 (Corrosive Felhound) - chelle: 105-110%
(102084, 0, 0, 0, 1, 0, 0, 0, 0, '201243'), -- 102084 (Mechanical Bomb Squirrel) - Bombe-cureuil en lmentium
(102085, 0, 0, 0, 1, 0, 0, 0, 0, '201243'), -- 102085 (Mechanical Bomb Squirrel) - Bombe-cureuil en lmentium
(102044, 0, 0, 0, 1, 0, 0, 0, 0, '201243'), -- 102044 (Mechanical Bomb Squirrel) - Bombe-cureuil en lmentium
(102040, 0, 0, 0, 1, 0, 0, 0, 0, '201239'), -- Image de Milhouse Tempte-de-Mana - Hologrammification
(111374, 0, 0, 0, 1, 0, 0, 0, 0, ''), -- 111374 (Xal'atath)
(102267, 0, 0, 50331648, 1, 0, 0, 0, 0, ''), -- 102267 (Teleportation Portal (Intro))
(102380, 0, 0, 0, 1, 0, 0, 0, 0, ''), -- 102380 (Shadow Council Warlock)
(102302, 0, 0, 0, 1, 0, 0, 0, 0, ''), -- 102302 (Portal Keeper)
(102282, 0, 0, 50331648, 1, 0, 0, 0, 0, '202311'), -- 102282 (Lord Malgath) - Bouclier gangren
(102368, 0, 0, 0, 1, 0, 0, 0, 0, ''), -- 102368 (Felguard Destroyer)
(102377, 0, 0, 0, 1, 0, 0, 0, 0, ''), -- 102377 (Fel Inciter)
(102370, 0, 0, 0, 1, 0, 0, 0, 0, ''), -- 102370 (Eredar Invader)
(102620, 0, 0, 0, 1, 0, 0, 0, 0, ''), -- 102620 (Taldath the Destroyer)
(113610, 0, 0, 0, 1, 0, 0, 0, 0, ''), -- 113610 (Lord Malgath)
(102369, 0, 0, 0, 1, 0, 0, 0, 0, ''), -- 102369 (Felstalker Ravener)
(101976, 0, 0, 1, 1, 0, 0, 0, 0, ''), -- 101976 (Millificent Manastorm)
(101995, 0, 0, 0, 1, 0, 0, 0, 0, ''), -- 101995 (Festerface)
(101950, 0, 0, 0, 1, 0, 0, 0, 0, ''), -- 101950 (Mindflayer Kaahrj)
(101951, 0, 0, 0, 1, 0, 0, 0, 0, ''), -- 101951 (Shivermaw)
(30883, 0, 0, 0, 1, 0, 0, 0, 0, ''), -- 30883 (Dalaran Prison Event Controller)
(32204, 0, 0, 0, 1, 0, 0, 0, 0, ''), -- 32204 (Lieutenant Sinclari)
(102336, 0, 0, 0, 1, 0, 0, 0, 0, ''), -- 102336 (Portal Keeper)
(102246, 0, 0, 0, 1, 0, 0, 0, 0, ''), -- 102246 (Anub'esset)
(102671, 0, 0, 50331648, 1, 0, 0, 0, 0, ''), -- 102671 (Prison Cell)
(102489, 0, 0, 0, 1, 0, 0, 0, 0, ''), -- 102489 (Web Invisible Stalker)
(102281, 0, 0, 50331648, 1, 0, 0, 0, 0, ''), -- 102281 (Teleportation Portal)
(104529, 0, 0, 0, 1, 0, 0, 0, 0, ''), -- 104529 (Lyndras)
(102431, 0, 0, 0, 1, 0, 0, 0, 0, ''), -- 102431 (Blood-Princess Thal'ena)
(30857, 0, 0, 0, 1, 0, 0, 0, 0, ''), -- 30857 (Defense Dummy Target)
(102279, 0, 0, 50331648, 1, 0, 0, 0, 0, ''), -- 102279 (Teleportation Portal)
(102269, 0, 0, 0, 1, 0, 0, 0, 0, '29266'), -- 102269 (Felstalker Ravener) - Feindre la mort permanent
(92879, 0, 0, 0, 1, 0, 0, 0, 0, ''), -- 92879 (SLG Generic Stalker (Gigantic AOI))
(102272, 0, 0, 0, 1, 0, 0, 0, 0, '29266'); -- 102272 (Felguard Destroyer) - Feindre la mort permanent

UPDATE `creature_template_addon` SET `auras`='57886' WHERE `entry`=30837; -- 30837 (Defense System)
UPDATE `creature_template_addon` SET `auras`='29266' WHERE `entry`=30659; -- 30659 (Violet Hold Guard)

DELETE FROM `creature_template_scaling` WHERE `Entry` IN (112742, 102370, 101976, 102282, 102368, 102369, 102043, 101994, 102279, 103561, 102084, 103609, 102085, 102302, 102136, 102372, 102044, 102103, 102434, 112732, 112733, 103146, 102397, 102137, 103450, 102398, 102337, 102267, 102376, 102387, 102380, 102400, 101995, 102377, 102373, 101950, 102040, 103312, 102139, 101951, 102269, 102281, 102335, 112738, 102336, 102272, 102395, 102246, 104529, 102431);
INSERT INTO `creature_template_scaling` (`Entry`, `LevelScalingDelta`, `VerifiedBuild`) VALUES
(112742, 0, 22908),
(102370, 0, 22908),
(101976, 2, 22908),
(102282, 1, 22908),
(102368, 0, 22908),
(102369, 0, 22908),
(102043, 0, 22908),
(101994, 1, 22908),
(102279, 0, 22908),
(103561, 0, 22908),
(102084, 0, 22908),
(103609, 0, 22908),
(102085, 0, 22908),
(102302, 1, 22908),
(102136, 0, 22908),
(102372, 0, 22908),
(102044, 0, 22908),
(102103, 0, 22908),
(102434, 0, 22908),
(112732, 1, 22908),
(112733, 1, 22908),
(103146, 0, 22908),
(102397, 1, 22908),
(102137, 0, 22908),
(103450, 0, 22908),
(102398, 1, 22908),
(102337, 1, 22908),
(102267, 0, 22908),
(102376, 0, 22908),
(102387, 2, 22908),
(102380, 0, 22908),
(102400, 0, 22908),
(101995, 2, 22908),
(102377, 0, 22908),
(102373, 0, 22908),
(101950, 2, 22908),
(102040, 2, 22908),
(103312, 0, 22908),
(102139, 0, 22908),
(101951, 2, 22908),
(102269, 0, 22908),
(102281, 0, 22908),
(102335, 1, 22908),
(112738, 1, 22908),
(102336, 1, 22908),
(102272, 0, 22908),
(102395, 0, 22908),
(102246, 2, 22908),
(104529, 0, 22908),
(102431, 2, 22908);



UPDATE `creature_model_info` SET `VerifiedBuild`=22908 WHERE `DisplayID`=65920;
UPDATE `creature_model_info` SET `VerifiedBuild`=22908 WHERE `DisplayID`=73021;
UPDATE `creature_model_info` SET `VerifiedBuild`=22908 WHERE `DisplayID`=72250;
UPDATE `creature_model_info` SET `VerifiedBuild`=22908 WHERE `DisplayID`=62513;
UPDATE `creature_model_info` SET `VerifiedBuild`=22908 WHERE `DisplayID`=63969;
UPDATE `creature_model_info` SET `VerifiedBuild`=22908 WHERE `DisplayID`=7949;
UPDATE `creature_model_info` SET `VerifiedBuild`=22908 WHERE `DisplayID`=72244;
UPDATE `creature_model_info` SET `VerifiedBuild`=22908 WHERE `DisplayID`=65728;
UPDATE `creature_model_info` SET `VerifiedBuild`=22908 WHERE `DisplayID`=67613;
UPDATE `creature_model_info` SET `CombatReach`=1.2, `VerifiedBuild`=22908 WHERE `DisplayID`=26532;
UPDATE `creature_model_info` SET `VerifiedBuild`=22908 WHERE `DisplayID`=68818;
UPDATE `creature_model_info` SET `VerifiedBuild`=22908 WHERE `DisplayID`=23767;
UPDATE `creature_model_info` SET `VerifiedBuild`=22908 WHERE `DisplayID`=68281;
UPDATE `creature_model_info` SET `VerifiedBuild`=22908 WHERE `DisplayID`=62512;
UPDATE `creature_model_info` SET `VerifiedBuild`=22908 WHERE `DisplayID`=63022;
UPDATE `creature_model_info` SET `VerifiedBuild`=22908 WHERE `DisplayID`=68373;
UPDATE `creature_model_info` SET `VerifiedBuild`=22908 WHERE `DisplayID`=5047;
UPDATE `creature_model_info` SET `VerifiedBuild`=22908 WHERE `DisplayID`=16946;
UPDATE `creature_model_info` SET `VerifiedBuild`=22908 WHERE `DisplayID`=62706;
UPDATE `creature_model_info` SET `VerifiedBuild`=22908 WHERE `DisplayID`=67564;
UPDATE `creature_model_info` SET `VerifiedBuild`=22908 WHERE `DisplayID`=67631;
UPDATE `creature_model_info` SET `VerifiedBuild`=22908 WHERE `DisplayID`=68376;
UPDATE `creature_model_info` SET `VerifiedBuild`=22908 WHERE `DisplayID`=64142;
UPDATE `creature_model_info` SET `VerifiedBuild`=22908 WHERE `DisplayID`=67422;
UPDATE `creature_model_info` SET `VerifiedBuild`=22908 WHERE `DisplayID`=73609;
UPDATE `creature_model_info` SET `VerifiedBuild`=22908 WHERE `DisplayID`=45903;
UPDATE `creature_model_info` SET `VerifiedBuild`=22908 WHERE `DisplayID`=67433;
UPDATE `creature_model_info` SET `VerifiedBuild`=22908 WHERE `DisplayID`=27767;
UPDATE `creature_model_info` SET `VerifiedBuild`=22908 WHERE `DisplayID`=27824;
UPDATE `creature_model_info` SET `VerifiedBuild`=22908 WHERE `DisplayID`=62786;
UPDATE `creature_model_info` SET `VerifiedBuild`=22908 WHERE `DisplayID`=67630;
UPDATE `creature_model_info` SET `VerifiedBuild`=22908 WHERE `DisplayID`=45902;
UPDATE `creature_model_info` SET `VerifiedBuild`=22908 WHERE `DisplayID`=27217;
UPDATE `creature_model_info` SET `VerifiedBuild`=22908 WHERE `DisplayID`=27216;
UPDATE `creature_model_info` SET `VerifiedBuild`=22908 WHERE `DisplayID`=38795;
UPDATE `creature_model_info` SET `VerifiedBuild`=22908 WHERE `DisplayID`=68618;
UPDATE `creature_model_info` SET `VerifiedBuild`=22908 WHERE `DisplayID`=68302;
UPDATE `creature_model_info` SET `VerifiedBuild`=22908 WHERE `DisplayID`=39353;
UPDATE `creature_model_info` SET `VerifiedBuild`=22908 WHERE `DisplayID`=62511;
UPDATE `creature_model_info` SET `VerifiedBuild`=22908 WHERE `DisplayID`=16925;
UPDATE `creature_model_info` SET `VerifiedBuild`=22908 WHERE `DisplayID`=62534;

DELETE FROM `creature_equip_template` WHERE (`CreatureID`=102376 AND `ID`=1) OR (`CreatureID`=102040 AND `ID`=1) OR (`CreatureID`=102380 AND `ID`=1) OR (`CreatureID`=102302 AND `ID`=1) OR (`CreatureID`=102282 AND `ID`=1) OR (`CreatureID`=102368 AND `ID`=1) OR (`CreatureID`=102377 AND `ID`=1) OR (`CreatureID`=102370 AND `ID`=1) OR (`CreatureID`=101976 AND `ID`=1);
INSERT INTO `creature_equip_template` (`CreatureID`, `ID`, `ItemID1`, `AppearanceModID1`, `ItemVisual1`, `ItemID2`, `AppearanceModID2`, `ItemVisual2`, `ItemID3`, `AppearanceModID3`, `ItemVisual3`) VALUES
(102376, 1, 127651, 0, 0, 127651, 0, 0, 0, 0, 0), -- Wrathguard Bladeweaver
(102040, 1, 18842, 0, 0, 0, 0, 0, 0, 0, 0), -- Image de Milhouse Tempte-de-Mana
(102380, 1, 110040, 0, 0, 0, 0, 0, 0, 0, 0), -- Shadow Council Warlock
(102302, 1, 134126, 0, 0, 0, 0, 0, 0, 0, 0), -- Portal Keeper
(102282, 1, 119448, 0, 0, 0, 0, 0, 0, 0, 0), -- Lord Malgath
(102368, 1, 24495, 0, 0, 0, 0, 0, 0, 0, 0), -- Felguard Destroyer
(102377, 1, 128226, 0, 0, 127827, 0, 0, 0, 0, 0), -- Fel Inciter
(102370, 1, 134122, 0, 0, 134121, 0, 0, 0, 0, 0), -- Eredar Invader
(101976, 1, 45129, 0, 0, 17718, 0, 0, 0, 0, 0); -- Millificent Manastorm



UPDATE `creature_template` SET `minlevel`=98, `maxlevel`=110, `faction`=16, `speed_run`=1, `BaseAttackTime`=2000, `RangeAttackTime`=2000, `unit_flags`=33587264, `unit_flags2`=2048, `unit_flags3`=1 WHERE `entry`=102434; -- Phase Spider
UPDATE `creature_template` SET `minlevel`=98, `maxlevel`=110, `faction`=16, `BaseAttackTime`=2000, `RangeAttackTime`=2000, `unit_class`=8, `unit_flags`=32832, `unit_flags2`=4196352 WHERE `entry`=102387; -- Sael'orn
UPDATE `creature_template` SET `minlevel`=105, `maxlevel`=110, `faction`=1786, `speed_run`=1, `BaseAttackTime`=2000, `RangeAttackTime`=2000, `unit_flags`=32768, `unit_flags2`=33556480, `unit_flags3`=1 WHERE `entry`=112742; -- Broodling
UPDATE `creature_template` SET `minlevel`=105, `maxlevel`=110, `faction`=1720, `BaseAttackTime`=2000, `RangeAttackTime`=2000, `unit_flags`=32832, `unit_flags2`=2048 WHERE `entry`=102376; -- Wrathguard Bladeweaver
UPDATE `creature_template` SET `minlevel`=105, `maxlevel`=110, `faction`=1720, `speed_run`=1, `BaseAttackTime`=2000, `RangeAttackTime`=2000, `unit_flags`=32768, `unit_flags2`=2048 WHERE `entry`=102372; -- Felhound Mage Slayer
UPDATE `creature_template` SET `minlevel`=105, `maxlevel`=110, `faction`=1720, `speed_run`=1, `BaseAttackTime`=2000, `RangeAttackTime`=2000, `unit_class`=2, `unit_flags`=64, `unit_flags2`=4196352 WHERE `entry`=102337; -- Portal Guardian
UPDATE `creature_template` SET `minlevel`=105, `maxlevel`=110, `faction`=1720, `speed_walk`=0.888, `speed_run`=1, `BaseAttackTime`=2000, `RangeAttackTime`=2000, `unit_class`=2, `unit_flags`=64, `unit_flags2`=4196352 WHERE `entry`=102335; -- Portal Guardian
UPDATE `creature_template` SET `minlevel`=105, `maxlevel`=110, `faction`=1720, `speed_run`=1, `BaseAttackTime`=2000, `RangeAttackTime`=2000, `unit_flags`=32768, `unit_flags2`=2048 WHERE `entry`=102373; -- Corrosive Felhound
UPDATE `creature_template` SET `minlevel`=98, `maxlevel`=110, `faction`=16, `speed_run`=1.428571, `BaseAttackTime`=2000, `RangeAttackTime`=2000, `unit_flags`=33587520, `unit_flags2`=2099200 WHERE `entry`=102084; -- Mechanical Bomb Squirrel
UPDATE `creature_template` SET `minlevel`=98, `maxlevel`=110, `faction`=16, `speed_run`=1.428571, `BaseAttackTime`=2000, `RangeAttackTime`=2000, `unit_flags`=33587520, `unit_flags2`=2099200 WHERE `entry`=102085; -- Mechanical Bomb Squirrel
UPDATE `creature_template` SET `minlevel`=98, `maxlevel`=110, `faction`=16, `speed_run`=1.428571, `BaseAttackTime`=2000, `RangeAttackTime`=2000, `unit_flags`=33587520, `unit_flags2`=2099200 WHERE `entry`=102044; -- Mechanical Bomb Squirrel
UPDATE `creature_template` SET `minlevel`=98, `maxlevel`=110, `BaseAttackTime`=2000, `RangeAttackTime`=2000, `unit_flags`=32768, `unit_flags2`=2099200 WHERE `entry`=102040; -- Image de Milhouse Tempte-de-Mana
UPDATE `creature_template` SET `BaseAttackTime`=2000, `RangeAttackTime`=2000, `unit_flags`=33554944, `unit_flags2`=2048, `unit_flags3`=1 WHERE `entry`=111374; -- Xal'atath
UPDATE `creature_template` SET `minlevel`=100, `maxlevel`=110, `speed_run`=1, `BaseAttackTime`=2000, `RangeAttackTime`=2000, `unit_flags`=33555200, `unit_flags2`=4196352, `unit_flags3`=1 WHERE `entry`=102267; -- Teleportation Portal (Intro)
UPDATE `creature_template` SET `minlevel`=105, `maxlevel`=110, `faction`=1720, `speed_run`=1, `BaseAttackTime`=2000, `RangeAttackTime`=2000, `unit_class`=2, `unit_flags`=32832, `unit_flags2`=2048 WHERE `entry`=102380; -- Shadow Council Warlock
UPDATE `creature_template` SET `minlevel`=105, `maxlevel`=110, `faction`=1720, `speed_run`=1, `BaseAttackTime`=2000, `RangeAttackTime`=2000, `unit_flags`=64, `unit_flags2`=4196352 WHERE `entry`=102302; -- Portal Keeper
UPDATE `creature_template` SET `minlevel`=83, `maxlevel`=83, `unit_flags2`=2099200, `unit_flags3`=1 WHERE `entry`=30837; -- Defense System
UPDATE `creature_template` SET `minlevel`=105, `maxlevel`=110, `faction`=1720, `speed_walk`=1.2, `speed_run`=1.428571, `BaseAttackTime`=1500, `RangeAttackTime`=2000, `unit_class`=8, `unit_flags`=832, `unit_flags2`=2048, `unit_flags3`=1 WHERE `entry`=102282; -- Lord Malgath
UPDATE `creature_template` SET `minlevel`=105, `maxlevel`=110, `faction`=1720, `speed_run`=1, `BaseAttackTime`=2000, `RangeAttackTime`=2000, `unit_class`=2, `unit_flags`=32832, `unit_flags2`=2048 WHERE `entry`=102368; -- Felguard Destroyer
UPDATE `creature_template` SET `minlevel`=105, `maxlevel`=110, `faction`=1720, `speed_walk`=0.777776, `speed_run`=0.9920629, `BaseAttackTime`=2000, `RangeAttackTime`=2000, `unit_class`=2, `unit_flags`=32832, `unit_flags2`=2048 WHERE `entry`=102377; -- Fel Inciter
UPDATE `creature_template` SET `minlevel`=105, `maxlevel`=110, `faction`=1720, `BaseAttackTime`=2000, `RangeAttackTime`=2000, `unit_class`=2, `unit_flags`=32832, `unit_flags2`=2048 WHERE `entry`=102370; -- Eredar Invader
UPDATE `creature_template` SET `minlevel`=100, `maxlevel`=100, `faction`=14, `BaseAttackTime`=2000, `RangeAttackTime`=2000, `unit_class`=8, `unit_flags`=33536, `unit_flags3`=1 WHERE `entry`=102620; -- Taldath the Destroyer
UPDATE `creature_template` SET `minlevel`=110, `maxlevel`=110, `BaseAttackTime`=2000, `RangeAttackTime`=2000, `unit_flags`=33555264, `unit_flags2`=2048, `unit_flags3`=1 WHERE `entry`=113610; -- Lord Malgath
UPDATE `creature_template` SET `minlevel`=105, `maxlevel`=110, `faction`=1720, `BaseAttackTime`=2000, `RangeAttackTime`=2000, `unit_flags`=32832, `unit_flags2`=2048 WHERE `entry`=102369; -- Felstalker Ravener
UPDATE `creature_template` SET `minlevel`=98, `maxlevel`=110, `faction`=16, `speed_run`=1.428571, `BaseAttackTime`=2000, `RangeAttackTime`=2000, `unit_flags`=33600, `unit_flags2`=2099200, `unit_flags3`=1 WHERE `entry`=101976; -- Millificent Manastorm
UPDATE `creature_template` SET `minlevel`=105, `maxlevel`=110, `faction`=16, `speed_walk`=2.8, `speed_run`=2, `BaseAttackTime`=1500, `RangeAttackTime`=2000, `unit_class`=4, `unit_flags`=33600, `unit_flags2`=2097152 WHERE `entry`=101995; -- Festerface
UPDATE `creature_template` SET `minlevel`=98, `maxlevel`=110, `faction`=16, `speed_walk`=1.6, `speed_run`=1.714286, `BaseAttackTime`=1500, `RangeAttackTime`=2000, `unit_class`=2, `unit_flags`=33600, `unit_flags2`=4196352 WHERE `entry`=101950; -- Mindflayer Kaahrj
UPDATE `creature_template` SET `minlevel`=98, `maxlevel`=110, `faction`=974, `speed_walk`=2, `speed_run`=1.5873, `BaseAttackTime`=2000, `RangeAttackTime`=2000, `unit_flags`=33600, `unit_flags2`=4196352, `unit_flags3`=1, `HoverHeight`=9 WHERE `entry`=101951; -- Shivermaw
UPDATE `creature_template` SET `unit_flags2`=2097152 WHERE `entry`=30883; -- Dalaran Prison Event Controller
UPDATE `creature_template` SET `minlevel`=80, `maxlevel`=80, `unit_flags3`=1 WHERE `entry`=32204; -- Lieutenant Sinclari
UPDATE `creature_template` SET `minlevel`=105, `maxlevel`=110, `faction`=1720, `speed_run`=1, `BaseAttackTime`=2000, `RangeAttackTime`=2000, `unit_flags`=64, `unit_flags2`=4196352 WHERE `entry`=102336; -- Portal Keeper
UPDATE `creature_template` SET `unit_flags3`=1 WHERE `entry`=30896; -- Prison Door Seal
UPDATE `creature_template` SET `minlevel`=98, `maxlevel`=110, `faction`=16, `BaseAttackTime`=3000, `RangeAttackTime`=2000, `unit_flags`=33600, `unit_flags2`=2099200 WHERE `entry`=102246; -- Anub'esset
UPDATE `creature_template` SET `unit_flags`=32768 WHERE `entry`=14881; -- Spider
UPDATE `creature_template` SET `unit_flags`=570688320, `unit_flags2`=2049 WHERE `entry`=30659; -- Violet Hold Guard
UPDATE `creature_template` SET `minlevel`=100, `maxlevel`=100, `faction`=954, `speed_run`=1, `BaseAttackTime`=2000, `RangeAttackTime`=2000, `unit_class`=2, `unit_flags`=33587200 WHERE `entry`=102671; -- Prison Cell
UPDATE `creature_template` SET `faction`=14, `speed_run`=0.9920629, `BaseAttackTime`=2000, `RangeAttackTime`=2000, `unit_flags`=33554688, `unit_flags2`=2048, `unit_flags3`=1 WHERE `entry`=102489; -- Web Invisible Stalker
UPDATE `creature_template` SET `minlevel`=100, `maxlevel`=110, `speed_run`=1, `BaseAttackTime`=2000, `RangeAttackTime`=2000, `unit_flags`=33555200, `unit_flags2`=4196352, `unit_flags3`=1 WHERE `entry`=102281; -- Teleportation Portal
UPDATE `creature_template` SET `minlevel`=105, `maxlevel`=110, `faction`=14, `speed_run`=1, `BaseAttackTime`=2000, `RangeAttackTime`=2000, `unit_flags`=33536, `unit_flags2`=2048 WHERE `entry`=104529; -- Lyndras
UPDATE `creature_template` SET `minlevel`=98, `maxlevel`=110, `faction`=16, `speed_walk`=2.8, `speed_run`=2, `BaseAttackTime`=1500, `RangeAttackTime`=2000, `unit_class`=2, `unit_flags`=33600 WHERE `entry`=102431; -- Blood-Princess Thal'ena
UPDATE `creature_template` SET `unit_flags3`=1 WHERE `entry`=30857; -- Defense Dummy Target
UPDATE `creature_template` SET `minlevel`=100, `maxlevel`=110, `speed_run`=1, `BaseAttackTime`=2000, `RangeAttackTime`=2000, `unit_flags`=33554688, `unit_flags2`=4196352, `unit_flags3`=1 WHERE `entry`=102279; -- Teleportation Portal
UPDATE `creature_template` SET `minlevel`=102, `maxlevel`=110, `faction`=1720, `BaseAttackTime`=1500, `RangeAttackTime`=2000, `unit_flags`=570688256, `unit_flags2`=2049 WHERE `entry`=102269; -- Felstalker Ravener
UPDATE `creature_template` SET `unit_flags`=33554432, `unit_flags3`=1 WHERE `entry`=53488; -- Summon Enabler Stalker
UPDATE `creature_template` SET `minlevel`=100, `maxlevel`=100, `faction`=14, `BaseAttackTime`=2000, `RangeAttackTime`=2000, `unit_flags`=33555200, `unit_flags2`=4196352, `unit_flags3`=1 WHERE `entry`=92879; -- SLG Generic Stalker (Gigantic AOI)
UPDATE `creature_template` SET `minlevel`=102, `maxlevel`=110, `faction`=1720, `speed_run`=1, `BaseAttackTime`=2000, `RangeAttackTime`=2000, `unit_flags`=570688256, `unit_flags2`=2049 WHERE `entry`=102272; -- Felguard Destroyer

DELETE FROM `gameobject_template` WHERE `entry` IN (246993 /*Cell*/, 246992 /*Cell*/, 246994 /*Cell*/, 247385 /*Cell*/, 246998 /*Cell*/, 247544 /*Doodad_7DU_VioletHold_trapdoor001*/, 247000 /*Cell*/, 247005 /*Prison Barrier*/, 246996 /*Cell*/, 246990 /*Cell*/, 247002 /*Prison Seal*/, 246995 /*Cell*/, 246999 /*Cell*/, 246997 /*Cell*/);
INSERT INTO `gameobject_template` (`entry`, `type`, `displayId`, `IconName`, `unk1`, `size`, `Data0`, `Data1`, `Data2`, `Data3`, `Data4`, `Data5`, `Data6`, `Data7`, `Data8`, `Data9`, `Data10`, `Data11`, `Data12`, `Data13`, `Data14`, `Data15`, `Data16`, `Data17`, `Data18`, `Data19`, `Data20`, `Data21`, `Data22`, `Data23`, `Data24`, `Data25`, `Data26`, `Data27`, `Data28`, `Data29`, `Data30`, `Data31`, `Data32`, `RequiredLevel`, `VerifiedBuild`) VALUES
(246993, 0, 8112, 'Cell', '', 0.5146566, 0, 0, 0, 0, 0, 0, 0, 0, 0, 0, 0, 0, 0, 0, 0, 0, 0, 0, 0, 0, 0, 0, 0, 0, 0, 0, 0, 0, 0, 0, 0, 0, 0, 0, 22908), -- Cell
(246992, 0, 8112, 'Cell', '', 0.5146625, 0, 0, 0, 0, 0, 0, 0, 0, 0, 0, 0, 0, 0, 0, 0, 0, 0, 0, 0, 0, 0, 0, 0, 0, 0, 0, 0, 0, 0, 0, 0, 0, 0, 0, 22908), -- Cell
(246994, 0, 8112, 'Cell', '', 0.5097218, 0, 0, 0, 0, 0, 0, 0, 0, 0, 0, 0, 0, 0, 0, 0, 0, 0, 0, 0, 0, 0, 0, 0, 0, 0, 0, 0, 0, 0, 0, 0, 0, 0, 0, 22908), -- Cell
(247385, 0, 8112, 'Cell', '', 0.6643291, 0, 0, 0, 0, 0, 0, 0, 0, 0, 0, 0, 0, 0, 0, 0, 0, 0, 0, 0, 0, 0, 0, 0, 0, 0, 0, 0, 0, 0, 0, 0, 0, 0, 0, 22908), -- Cell
(246998, 0, 8112, 'Cell', '', 1.039191, 0, 0, 0, 0, 0, 0, 0, 0, 0, 0, 0, 0, 0, 0, 0, 0, 0, 0, 0, 0, 0, 0, 0, 0, 0, 0, 0, 0, 0, 0, 0, 0, 0, 0, 22908), -- Cell
(247544, 35, 32269, 'Doodad_7DU_VioletHold_trapdoor001', '', 1, 0, 0, 0, 1, 0, 0, 0, 0, 0, 0, 0, 0, 0, 0, 0, 0, 0, 0, 0, 0, 0, 0, 0, 0, 0, 0, 0, 0, 0, 0, 0, 0, 0, 0, 22908), -- Doodad_7DU_VioletHold_trapdoor001
(247000, 0, 8121, 'Cell', '', 1, 0, 0, 0, 0, 0, 0, 0, 0, 0, 0, 0, 0, 0, 0, 0, 0, 0, 0, 0, 0, 0, 0, 0, 0, 0, 0, 0, 0, 0, 0, 0, 0, 0, 0, 22908), -- Cell
(247005, 0, 8112, 'Prison Barrier', '', 0.2625, 0, 93, 0, 0, 24815, 0, 0, 38918, 0, 0, 0, 0, 0, 0, 0, 0, 0, 0, 0, 0, 0, 0, 0, 0, 0, 0, 0, 0, 0, 0, 0, 0, 0, 0, 22908), -- Prison Barrier
(246996, 0, 8112, 'Cell', '', 0.45, 0, 0, 0, 0, 0, 0, 0, 0, 0, 0, 0, 0, 0, 0, 0, 0, 0, 0, 0, 0, 0, 0, 0, 0, 0, 0, 0, 0, 0, 0, 0, 0, 0, 0, 22908), -- Cell
(246990, 0, 8112, 'Cell', '', 0.2625, 0, 0, 0, 0, 0, 0, 0, 0, 0, 0, 0, 0, 0, 0, 0, 0, 0, 0, 0, 0, 0, 0, 0, 0, 0, 0, 0, 0, 0, 0, 0, 0, 0, 0, 22908), -- Cell
(247002, 0, 8157, 'Prison Seal', '', 1, 1, 0, 0, 0, 0, 0, 0, 0, 1, 0, 0, 0, 0, 0, 0, 0, 0, 0, 0, 0, 0, 0, 0, 0, 0, 0, 0, 0, 0, 0, 0, 0, 0, 0, 22908), -- Prison Seal
(246995, 0, 8112, 'Cell', '', 0.45, 0, 0, 0, 0, 0, 0, 0, 0, 0, 0, 0, 0, 0, 0, 0, 0, 0, 0, 0, 0, 0, 0, 0, 0, 0, 0, 0, 0, 0, 0, 0, 0, 0, 0, 22908), -- Cell
(246999, 0, 8112, 'Cell', '', 1.125, 0, 0, 0, 0, 0, 0, 0, 0, 0, 0, 0, 0, 0, 0, 0, 0, 0, 0, 0, 0, 0, 0, 0, 0, 0, 0, 0, 0, 0, 0, 0, 0, 0, 0, 22908), -- Cell
(246997, 0, 8112, 'Cell', '', 0.45, 0, 0, 0, 0, 0, 0, 0, 0, 0, 0, 0, 0, 0, 0, 0, 0, 0, 0, 0, 0, 0, 0, 0, 0, 0, 0, 0, 0, 0, 0, 0, 0, 0, 0, 22908); -- Cell

UPDATE `gameobject_template` SET `type`=3, `displayId`=10, `Data0`=1634, `Data3`=1, `Data10`=1, `Data11`=1, `Data12`=1, `Data13`=1, `Data15`=1, `Data18`=110, `Data19`=8, `Data21`=1, `Data25`=1847, `Data27`=1, `Data30`=68161, `RequiredLevel`=98, `VerifiedBuild`=22908 WHERE `entry`=246430; -- Millificent's Discarded Lockbox
UPDATE `gameobject_template` SET `type`=3, `displayId`=7089, `IconName`='questinteract', `size`=2, `Data0`=93, `Data14`=96454, `Data16`=1, `Data30`=65992, `Data31`=1, `VerifiedBuild`=22908 WHERE `entry`=249733; -- Plasmatic Laser Bolt
UPDATE `gameobject_template` SET `VerifiedBuild`=22908 WHERE `entry`=233282; -- Refreshment Table
UPDATE `gameobject_template` SET `Data10`=1, `VerifiedBuild`=22908 WHERE `entry`=193615; -- Intro Activation Crystal
UPDATE `gameobject_template` SET `Data10`=1, `VerifiedBuild`=22908 WHERE `entry`=193611; -- Activation Crystal


UPDATE `gameobject_questitem` SET `VerifiedBuild`=22908 WHERE (`GameObjectEntry`=249733 AND `Idx`=0); -- Plasmatic Laser Bolt

