SET @CGUID := 650469;
SET @OGUID := 400132;

-- Creature
DELETE FROM `creature` WHERE `guid` BETWEEN @CGUID+0 AND @CGUID+111;
INSERT INTO `creature` (`guid`, `id`, `map`, `zoneId`, `areaId`, `spawnDifficulties`, `PhaseId`, `PhaseGroup`, `modelid`, `equipment_id`, `position_x`, `position_y`, `position_z`, `orientation`, `spawntimesecs`, `wander_distance`, `currentwaypoint`, `curhealth`, `curmana`, `MovementType`, `npcflag`, `unit_flags`, `dynamicflags`, `VerifiedBuild`) VALUES
(@CGUID+0, 97163, 1492, 7812, 7812, '1,2,8,23', 0, 0, 0, 0, 7304.203125, 7278.1796875, 48.78083419799804687, 1.93704390525817871, 7200, 0, 0, 2811, 0, 0, 0, 0, 0, 45745), -- Cursed Falke (Area: -Unknown- - Difficulty: 23) (Auras: 191889 - Dive)
(@CGUID+1, 102894, 1492, 7812, 7812, '1,2,8,23', 0, 0, 0, 0, 7362.3369140625, 7317.048828125, 43.867431640625, 4.486272811889648437, 7200, 0, 0, 10352, 533107, 0, 0, 0, 0, 45745), -- Runecarver Slave (Area: -Unknown- - Difficulty: 23)
(@CGUID+2, 102104, 1492, 7812, 7812, '1,2,8,23', 0, 0, 0, 0, 7366.3125, 7275.134765625, 43.95937347412109375, 2.038349866867065429, 7200, 0, 0, 17570, 0, 0, 0, 0, 0, 45745), -- Enslaved Shieldmaiden (Area: -Unknown- - Difficulty: 23)
(@CGUID+3, 102375, 1492, 7812, 7812, '1,2,8,23', 0, 0, 0, 0, 7374.1474609375, 7275.220703125, 43.8818359375, 2.038349866867065429, 7200, 0, 0, 11244, 533107, 0, 0, 0, 0, 45745), -- Runecarver Slave (Area: -Unknown- - Difficulty: 23)
(@CGUID+4, 97163, 1492, 7812, 7812, '1,2,8,23', 0, 0, 0, 0, 7236.2724609375, 7291.5625, 22.618072509765625, 5.710049629211425781, 7200, 0, 0, 2811, 0, 0, 0, 0, 0, 45745), -- Cursed Falke (Area: -Unknown- - Difficulty: 23) (Auras: 196024 - Helheim, 196025 - Helheim)
(@CGUID+5, 97163, 1492, 7812, 7812, '1,2,8,23', 0, 0, 0, 0, 7243.03662109375, 7291.4140625, 22.59917831420898437, 4.315314292907714843, 7200, 0, 0, 2811, 0, 0, 0, 0, 0, 45745), -- Cursed Falke (Area: -Unknown- - Difficulty: 23) (Auras: 196024 - Helheim, 196025 - Helheim)
(@CGUID+6, 120652, 1492, 7812, 7812, '1,2,8,23', 0, 0, 0, 0, 7214.9287109375, 7307.47119140625, 22.36721038818359375, 5.812093257904052734, 7200, 0, 0, 8211, 0, 0, 0, 0, 0, 45745), -- Global Affix Stalker (Area: -Unknown- - Difficulty: 23)
(@CGUID+7, 97043, 1492, 7812, 7812, '1,2,8,23', 0, 0, 0, 1, 7272.671875, 7307.9140625, 30.79326057434082031, 4.214230537414550781, 7200, 0, 0, 18097, 0, 0, 0, 0, 0, 45745), -- Seacursed Slaver (Area: -Unknown- - Difficulty: 23) (Auras: )
(@CGUID+8, 102375, 1492, 7812, 7812, '1,2,8,23', 0, 0, 0, 0, 7370.08349609375, 7273.212890625, 44.02735137939453125, 2.038349866867065429, 7200, 0, 0, 11244, 533107, 0, 0, 0, 0, 45745), -- Runecarver Slave (Area: -Unknown- - Difficulty: 23)
(@CGUID+9, 97163, 1492, 7812, 7812, '1,2,8,23', 0, 0, 0, 0, 7247.71337890625, 7290.72216796875, 26.01198577880859375, 3.969554662704467773, 7200, 0, 0, 2811, 0, 0, 0, 0, 0, 45745), -- Cursed Falke (Area: -Unknown- - Difficulty: 23) (Auras: 196024 - Helheim, 196025 - Helheim)
(@CGUID+10, 97163, 1492, 7812, 7812, '1,2,8,23', 0, 0, 0, 0, 7276.4189453125, 7281.59765625, 49.56293487548828125, 2.337175846099853515, 7200, 0, 0, 2811, 0, 0, 0, 0, 0, 45745), -- Cursed Falke (Area: -Unknown- - Difficulty: 23)
(@CGUID+11, 97163, 1492, 7812, 7812, '1,2,8,23', 0, 0, 0, 0, 7232.3603515625, 7286.830078125, 22.3586883544921875, 0.323314160108566284, 7200, 0, 0, 2811, 0, 0, 0, 0, 0, 45745), -- Cursed Falke (Area: -Unknown- - Difficulty: 23) (Auras: 196024 - Helheim, 196025 - Helheim)
(@CGUID+12, 114712, 1492, 7812, 7812, '1,2,8,23', 0, 0, 0, 0, 7387.0087890625, 7299.40185546875, 43.867431640625, 5.835454463958740234, 7200, 0, 0, 11244, 533107, 0, 0, 0, 0, 45745), -- Runecarver Slave (Area: -Unknown- - Difficulty: 23)
(@CGUID+13, 97163, 1492, 7812, 7812, '1,2,8,23', 0, 0, 0, 0, 7261.84619140625, 7275.80908203125, 30.06503677368164062, 4.145045757293701171, 7200, 0, 0, 2811, 0, 0, 0, 0, 0, 45745), -- Cursed Falke (Area: -Unknown- - Difficulty: 23) (Auras: 196024 - Helheim, 196025 - Helheim)
(@CGUID+14, 97163, 1492, 7812, 7812, '1,2,8,23', 0, 0, 0, 0, 7302.24755859375, 7307.705078125, 66.06635284423828125, 2.337567329406738281, 7200, 0, 0, 2811, 0, 0, 0, 0, 0, 45745), -- Cursed Falke (Area: -Unknown- - Difficulty: 23)
(@CGUID+15, 97163, 1492, 7812, 7812, '1,2,8,23', 0, 0, 0, 0, 7316.8359375, 7244.77978515625, 18.60527420043945312, 5.505509376525878906, 7200, 0, 0, 2811, 0, 0, 0, 0, 0, 45745), -- Cursed Falke (Area: -Unknown- - Difficulty: 23) (Auras: 191889 - Dive)
(@CGUID+16, 114712, 1492, 7812, 7812, '1,2,8,23', 0, 0, 0, 0, 7384.60791015625, 7286.06689453125, 43.867431640625, 0.510935962200164794, 7200, 0, 0, 11244, 533107, 0, 0, 0, 0, 45745), -- Runecarver Slave (Area: -Unknown- - Difficulty: 23)
(@CGUID+17, 97163, 1492, 7812, 7812, '1,2,8,23', 0, 0, 0, 0, 7345.13916015625, 7266.3115234375, 70.7076263427734375, 1.111571431159973144, 7200, 0, 0, 2811, 0, 0, 0, 0, 0, 45745), -- Cursed Falke (Area: -Unknown- - Difficulty: 23) (Auras: 191889 - Dive)
(@CGUID+18, 97163, 1492, 7812, 7812, '1,2,8,23', 0, 0, 0, 0, 7302.2578125, 7304.41259765625, 54.85698318481445312, 4.612475872039794921, 7200, 0, 0, 2811, 0, 0, 0, 0, 0, 45745), -- Cursed Falke (Area: -Unknown- - Difficulty: 23) (Auras: 191889 - Dive)
(@CGUID+19, 114712, 1492, 7812, 7812, '1,2,8,23', 0, 0, 0, 0, 7381.9775390625, 7295.84228515625, 43.85630035400390625, 0.212170317769050598, 7200, 0, 0, 11244, 533107, 0, 0, 0, 0, 45745), -- Runecarver Slave (Area: -Unknown- - Difficulty: 23)
(@CGUID+20, 97043, 1492, 7812, 7812, '1,2,8,23', 0, 0, 0, 1, 7352.40966796875, 7300.0693359375, 43.32478713989257812, 1.267673134803771972, 7200, 0, 0, 18097, 0, 0, 0, 0, 0, 45745), -- Seacursed Slaver (Area: -Unknown- - Difficulty: 23) (Auras: )
(@CGUID+21, 97200, 1492, 7812, 7812, '1,2,8,23', 0, 0, 0, 1, 7321.193359375, 7304.673828125, 40.73722076416015625, 3.143546342849731445, 7200, 0, 0, 23628, 0, 0, 0, 0, 0, 45745), -- Seacursed Soulkeeper (Area: -Unknown- - Difficulty: 23)
(@CGUID+22, 97163, 1492, 7812, 7812, '1,2,8,23', 0, 0, 0, 0, 7229.1337890625, 7267.43310546875, 46.96512603759765625, 1.432973504066467285, 7200, 0, 0, 2811, 0, 0, 0, 0, 0, 45745), -- Cursed Falke (Area: -Unknown- - Difficulty: 23) (Auras: 191889 - Dive)
(@CGUID+23, 97163, 1492, 7812, 7812, '1,2,8,23', 0, 0, 0, 0, 7323.81640625, 7241.73974609375, 86.4594268798828125, 5.496755599975585937, 7200, 0, 0, 2811, 0, 0, 0, 0, 0, 45745), -- Cursed Falke (Area: -Unknown- - Difficulty: 23)
(@CGUID+24, 97043, 1492, 7812, 7812, '1,2,8,23', 0, 0, 0, 1, 7363.8896484375, 7278.8916015625, 43.87113189697265625, 6.018615245819091796, 7200, 0, 0, 18097, 0, 0, 0, 0, 0, 45745), -- Seacursed Slaver (Area: -Unknown- - Difficulty: 23) (Auras: )
(@CGUID+25, 97200, 1492, 7812, 7812, '1,2,8,23', 0, 0, 0, 1, 7371.0146484375, 7282.0625, 43.86823654174804687, 4.821635723114013671, 7200, 0, 0, 23628, 0, 0, 0, 0, 0, 45745), -- Seacursed Soulkeeper (Area: -Unknown- - Difficulty: 23)
(@CGUID+26, 102896, 1492, 7812, 7812, '1,2,8,23', 0, 0, 0, 0, 7272.85693359375, 7288.39306640625, 33.83195877075195312, 2.237862348556518554, 7200, 0, 0, 16180, 0, 0, 0, 0, 0, 45745), -- Enslaved Shieldmaiden (Area: -Unknown- - Difficulty: 23)
(@CGUID+27, 97163, 1492, 7812, 7812, '1,2,8,23', 0, 0, 0, 0, 7349.7802734375, 7260.90625, 69.42624664306640625, 1.482801198959350585, 7200, 0, 0, 2811, 0, 0, 0, 0, 0, 45745), -- Cursed Falke (Area: -Unknown- - Difficulty: 23) (Auras: 191889 - Dive)
(@CGUID+28, 97043, 1492, 7812, 7812, '1,2,8,23', 0, 0, 0, 1, 7356.29150390625, 7300.1328125, 43.56019210815429687, 2.470122337341308593, 7200, 0, 0, 18097, 0, 0, 0, 0, 0, 45745), -- Seacursed Slaver (Area: -Unknown- - Difficulty: 23) (Auras: )
(@CGUID+29, 102896, 1492, 7812, 7812, '1,2,8,23', 0, 0, 0, 0, 7348.62353515625, 7315.27978515625, 43.86742782592773437, 5.01837158203125, 7200, 0, 0, 16180, 0, 0, 0, 0, 0, 45745), -- Enslaved Shieldmaiden (Area: -Unknown- - Difficulty: 23)
(@CGUID+30, 114712, 1492, 7812, 7812, '1,2,8,23', 0, 0, 0, 0, 7386.5087890625, 7304.94873046875, 43.92299652099609375, 5.692230701446533203, 7200, 0, 0, 11244, 533107, 0, 0, 0, 0, 45745), -- Runecarver Slave (Area: -Unknown- - Difficulty: 23)
(@CGUID+31, 101013, 1492, 7812, 7812, '1,2,8,23', 0, 0, 0, 0, 7355.517578125, 7315.78466796875, 48.01327896118164062, 4.297879219055175781, 7200, 0, 0, 3236, 0, 0, 0, 0, 0, 45745), -- Captured Runecarver (Area: -Unknown- - Difficulty: 23) (Auras: )
(@CGUID+32, 97163, 1492, 7812, 7812, '1,2,8,23', 0, 0, 0, 0, 7235.70751953125, 7268.24853515625, 23.21821212768554687, 4.723186969757080078, 7200, 0, 0, 2811, 0, 0, 0, 0, 0, 45745), -- Cursed Falke (Area: -Unknown- - Difficulty: 23) (Auras: 196024 - Helheim, 196025 - Helheim)
(@CGUID+33, 102108, 1492, 7812, 7812, '1,2,8,23', 0, 0, 0, 0, 7266.52587890625, 7283.82275390625, 27.3165435791015625, 1.752549648284912109, 7200, 0, 0, 3236, 0, 0, 0, 0, 0, 45745), -- Captured Shieldmaiden (Area: -Unknown- - Difficulty: 23) (Auras: )
(@CGUID+34, 97163, 1492, 7812, 7812, '1,2,8,23', 0, 0, 0, 0, 7318.9755859375, 7320.52880859375, 53.02056503295898437, 3.743757963180541992, 7200, 0, 0, 2811, 0, 0, 0, 0, 0, 45745), -- Cursed Falke (Area: -Unknown- - Difficulty: 23) (Auras: 191889 - Dive)
(@CGUID+35, 97163, 1492, 7812, 7812, '1,2,8,23', 0, 0, 0, 0, 7398.693359375, 7295.421875, 91.90793609619140625, 2.044580459594726562, 7200, 0, 0, 2811, 0, 0, 0, 0, 0, 45745), -- Cursed Falke (Area: -Unknown- - Difficulty: 23)
(@CGUID+36, 111374, 1492, 7812, 7812, '1,2,8,23', 0, 0, 0, 0, 7427.31884765625, 7277.1328125, 43.23317337036132812, 0, 7200, 0, 0, 3236, 0, 0, 0, 0, 0, 45745), -- Xal'atath (Area: -Unknown- - Difficulty: 23)
(@CGUID+37, 114712, 1492, 7812, 7812, '1,2,8,23', 0, 0, 0, 0, 7386.74462890625, 7292.16162109375, 43.867431640625, 0.05482223629951477, 7200, 0, 0, 11244, 533107, 0, 0, 0, 0, 45745), -- Runecarver Slave (Area: -Unknown- - Difficulty: 23)
(@CGUID+38, 96756, 1492, 7812, 7812, '1,2,8,23', 0, 0, 0, 0, 7407.9541015625, 7265.25537109375, 51.08704757690429687, 5.549541950225830078, 7200, 0, 0, 131635, 0, 0, 0, 0, 0, 45745), -- Ymiron, the Fallen King (Area: -Unknown- - Difficulty: 23) (Auras: 342788 - -Unknown-, 197227 - Kneeling)
(@CGUID+39, 97163, 1492, 7812, 7812, '1,2,8,23', 0, 0, 0, 0, 7361.3662109375, 7193.775390625, 26.34376335144042968, 1.695675134658813476, 7200, 0, 0, 2811, 0, 0, 0, 0, 0, 45745), -- Cursed Falke (Area: -Unknown- - Difficulty: 23) (Auras: 191889 - Dive)
(@CGUID+40, 114712, 1492, 7812, 7812, '1,2,8,23', 0, 0, 0, 0, 7393.35791015625, 7306.0380859375, 43.9120941162109375, 5.583257198333740234, 7200, 0, 0, 11244, 533107, 0, 0, 0, 0, 45745), -- Runecarver Slave (Area: -Unknown- - Difficulty: 23)
(@CGUID+41, 97163, 1492, 7812, 7812, '1,2,8,23', 0, 0, 0, 0, 7413.21923828125, 7312.5830078125, 73.867431640625, 5.15514373779296875, 7200, 0, 0, 2811, 0, 0, 0, 0, 0, 45745), -- Cursed Falke (Area: -Unknown- - Difficulty: 23)
(@CGUID+42, 114712, 1492, 7812, 7812, '1,2,8,23', 0, 0, 0, 0, 7393.05224609375, 7312.5400390625, 43.867431640625, 5.583257198333740234, 7200, 0, 0, 11244, 533107, 0, 0, 0, 0, 45745), -- Runecarver Slave (Area: -Unknown- - Difficulty: 23)
(@CGUID+43, 97163, 1492, 7812, 7812, '1,2,8,23', 0, 0, 0, 0, 7429.30810546875, 7270.04248046875, 100.2640533447265625, 4.56368255615234375, 7200, 0, 0, 2811, 0, 0, 0, 0, 0, 45745), -- Cursed Falke (Area: -Unknown- - Difficulty: 23)
(@CGUID+44, 97163, 1492, 7812, 7812, '1,2,8,23', 0, 0, 0, 0, 7394.72509765625, 7186.671875, 40.5897064208984375, 6.126224994659423828, 7200, 0, 0, 2811, 0, 0, 0, 0, 0, 45745), -- Cursed Falke (Area: -Unknown- - Difficulty: 23) (Auras: 191889 - Dive)
(@CGUID+45, 97163, 1492, 7812, 7812, '1,2,8,23', 0, 0, 0, 0, 7396.69873046875, 7181.06884765625, 40.50397491455078125, 4.511701107025146484, 7200, 0, 0, 2811, 0, 0, 0, 0, 0, 45745), -- Cursed Falke (Area: -Unknown- - Difficulty: 23) (Auras: 191889 - Dive)
(@CGUID+46, 114712, 1492, 7812, 7812, '1,2,8,23', 0, 0, 0, 0, 7390.375, 7285.9296875, 43.867431640625, 0.328258037567138671, 7200, 0, 0, 11244, 533107, 0, 0, 0, 0, 45745), -- Runecarver Slave (Area: -Unknown- - Difficulty: 23)
(@CGUID+47, 97200, 1492, 7812, 7811, '1,2,8,23', 0, 0, 0, 1, 2905.609375, 836.373291015625, 515.24334716796875, 3.811235427856445312, 7200, 0, 0, 23628, 0, 0, 0, 0, 0, 45745), -- Seacursed Soulkeeper (Area: -Unknown- - Difficulty: 23)
(@CGUID+48, 102325, 1492, 7812, 7811, '1,2,8,23', 0, 0, 0, 1, 2910.146728515625, 851.95660400390625, 510.633056640625, 1.570796370506286621, 7200, 0, 0, 3236, 0, 0, 0, 0, 0, 45745), -- Seacursed Rower (Area: -Unknown- - Difficulty: 23) (Auras: )
(@CGUID+49, 103115, 1492, 7812, 7811, '1,2,8,23', 0, 0, 0, 0, 2922.596435546875, 876.42364501953125, 515.24334716796875, 5.736161708831787109, 7200, 0, 0, 3236, 0, 0, 0, 0, 0, 45745), -- Helheim (Area: -Unknown- - Difficulty: 23) (Auras: 204001 - Kvaldir Cage)
(@CGUID+50, 103115, 1492, 7812, 7811, '1,2,8,23', 0, 0, 0, 0, 2922.2353515625, 870.19964599609375, 515.24334716796875, 6.280761241912841796, 7200, 0, 0, 3236, 0, 0, 0, 0, 0, 45745), -- Helheim (Area: -Unknown- - Difficulty: 23) (Auras: 204001 - Kvaldir Cage)
(@CGUID+51, 98919, 1492, 7812, 7811, '1,2,8,23', 0, 0, 0, 1, 2962.838623046875, 833.32464599609375, 515.24334716796875, 1.265841960906982421, 7200, 0, 0, 14935, 0, 0, 0, 0, 0, 45745), -- Seacursed Swiftblade (Area: -Unknown- - Difficulty: 23) (Auras: 195219 - Eye Patch, 42459 - Dual Wield)
(@CGUID+52, 99188, 1492, 7812, 7811, '1,2,8,23', 0, 0, 0, 1, 2930.44873046875, 840.170166015625, 515.1190185546875, 4.658661365509033203, 7200, 0, 0, 19084, 0, 0, 0, 0, 0, 45745), -- Waterlogged Soul Guard (Area: -Unknown- - Difficulty: 23)
(@CGUID+53, 102327, 1492, 7812, 7811, '1,2,8,23', 0, 0, 0, 1, 2952.943603515625, 832.232666015625, 510.633056640625, 1.570796370506286621, 7200, 0, 0, 3236, 0, 0, 0, 0, 0, 45745), -- Seacursed Rower (Area: -Unknown- - Difficulty: 23) (Auras: )
(@CGUID+54, 103115, 1492, 7812, 7811, '1,2,8,23', 0, 0, 0, 0, 2945.721435546875, 874.71875, 515.24334716796875, 3.447547674179077148, 7200, 0, 0, 3236, 0, 0, 0, 0, 0, 45745), -- Helheim (Area: -Unknown- - Difficulty: 23) (Auras: 204001 - Kvaldir Cage)
(@CGUID+55, 102325, 1492, 7812, 7811, '1,2,8,23', 0, 0, 0, 1, 2910.146728515625, 833.0242919921875, 510.633056640625, 1.570796370506286621, 7200, 0, 0, 3236, 0, 0, 0, 0, 0, 45745), -- Seacursed Rower (Area: -Unknown- - Difficulty: 23) (Auras: )
(@CGUID+56, 99188, 1492, 7812, 7811, '1,2,8,23', 0, 0, 0, 1, 2935.3759765625, 840.23089599609375, 515.02752685546875, 4.738481044769287109, 7200, 0, 0, 19084, 0, 0, 0, 0, 0, 45745), -- Waterlogged Soul Guard (Area: -Unknown- - Difficulty: 23)
(@CGUID+57, 97365, 1492, 7812, 7811, '1,2,8,23', 0, 0, 0, 1, 2905.725830078125, 831.05035400390625, 515.24334716796875, 2.246976137161254882, 7200, 0, 0, 13352, 3801, 0, 0, 0, 0, 45745), -- Seacursed Mistmender (Area: -Unknown- - Difficulty: 23)
(@CGUID+58, 120652, 1492, 7812, 7811, '1,2,8,23', 0, 0, 0, 0, 2931.58251953125, 873.42364501953125, 515.28875732421875, 1.552699565887451171, 7200, 0, 0, 8211, 0, 0, 0, 0, 0, 45745), -- Global Affix Stalker (Area: -Unknown- - Difficulty: 23)
(@CGUID+59, 97163, 1492, 7812, 7811, '1,2,8,23', 0, 0, 0, 0, 2903.606689453125, 821.234375, 515.24334716796875, 4.086381912231445312, 7200, 0, 0, 2811, 0, 0, 0, 0, 0, 45745), -- Cursed Falke (Area: -Unknown- - Difficulty: 23) (Auras: 191889 - Dive)
(@CGUID+60, 103115, 1492, 7812, 7811, '1,2,8,23', 0, 0, 0, 0, 2942.4072265625, 879.76910400390625, 515.24334716796875, 4.018917083740234375, 7200, 0, 0, 3236, 0, 0, 0, 0, 0, 45745), -- Helheim (Area: -Unknown- - Difficulty: 23) (Auras: 204001 - Kvaldir Cage)
(@CGUID+61, 188142, 1492, 7812, 7811, '1,2,8,23', 0, 0, 0, 0, 2926.979248046875, 877.86285400390625, 515.24334716796875, 5.167421340942382812, 7200, 0, 0, 2463, 0, 0, 0, 0, 0, 45745), -- Motion Sick Peon's Soul (Area: -Unknown- - Difficulty: 23)
(@CGUID+62, 97163, 1492, 7812, 7811, '1,2,8,23', 0, 0, 0, 0, 2902.225830078125, 817.12152099609375, 515.24334716796875, 1.342425942420959472, 7200, 0, 0, 2811, 0, 0, 0, 0, 0, 45745), -- Cursed Falke (Area: -Unknown- - Difficulty: 23) (Auras: 191889 - Dive)
(@CGUID+63, 97119, 1492, 7812, 7811, '1,2,8,23', 0, 0, 0, 0, 2950.74560546875, 805.65972900390625, 515.0328369140625, 5.165202140808105468, 7200, 0, 0, 5271, 0, 0, 0, 0, 0, 45745), -- Shroud Hound (Area: -Unknown- - Difficulty: 23) (Auras: 145953 - Cosmetic - Sleep Zzz)
(@CGUID+64, 98919, 1492, 7812, 7811, '1,2,8,23', 0, 0, 0, 1, 2903.4619140625, 825.83331298828125, 515.24334716796875, 2.370274066925048828, 7200, 0, 0, 14935, 0, 0, 0, 0, 0, 45745), -- Seacursed Swiftblade (Area: -Unknown- - Difficulty: 23) (Auras: 195219 - Eye Patch, 197227 - Kneeling, 42459 - Dual Wield)
(@CGUID+65, 111833, 1492, 7812, 7811, '1,2,8,23', 0, 0, 0, 0, 2933.046875, 848.609375, 515.24334716796875, 0, 7200, 0, 0, 3236, 0, 0, 0, 0, 0, 45745), -- Thal'kiel (Area: -Unknown- - Difficulty: 23)
(@CGUID+66, 102325, 1492, 7812, 7811, '1,2,8,23', 0, 0, 0, 1, 2909.137939453125, 814.58160400390625, 510.633056640625, 1.570796370506286621, 7200, 0, 0, 3236, 0, 0, 0, 0, 0, 45745), -- Seacursed Rower (Area: -Unknown- - Difficulty: 23) (Auras: )
(@CGUID+67, 98919, 1492, 7812, 7811, '1,2,8,23', 0, 0, 0, 1, 2963.013427734375, 827.39886474609375, 515.71234130859375, 6.037667751312255859, 7200, 4, 0, 14935, 1, 0, 0, 0, 0, 45745), -- Seacursed Swiftblade (Area: -Unknown- - Difficulty: 23) (Auras: 195219 - Eye Patch, 42459 - Dual Wield)
(@CGUID+68, 103115, 1492, 7812, 7811, '1,2,8,23', 0, 0, 0, 0, 2943.060791015625, 868.951416015625, 515.24334716796875, 3.082287311553955078, 7200, 0, 0, 3236, 0, 0, 0, 0, 0, 45745), -- Helheim (Area: -Unknown- - Difficulty: 23) (Auras: 204001 - Kvaldir Cage)
(@CGUID+69, 97163, 1492, 7812, 7811, '1,2,8,23', 0, 0, 0, 0, 2898.32373046875, 817.125, 519.0611572265625, 5.937057971954345703, 7200, 0, 0, 2811, 0, 0, 0, 0, 0, 45745), -- Cursed Falke (Area: -Unknown- - Difficulty: 23) (Auras: 191889 - Dive)
(@CGUID+70, 102769, 1492, 7812, 7811, '1,2,8,23', 0, 0, 0, 0, 2964.2900390625, 837.859375, 515.24334716796875, 4.11855936050415039, 7200, 0, 0, 3236, 0, 0, 0, 0, 0, 45745), -- Decrepit Runecarver (Area: -Unknown- - Difficulty: 23) (Auras: 203058 - Fallen Vrykul)
(@CGUID+71, 102327, 1492, 7812, 7811, '1,2,8,23', 0, 0, 0, 1, 2953.834228515625, 811.5625, 510.633056640625, 1.570796370506286621, 7200, 0, 0, 3236, 0, 0, 0, 0, 0, 45745), -- Seacursed Rower (Area: -Unknown- - Difficulty: 23) (Auras: )
(@CGUID+72, 102327, 1492, 7812, 7811, '1,2,8,23', 0, 0, 0, 1, 2955.67529296875, 771.2257080078125, 510.633056640625, 1.570796370506286621, 7200, 0, 0, 3236, 0, 0, 0, 0, 0, 45745), -- Seacursed Rower (Area: -Unknown- - Difficulty: 23) (Auras: )
(@CGUID+73, 99188, 1492, 7812, 7811, '1,2,8,23', 0, 0, 0, 1, 2911.403564453125, 784.1944580078125, 515.24334716796875, 0.795030295848846435, 7200, 0, 0, 19084, 0, 0, 0, 0, 0, 45745), -- Waterlogged Soul Guard (Area: -Unknown- - Difficulty: 23) (Auras: 203602 - Blocking)
(@CGUID+74, 103605, 1492, 7812, 7811, '1,2,8,23', 0, 0, 0, 0, 2919.3115234375, 770.51959228515625, 515.3472900390625, 5.143380165100097656, 7200, 0, 0, 58160, 0, 0, 0, 0, 0, 45745), -- Shroudseeker (Area: -Unknown- - Difficulty: 23) (Auras: 216133 - Shroudseeker)
(@CGUID+75, 102325, 1492, 7812, 7811, '1,2,8,23', 0, 0, 0, 1, 2910.7822265625, 793.18927001953125, 510.633056640625, 1.570796370506286621, 7200, 0, 0, 3236, 0, 0, 0, 0, 0, 45745), -- Seacursed Rower (Area: -Unknown- - Difficulty: 23) (Auras: )
(@CGUID+76, 97119, 1492, 7812, 7811, '1,2,8,23', 0, 0, 0, 0, 2950.968994140625, 796.1710205078125, 515.3472900390625, 4.682995319366455078, 7200, 6, 0, 5271, 1, 0, 0, 0, 0, 45745), -- Shroud Hound (Area: -Unknown- - Difficulty: 23)
(@CGUID+77, 102327, 1492, 7812, 7811, '1,2,8,23', 0, 0, 0, 1, 2955.65185546875, 791.9288330078125, 510.633056640625, 1.570796370506286621, 7200, 0, 0, 3236, 0, 0, 0, 0, 0, 45745), -- Seacursed Rower (Area: -Unknown- - Difficulty: 23) (Auras: )
(@CGUID+78, 99188, 1492, 7812, 7811, '1,2,8,23', 0, 0, 0, 1, 2921.48095703125, 780.44097900390625, 515.24334716796875, 1.812804698944091796, 7200, 0, 0, 19084, 0, 0, 0, 0, 0, 45745), -- Waterlogged Soul Guard (Area: -Unknown- - Difficulty: 23) (Auras: 203602 - Blocking)
(@CGUID+79, 97119, 1492, 7812, 7811, '1,2,8,23', 0, 0, 0, 0, 2959.286865234375, 808.3392333984375, 515.34722900390625, 0.076405152678489685, 7200, 6, 0, 5271, 1, 0, 0, 0, 0, 45745), -- Shroud Hound (Area: -Unknown- - Difficulty: 23)
(@CGUID+80, 102325, 1492, 7812, 7811, '1,2,8,23', 0, 0, 0, 1, 2911.3603515625, 773.1336669921875, 510.633056640625, 1.570796370506286621, 7200, 0, 0, 3236, 0, 0, 0, 0, 0, 45745), -- Seacursed Rower (Area: -Unknown- - Difficulty: 23) (Auras: )
(@CGUID+81, 97119, 1492, 7812, 7811, '1,2,8,23', 0, 0, 0, 0, 2948.134521484375, 800.84552001953125, 515.0328369140625, 0.481622040271759033, 7200, 0, 0, 5271, 0, 0, 0, 0, 0, 45745), -- Shroud Hound (Area: -Unknown- - Difficulty: 23) (Auras: 145953 - Cosmetic - Sleep Zzz)
(@CGUID+82, 111374, 1492, 7812, 7811, '1,2,8,23', 0, 0, 0, 0, 2933.454833984375, 927.279541015625, 512.49432373046875, 0, 7200, 0, 0, 3236, 0, 0, 0, 0, 0, 45745), -- Xal'atath (Area: -Unknown- - Difficulty: 23) (Auras: 194414 - Soul Cage)
(@CGUID+83, 97163, 1492, 7812, 7811, '1,2,8,23', 0, 0, 0, 0, 2978.530517578125, 779.67364501953125, 544.7955322265625, 1.585039973258972167, 7200, 0, 0, 2811, 0, 0, 0, 0, 0, 45745), -- Cursed Falke (Area: -Unknown- - Difficulty: 23) (Auras: 191835 - Helheim)
(@CGUID+84, 102742, 1492, 7812, 7811, '1,2,8,23', 0, 0, 0, 0, 2900.484375, 832.37677001953125, 515.24334716796875, 0.313765108585357666, 7200, 0, 0, 3236, 0, 0, 0, 0, 0, 45745), -- Fallen Shieldmaiden (Area: -Unknown- - Difficulty: 23) (Auras: 203038 - Fallen Vrykul)
(@CGUID+85, 97119, 1492, 7812, 7811, '1,2,8,23', 0, 0, 0, 0, 2953.30908203125, 805.09027099609375, 515.0328369140625, 3.29146575927734375, 7200, 0, 0, 5271, 0, 0, 0, 0, 0, 45745), -- Shroud Hound (Area: -Unknown- - Difficulty: 23) (Auras: 145953 - Cosmetic - Sleep Zzz)
(@CGUID+86, 102769, 1492, 7812, 7811, '1,2,8,23', 0, 0, 0, 0, 2923.1259765625, 819.75177001953125, 515.24334716796875, 4.333764553070068359, 7200, 0, 0, 3236, 0, 0, 0, 0, 0, 45745), -- Decrepit Runecarver (Area: -Unknown- - Difficulty: 23) (Auras: 203058 - Fallen Vrykul)
(@CGUID+87, 97119, 1492, 7812, 7811, '1,2,8,23', 0, 0, 0, 0, 2952.829833984375, 799.4132080078125, 514.88421630859375, 1.878930568695068359, 7200, 0, 0, 5271, 0, 0, 0, 0, 0, 45745), -- Shroud Hound (Area: -Unknown- - Difficulty: 23) (Auras: 145953 - Cosmetic - Sleep Zzz)
(@CGUID+88, 97182, 1492, 7812, 7811, '1,2,8,23', 0, 0, 0, 1, 2951.0126953125, 784.5338134765625, 515.3472900390625, 1.567835688591003417, 7200, 0, 0, 27263, 100, 0, 0, 0, 0, 45745), -- Night Watch Mariner (Area: -Unknown- - Difficulty: 23) (Auras: 199867 - Helmet, 203605 - Fencing, 67236 - Invisibility and Stealth Detection)
(@CGUID+89, 102830, 1492, 7812, 7811, '1,2,8,23', 0, 0, 0, 0, 2904.111083984375, 820.03472900390625, 515.24334716796875, 3.710788965225219726, 7200, 0, 0, 3236, 0, 0, 0, 0, 0, 45745), -- Deceased Sorcerer (Area: -Unknown- - Difficulty: 23) (Auras: 70628 - Permanent Feign Death)
(@CGUID+90, 97365, 1492, 7812, 7811, '1,2,8,23', 0, 0, 0, 1, 2911.0478515625, 747.185791015625, 515.24334716796875, 2.691237926483154296, 7200, 0, 0, 13352, 3801, 0, 0, 0, 0, 45745), -- Seacursed Mistmender (Area: -Unknown- - Difficulty: 23) (Auras: 199514 - Torrent of Souls)
(@CGUID+91, 98973, 1492, 7812, 7811, '1,2,8,23', 0, 0, 0, 0, 2904.20751953125, 750.4930419921875, 515.24334716796875, 0.456433862447738647, 7200, 0, 0, 3865, 100, 0, 0, 0, 0, 45745), -- Skeletal Warrior (Area: -Unknown- - Difficulty: 23) (Auras: 198395 - Rage)
(@CGUID+92, 111221, 1492, 7812, 7811, '1,2,8,23', 0, 0, 0, 0, 2933.23779296875, 692.9913330078125, 553.56591796875, 0, 7200, 0, 0, 3236, 0, 0, 0, 0, 0, 45745), -- Xal'atath (Area: -Unknown- - Difficulty: 23)
(@CGUID+93, 98973, 1492, 7812, 7811, '1,2,8,23', 0, 0, 0, 0, 2906.268310546875, 753.484375, 515.24334716796875, 4.668107986450195312, 7200, 0, 0, 3865, 100, 0, 0, 0, 0, 45745), -- Skeletal Warrior (Area: -Unknown- - Difficulty: 23) (Auras: 198395 - Rage)
(@CGUID+94, 97097, 1492, 7812, 7811, '1,2,8,23', 0, 0, 0, 1, 2929.47998046875, 678.654541015625, 527.92669677734375, 1.430154800415039062, 7200, 0, 0, 23628, 0, 0, 0, 0, 0, 45745), -- Helarjar Champion (Area: -Unknown- - Difficulty: 23) (Auras: 42459 - Dual Wield)
(@CGUID+95, 97163, 1492, 7812, 7811, '1,2,8,23', 0, 0, 0, 0, 2923.780517578125, 724.27081298828125, 558.22210693359375, 2.311739921569824218, 7200, 0, 0, 2811, 0, 0, 0, 0, 0, 45745), -- Cursed Falke (Area: -Unknown- - Difficulty: 23) (Auras: 191835 - Helheim)
(@CGUID+96, 97182, 1492, 7812, 7811, '1,2,8,23', 0, 0, 0, 1, 2907.130126953125, 740.14410400390625, 515.166748046875, 4.143755912780761718, 7200, 0, 0, 27263, 100, 0, 0, 0, 0, 45745), -- Night Watch Mariner (Area: -Unknown- - Difficulty: 23) (Auras: 199867 - Helmet, 203605 - Fencing, 67236 - Invisibility and Stealth Detection)
(@CGUID+97, 97163, 1492, 7812, 7811, '1,2,8,23', 0, 0, 0, 0, 2952.700439453125, 709.8055419921875, 565.6466064453125, 1.172448158264160156, 7200, 0, 0, 2811, 0, 0, 0, 0, 0, 45745), -- Cursed Falke (Area: -Unknown- - Difficulty: 23) (Auras: 191835 - Helheim)
(@CGUID+98, 97163, 1492, 7812, 7811, '1,2,8,23', 0, 0, 0, 0, 2940.36279296875, 728.1007080078125, 571.9398193359375, 1.07473146915435791, 7200, 0, 0, 2811, 0, 0, 0, 0, 0, 45745), -- Cursed Falke (Area: -Unknown- - Difficulty: 23) (Auras: 191835 - Helheim)
(@CGUID+99, 102327, 1492, 7812, 7811, '1,2,8,23', 0, 0, 0, 1, 2953.642333984375, 752.05902099609375, 510.633056640625, 1.570796370506286621, 7200, 0, 0, 3236, 0, 0, 0, 0, 0, 45745), -- Seacursed Rower (Area: -Unknown- - Difficulty: 23) (Auras: )
(@CGUID+100, 97097, 1492, 7812, 7811, '1,2,8,23', 0, 0, 0, 1, 2937.975830078125, 677.81427001953125, 527.92669677734375, 1.731600165367126464, 7200, 0, 0, 23628, 0, 0, 0, 0, 0, 45745), -- Helarjar Champion (Area: -Unknown- - Difficulty: 23) (Auras: 42459 - Dual Wield)
(@CGUID+101, 97163, 1492, 7812, 7811, '1,2,8,23', 0, 0, 0, 0, 2952.564208984375, 725.40106201171875, 574.19720458984375, 0.762175381183624267, 7200, 0, 0, 2811, 0, 0, 0, 0, 0, 45745), -- Cursed Falke (Area: -Unknown- - Difficulty: 23) (Auras: 191835 - Helheim)
(@CGUID+102, 102325, 1492, 7812, 7811, '1,2,8,23', 0, 0, 0, 1, 2911.233642578125, 753.9774169921875, 510.633056640625, 1.570796370506286621, 7200, 0, 0, 3236, 0, 0, 0, 0, 0, 45745), -- Seacursed Rower (Area: -Unknown- - Difficulty: 23) (Auras: )
(@CGUID+103, 96754, 1492, 7812, 7811, '1,2,8,23', 0, 0, 0, 0, 2934.48779296875, 715.7569580078125, 554.28558349609375, 1.552549362182617187, 7200, 0, 0, 142918, 0, 0, 0, 0, 0, 45745), -- Harbaron (Area: -Unknown- - Difficulty: 23)
(@CGUID+104, 97185, 1492, 7812, 7811, '1,2,8,23', 0, 0, 0, 0, 2947.94970703125, 758.55902099609375, 515.24334716796875, 1.086105823516845703, 7200, 0, 0, 54525, 0, 0, 0, 0, 0, 45745), -- The Grimewalker (Area: -Unknown- - Difficulty: 23) (Auras: 194583 - Bone Hammer)
(@CGUID+105, 98919, 1492, 7812, 7811, '1,2,8,23', 0, 0, 0, 1, 2903.481201171875, 743.524658203125, 515.2359619140625, 6.01103973388671875, 7200, 0, 0, 14935, 0, 0, 0, 0, 0, 45745), -- Seacursed Swiftblade (Area: -Unknown- - Difficulty: 23) (Auras: 195219 - Eye Patch, 42459 - Dual Wield)
(@CGUID+106, 98919, 1492, 7812, 7811, '1,2,8,23', 0, 0, 0, 1, 2913.538330078125, 743.85418701171875, 515.2193603515625, 1.647367000579833984, 7200, 0, 0, 14935, 0, 0, 0, 0, 0, 45745), -- Seacursed Swiftblade (Area: -Unknown- - Difficulty: 23) (Auras: 195219 - Eye Patch, 42459 - Dual Wield)
(@CGUID+107, 104906, 1492, 7812, 7811, '1,2,8,23', 0, 0, 0, 0, 2944.06591796875, 720.7430419921875, 555.21337890625, 3.979190349578857421, 7200, 0, 0, 3236, 1534, 0, 0, 0, 0, 45745), -- Captured Val'kyr (Area: -Unknown- - Difficulty: 23) (Auras: 207772 - Soul Siphon)
(@CGUID+108, 97163, 1492, 7812, 7811, '1,2,8,23', 0, 0, 0, 0, 2891.001708984375, 695.51910400390625, 132.2332916259765625, 1.172448158264160156, 7200, 0, 0, 2811, 0, 0, 0, 0, 0, 45745), -- Cursed Falke (Area: -Unknown- - Difficulty: 23) (Auras: 191835 - Helheim)
(@CGUID+109, 97119, 1492, 7812, 7811, '1,2,8,23', 0, 0, 0, 0, 2917.833251953125, 786.3695068359375, 515.3472900390625, 4.485676765441894531, 7200, 0, 0, 4296, 0, 0, 0, 0, 0, 45745), -- Shroud Hound (Area: -Unknown- - Difficulty: 1)
(@CGUID+110, 97119, 1492, 7812, 7811, '1,2,8,23', 0, 0, 0, 0, 2915.28125, 787.173828125, 515.34735107421875, 4.537103652954101562, 7200, 0, 0, 4296, 0, 0, 0, 0, 0, 45745), -- Shroud Hound (Area: -Unknown- - Difficulty: 1) (Auras: )
(@CGUID+111, 97119, 1492, 7812, 7811, '1,2,8,23', 0, 0, 0, 0, 2915.218017578125, 780.2537841796875, 515.3472900390625, 4.515956401824951171, 7200, 0, 0, 4296, 0, 0, 0, 0, 0, 45745); -- Shroud Hound (Area: -Unknown- - Difficulty: 1)

-- GameObject
DELETE FROM `gameobject` WHERE `guid` BETWEEN @OGUID+0 AND @OGUID+54;
INSERT INTO `gameobject` (`guid`, `id`, `map`, `zoneId`, `areaId`, `spawnDifficulties`, `PhaseId`, `PhaseGroup`, `position_x`, `position_y`, `position_z`, `orientation`, `rotation0`, `rotation1`, `rotation2`, `rotation3`, `spawntimesecs`, `animprogress`, `state`, `VerifiedBuild`) VALUES
(@OGUID+0, 245065, 1492, 7812, 7812, '1,2,8,23', 0, 0, 7260.6328125, 7284.173828125, 25.80939865112304687, 0.497423887252807617, 0, 0, 0.246155738830566406, 0.969230294227600097, 7200, 255, 1, 45745), -- Kvaldir Cage (Area: -Unknown- - Difficulty: 23)
(@OGUID+1, 252145, 1492, 7812, 7812, '1,2,8,23', 0, 0, 7162.3291015625, 7317.9609375, 20.86308670043945312, 0.203780680894851684, 0, 0, 0.101714134216308593, 0.99481368064880371, 7200, 255, 1, 45745), -- Instance Portal (Area: -Unknown- - Difficulty: 23)
(@OGUID+2, 245062, 1492, 7812, 7812, '1,2,8,23', 0, 0, 7355.40087890625, 7315.59912109375, 47.93732452392578125, 4.424408435821533203, 0, 0, -0.8012542724609375, 0.598324000835418701, 7200, 255, 1, 45745), -- Kvaldir Cage (Area: -Unknown- - Difficulty: 23)
(@OGUID+3, 245063, 1492, 7812, 7812, '1,2,8,23', 0, 0, 7273.16845703125, 7287.92431640625, 33.72406387329101562, 2.286378860473632812, 0, 0, 0.909960746765136718, 0.414694398641586303, 7200, 255, 1, 45745), -- Kvaldir Cage (Area: -Unknown- - Difficulty: 23)
(@OGUID+4, 224648, 1492, 7812, 7812, '1,2,8,23', 0, 0, 7213.55712890625, 7327.65625, 34.9271392822265625, 0, 0, 0, 0, 1, 7200, 255, 1, 45745), -- Large Collision Wall (Area: -Unknown- - Difficulty: 23)
(@OGUID+5, 245066, 1492, 7812, 7812, '1,2,8,23', 0, 0, 7362.2041015625, 7316.751953125, 43.68834304809570312, 4.276064872741699218, -0.02543830871582031, 0.010679244995117187, -0.84325981140136718, 0.536797642707824707, 7200, 255, 1, 45745), -- Kvaldir Cage (Area: -Unknown- - Difficulty: 23)
(@OGUID+6, 245067, 1492, 7812, 7812, '1,2,8,23', 0, 0, 7348.61572265625, 7314.8359375, 43.69791412353515625, 4.633854866027832031, 0, 0, -0.73432064056396484, 0.678802728652954101, 7200, 255, 1, 45745), -- Kvaldir Cage (Area: -Unknown- - Difficulty: 23)
(@OGUID+7, 245064, 1492, 7812, 7812, '1,2,8,23', 0, 0, 7266.3603515625, 7283.658203125, 26.68778800964355468, 1.003559350967407226, 0, 0, 0.480986595153808593, 0.876727938652038574, 7200, 255, 1, 45745), -- Kvaldir Cage (Area: -Unknown- - Difficulty: 23)
(@OGUID+8, 253001, 1492, 7812, 7812, '1,2,8,23', 0, 0, 7509.89306640625, 7286.90625, -6.65244531631469726, 4.255993366241455078, -0.04124069213867187, -0.03155231475830078, -0.8474578857421875, 0.528316915035247802, 7200, 255, 1, 45745), -- Rune-etched Archway (Area: -Unknown- - Difficulty: 23)
(@OGUID+9, 247041, 1492, 7812, 7812, '1,2,8,23', 0, 0, 7420.4990234375, 7245.0478515625, 53.57076263427734375, 5.139995098114013671, -0.0164952278137207, -0.0317697525024414, -0.5405282974243164, 0.840563952922821044, 7200, 255, 1, 45745), -- Echoing Horn of the Damned (Area: -Unknown- - Difficulty: 23)
(@OGUID+10, 245609, 1492, 7812, 7811, '1,2,8,23', 0, 0, 2943.060791015625, 868.951416015625, 517.24334716796875, 3.082284450531005859, 0, 0, 0.999560356140136718, 0.029649769887328147, 7200, 255, 1, 45745), -- Invisible Door (Area: -Unknown- - Difficulty: 23)
(@OGUID+11, 246844, 1492, 7812, 7811, '1,2,8,23', 0, 0, 2948.415283203125, 921.30487060546875, 511.890106201171875, 3.141592741012573242, 0, 0, -1, 0, 7200, 255, 1, 45745), -- Trap Door 004 (Area: -Unknown- - Difficulty: 23)
(@OGUID+12, 245609, 1492, 7812, 7811, '1,2,8,23', 0, 0, 2943.060791015625, 868.951416015625, 513.24334716796875, 3.082284450531005859, 0, 0, 0.999560356140136718, 0.029649769887328147, 7200, 255, 1, 45745), -- Invisible Door (Area: -Unknown- - Difficulty: 23)
(@OGUID+13, 245609, 1492, 7812, 7811, '1,2,8,23', 0, 0, 2942.4072265625, 879.76910400390625, 517.24334716796875, 4.01891946792602539, 0, 0, -0.9053201675415039, 0.424729764461517333, 7200, 255, 1, 45745), -- Invisible Door (Area: -Unknown- - Difficulty: 23)
(@OGUID+14, 245609, 1492, 7812, 7811, '1,2,8,23', 0, 0, 2942.4072265625, 879.76910400390625, 513.24334716796875, 4.01891946792602539, 0, 0, -0.9053201675415039, 0.424729764461517333, 7200, 255, 1, 45745), -- Invisible Door (Area: -Unknown- - Difficulty: 23)
(@OGUID+15, 265476, 1492, 7812, 7811, '1,2,8,23', 0, 0, 2917.9443359375, 890.44293212890625, 537.48297119140625, 4.625123500823974609, 0, 0, -0.73727703094482421, 0.67559051513671875, 7200, 255, 1, 45745), -- Murky Fog (Area: -Unknown- - Difficulty: 23)
(@OGUID+16, 246435, 1492, 7812, 7811, '1,2,8,23', 0, 0, 2932.998291015625, 889.7725830078125, 537.77789306640625, 1.570795774459838867, 0, 0, 0.707106590270996093, 0.707106947898864746, 7200, 255, 1, 45745), -- Wall of Souls (Area: -Unknown- - Difficulty: 23)
(@OGUID+17, 246834, 1492, 7812, 7811, '1,2,8,23', 0, 0, 2922.22607421875, 936.72869873046875, 512.03668212890625, 3.141592741012573242, 0, 0, -1, 0, 7200, 255, 1, 45745), -- Trap Door 007 (Area: -Unknown- - Difficulty: 23)
(@OGUID+18, 265477, 1492, 7812, 7811, '1,2,8,23', 0, 0, 2948.888427734375, 890.44293212890625, 537.48297119140625, 4.799657344818115234, 0, 0, -0.67558956146240234, 0.737277925014495849, 7200, 255, 1, 45745), -- Murky Fog (Area: -Unknown- - Difficulty: 23)
(@OGUID+19, 246835, 1492, 7812, 7811, '1,2,8,23', 0, 0, 2933.33544921875, 960.2750244140625, 511.940704345703125, 3.141592741012573242, 0, 0, -1, 0, 7200, 255, 1, 45745), -- Trap Door 009 (Area: -Unknown- - Difficulty: 23)
(@OGUID+20, 245609, 1492, 7812, 7811, '1,2,8,23', 0, 0, 2922.596435546875, 876.42364501953125, 513.24334716796875, 5.736162662506103515, 0, 0, -0.27011394500732421, 0.962828338146209716, 7200, 255, 1, 45745), -- Invisible Door (Area: -Unknown- - Difficulty: 23)
(@OGUID+21, 246838, 1492, 7812, 7811, '1,2,8,23', 0, 0, 2933.333251953125, 940.86175537109375, 511.8599853515625, 3.141592741012573242, 0, 0, -1, 0, 7200, 255, 1, 45745), -- Trap Door 006 (Area: -Unknown- - Difficulty: 23)
(@OGUID+22, 246839, 1492, 7812, 7811, '1,2,8,23', 0, 0, 2944.4404296875, 936.72869873046875, 512.03668212890625, 3.141592741012573242, 0, 0, -1, 0, 7200, 255, 1, 45745), -- Trap Door 005 (Area: -Unknown- - Difficulty: 23)
(@OGUID+23, 246836, 1492, 7812, 7811, '1,2,8,23', 0, 0, 2926.742431640625, 952.155517578125, 512.00091552734375, 3.141592741012573242, 0, 0, -1, 0, 7200, 255, 1, 45745), -- Trao Door 008 (Area: -Unknown- - Difficulty: 23)
(@OGUID+24, 246919, 1492, 7812, 7811, '1,2,8,23', 0, 0, 2933.333251953125, 800, 500, 3.141592741012573242, 0, 0, -1, 0, 7200, 255, 1, 45745), -- The Naglfar (Area: -Unknown- - Difficulty: 23)
(@OGUID+25, 246837, 1492, 7812, 7811, '1,2,8,23', 0, 0, 2939.924072265625, 952.1553955078125, 512.00091552734375, 3.141592741012573242, 0, 0, -1, 0, 7200, 255, 1, 45745), -- Trap Door 010 (Area: -Unknown- - Difficulty: 23)
(@OGUID+26, 246842, 1492, 7812, 7811, '1,2,8,23', 0, 0, 2927.262939453125, 928.67755126953125, 511.501220703125, 3.141592741012573242, 0, 0, -1, 0, 7200, 255, 1, 45745), -- Trap Door 002 (Area: -Unknown- - Difficulty: 23)
(@OGUID+27, 246843, 1492, 7812, 7811, '1,2,8,23', 0, 0, 2918.251220703125, 921.30487060546875, 511.890106201171875, 3.141592741012573242, 0, 0, -1, 0, 7200, 255, 1, 45745), -- Trap Door 003 (Area: -Unknown- - Difficulty: 23)
(@OGUID+28, 246840, 1492, 7812, 7811, '1,2,8,23', 0, 0, 2939.466064453125, 928.67755126953125, 511.500640869140625, 3.141592741012573242, 0, 0, -1, 0, 7200, 255, 1, 45745), -- Trap Door 001 (Area: -Unknown- - Difficulty: 23)
(@OGUID+29, 246841, 1492, 7812, 7811, '1,2,8,23', 0, 0, 2933.193603515625, 920.699462890625, 512.0447998046875, 3.141592741012573242, 0, 0, -1, 0, 7200, 255, 1, 45745), -- Trap Door 011 (Area: -Unknown- - Difficulty: 23)
(@OGUID+30, 245609, 1492, 7812, 7811, '1,2,8,23', 0, 0, 2922.596435546875, 876.42364501953125, 517.24334716796875, 5.736162662506103515, 0, 0, -0.27011394500732421, 0.962828338146209716, 7200, 255, 1, 45745), -- Invisible Door (Area: -Unknown- - Difficulty: 23)
(@OGUID+31, 246986, 1492, 7812, 7811, '1,2,8,23', 0, 0, 2945.529052734375, 874.45361328125, 514.99359130859375, 2.519775152206420898, 0, 0, 0.952055931091308593, 0.305923998355865478, 7200, 255, 1, 45745), -- Barnacled Cage (Area: -Unknown- - Difficulty: 23)
(@OGUID+32, 245609, 1492, 7812, 7811, '1,2,8,23', 0, 0, 2945.721435546875, 874.71875, 517.24334716796875, 3.447553634643554687, 0, 0, -0.98832130432128906, 0.152384430170059204, 7200, 255, 1, 45745), -- Invisible Door (Area: -Unknown- - Difficulty: 23)
(@OGUID+33, 246987, 1492, 7812, 7811, '1,2,8,23', 0, 0, 2942.028076171875, 879.523193359375, 514.99359130859375, 3.645649671554565429, 0, 0, -0.96840858459472656, 0.249368831515312194, 7200, 255, 1, 45745), -- Barnacled Cage (Area: -Unknown- - Difficulty: 23)
(@OGUID+34, 245609, 1492, 7812, 7811, '1,2,8,23', 0, 0, 2922.2353515625, 870.19964599609375, 517.24334716796875, 6.280763149261474609, 0, 0, -0.00121116638183593, 0.999999225139617919, 7200, 255, 1, 45745), -- Invisible Door (Area: -Unknown- - Difficulty: 23)
(@OGUID+35, 245609, 1492, 7812, 7811, '1,2,8,23', 0, 0, 2922.2353515625, 870.19964599609375, 513.24334716796875, 6.280763149261474609, 0, 0, -0.00121116638183593, 0.999999225139617919, 7200, 255, 1, 45745), -- Invisible Door (Area: -Unknown- - Difficulty: 23)
(@OGUID+36, 246985, 1492, 7812, 7811, '1,2,8,23', 0, 0, 2942.771728515625, 868.95440673828125, 514.99359130859375, 2.253713607788085937, 0, 0, 0.903066635131835937, 0.429500460624694824, 7200, 255, 1, 45745), -- Barnacled Cage (Area: -Unknown- - Difficulty: 23)
(@OGUID+37, 246988, 1492, 7812, 7811, '1,2,8,23', 0, 0, 2922.661376953125, 870.0921630859375, 514.99359130859375, 0.498537778854370117, 0, 0, 0.246695518493652343, 0.969093024730682373, 7200, 255, 1, 45745), -- Barnacled Cage (Area: -Unknown- - Difficulty: 23)
(@OGUID+38, 249462, 1492, 7812, 7811, '1,2,8,23', 0, 0, 2933.640625, 911.59375, 513.2537841796875, 3.179567813873291015, -0.08931779861450195, -0.35068893432617187, -0.9306793212890625, 0.053624309599399566, 7200, 255, 1, 45745), -- Crate of Dragur Dust (Area: -Unknown- - Difficulty: 23)
(@OGUID+39, 246989, 1492, 7812, 7811, '1,2,8,23', 0, 0, 2922.661376953125, 876.20703125, 514.99359130859375, 5.463610172271728515, 0, 0, -0.39841461181640625, 0.917205452919006347, 7200, 255, 1, 45745), -- Barnacled Cage (Area: -Unknown- - Difficulty: 23)
(@OGUID+40, 245609, 1492, 7812, 7811, '1,2,8,23', 0, 0, 2945.721435546875, 874.71875, 513.24334716796875, 3.447553634643554687, 0, 0, -0.98832130432128906, 0.152384430170059204, 7200, 255, 1, 45745), -- Invisible Door (Area: -Unknown- - Difficulty: 23)
(@OGUID+41, 246763, 1492, 7812, 7811, '1,2,8,23', 0, 0, 2933.333251953125, 800, 500, 3.141592741012573242, 0, 0, -1, 0, 7200, 255, 1, 45745), -- The Maw of Souls (Area: -Unknown- - Difficulty: 23)
(@OGUID+42, 224697, 1492, 7812, 7811, '1,2,8,23', 0, 0, 2902.73095703125, 820.1475830078125, 515.1600341796875, 5.099861621856689453, 0, 0, -0.55774116516113281, 0.830014944076538085, 7200, 255, 1, 45745), -- Fresh Carcass (Area: -Unknown- - Difficulty: 23)
(@OGUID+43, 224697, 1492, 7812, 7811, '1,2,8,23', 0, 0, 2902.403564453125, 818.93927001953125, 515.1600341796875, 1.592045903205871582, 0, 0, 0.714579582214355468, 0.699554145336151123, 7200, 255, 1, 45745), -- Fresh Carcass (Area: -Unknown- - Difficulty: 23)
(@OGUID+44, 246125, 1492, 7812, 7811, '1,2,8,23', 0, 0, 2904.342041015625, 724.7257080078125, 515.07342529296875, 0.308333545923233032, 0, 0, 0.15355682373046875, 0.988139808177947998, 7200, 255, 1, 45745), -- Musty Crate (Area: -Unknown- - Difficulty: 23)
(@OGUID+45, 246890, 1492, 7812, 7811, '1,2,8,23', 0, 0, 2905.808837890625, 737.423828125, 515.1832275390625, 1.544759273529052734, 0, 0, 0.697841644287109375, 0.716252088546752929, 7200, 255, 1, 45745), -- Heavy Barnacled Door (Area: -Unknown- - Difficulty: 23)
(@OGUID+46, 251963, 1492, 7812, 7811, '1,2,8,23', 0, 0, 2907.829833984375, 779.25518798828125, 514.8470458984375, 5.624162673950195312, 0, 0, -0.32358074188232421, 0.946200549602508544, 7200, 255, 1, 45745), -- 7VR_VRYKUL_RITUALROCKS02 [scale x3] (Area: -Unknown- - Difficulty: 23)
(@OGUID+47, 246888, 1492, 7812, 7811, '1,2,8,23', 0, 0, 2933.655029296875, 662.9052734375, 550.64013671875, 4.745911598205566406, 0, 0, -0.69515609741210937, 0.718858778476715087, 7200, 255, 0, 45745), -- Heavy Barnacled Door (Area: -Unknown- - Difficulty: 23)
(@OGUID+48, 251963, 1492, 7812, 7811, '1,2,8,23', 0, 0, 2905.205810546875, 778.77606201171875, 514.79669189453125, 4.501195907592773437, 0, 0, -0.77769756317138671, 0.628638625144958496, 7200, 255, 1, 45745), -- 7VR_VRYKUL_RITUALROCKS02 [scale x3] (Area: -Unknown- - Difficulty: 23)
(@OGUID+49, 246889, 1492, 7812, 7811, '1,2,8,23', 0, 0, 2961.1298828125, 737.28424072265625, 515.1832275390625, 1.550618171691894531, 0, 0, 0.699936866760253906, 0.714204728603363037, 7200, 255, 0, 45745), -- Heavy Barnacled Door (Area: -Unknown- - Difficulty: 23)
(@OGUID+50, 243403, 1492, 7812, 7811, '1,2,8,23', 0, 0, 2908.3671875, 704.7882080078125, 552.86639404296875, 4.971016883850097656, 0, 0, -0.61001873016357421, 0.792386949062347412, 7200, 255, 1, 45745), -- Collision Wall (Area: -Unknown- - Difficulty: 23)
(@OGUID+51, 251960, 1492, 7812, 7811, '1,2,8,23', 0, 0, 2906.654541015625, 779.3055419921875, 514.74127197265625, 4.826448440551757812, -0.07831382751464843, -0.19815731048583984, -0.63906669616699218, 0.739049673080444335, 7200, 255, 1, 45745), -- The Raven's Eye Tablet (Area: -Unknown- - Difficulty: 23)
(@OGUID+52, 246947, 1492, 7812, 7811, '1,2,8,23', 0, 0, 2959.168212890625, 705.18951416015625, 553.05511474609375, 4.47892618179321289, 0, 0, -0.78464889526367187, 0.619940400123596191, 7200, 255, 1, 45745), -- Wall of Souls (Area: -Unknown- - Difficulty: 23)
(@OGUID+53, 243403, 1492, 7812, 7811, '1,2,8,23', 0, 0, 2959.032958984375, 705.4774169921875, 552.8294677734375, 4.496196746826171875, 0, 0, -0.779266357421875, 0.626692891120910644, 7200, 255, 1, 45745), -- Collision Wall (Area: -Unknown- - Difficulty: 23)
(@OGUID+54, 246948, 1492, 7812, 7811, '1,2,8,23', 0, 0, 2908.508544921875, 705.294921875, 553.05511474609375, 4.941732406616210937, 0, 0, -0.62155532836914062, 0.783370256423950195, 7200, 255, 1, 45745); -- Wall of Souls (Area: -Unknown- - Difficulty: 23)

DELETE FROM `gameobject_addon` WHERE `guid` BETWEEN @OGUID+0 AND @OGUID+54;
INSERT INTO `gameobject_addon` (`guid`, `parent_rotation0`, `parent_rotation1`, `parent_rotation2`, `parent_rotation3`, `WorldEffectID`, `AIAnimKitID`) VALUES
(@OGUID+11, 0, 0, 1, -0.00000004371138828, 0, 0), -- Trap Door 004
(@OGUID+15, 0, 0, 1, -0.00000004371138828, 0, 0), -- Murky Fog
(@OGUID+17, 0, 0, 1, -0.00000004371138828, 0, 0), -- Trap Door 007
(@OGUID+18, 0, 0, 1, -0.00000004371138828, 0, 0), -- Murky Fog
(@OGUID+19, 0, 0, 1, -0.00000004371138828, 0, 0), -- Trap Door 009
(@OGUID+21, 0, 0, 1, -0.00000004371138828, 0, 0), -- Trap Door 006
(@OGUID+22, 0, 0, 1, -0.00000004371138828, 0, 0), -- Trap Door 005
(@OGUID+23, 0, 0, 1, -0.00000004371138828, 0, 0), -- Trao Door 008
(@OGUID+24, 0, 0, 0, 1, 0, 0), -- The Naglfar
(@OGUID+25, 0, 0, 1, -0.00000004371138828, 0, 0), -- Trap Door 010
(@OGUID+26, 0, 0, 1, -0.00000004371138828, 0, 0), -- Trap Door 002
(@OGUID+27, 0, 0, 1, -0.00000004371138828, 0, 0), -- Trap Door 003
(@OGUID+28, 0, 0, 1, -0.00000004371138828, 0, 0), -- Trap Door 001
(@OGUID+29, 0, 0, 1, -0.00000004371138828, 0, 0), -- Trap Door 011
(@OGUID+31, 0, 0, 1, -0.00000004371138828, 0, 0), -- Barnacled Cage
(@OGUID+33, 0, 0, 1, -0.00000004371138828, 0, 0), -- Barnacled Cage
(@OGUID+36, 0, 0, 1, -0.00000004371138828, 0, 0), -- Barnacled Cage
(@OGUID+37, 0, 0, 1, -0.00000004371138828, 0, 0), -- Barnacled Cage
(@OGUID+39, 0, 0, 1, -0.00000004371138828, 0, 0), -- Barnacled Cage
(@OGUID+41, 0, 0, 1, -0.00000004371138828, 0, 0), -- The Maw of Souls
(@OGUID+44, 0, 0, 0, 1, 0, 753), -- Musty Crate
(@OGUID+45, 0, 0, 1, -0.00000004371138828, 0, 0), -- Heavy Barnacled Door
(@OGUID+47, 0, 0, 1, -0.00000004371138828, 0, 9961), -- Heavy Barnacled Door
(@OGUID+49, 0, 0, 1, -0.00000004371138828, 0, 0), -- Heavy Barnacled Door
(@OGUID+52, 0, 0, 1, -0.00000004371138828, 0, 0), -- Wall of Souls
(@OGUID+54, 0, 0, 1, -0.00000004371138828, 0, 0); -- Wall of Souls

-- Creature Addon
DELETE FROM `creature_addon` WHERE `guid` BETWEEN @CGUID+0 AND @CGUID+108;
INSERT INTO `creature_addon` (`guid`, `path_id`, `mount`, `bytes1`, `bytes2`, `emote`, `aiAnimKit`, `movementAnimKit`, `meleeAnimKit`, `visibilityDistanceType`, `auras`) VALUES
(@CGUID+56, 0, 0, 0, 1, 505, 0, 0, 0, 0, ''), -- Waterlogged Soul Guard
(@CGUID+52, 0, 0, 0, 1, 505, 0, 0, 0, 0, ''), -- Waterlogged Soul Guard
(@CGUID+87, 0, 0, 0, 1, 0, 0, 0, 0, 0, '145953'), -- Shroud Hound - 145953 - Cosmetic - Sleep Zzz
(@CGUID+81, 0, 0, 0, 1, 0, 0, 0, 0, 0, '145953'), -- Shroud Hound - 145953 - Cosmetic - Sleep Zzz
(@CGUID+85, 0, 0, 0, 1, 0, 0, 0, 0, 0, '145953'), -- Shroud Hound - 145953 - Cosmetic - Sleep Zzz
(@CGUID+63, 0, 0, 0, 1, 0, 0, 0, 0, 0, '145953'), -- Shroud Hound - 145953 - Cosmetic - Sleep Zzz
(@CGUID+100, 0, 0, 0, 1, 505, 0, 0, 0, 4, '42459'), -- Helarjar Champion - 42459 - Dual Wield
(@CGUID+94, 0, 0, 0, 1, 505, 0, 0, 0, 4, '42459'); -- Helarjar Champion - 42459 - Dual Wield

-- Creature Template addon
DELETE FROM `creature_template_addon` WHERE `entry` IN (96756 /*96756 (Ymiron, the Fallen King) - -Unknown-, Kneeling*/, 102375 /*102375 (Runecarver Slave) - Ride Vehicle Hardcoded*/, 102108 /*102108 (Captured Shieldmaiden)*/, 101013 /*101013 (Captured Runecarver)*/, 97200 /*97200 (Seacursed Soulkeeper)*/, 114712 /*114712 (Runecarver Slave)*/, 120652 /*120652 (Global Affix Stalker)*/, 97208 /*97208 (Spear) - Ride Vehicle Hardcoded, Spear*/, 102104 /*102104 (Enslaved Shieldmaiden) - Ride Vehicle Hardcoded*/, 97163 /*97163 (Cursed Falke) - Dive*/, 104906 /*104906 (Captured Val'kyr) - Soul Siphon*/, 97185 /*97185 (The Grimewalker) - Bone Hammer*/, 96754 /*96754 (Harbaron)*/, 97097 /*97097 (Helarjar Champion) - Dual Wield*/, 98973 /*98973 (Skeletal Warrior) - Rage*/, 102830 /*102830 (Deceased Sorcerer) - Permanent Feign Death*/, 97182 /*97182 (Night Watch Mariner) - Helmet, Fencing, Invisibility and Stealth Detection*/, 102742 /*102742 (Fallen Shieldmaiden) - Fallen Vrykul*/, 111374 /*111374 (Xal'atath) - Soul Cage*/, 103605 /*103605 (Shroudseeker) - Shroudseeker*/, 99188 /*99188 (Waterlogged Soul Guard) - Blocking*/, 102769 /*102769 (Decrepit Runecarver) - Fallen Vrykul*/, 102326 /*102326 (Seacursed Rower) - Ride Vehicle Hardcoded, Rowing*/, 97365 /*97365 (Seacursed Mistmender)*/, 102327 /*102327 (Seacursed Rower)*/, 98919 /*98919 (Seacursed Swiftblade) - Eye Patch, Dual Wield*/, 103115 /*103115 (Helheim) - Kvaldir Cage*/, 102325 /*102325 (Seacursed Rower)*/, 98291 /*98291 (Seacursed Rower) - Ride Vehicle Hardcoded, Rowing*/);
INSERT INTO `creature_template_addon` (`entry`, `path_id`, `mount`, `bytes1`, `bytes2`, `emote`, `aiAnimKit`, `movementAnimKit`, `meleeAnimKit`, `visibilityDistanceType`, `auras`) VALUES
(96756, 0, 0, 0, 1, 0, 0, 0, 0, 4, '342788 197227'), -- 96756 (Ymiron, the Fallen King) - -Unknown-, Kneeling
(102375, 0, 0, 0, 1, 0, 0, 0, 0, 0, ''), -- 102375 (Runecarver Slave) - Ride Vehicle Hardcoded
(102108, 0, 0, 50331648, 1, 0, 0, 0, 0, 0, ''), -- 102108 (Captured Shieldmaiden)
(101013, 0, 0, 50331648, 1, 0, 0, 0, 0, 0, ''), -- 101013 (Captured Runecarver)
(97200, 0, 0, 0, 1, 0, 0, 0, 0, 4, ''), -- 97200 (Seacursed Soulkeeper)
(114712, 0, 0, 8, 1, 0, 0, 0, 0, 0, ''), -- 114712 (Runecarver Slave)
(120652, 0, 0, 0, 1, 0, 0, 0, 0, 5, ''), -- 120652 (Global Affix Stalker)
(97208, 0, 0, 0, 1, 0, 0, 0, 0, 0, '191903'), -- 97208 (Spear) - Ride Vehicle Hardcoded, Spear
(102104, 0, 0, 0, 1, 0, 0, 0, 0, 0, ''), -- 102104 (Enslaved Shieldmaiden) - Ride Vehicle Hardcoded
(97163, 0, 0, 50331648, 1, 0, 0, 0, 0, 3, '191889'), -- 97163 (Cursed Falke) - Dive
(104906, 0, 0, 50331648, 1, 0, 0, 0, 0, 0, '207772'), -- 104906 (Captured Val'kyr) - Soul Siphon
(97185, 0, 0, 0, 1, 0, 0, 0, 0, 0, '194583'), -- 97185 (The Grimewalker) - Bone Hammer
(96754, 0, 0, 0, 0, 0, 0, 0, 0, 4, ''), -- 96754 (Harbaron)
(97097, 0, 0, 0, 1, 0, 0, 0, 0, 4, '42459'), -- 97097 (Helarjar Champion) - Dual Wield
(98973, 0, 0, 0, 1, 0, 0, 0, 0, 4, '198395'), -- 98973 (Skeletal Warrior) - Rage
(102830, 0, 0, 0, 1, 0, 0, 0, 0, 0, '70628'), -- 102830 (Deceased Sorcerer) - Permanent Feign Death
(97182, 0, 0, 0, 1, 0, 0, 0, 0, 0, '199867 203605 67236'), -- 97182 (Night Watch Mariner) - Helmet, Fencing, Invisibility and Stealth Detection
(102742, 0, 0, 0, 1, 0, 0, 0, 0, 0, '203038'), -- 102742 (Fallen Shieldmaiden) - Fallen Vrykul
(111374, 0, 0, 0, 1, 0, 0, 0, 0, 0, '194414'), -- 111374 (Xal'atath) - Soul Cage
(103605, 0, 0, 0, 1, 0, 0, 0, 0, 0, '216133'), -- 103605 (Shroudseeker) - Shroudseeker
(99188, 0, 0, 0, 1, 0, 0, 0, 0, 0, '203602'), -- 99188 (Waterlogged Soul Guard) - Blocking
(102769, 0, 0, 0, 1, 0, 0, 0, 0, 0, '203058'), -- 102769 (Decrepit Runecarver) - Fallen Vrykul
(102326, 0, 0, 50331648, 1, 0, 0, 0, 0, 4, '202034'), -- 102326 (Seacursed Rower) - Ride Vehicle Hardcoded, Rowing
(97365, 0, 0, 0, 0, 0, 0, 0, 0, 0, ''), -- 97365 (Seacursed Mistmender)
(102327, 0, 0, 50331648, 1, 0, 0, 0, 0, 0, ''), -- 102327 (Seacursed Rower)
(98919, 0, 0, 0, 1, 0, 0, 0, 0, 0, '195219 42459'), -- 98919 (Seacursed Swiftblade) - Eye Patch, Dual Wield
(103115, 0, 0, 50331648, 1, 0, 0, 0, 0, 5, '204001'), -- 103115 (Helheim) - Kvaldir Cage
(102325, 0, 0, 50331648, 1, 0, 0, 0, 0, 0, ''), -- 102325 (Seacursed Rower)
(98291, 0, 0, 50331648, 1, 0, 0, 0, 0, 4, '193667'); -- 98291 (Seacursed Rower) - Ride Vehicle Hardcoded; Rowing

-- GameObject Template addon
DELETE FROM `gameobject_template_addon` WHERE `entry` IN (247041 /*Echoing Horn of the Damned*/, 253001 /*Rune-etched Archway*/, 245064 /*Kvaldir Cage*/, 245067 /*Kvaldir Cage*/, 245066 /*Kvaldir Cage*/, 224648 /*Large Collision Wall*/, 245063 /*Kvaldir Cage*/, 245062 /*Kvaldir Cage*/, 245065 /*Kvaldir Cage*/, 251960 /*The Raven's Eye Tablet*/, 251963 /*7VR_VRYKUL_RITUALROCKS02 [scale x3]*/, 246125 /*Musty Crate*/, 246763 /*The Maw of Souls*/, 249462 /*Crate of Dragur Dust*/, 246841 /*Trap Door 011*/, 246840 /*Trap Door 001*/, 246843 /*Trap Door 003*/, 246842 /*Trap Door 002*/, 246837 /*Trap Door 010*/, 246919 /*The Naglfar*/, 246836 /*Trao Door 008*/, 246839 /*Trap Door 005*/, 246838 /*Trap Door 006*/, 246835 /*Trap Door 009*/, 246834 /*Trap Door 007*/, 246435 /*Wall of Souls*/, 246844 /*Trap Door 004*/, 245609 /*Invisible Door*/);
INSERT INTO `gameobject_template_addon` (`entry`, `faction`, `flags`, `WorldEffectID`, `AIAnimKitID`) VALUES
(247041, 0, 16, 0, 0), -- Echoing Horn of the Damned
(253001, 0, 48, 0, 0), -- Rune-etched Archway
(245064, 0, 48, 0, 0), -- Kvaldir Cage
(245067, 0, 48, 0, 0), -- Kvaldir Cage
(245066, 0, 48, 0, 0), -- Kvaldir Cage
(224648, 1375, 0, 0, 0), -- Large Collision Wall
(245063, 0, 48, 0, 0), -- Kvaldir Cage
(245062, 0, 48, 0, 0), -- Kvaldir Cage
(245065, 0, 48, 0, 0), -- Kvaldir Cage
(251960, 0, 262144, 0, 0), -- The Raven's Eye Tablet
(251963, 114, 0, 0, 0), -- 7VR_VRYKUL_RITUALROCKS02 [scale x3]
(246125, 0, 4, 0, 753), -- Musty Crate
(246763, 0, 48, 0, 0), -- The Maw of Souls
(249462, 0, 4, 0, 0), -- Crate of Dragur Dust
(246841, 1375, 0, 0, 0), -- Trap Door 011
(246840, 1375, 0, 0, 0), -- Trap Door 001
(246843, 1375, 0, 0, 0), -- Trap Door 003
(246842, 1375, 0, 0, 0), -- Trap Door 002
(246837, 1375, 0, 0, 0), -- Trap Door 010
(246919, 0, 1048608, 0, 0), -- The Naglfar
(246836, 1375, 0, 0, 0), -- Trao Door 008
(246839, 1375, 0, 0, 0), -- Trap Door 005
(246838, 1375, 0, 0, 0), -- Trap Door 006
(246835, 1375, 0, 0, 0), -- Trap Door 009
(246834, 1375, 0, 0, 0), -- Trap Door 007
(246435, 0, 48, 0, 0), -- Wall of Souls
(246844, 1375, 0, 0, 0), -- Trap Door 004
(245609, 14, 48, 0, 0); -- Invisible Door

UPDATE `gameobject_template_addon` SET `AIAnimKitID`=9961 WHERE `entry`=246888; -- Heavy Barnacled Door

-- Creature Template data
UPDATE `creature_template` SET `minlevel`=47, `maxlevel`=47 WHERE `entry`=96756; -- Ymiron, the Fallen King
UPDATE `creature_template` SET `unit_flags3`=16777217 WHERE `entry`=111374; -- Xal'atath
UPDATE `creature_template` SET `minlevel`=45, `maxlevel`=45 WHERE `entry`=102108; -- Captured Shieldmaiden
UPDATE `creature_template` SET `minlevel`=45, `maxlevel`=45 WHERE `entry`=101013; -- Captured Runecarver
UPDATE `creature_template` SET `minlevel`=45, `maxlevel`=45 WHERE `entry` IN (102896, 102104); -- Enslaved Shieldmaiden
UPDATE `creature_template` SET `minlevel`=46, `maxlevel`=46 WHERE `entry`=97200; -- Seacursed Soulkeeper
UPDATE `creature_template` SET `minlevel`=45, `maxlevel`=45 WHERE `entry` IN (114712, 102375, 102894); -- Runecarver Slave
UPDATE `creature_template` SET `minlevel`=45, `maxlevel`=45 WHERE `entry`=97043; -- Seacursed Slaver
UPDATE `creature_template` SET `minlevel`=50, `maxlevel`=50, `unit_flags3`=16777217 WHERE `entry`=120652; -- Global Affix Stalker
UPDATE `creature_template` SET `minlevel`=45, `maxlevel`=45, `unit_flags3`=16777217 WHERE `entry`=97208; -- Spear
UPDATE `creature_template` SET `minlevel`=45, `maxlevel`=45, `unit_flags3`=0 WHERE `entry`=97163; -- Cursed Falke
UPDATE `creature_template` SET `minlevel`=45, `maxlevel`=45, `unit_flags`=0, `unit_flags3`=16777216 WHERE `entry`=104906; -- Captured Val'kyr
UPDATE `creature_template` SET `minlevel`=46, `maxlevel`=46 WHERE `entry`=97185; -- The Grimewalker
UPDATE `creature_template` SET `minlevel`=47, `maxlevel`=47 WHERE `entry`=96754; -- Harbaron
UPDATE `creature_template` SET `minlevel`=46, `maxlevel`=46 WHERE `entry`=97097; -- Helarjar Champion
UPDATE `creature_template` SET `unit_flags3`=16777217 WHERE `entry`=111221; -- Xal'atath
UPDATE `creature_template` SET `minlevel`=45, `maxlevel`=45 WHERE `entry`=98973; -- Skeletal Warrior
UPDATE `creature_template` SET `minlevel`=45, `maxlevel`=45, `unit_flags3`=16785409 WHERE `entry`=102830; -- Deceased Sorcerer
UPDATE `creature_template` SET `minlevel`=46, `maxlevel`=46, `dynamicflags`=0 WHERE `entry`=97182; -- Night Watch Mariner
UPDATE `creature_template` SET `minlevel`=45, `maxlevel`=45, `unit_flags3`=16777217 WHERE `entry`=102742; -- Fallen Shieldmaiden
UPDATE `creature_template` SET `minlevel`=46, `maxlevel`=46, `faction`=16, `speed_walk`=1.20000004768371582, `speed_run`=1.428571462631225585, `BaseAttackTime`=1000, `unit_flags`=32768, `unit_flags2`=2048 WHERE `entry`=103605; -- Shroudseeker
UPDATE `creature_template` SET `minlevel`=45, `maxlevel`=45, `unit_flags3`=16777217 WHERE `entry`=102769; -- Decrepit Runecarver
UPDATE `creature_template` SET `minlevel`=45, `maxlevel`=45, `unit_flags3`=16777217 WHERE `entry`=111833; -- Thal'kiel
UPDATE `creature_template` SET `minlevel`=45, `maxlevel`=45 WHERE `entry`=97119; -- Shroud Hound
UPDATE `creature_template` SET `minlevel`=40, `maxlevel`=40, `faction`=35, `npcflag`=128, `BaseAttackTime`=2000, `unit_flags2`=2048 WHERE `entry`=188142; -- Motion Sick Peon's Soul
UPDATE `creature_template` SET `minlevel`=45, `maxlevel`=45 WHERE `entry` IN (102326, 102327, 102325, 98291); -- Seacursed Rower
UPDATE `creature_template` SET `minlevel`=45, `maxlevel`=45 WHERE `entry`=97365; -- Seacursed Mistmender
UPDATE `creature_template` SET `minlevel`=46, `maxlevel`=46 WHERE `entry`=99188; -- Waterlogged Soul Guard
UPDATE `creature_template` SET `minlevel`=45, `maxlevel`=45 WHERE `entry`=98919; -- Seacursed Swiftblade
UPDATE `creature_template` SET `minlevel`=45, `maxlevel`=45 WHERE `entry`=103115; -- Helheim

-- GameObject Template data
UPDATE `gameobject_template` SET `ContentTuningId`=1155, `VerifiedBuild`=45745 WHERE `entry`=253001; -- Rune-etched Archway
UPDATE `gameobject_template` SET `ContentTuningId`=1155, `VerifiedBuild`=45745 WHERE `entry`=247041; -- Echoing Horn of the Damned
UPDATE `gameobject_template` SET `ContentTuningId`=1155, `VerifiedBuild`=45745 WHERE `entry` IN (245066, 245062, 245067, 245063, 245064, 245065); -- Kvaldir Cage
UPDATE `gameobject_template` SET `VerifiedBuild`=45745 WHERE `entry` IN (224648, 252145);

-- Scaling
DELETE FROM `creature_template_scaling` WHERE (`DifficultyID`=23 AND `Entry` IN (96756,102108,101013,102896,97200,114712,97043,97208,102375,102104,102894,97163,104906,97185,96754,97097,98973,102830,97182,102742,103605,102769,97119,188142,102326,97365,102327,99188,98919,103115,102325,98291));
INSERT INTO `creature_template_scaling` (`Entry`, `DifficultyID`, `LevelScalingDeltaMin`, `LevelScalingDeltaMax`, `ContentTuningID`, `VerifiedBuild`) VALUES
(96756, 23, 2, 2, 629, 45745),
(102108, 23, 0, 0, 1155, 45745),
(101013, 23, 0, 0, 1155, 45745),
(102896, 23, 0, 0, 1155, 45745),
(97200, 23, 1, 1, 629, 45745),
(114712, 23, 0, 0, 629, 45745),
(97043, 23, 0, 0, 629, 45745),
(97208, 23, 0, 0, 1155, 45745),
(102375, 23, 0, 0, 629, 45745),
(102104, 23, 0, 0, 629, 45745),
(102894, 23, 0, 0, 1155, 45745),
(97163, 23, 0, 0, 629, 45745),
(104906, 23, 0, 0, 1155, 45745),
(97185, 23, 1, 1, 629, 45745),
(96754, 23, 2, 2, 629, 45745),
(97097, 23, 1, 1, 629, 45745),
(98973, 23, 0, 0, 629, 45745),
(102830, 23, 0, 0, 1155, 45745),
(97182, 23, 1, 1, 629, 45745),
(102742, 23, 0, 0, 1155, 45745),
(103605, 23, 1, 1, 629, 45745),
(102769, 23, 0, 0, 1155, 45745),
(97119, 23, 0, 0, 629, 45745),
(188142, 23, 0, 0, 2219, 45745),
(102326, 23, 0, 0, 1155, 45745),
(97365, 23, 0, 0, 629, 45745),
(102327, 23, 0, 0, 1155, 45745),
(99188, 23, 1, 1, 629, 45745),
(98919, 23, 0, 0, 629, 45745),
(103115, 23, 0, 0, 1155, 45745),
(102325, 23, 0, 0, 1155, 45745),
(98291, 23, 0, 0, 1155, 45745);

DELETE FROM `creature_model_info` WHERE `DisplayID`=106378;
INSERT INTO `creature_model_info` (`DisplayID`, `BoundingRadius`, `CombatReach`, `DisplayID_Other_Gender`, `VerifiedBuild`) VALUES
(106378, 0.372000008821487426, 1.5, 0, 45745);

UPDATE `creature_model_info` SET `VerifiedBuild`=45745 WHERE `DisplayID` IN (26725, 30710, 67556, 66181, 66184, 66183, 67179, 25801, 67001, 64200, 64467, 25630, 70529, 66102, 66103, 27824, 66090, 65823);
UPDATE `creature_model_info` SET `BoundingRadius`=1.549580812454223632, `CombatReach`=0, `VerifiedBuild`=45745 WHERE `DisplayID`=65753;

-- Creature Equip Template
DELETE FROM `creature_equip_template` WHERE (`ID`=1 AND `CreatureID` IN (96756,102896,97200,114712,97043,102375,102104,102894,97185,96754,97097,98973,97182,102326,97365,99188,98919,98291));
INSERT INTO `creature_equip_template` (`CreatureID`, `ID`, `ItemID1`, `AppearanceModID1`, `ItemVisual1`, `ItemID2`, `AppearanceModID2`, `ItemVisual2`, `ItemID3`, `AppearanceModID3`, `ItemVisual3`, `VerifiedBuild`) VALUES
(96756, 1, 129189, 0, 0, 0, 0, 0, 0, 0, 0, 45745), -- Ymiron, the Fallen King
(102896, 1, 127346, 0, 0, 77408, 0, 0, 0, 0, 0, 45745), -- Enslaved Shieldmaiden
(97200, 1, 132557, 0, 0, 0, 0, 0, 0, 0, 0, 45745), -- Seacursed Soulkeeper
(114712, 1, 61297, 0, 0, 0, 0, 0, 0, 0, 0, 45745), -- Runecarver Slave
(97043, 1, 81357, 0, 0, 0, 0, 0, 0, 0, 0, 45745), -- Seacursed Slaver
(102375, 1, 61297, 0, 0, 0, 0, 0, 0, 0, 0, 45745), -- Runecarver Slave
(102104, 1, 127346, 0, 0, 77408, 0, 0, 0, 0, 0, 45745), -- Enslaved Shieldmaiden
(102894, 1, 130196, 0, 0, 0, 0, 0, 0, 0, 0, 45745), -- Runecarver Slave
(97185, 1, 115802, 0, 0, 0, 0, 0, 0, 0, 0, 45745), -- The Grimewalker
(96754, 1, 88793, 0, 0, 0, 0, 0, 0, 0, 0, 45745), -- Harbaron
(97097, 1, 76287, 0, 0, 107823, 0, 0, 0, 0, 0, 45745), -- Helarjar Champion
(98973, 1, 106837, 0, 0, 106837, 0, 0, 0, 0, 0, 45745), -- Skeletal Warrior
(97182, 1, 118083, 0, 0, 6341, 0, 0, 0, 0, 0, 45745), -- Night Watch Mariner
(102326, 1, 81357, 0, 0, 0, 0, 0, 0, 0, 0, 45745), -- Seacursed Rower
(97365, 1, 35942, 0, 0, 0, 0, 0, 0, 0, 0, 45745), -- Seacursed Mistmender
(99188, 1, 113562, 0, 0, 56173, 0, 0, 0, 0, 0, 45745), -- Waterlogged Soul Guard
(98919, 1, 77076, 0, 0, 75009, 0, 0, 0, 0, 0, 45745), -- Seacursed Swiftblade
(98291, 1, 81357, 0, 0, 0, 0, 0, 0, 0, 0, 45745); -- Seacursed Rower

-- Vendor Data
DELETE FROM `npc_vendor` WHERE (`entry`=188142 AND `item`=191734 AND `ExtendedCost`=2 AND `type`=1);
INSERT INTO `npc_vendor` (`entry`, `slot`, `item`, `maxcount`, `ExtendedCost`, `type`, `PlayerConditionID`, `IgnoreFiltering`, `VerifiedBuild`) VALUES
(188142, 1, 191734, 0, 2, 1, 0, 0, 45745); -- -Unknown-

-- Vehicle data
DELETE FROM `vehicle_template_accessory` WHERE `entry` IN (97043, 101013, 102108, 102327, 102325);
INSERT INTO `vehicle_template_accessory` (`entry`, `accessory_entry`, `seat_id`, `minion`, `description`, `summontype`, `summontimer`) VALUES
(97043, 97208, 0, 0, 'Seacursed Slaver - Spear', 6, 3000000), -- Seacursed Slaver - Spear
(101013, 102375, 0, 0, 'Captured Runecarver - Runecarver Slave', 6, 3000000), -- Captured Runecarver - Runecarver Slave
(102108, 102104, 0, 0, 'Captured Shieldmaiden - Enslaved Shieldmaiden', 6, 3000000), -- Captured Shieldmaiden - Enslaved Shieldmaiden
(102327, 102326, 0, 0, 'Seacursed Rower - Seacursed Rower', 6, 3000000), -- Seacursed Rower - Seacursed Rower
(102325, 98291, 0, 0, 'Seacursed Rower - Seacursed Rower', 6, 3000000); -- Seacursed Rower - Seacursed Rower

-- Spellclick data
DELETE FROM `npc_spellclick_spells` WHERE `npc_entry` IN (97043, 101013, 102108, 102327, 102325);
INSERT INTO `npc_spellclick_spells` (`npc_entry`, `spell_id`, `cast_flags`, `user_type`) VALUES
(97043, 46598, 0, 0),
(101013, 46598, 0, 0),
(102108, 46598, 0, 0),
(102327, 46598, 0, 0),
(102325, 46598, 0, 0);

-- Creature movement data
DELETE FROM `creature_template_movement` WHERE `CreatureID` IN (97163, 104906, 102326, 103115, 188142);
INSERT INTO `creature_template_movement` (`CreatureId`, `Ground`, `Swim`, `Flight`, `Rooted`, `Chase`, `Random`, `InteractionPauseTimer`) VALUES
(97163, 0, 0, 1, 0, 0, 0, NULL),
(104906, 0, 0, 1, 0, 0, 0, NULL),
(102326, 0, 0, 1, 0, 0, 0, NULL),
(103115, 0, 0, 1, 0, 0, 0, NULL),
(188142, 0, 0, 1, 0, 0, 0, NULL);

-- Waypoints for CGUID+21
SET @PATH := (@CGUID+21) * 10;
DELETE FROM `waypoint_data` WHERE `id`= @PATH;
INSERT INTO `waypoint_data` (`id`, `point`, `position_x`, `position_y`, `position_z`, `orientation`, `delay`) VALUES
(@PATH, 0, 7331.46, 7303.579, 42.65778, NULL, 0),
(@PATH, 1, 7318.952, 7304.669, 40.21505, NULL, 0),
(@PATH, 2, 7305.603, 7302.976, 38.15468, NULL, 0),
(@PATH, 3, 7294.541, 7300.516, 36.76821, NULL, 6391),
(@PATH, 4, 7305.603, 7302.976, 38.15468, NULL, 0),
(@PATH, 5, 7318.952, 7304.669, 40.21505, NULL, 0),
(@PATH, 6, 7345.695, 7301.239, 42.85762, NULL, 5529);

UPDATE `creature` SET `position_x`= 7331.46, `position_y`= 7303.579, `position_z`= 42.65778, `orientation`= 0, `wander_distance`= 0, `MovementType`= 2 WHERE `guid`= @CGUID+21;
DELETE FROM `creature_addon` WHERE `guid`= @CGUID+21;
INSERT INTO `creature_addon` (`guid`, `path_id`, `bytes2`) VALUES
(@CGUID+21, @PATH, 1);

-- Waypoints for CGUID+96
SET @PATH := (@CGUID+96) * 10;
DELETE FROM `waypoint_data` WHERE `id`= @PATH;
INSERT INTO `waypoint_data` (`id`, `point`, `position_x`, `position_y`, `position_z`, `orientation`, `delay`) VALUES
(@PATH, 0, 2914.097, 755.8143, 515.3473, NULL, 0),
(@PATH, 1, 2917.986, 767.842, 515.3473, NULL, 0),
(@PATH, 2, 2915.669, 784.283, 515.3473, NULL, 0),
(@PATH, 3, 2915.939, 801.7274, 515.3473, NULL, 0),
(@PATH, 4, 2915.533, 817.2031, 515.3473, NULL, 3894),
(@PATH, 5, 2919.579, 792.8871, 515.3473, NULL, 0),
(@PATH, 6, 2916.345, 771.2934, 515.3473, NULL, 0),
(@PATH, 7, 2916.881, 755.4028, 515.3473, NULL, 0),
(@PATH, 8, 2907.13, 740.1441, 515.1667, NULL, 3517);

UPDATE `creature` SET `position_x`= 2914.097, `position_y`= 755.8143, `position_z`= 515.3473, `orientation`= 0, `wander_distance`= 0, `MovementType`= 2 WHERE `guid`= @CGUID+96;
DELETE FROM `creature_addon` WHERE `guid`= @CGUID+96;
INSERT INTO `creature_addon` (`guid`, `path_id`, `bytes2`, `auras`) VALUES
(@CGUID+96, @PATH, 1, '199867 203605 67236');

-- Waypoints for CGUID+88
SET @PATH := (@CGUID+88) * 10;
DELETE FROM `waypoint_data` WHERE `id`= @PATH;
INSERT INTO `waypoint_data` (`id`, `point`, `position_x`, `position_y`, `position_z`, `orientation`, `delay`) VALUES
(@PATH, 0, 2953.359, 807.3542, 515.3472, NULL, 3462),
(@PATH, 1, 2950.283, 788.9114, 515.3148, NULL, 0),
(@PATH, 2, 2951.185, 777.4531, 515.3473, NULL, 0),
(@PATH, 3, 2955.208, 763.5643, 515.3473, NULL, 0),
(@PATH, 4, 2958.746, 749.3559, 515.3105, NULL, 0),
(@PATH, 5, 2961.375, 740.4375, 515.2009, NULL, 4026),
(@PATH, 6, 2952.206, 762.8524, 515.3473, NULL, 0),
(@PATH, 7, 2951.002, 781.0191, 515.3473, NULL, 0),
(@PATH, 8, 2951.074, 804.0816, 515.3473, NULL, 0);

UPDATE `creature` SET `position_x`= 2953.359, `position_y`= 807.3542, `position_z`= 515.3472, `orientation`= 0, `wander_distance`= 0, `MovementType`= 2 WHERE `guid`= @CGUID+88;
DELETE FROM `creature_addon` WHERE `guid`= @CGUID+88;
INSERT INTO `creature_addon` (`guid`, `path_id`, `bytes2`, `auras`) VALUES
(@CGUID+88, @PATH, 1, '199867 203605 67236');

-- Waypoints for CGUID+111
DELETE FROM `creature_formations` WHERE `leaderGUID` = @CGUID+111;
INSERT INTO `creature_formations`(`leaderGUID`, `memberGUID`, `dist`, `angle`, `groupAI`, `point_1`, `point_2`) VALUES
(@CGUID+111, @CGUID+111, 0, 0, 515, 0, 0),
(@CGUID+111, @CGUID+110, 4, 60, 515, 0, 0),
(@CGUID+111, @CGUID+109, 4, 300, 515, 0, 0);

SET @PATH := (@CGUID+111) * 10;
DELETE FROM `waypoint_data` WHERE `id`= @PATH;
INSERT INTO `waypoint_data` (`id`, `point`, `position_x`, `position_y`, `position_z`, `orientation`, `delay`) VALUES
(@PATH, 0, 2914.565, 777.5887, 515.3473, NULL, 0),
(@PATH, 1, 2915.609, 775.1066, 515.3473, NULL, 0),
(@PATH, 2, 2916.75, 772.611, 515.3473, NULL, 0),
(@PATH, 3, 2917.24, 770.0062, 515.3473, NULL, 0),
(@PATH, 4, 2916.994, 766.8852, 515.3473, NULL, 0),
(@PATH, 5, 2916.538, 763.8939, 515.3473, NULL, 0),
(@PATH, 6, 2916, 760.992, 515.3473, NULL, 0),
(@PATH, 7, 2915.459, 758.1066, 515.3473, NULL, 0),
(@PATH, 8, 2914.952, 755.3345, 515.3473, NULL, 0),
(@PATH, 9, 2913.556, 752.6577, 515.3473, NULL, 0),
(@PATH, 10, 2911.918, 750.1252, 515.3336, NULL, 0),
(@PATH, 11, 2910.191, 747.5646, 515.2569, NULL, 0),
(@PATH, 12, 2908.546, 745.1619, 515.2296, NULL, 0),
(@PATH, 13, 2906.923, 742.7565, 515.205, NULL, 0),
(@PATH, 14, 2905.326, 740.3585, 515.1804, NULL, 0),
(@PATH, 15, 2905.728, 738.9268, 515.1577, NULL, 0),
(@PATH, 16, 2907.87, 742.7443, 515.1993, NULL, 0),
(@PATH, 17, 2910.502, 742.8791, 515.1858, NULL, 0),
(@PATH, 18, 2913.917, 743.8436, 515.1774, NULL, 0),
(@PATH, 19, 2915.792, 745.5837, 515.2333, NULL, 0),
(@PATH, 20, 2918.852, 746.7952, 515.2811, NULL, 0),
(@PATH, 21, 2920.503, 748.5027, 515.3348, NULL, 0),
(@PATH, 22, 2923.536, 749.7312, 515.3473, NULL, 0),
(@PATH, 23, 2925.269, 750.8078, 515.3473, NULL, 0),
(@PATH, 24, 2931.779, 751.6814, 515.8528, NULL, 0),
(@PATH, 25, 2935.634, 750.7319, 516.1492, NULL, 0),
(@PATH, 26, 2937.973, 751.4182, 515.3472, NULL, 0),
(@PATH, 27, 2940.08, 751.4274, 515.3472, NULL, 0),
(@PATH, 28, 2940.494, 750.8101, 515.3472, NULL, 0),
(@PATH, 29, 2937.896, 750.5283, 515.3472, NULL, 0),
(@PATH, 30, 2945.26, 748.0353, 515.2857, NULL, 0),
(@PATH, 31, 2946.659, 748.4257, 515.2914, NULL, 0),
(@PATH, 32, 2947.729, 746.9049, 515.2731, NULL, 0),
(@PATH, 33, 2950.546, 745.777, 515.2608, NULL, 0),
(@PATH, 34, 2952.177, 745.1378, 515.2538, NULL, 0),
(@PATH, 35, 2955.543, 743.8461, 515.2398, NULL, 0),
(@PATH, 36, 2957.201, 744.9998, 515.2552, NULL, 0),
(@PATH, 37, 2952.52, 746.7405, 515.274, NULL, 0),
(@PATH, 38, 2952.319, 749.3509, 515.3065, NULL, 0),
(@PATH, 39, 2951.558, 751.3315, 515.3307, NULL, 0),
(@PATH, 40, 2950.161, 752.7147, 515.3472, NULL, 0),
(@PATH, 41, 2949.603, 756.7652, 515.3473, NULL, 0),
(@PATH, 42, 2948.657, 758.8074, 515.3473, NULL, 0),
(@PATH, 43, 2950.01, 766.4726, 515.3473, NULL, 0),
(@PATH, 44, 2949.416, 767.7063, 515.3473, NULL, 0),
(@PATH, 45, 2949.896, 770.3118, 515.3473, NULL, 0),
(@PATH, 46, 2950.257, 773.6918, 515.3473, NULL, 0),
(@PATH, 47, 2950.725, 776.4277, 515.3473, NULL, 0),
(@PATH, 48, 2951.183, 778.9099, 515.3473, NULL, 0),
(@PATH, 49, 2951.16, 780.7759, 515.3473, NULL, 0),
(@PATH, 50, 2951.024, 783.5856, 515.3473, NULL, 0),
(@PATH, 51, 2950.814, 786.3436, 515.3129, NULL, 0),
(@PATH, 52, 2950.511, 789.1048, 515.3163, NULL, 0),
(@PATH, 53, 2949.213, 791.381, 515.3138, NULL, 0),
(@PATH, 54, 2945.876, 794.1111, 515.3472, NULL, 0),
(@PATH, 55, 2943.651, 794.7491, 515.3472, NULL, 0),
(@PATH, 56, 2940.857, 795.9189, 515.3472, NULL, 0),
(@PATH, 57, 2936.697, 796.4108, 515.3473, NULL, 0),
(@PATH, 58, 2933.621, 796.1574, 515.3473, NULL, 0),
(@PATH, 59, 2930.422, 796.03, 515.3473, NULL, 0),
(@PATH, 60, 2927.324, 795.9777, 515.3473, NULL, 0),
(@PATH, 61, 2925.234, 795.9594, 515.3473, NULL, 0),
(@PATH, 62, 2921.336, 796.8814, 515.3473, NULL, 0),
(@PATH, 63, 2919.015, 798.8585, 515.3473, NULL, 0),
(@PATH, 64, 2916.911, 800.9409, 515.3473, NULL, 0),
(@PATH, 65, 2914.68, 802.9665, 515.3473, NULL, 0),
(@PATH, 66, 2914.791, 805.3867, 515.3473, NULL, 0),
(@PATH, 67, 2916.588, 810.1094, 515.3831, NULL, 0),
(@PATH, 68, 2918.202, 813.5178, 515.3473, NULL, 0),
(@PATH, 69, 2919.269, 815.6227, 515.3473, NULL, 0),
(@PATH, 70, 2918.104, 812.7483, 515.3473, NULL, 0),
(@PATH, 71, 2917.291, 812.8723, 515.3473, NULL, 0),
(@PATH, 72, 2915.927, 813.1256, 515.3473, NULL, 0),
(@PATH, 73, 2914.051, 810.0168, 515.3473, NULL, 0),
(@PATH, 74, 2914.186, 802.736, 515.3473, NULL, 0),
(@PATH, 75, 2914.271, 800.7747, 515.3473, NULL, 0),
(@PATH, 76, 2915.087, 798.6162, 515.3473, NULL, 0),
(@PATH, 77, 2916.352, 795.5766, 515.3473, NULL, 0),
(@PATH, 78, 2916.23, 793.2835, 515.3474, NULL, 0),
(@PATH, 79, 2917.052, 788.8743, 515.3474, NULL, 0),
(@PATH, 80, 2915.875, 786.5089, 515.3474, NULL, 0),
(@PATH, 81, 2915.302, 784.2242, 515.3473, NULL, 0),
(@PATH, 82, 2914.867, 782.5408, 515.3473, NULL, 0);

UPDATE `creature` SET `position_x`= 2914.565, `position_y`= 777.5887, `position_z`= 515.3473, `orientation`= 0, `wander_distance`= 0, `MovementType`= 2 WHERE `guid`= @CGUID+111;
DELETE FROM `creature_addon` WHERE `guid`= @CGUID+111;
INSERT INTO `creature_addon` (`guid`, `path_id`, `bytes2`) VALUES
(@CGUID+111, @PATH, 1);
