--
-- Felwood (Zone 361) Ore spawns
SET @LASTGUID := 173;
SET @OGUID1   := 234355; 
SET @OGUID2   := @OGUID1 + (@LASTGUID + 1);
SET @OGUID3   := @OGUID2 + (@LASTGUID + 1);
SET @POOL     := 361001; -- 174 pooled
SET @MOTHER   := 36101;
SET @ACTIVE   := 66;     -- Max number of active spawns
SET @TIMER    := 30;     -- Respawn timer in seconds

DELETE FROM `gameobject` WHERE `guid` BETWEEN @OGUID1 AND @OGUID1+@LASTGUID;
DELETE FROM `gameobject` WHERE `guid` BETWEEN @OGUID2 AND @OGUID2+@LASTGUID;
DELETE FROM `gameobject` WHERE `guid` BETWEEN @OGUID3 AND @OGUID3+@LASTGUID;
INSERT INTO `gameobject` (`guid`, `id`, `map`, `spawnMask`, `phaseMask`, `phaseId`, `position_x`, `position_y`, `position_z`, `orientation`, `rotation0`, `rotation1`, `rotation2`, `rotation3`, `spawntimesecs`, `animprogress`, `state`) VALUES
-- Mithril Deposits
(@OGUID1+0,2040,1,1,1,0,3518.36,-1096.71,230.29,4.485497,0,0,0,1, @TIMER, 255, 1),
(@OGUID1+1,2040,1,1,1,0,3532.12,-1080.09,234.065,4.485497,0,0,0,1, @TIMER, 255, 1),
(@OGUID1+2,2040,1,1,1,0,3555.23,-1051.94,241.666,4.485497,0,0,0,1, @TIMER, 255, 1),
(@OGUID1+3,2040,1,1,1,0,3595.66,-1205.04,227.842,4.485497,0,0,0,1, @TIMER, 255, 1),
(@OGUID1+4,2040,1,1,1,0,3595.67,-993.8,233.478,4.485497,0,0,0,1, @TIMER, 255, 1),
(@OGUID1+5,2040,1,1,1,0,3612.46,-935.637,297.772,4.485497,0,0,0,1, @TIMER, 255, 1),
(@OGUID1+6,2040,1,1,1,0,3646.68,-1379.49,224.298,4.485497,0,0,0,1, @TIMER, 255, 1),
(@OGUID1+7,2040,1,1,1,0,3674.1,-1247.69,231.801,4.485497,0,0,0,1, @TIMER, 255, 1),
(@OGUID1+8,2040,1,1,1,0,3688.55,-947.625,297.762,4.485497,0,0,0,1, @TIMER, 255, 1),
(@OGUID1+9,2040,1,1,1,0,3701.43,-1354.14,233.103,4.485497,0,0,0,1, @TIMER, 255, 1),
(@OGUID1+10,2040,1,1,1,0,3719.78,-885.641,334.797,4.485497,0,0,0,1, @TIMER, 255, 1),
(@OGUID1+11,2040,1,1,1,0,3724.96,-808.394,343.181,4.485497,0,0,0,1, @TIMER, 255, 1),
(@OGUID1+12,2040,1,1,1,0,3741.6,-1266.94,219.244,4.485497,0,0,0,1, @TIMER, 255, 1),
(@OGUID1+13,2040,1,1,1,0,3742.2,-1698.85,272.017,4.485497,0,0,0,1, @TIMER, 255, 1),
(@OGUID1+14,2040,1,1,1,0,3769.26,-1731.45,281.997,4.485497,0,0,0,1, @TIMER, 255, 1),
(@OGUID1+15,2040,1,1,1,0,3769.4,-864.252,311.543,4.485497,0,0,0,1, @TIMER, 255, 1),
(@OGUID1+16,2040,1,1,1,0,3778.65,-722.302,351.5,4.485497,0,0,0,1, @TIMER, 255, 1),
(@OGUID1+17,2040,1,1,1,0,3794.74,-719.337,342.173,4.485497,0,0,0,1, @TIMER, 255, 1),
(@OGUID1+18,2040,1,1,1,0,3813.47,-1754.63,300.244,4.485497,0,0,0,1, @TIMER, 255, 1),
(@OGUID1+19,2040,1,1,1,0,3816.61,-936.957,270.896,4.485497,0,0,0,1, @TIMER, 255, 1),
(@OGUID1+20,2040,1,1,1,0,3818.71,-688.347,341.798,4.485497,0,0,0,1, @TIMER, 255, 1),
(@OGUID1+21,2040,1,1,1,0,3831.14,-661.13,339.622,4.485497,0,0,0,1, @TIMER, 255, 1),
(@OGUID1+22,2040,1,1,1,0,3838.67,-1729.82,284.623,4.485497,0,0,0,1, @TIMER, 255, 1),
(@OGUID1+23,2040,1,1,1,0,3852.45,-923.967,285.531,4.485497,0,0,0,1, @TIMER, 255, 1),
(@OGUID1+24,2040,1,1,1,0,3904.94,-733.469,326.517,4.485497,0,0,0,1, @TIMER, 255, 1),
(@OGUID1+25,2040,1,1,1,0,3909.45,-821.382,327.248,4.485497,0,0,0,1, @TIMER, 255, 1),
(@OGUID1+26,2040,1,1,1,0,3922.89,-1479.14,232.244,4.485497,0,0,0,1, @TIMER, 255, 1),
(@OGUID1+27,2040,1,1,1,0,3923.16,-786.628,321.315,4.485497,0,0,0,1, @TIMER, 255, 1),
(@OGUID1+28,2040,1,1,1,0,3923.49,-1648.37,284.106,4.485497,0,0,0,1, @TIMER, 255, 1),
(@OGUID1+29,2040,1,1,1,0,3931.29,-677.875,338.391,4.485497,0,0,0,1, @TIMER, 255, 1),
(@OGUID1+30,2040,1,1,1,0,3939.84,-724.755,303.409,4.485497,0,0,0,1, @TIMER, 255, 1),
(@OGUID1+31,2040,1,1,1,0,3942.22,-569.201,352.489,4.485497,0,0,0,1, @TIMER, 255, 1),
(@OGUID1+32,2040,1,1,1,0,3965.01,-722.538,297.317,4.485497,0,0,0,1, @TIMER, 255, 1),
(@OGUID1+33,2040,1,1,1,0,3967.32,-1537.2,271.055,4.485497,0,0,0,1, @TIMER, 255, 1),
(@OGUID1+34,2040,1,1,1,0,3968.31,-688.894,328.956,4.485497,0,0,0,1, @TIMER, 255, 1),
(@OGUID1+35,2040,1,1,1,0,3975.79,-1488.68,266.003,4.485497,0,0,0,1, @TIMER, 255, 1),
(@OGUID1+36,2040,1,1,1,0,4025.35,-607.109,339.809,4.485497,0,0,0,1, @TIMER, 255, 1),
(@OGUID1+37,2040,1,1,1,0,4026.89,-715.2,290.555,4.485497,0,0,0,1, @TIMER, 255, 1),
(@OGUID1+38,2040,1,1,1,0,4072.45,-644.082,304.451,4.485497,0,0,0,1, @TIMER, 255, 1),
(@OGUID1+39,2040,1,1,1,0,4142.32,-1208.18,313.861,4.485497,0,0,0,1, @TIMER, 255, 1),
(@OGUID1+40,2040,1,1,1,0,4164.01,-1181.65,315.052,4.485497,0,0,0,1, @TIMER, 255, 1),
(@OGUID1+41,2040,1,1,1,0,4204.95,-1193.75,327.289,4.485497,0,0,0,1, @TIMER, 255, 1),
(@OGUID1+42,2040,1,1,1,0,4270.48,-493.052,314.379,4.485497,0,0,0,1, @TIMER, 255, 1),
(@OGUID1+43,2040,1,1,1,0,4293.27,-671.332,296.312,4.485497,0,0,0,1, @TIMER, 255, 1),
(@OGUID1+44,2040,1,1,1,0,4305.38,-1110.16,339.926,4.485497,0,0,0,1, @TIMER, 255, 1),
(@OGUID1+45,2040,1,1,1,0,4327.34,-1089.69,344.662,4.485497,0,0,0,1, @TIMER, 255, 1),
(@OGUID1+46,2040,1,1,1,0,4476.36,-446.014,329.234,4.485497,0,0,0,1, @TIMER, 255, 1),
(@OGUID1+47,2040,1,1,1,0,4499.75,-403.543,344.001,4.485497,0,0,0,1, @TIMER, 255, 1),
(@OGUID1+48,2040,1,1,1,0,4509.84,-1013.56,353.013,4.485497,0,0,0,1, @TIMER, 255, 1),
(@OGUID1+49,2040,1,1,1,0,4538.48,-399.399,318.674,4.485497,0,0,0,1, @TIMER, 255, 1),
(@OGUID1+50,2040,1,1,1,0,4595.53,-420.356,331.271,4.485497,0,0,0,1, @TIMER, 255, 1),
(@OGUID1+51,2040,1,1,1,0,4606.84,-459.365,319.505,4.485497,0,0,0,1, @TIMER, 255, 1),
(@OGUID1+52,2040,1,1,1,0,4617.51,-587.194,294.599,4.485497,0,0,0,1, @TIMER, 255, 1),
(@OGUID1+53,2040,1,1,1,0,4661.36,-930.628,349.474,4.485497,0,0,0,1, @TIMER, 255, 1),
(@OGUID1+54,2040,1,1,1,0,4667.22,-724.479,301.801,4.485497,0,0,0,1, @TIMER, 255, 1),
(@OGUID1+55,2040,1,1,1,0,4680.24,-881.153,349.374,4.485497,0,0,0,1, @TIMER, 255, 1),
(@OGUID1+56,2040,1,1,1,0,4704.11,-949.054,364.112,4.485497,0,0,0,1, @TIMER, 255, 1),
(@OGUID1+57,2040,1,1,1,0,4709.69,-738.403,314.423,4.485497,0,0,0,1, @TIMER, 255, 1),
(@OGUID1+58,2040,1,1,1,0,4749.24,-722.13,310.143,4.485497,0,0,0,1, @TIMER, 255, 1),
(@OGUID1+59,2040,1,1,1,0,4776.74,-837.42,333.643,4.485497,0,0,0,1, @TIMER, 255, 1),
(@OGUID1+60,2040,1,1,1,0,4792.78,-803.882,317.419,4.485497,0,0,0,1, @TIMER, 255, 1),
(@OGUID1+61,2040,1,1,1,0,4821.81,-671.188,312.993,4.485497,0,0,0,1, @TIMER, 255, 1),
(@OGUID1+62,2040,1,1,1,0,4839.51,-812.58,319.261,4.485497,0,0,0,1, @TIMER, 255, 1),
(@OGUID1+63,2040,1,1,1,0,4857.02,-419.045,367.752,4.485497,0,0,0,1, @TIMER, 255, 1),
(@OGUID1+64,2040,1,1,1,0,4888.34,-807.721,305.402,4.485497,0,0,0,1, @TIMER, 255, 1),
(@OGUID1+65,2040,1,1,1,0,4890.75,-353.943,369.361,4.485497,0,0,0,1, @TIMER, 255, 1),
(@OGUID1+66,2040,1,1,1,0,4977.67,-790.019,326.817,4.485497,0,0,0,1, @TIMER, 255, 1),
(@OGUID1+67,2040,1,1,1,0,4989.58,-519.306,350.89,4.485497,0,0,0,1, @TIMER, 255, 1),
(@OGUID1+68,2040,1,1,1,0,5093.99,-815.09,352.615,4.485497,0,0,0,1, @TIMER, 255, 1),
(@OGUID1+69,2040,1,1,1,0,5123.59,-808.363,352.909,4.485497,0,0,0,1, @TIMER, 255, 1),
(@OGUID1+70,2040,1,1,1,0,5155.09,-529.038,344.48,4.485497,0,0,0,1, @TIMER, 255, 1),
(@OGUID1+71,2040,1,1,1,0,5186.75,-801.981,359.166,4.485497,0,0,0,1, @TIMER, 255, 1),
(@OGUID1+72,2040,1,1,1,0,5273.65,-901.323,370.16,4.485497,0,0,0,1, @TIMER, 255, 1),
(@OGUID1+73,2040,1,1,1,0,5293.68,-915.602,383.933,4.485497,0,0,0,1, @TIMER, 255, 1),
(@OGUID1+74,2040,1,1,1,0,5298.8,-483.415,345.655,4.485497,0,0,0,1, @TIMER, 255, 1),
(@OGUID1+75,2040,1,1,1,0,5326.76,-941.991,384.361,4.485497,0,0,0,1, @TIMER, 255, 1),
(@OGUID1+76,2040,1,1,1,0,5354.51,-945.491,384.49,4.485497,0,0,0,1, @TIMER, 255, 1),
(@OGUID1+77,2040,1,1,1,0,5377.76,-970.936,388.505,4.485497,0,0,0,1, @TIMER, 255, 1),
(@OGUID1+78,2040,1,1,1,0,5410.82,-963.049,389.923,4.485497,0,0,0,1, @TIMER, 255, 1),
(@OGUID1+79,2040,1,1,1,0,5442.81,-508.226,379.438,4.485497,0,0,0,1, @TIMER, 255, 1),
(@OGUID1+80,2040,1,1,1,0,5473.56,-1028.85,388.938,4.485497,0,0,0,1, @TIMER, 255, 1),
(@OGUID1+81,2040,1,1,1,0,5488.17,-500.201,378.676,4.485497,0,0,0,1, @TIMER, 255, 1),
(@OGUID1+82,2040,1,1,1,0,5522.06,-1031.1,387.649,4.485497,0,0,0,1, @TIMER, 255, 1),
(@OGUID1+83,2040,1,1,1,0,5542.26,-1039.36,394.232,4.485497,0,0,0,1, @TIMER, 255, 1),
(@OGUID1+84,2040,1,1,1,0,5589.41,-498.7,384.993,4.485497,0,0,0,1, @TIMER, 255, 1),
(@OGUID1+85,2040,1,1,1,0,5596.71,-1155.65,408.308,4.485497,0,0,0,1, @TIMER, 255, 1),
(@OGUID1+86,2040,1,1,1,0,5626.65,-1160.9,401.451,4.485497,0,0,0,1, @TIMER, 255, 1),
(@OGUID1+87,2040,1,1,1,0,5649.58,-1166.41,403.607,4.485497,0,0,0,1, @TIMER, 255, 1),
(@OGUID1+88,2040,1,1,1,0,5689.34,-1185.81,408.171,4.485497,0,0,0,1, @TIMER, 255, 1),
(@OGUID1+89,2040,1,1,1,0,5718.74,-1211.69,434.88,4.485497,0,0,0,1, @TIMER, 255, 1),
(@OGUID1+90,2040,1,1,1,0,5753.47,-1190.98,407.722,4.485497,0,0,0,1, @TIMER, 255, 1),
(@OGUID1+91,2040,1,1,1,0,5847.39,-1348.74,455.415,4.485497,0,0,0,1, @TIMER, 255, 1),
(@OGUID1+92,2040,1,1,1,0,5852.26,-1267.06,423.101,4.485497,0,0,0,1, @TIMER, 255, 1),
(@OGUID1+93,2040,1,1,1,0,5869.19,-1315.33,421.243,4.485497,0,0,0,1, @TIMER, 255, 1),
(@OGUID1+94,2040,1,1,1,0,5875.35,-606.835,406.306,4.485497,0,0,0,1, @TIMER, 255, 1),
(@OGUID1+95,2040,1,1,1,0,5958.91,-1412.89,444.033,4.485497,0,0,0,1, @TIMER, 255, 1),
(@OGUID1+96,2040,1,1,1,0,5989.43,-619.717,410.86,4.485497,0,0,0,1, @TIMER, 255, 1),
(@OGUID1+97,2040,1,1,1,0,6009.19,-658.227,406.552,4.485497,0,0,0,1, @TIMER, 255, 1),
(@OGUID1+98,2040,1,1,1,0,6017.37,-1488.13,451.171,4.485497,0,0,0,1, @TIMER, 255, 1),
(@OGUID1+99,2040,1,1,1,0,6048.66,-1597.7,492.117,4.485497,0,0,0,1, @TIMER, 255, 1),
(@OGUID1+100,2040,1,1,1,0,6052.97,-1573.89,476.19,4.485497,0,0,0,1, @TIMER, 255, 1),
(@OGUID1+101,2040,1,1,1,0,6112.73,-1036.49,405.857,4.485497,0,0,0,1, @TIMER, 255, 1),
(@OGUID1+102,2040,1,1,1,0,6127.9,-688.844,420.179,4.485497,0,0,0,1, @TIMER, 255, 1),
(@OGUID1+103,2040,1,1,1,0,6138.25,-1024.62,401.109,4.485497,0,0,0,1, @TIMER, 255, 1),
(@OGUID1+104,2040,1,1,1,0,6151.11,-1796.5,552.678,4.485497,0,0,0,1, @TIMER, 255, 1),
(@OGUID1+105,2040,1,1,1,0,6179.23,-974.965,405.433,4.485497,0,0,0,1, @TIMER, 255, 1),
(@OGUID1+106,2040,1,1,1,0,6181.83,-1417.01,403.935,4.485497,0,0,0,1, @TIMER, 255, 1),
(@OGUID1+107,2040,1,1,1,0,6201.63,-1760.22,538.785,4.485497,0,0,0,1, @TIMER, 255, 1),
(@OGUID1+108,2040,1,1,1,0,6224.72,-649.944,426.282,4.485497,0,0,0,1, @TIMER, 255, 1),
(@OGUID1+109,2040,1,1,1,0,6248.72,-2052.01,610.663,4.485497,0,0,0,1, @TIMER, 255, 1),
(@OGUID1+110,2040,1,1,1,0,6252.74,-679.368,437.375,4.485497,0,0,0,1, @TIMER, 255, 1),
(@OGUID1+111,2040,1,1,1,0,6258.6,-769.642,427.735,4.485497,0,0,0,1, @TIMER, 255, 1),
(@OGUID1+112,2040,1,1,1,0,6267.66,-707.227,432.376,4.485497,0,0,0,1, @TIMER, 255, 1),
(@OGUID1+113,2040,1,1,1,0,6305.11,-1468.17,394.291,4.485497,0,0,0,1, @TIMER, 255, 1),
(@OGUID1+114,2040,1,1,1,0,6336.31,-651.368,496.393,4.485497,0,0,0,1, @TIMER, 255, 1),
(@OGUID1+115,2040,1,1,1,0,6344.4,-617.972,483.824,4.485497,0,0,0,1, @TIMER, 255, 1),
(@OGUID1+116,2040,1,1,1,0,6347.32,-660.427,487.705,4.485497,0,0,0,1, @TIMER, 255, 1),
(@OGUID1+117,2040,1,1,1,0,6362.56,-1440.67,387.155,4.485497,0,0,0,1, @TIMER, 255, 1),
(@OGUID1+118,2040,1,1,1,0,6523.49,-2018.68,571.073,4.485497,0,0,0,1, @TIMER, 255, 1),
(@OGUID1+119,2040,1,1,1,0,6547,-780.592,484.607,4.485497,0,0,0,1, @TIMER, 255, 1),
(@OGUID1+120,2040,1,1,1,0,6556.96,-1829.11,540.269,4.485497,0,0,0,1, @TIMER, 255, 1),
(@OGUID1+121,2040,1,1,1,0,6572.51,-927.887,497.34,4.485497,0,0,0,1, @TIMER, 255, 1),
(@OGUID1+122,2040,1,1,1,0,6573.16,-1792.3,550.087,4.485497,0,0,0,1, @TIMER, 255, 1),
(@OGUID1+123,2040,1,1,1,0,6575.55,-778.285,483.815,4.485497,0,0,0,1, @TIMER, 255, 1),
(@OGUID1+124,2040,1,1,1,0,6582.12,-899.059,483.995,4.485497,0,0,0,1, @TIMER, 255, 1),
(@OGUID1+125,2040,1,1,1,0,6592.13,-1953.67,560.754,4.485497,0,0,0,1, @TIMER, 255, 1),
(@OGUID1+126,2040,1,1,1,0,6616.44,-1018.3,483.959,4.485497,0,0,0,1, @TIMER, 255, 1),
(@OGUID1+127,2040,1,1,1,0,6634.33,-936.304,492.336,4.485497,0,0,0,1, @TIMER, 255, 1),
(@OGUID1+128,2040,1,1,1,0,6651.69,-1685.27,497.607,4.485497,0,0,0,1, @TIMER, 255, 1),
(@OGUID1+129,2040,1,1,1,0,6654.5,-1200.41,473.482,4.485497,0,0,0,1, @TIMER, 255, 1),
(@OGUID1+130,2040,1,1,1,0,6679.9,-1999.93,554.918,4.485497,0,0,0,1, @TIMER, 255, 1),
(@OGUID1+131,2040,1,1,1,0,6682.84,-1218.41,475.421,4.485497,0,0,0,1, @TIMER, 255, 1),
(@OGUID1+132,2040,1,1,1,0,6684.67,-2043.19,571.531,4.485497,0,0,0,1, @TIMER, 255, 1),
(@OGUID1+133,2040,1,1,1,0,6695.35,-1668.53,506.223,4.485497,0,0,0,1, @TIMER, 255, 1),
(@OGUID1+134,2040,1,1,1,0,6696.96,-1357.71,493.868,4.485497,0,0,0,1, @TIMER, 255, 1),
(@OGUID1+135,2040,1,1,1,0,6715.46,-1377.59,491.777,4.485497,0,0,0,1, @TIMER, 255, 1),
(@OGUID1+136,2040,1,1,1,0,6720.77,-1282.89,492.925,4.485497,0,0,0,1, @TIMER, 255, 1),
(@OGUID1+137,2040,1,1,1,0,6741.15,-1987.21,555.494,4.485497,0,0,0,1, @TIMER, 255, 1),
(@OGUID1+138,2040,1,1,1,0,6751.67,-1528.59,496.243,4.485497,0,0,0,1, @TIMER, 255, 1),
(@OGUID1+139,2040,1,1,1,0,6774.01,-2034.64,576.012,4.485497,0,0,0,1, @TIMER, 255, 1),
(@OGUID1+140,2040,1,1,1,0,6789.58,-1966.37,556.149,4.485497,0,0,0,1, @TIMER, 255, 1),
(@OGUID1+141,2040,1,1,1,0,6807.13,-1763.37,621.515,4.485497,0,0,0,1, @TIMER, 255, 1),
(@OGUID1+142,2040,1,1,1,0,6855.63,-1545.64,510.091,4.485497,0,0,0,1, @TIMER, 255, 1),
(@OGUID1+143,2040,1,1,1,0,6883.95,-1969.92,573.449,4.485497,0,0,0,1, @TIMER, 255, 1),
(@OGUID1+144,2040,1,1,1,0,6890.68,-1780.24,590.574,4.485497,0,0,0,1, @TIMER, 255, 1),
(@OGUID1+145,2040,1,1,1,0,6893.74,-1637.91,507.892,4.485497,0,0,0,1, @TIMER, 255, 1),
(@OGUID1+146,2040,1,1,1,0,6910.06,-1923.74,582.433,4.485497,0,0,0,1, @TIMER, 255, 1),
(@OGUID1+147,2040,1,1,1,0,6918.18,-2045.36,596.652,4.485497,0,0,0,1, @TIMER, 255, 1),
(@OGUID1+148,2040,1,1,1,0,6925.78,-1579.02,518.463,4.485497,0,0,0,1, @TIMER, 255, 1),
(@OGUID1+149,2040,1,1,1,0,6926.55,-1785.23,586.29,4.485497,0,0,0,1, @TIMER, 255, 1),
(@OGUID1+150,2040,1,1,1,0,6957.56,-1994.14,610.338,4.485497,0,0,0,1, @TIMER, 255, 1),
(@OGUID1+151,2040,1,1,1,0,6255.08,-1719.68,432.793,2.932139,0,0,0,1, @TIMER, 255, 1),
(@OGUID1+152,2040,1,1,1,0,6262.42,-1679.22,433.738,2.932139,0,0,0,1, @TIMER, 255, 1),
(@OGUID1+153,2040,1,1,1,0,6299.92,-1767.96,421.915,2.932139,0,0,0,1, @TIMER, 255, 1),
(@OGUID1+154,2040,1,1,1,0,6319.9,-1633.21,428.503,2.932139,0,0,0,1, @TIMER, 255, 1),
(@OGUID1+155,2040,1,1,1,0,6340.79,-1844,436.472,2.932139,0,0,0,1, @TIMER, 255, 1),
(@OGUID1+156,2040,1,1,1,0,6342.07,-1739.85,422.616,2.932139,0,0,0,1, @TIMER, 255, 1),
(@OGUID1+157,2040,1,1,1,0,6349.85,-1777.57,421.974,2.932139,0,0,0,1, @TIMER, 255, 1),
(@OGUID1+158,2040,1,1,1,0,6351.52,-1633.01,431.807,2.932139,0,0,0,1, @TIMER, 255, 1),
(@OGUID1+159,2040,1,1,1,0,6353.48,-1867.76,436.986,2.932139,0,0,0,1, @TIMER, 255, 1),
(@OGUID1+160,2040,1,1,1,0,6356.96,-1684.74,441.362,2.932139,0,0,0,1, @TIMER, 255, 1),
(@OGUID1+161,2040,1,1,1,0,6363.45,-1836.28,434.892,2.932139,0,0,0,1, @TIMER, 255, 1),
(@OGUID1+162,2040,1,1,1,0,6374.6,-1648.47,436.67,2.932139,0,0,0,1, @TIMER, 255, 1),
(@OGUID1+163,2040,1,1,1,0,6374.99,-1746.69,421.572,2.932139,0,0,0,1, @TIMER, 255, 1),
(@OGUID1+164,2040,1,1,1,0,6376.33,-1670.75,438.206,2.932139,0,0,0,1, @TIMER, 255, 1),
(@OGUID1+165,2040,1,1,1,0,6409.36,-1673.24,419.222,2.932139,0,0,0,1, @TIMER, 255, 1),
(@OGUID1+166,2040,1,1,1,0,6412.9,-1636.42,435.787,2.932139,0,0,0,1, @TIMER, 255, 1),
(@OGUID1+167,2040,1,1,1,0,6425.6,-1649.16,435.996,2.932139,0,0,0,1, @TIMER, 255, 1),
(@OGUID1+168,2040,1,1,1,0,6436.65,-1657.93,414.83,2.932139,0,0,0,1, @TIMER, 255, 1),
(@OGUID1+169,2040,1,1,1,0,6442.42,-1606.78,433.71,2.932139,0,0,0,1, @TIMER, 255, 1),
(@OGUID1+170,2040,1,1,1,0,6442.44,-1641.64,433.461,2.932139,0,0,0,1, @TIMER, 255, 1),
(@OGUID1+171,2040,1,1,1,0,6460.49,-1583.25,436.143,2.932139,0,0,0,1, @TIMER, 255, 1),
(@OGUID1+172,2040,1,1,1,0,6472.37,-1703.37,418.753,2.932139,0,0,0,1, @TIMER, 255, 1),
(@OGUID1+173,2040,1,1,1,0,6480.74,-1632.92,436.187,2.932139,0,0,0,1, @TIMER, 255, 1),
-- Gold Veins
(@OGUID2+0,1734,1,1,1,0,3518.36,-1096.71,230.29,4.485497,0,0,0,1, @TIMER, 255, 1),
(@OGUID2+1,1734,1,1,1,0,3532.12,-1080.09,234.065,4.485497,0,0,0,1, @TIMER, 255, 1),
(@OGUID2+2,1734,1,1,1,0,3555.23,-1051.94,241.666,4.485497,0,0,0,1, @TIMER, 255, 1),
(@OGUID2+3,1734,1,1,1,0,3595.66,-1205.04,227.842,4.485497,0,0,0,1, @TIMER, 255, 1),
(@OGUID2+4,1734,1,1,1,0,3595.67,-993.8,233.478,4.485497,0,0,0,1, @TIMER, 255, 1),
(@OGUID2+5,1734,1,1,1,0,3612.46,-935.637,297.772,4.485497,0,0,0,1, @TIMER, 255, 1),
(@OGUID2+6,1734,1,1,1,0,3646.68,-1379.49,224.298,4.485497,0,0,0,1, @TIMER, 255, 1),
(@OGUID2+7,1734,1,1,1,0,3674.1,-1247.69,231.801,4.485497,0,0,0,1, @TIMER, 255, 1),
(@OGUID2+8,1734,1,1,1,0,3688.55,-947.625,297.762,4.485497,0,0,0,1, @TIMER, 255, 1),
(@OGUID2+9,1734,1,1,1,0,3701.43,-1354.14,233.103,4.485497,0,0,0,1, @TIMER, 255, 1),
(@OGUID2+10,1734,1,1,1,0,3719.78,-885.641,334.797,4.485497,0,0,0,1, @TIMER, 255, 1),
(@OGUID2+11,1734,1,1,1,0,3724.96,-808.394,343.181,4.485497,0,0,0,1, @TIMER, 255, 1),
(@OGUID2+12,1734,1,1,1,0,3741.6,-1266.94,219.244,4.485497,0,0,0,1, @TIMER, 255, 1),
(@OGUID2+13,1734,1,1,1,0,3742.2,-1698.85,272.017,4.485497,0,0,0,1, @TIMER, 255, 1),
(@OGUID2+14,1734,1,1,1,0,3769.26,-1731.45,281.997,4.485497,0,0,0,1, @TIMER, 255, 1),
(@OGUID2+15,1734,1,1,1,0,3769.4,-864.252,311.543,4.485497,0,0,0,1, @TIMER, 255, 1),
(@OGUID2+16,1734,1,1,1,0,3778.65,-722.302,351.5,4.485497,0,0,0,1, @TIMER, 255, 1),
(@OGUID2+17,1734,1,1,1,0,3794.74,-719.337,342.173,4.485497,0,0,0,1, @TIMER, 255, 1),
(@OGUID2+18,1734,1,1,1,0,3813.47,-1754.63,300.244,4.485497,0,0,0,1, @TIMER, 255, 1),
(@OGUID2+19,1734,1,1,1,0,3816.61,-936.957,270.896,4.485497,0,0,0,1, @TIMER, 255, 1),
(@OGUID2+20,1734,1,1,1,0,3818.71,-688.347,341.798,4.485497,0,0,0,1, @TIMER, 255, 1),
(@OGUID2+21,1734,1,1,1,0,3831.14,-661.13,339.622,4.485497,0,0,0,1, @TIMER, 255, 1),
(@OGUID2+22,1734,1,1,1,0,3838.67,-1729.82,284.623,4.485497,0,0,0,1, @TIMER, 255, 1),
(@OGUID2+23,1734,1,1,1,0,3852.45,-923.967,285.531,4.485497,0,0,0,1, @TIMER, 255, 1),
(@OGUID2+24,1734,1,1,1,0,3904.94,-733.469,326.517,4.485497,0,0,0,1, @TIMER, 255, 1),
(@OGUID2+25,1734,1,1,1,0,3909.45,-821.382,327.248,4.485497,0,0,0,1, @TIMER, 255, 1),
(@OGUID2+26,1734,1,1,1,0,3922.89,-1479.14,232.244,4.485497,0,0,0,1, @TIMER, 255, 1),
(@OGUID2+27,1734,1,1,1,0,3923.16,-786.628,321.315,4.485497,0,0,0,1, @TIMER, 255, 1),
(@OGUID2+28,1734,1,1,1,0,3923.49,-1648.37,284.106,4.485497,0,0,0,1, @TIMER, 255, 1),
(@OGUID2+29,1734,1,1,1,0,3931.29,-677.875,338.391,4.485497,0,0,0,1, @TIMER, 255, 1),
(@OGUID2+30,1734,1,1,1,0,3939.84,-724.755,303.409,4.485497,0,0,0,1, @TIMER, 255, 1),
(@OGUID2+31,1734,1,1,1,0,3942.22,-569.201,352.489,4.485497,0,0,0,1, @TIMER, 255, 1),
(@OGUID2+32,1734,1,1,1,0,3965.01,-722.538,297.317,4.485497,0,0,0,1, @TIMER, 255, 1),
(@OGUID2+33,1734,1,1,1,0,3967.32,-1537.2,271.055,4.485497,0,0,0,1, @TIMER, 255, 1),
(@OGUID2+34,1734,1,1,1,0,3968.31,-688.894,328.956,4.485497,0,0,0,1, @TIMER, 255, 1),
(@OGUID2+35,1734,1,1,1,0,3975.79,-1488.68,266.003,4.485497,0,0,0,1, @TIMER, 255, 1),
(@OGUID2+36,1734,1,1,1,0,4025.35,-607.109,339.809,4.485497,0,0,0,1, @TIMER, 255, 1),
(@OGUID2+37,1734,1,1,1,0,4026.89,-715.2,290.555,4.485497,0,0,0,1, @TIMER, 255, 1),
(@OGUID2+38,1734,1,1,1,0,4072.45,-644.082,304.451,4.485497,0,0,0,1, @TIMER, 255, 1),
(@OGUID2+39,1734,1,1,1,0,4142.32,-1208.18,313.861,4.485497,0,0,0,1, @TIMER, 255, 1),
(@OGUID2+40,1734,1,1,1,0,4164.01,-1181.65,315.052,4.485497,0,0,0,1, @TIMER, 255, 1),
(@OGUID2+41,1734,1,1,1,0,4204.95,-1193.75,327.289,4.485497,0,0,0,1, @TIMER, 255, 1),
(@OGUID2+42,1734,1,1,1,0,4270.48,-493.052,314.379,4.485497,0,0,0,1, @TIMER, 255, 1),
(@OGUID2+43,1734,1,1,1,0,4293.27,-671.332,296.312,4.485497,0,0,0,1, @TIMER, 255, 1),
(@OGUID2+44,1734,1,1,1,0,4305.38,-1110.16,339.926,4.485497,0,0,0,1, @TIMER, 255, 1),
(@OGUID2+45,1734,1,1,1,0,4327.34,-1089.69,344.662,4.485497,0,0,0,1, @TIMER, 255, 1),
(@OGUID2+46,1734,1,1,1,0,4476.36,-446.014,329.234,4.485497,0,0,0,1, @TIMER, 255, 1),
(@OGUID2+47,1734,1,1,1,0,4499.75,-403.543,344.001,4.485497,0,0,0,1, @TIMER, 255, 1),
(@OGUID2+48,1734,1,1,1,0,4509.84,-1013.56,353.013,4.485497,0,0,0,1, @TIMER, 255, 1),
(@OGUID2+49,1734,1,1,1,0,4538.48,-399.399,318.674,4.485497,0,0,0,1, @TIMER, 255, 1),
(@OGUID2+50,1734,1,1,1,0,4595.53,-420.356,331.271,4.485497,0,0,0,1, @TIMER, 255, 1),
(@OGUID2+51,1734,1,1,1,0,4606.84,-459.365,319.505,4.485497,0,0,0,1, @TIMER, 255, 1),
(@OGUID2+52,1734,1,1,1,0,4617.51,-587.194,294.599,4.485497,0,0,0,1, @TIMER, 255, 1),
(@OGUID2+53,1734,1,1,1,0,4661.36,-930.628,349.474,4.485497,0,0,0,1, @TIMER, 255, 1),
(@OGUID2+54,1734,1,1,1,0,4667.22,-724.479,301.801,4.485497,0,0,0,1, @TIMER, 255, 1),
(@OGUID2+55,1734,1,1,1,0,4680.24,-881.153,349.374,4.485497,0,0,0,1, @TIMER, 255, 1),
(@OGUID2+56,1734,1,1,1,0,4704.11,-949.054,364.112,4.485497,0,0,0,1, @TIMER, 255, 1),
(@OGUID2+57,1734,1,1,1,0,4709.69,-738.403,314.423,4.485497,0,0,0,1, @TIMER, 255, 1),
(@OGUID2+58,1734,1,1,1,0,4749.24,-722.13,310.143,4.485497,0,0,0,1, @TIMER, 255, 1),
(@OGUID2+59,1734,1,1,1,0,4776.74,-837.42,333.643,4.485497,0,0,0,1, @TIMER, 255, 1),
(@OGUID2+60,1734,1,1,1,0,4792.78,-803.882,317.419,4.485497,0,0,0,1, @TIMER, 255, 1),
(@OGUID2+61,1734,1,1,1,0,4821.81,-671.188,312.993,4.485497,0,0,0,1, @TIMER, 255, 1),
(@OGUID2+62,1734,1,1,1,0,4839.51,-812.58,319.261,4.485497,0,0,0,1, @TIMER, 255, 1),
(@OGUID2+63,1734,1,1,1,0,4857.02,-419.045,367.752,4.485497,0,0,0,1, @TIMER, 255, 1),
(@OGUID2+64,1734,1,1,1,0,4888.34,-807.721,305.402,4.485497,0,0,0,1, @TIMER, 255, 1),
(@OGUID2+65,1734,1,1,1,0,4890.75,-353.943,369.361,4.485497,0,0,0,1, @TIMER, 255, 1),
(@OGUID2+66,1734,1,1,1,0,4977.67,-790.019,326.817,4.485497,0,0,0,1, @TIMER, 255, 1),
(@OGUID2+67,1734,1,1,1,0,4989.58,-519.306,350.89,4.485497,0,0,0,1, @TIMER, 255, 1),
(@OGUID2+68,1734,1,1,1,0,5093.99,-815.09,352.615,4.485497,0,0,0,1, @TIMER, 255, 1),
(@OGUID2+69,1734,1,1,1,0,5123.59,-808.363,352.909,4.485497,0,0,0,1, @TIMER, 255, 1),
(@OGUID2+70,1734,1,1,1,0,5155.09,-529.038,344.48,4.485497,0,0,0,1, @TIMER, 255, 1),
(@OGUID2+71,1734,1,1,1,0,5186.75,-801.981,359.166,4.485497,0,0,0,1, @TIMER, 255, 1),
(@OGUID2+72,1734,1,1,1,0,5273.65,-901.323,370.16,4.485497,0,0,0,1, @TIMER, 255, 1),
(@OGUID2+73,1734,1,1,1,0,5293.68,-915.602,383.933,4.485497,0,0,0,1, @TIMER, 255, 1),
(@OGUID2+74,1734,1,1,1,0,5298.8,-483.415,345.655,4.485497,0,0,0,1, @TIMER, 255, 1),
(@OGUID2+75,1734,1,1,1,0,5326.76,-941.991,384.361,4.485497,0,0,0,1, @TIMER, 255, 1),
(@OGUID2+76,1734,1,1,1,0,5354.51,-945.491,384.49,4.485497,0,0,0,1, @TIMER, 255, 1),
(@OGUID2+77,1734,1,1,1,0,5377.76,-970.936,388.505,4.485497,0,0,0,1, @TIMER, 255, 1),
(@OGUID2+78,1734,1,1,1,0,5410.82,-963.049,389.923,4.485497,0,0,0,1, @TIMER, 255, 1),
(@OGUID2+79,1734,1,1,1,0,5442.81,-508.226,379.438,4.485497,0,0,0,1, @TIMER, 255, 1),
(@OGUID2+80,1734,1,1,1,0,5473.56,-1028.85,388.938,4.485497,0,0,0,1, @TIMER, 255, 1),
(@OGUID2+81,1734,1,1,1,0,5488.17,-500.201,378.676,4.485497,0,0,0,1, @TIMER, 255, 1),
(@OGUID2+82,1734,1,1,1,0,5522.06,-1031.1,387.649,4.485497,0,0,0,1, @TIMER, 255, 1),
(@OGUID2+83,1734,1,1,1,0,5542.26,-1039.36,394.232,4.485497,0,0,0,1, @TIMER, 255, 1),
(@OGUID2+84,1734,1,1,1,0,5589.41,-498.7,384.993,4.485497,0,0,0,1, @TIMER, 255, 1),
(@OGUID2+85,1734,1,1,1,0,5596.71,-1155.65,408.308,4.485497,0,0,0,1, @TIMER, 255, 1),
(@OGUID2+86,1734,1,1,1,0,5626.65,-1160.9,401.451,4.485497,0,0,0,1, @TIMER, 255, 1),
(@OGUID2+87,1734,1,1,1,0,5649.58,-1166.41,403.607,4.485497,0,0,0,1, @TIMER, 255, 1),
(@OGUID2+88,1734,1,1,1,0,5689.34,-1185.81,408.171,4.485497,0,0,0,1, @TIMER, 255, 1),
(@OGUID2+89,1734,1,1,1,0,5718.74,-1211.69,434.88,4.485497,0,0,0,1, @TIMER, 255, 1),
(@OGUID2+90,1734,1,1,1,0,5753.47,-1190.98,407.722,4.485497,0,0,0,1, @TIMER, 255, 1),
(@OGUID2+91,1734,1,1,1,0,5847.39,-1348.74,455.415,4.485497,0,0,0,1, @TIMER, 255, 1),
(@OGUID2+92,1734,1,1,1,0,5852.26,-1267.06,423.101,4.485497,0,0,0,1, @TIMER, 255, 1),
(@OGUID2+93,1734,1,1,1,0,5869.19,-1315.33,421.243,4.485497,0,0,0,1, @TIMER, 255, 1),
(@OGUID2+94,1734,1,1,1,0,5875.35,-606.835,406.306,4.485497,0,0,0,1, @TIMER, 255, 1),
(@OGUID2+95,1734,1,1,1,0,5958.91,-1412.89,444.033,4.485497,0,0,0,1, @TIMER, 255, 1),
(@OGUID2+96,1734,1,1,1,0,5989.43,-619.717,410.86,4.485497,0,0,0,1, @TIMER, 255, 1),
(@OGUID2+97,1734,1,1,1,0,6009.19,-658.227,406.552,4.485497,0,0,0,1, @TIMER, 255, 1),
(@OGUID2+98,1734,1,1,1,0,6017.37,-1488.13,451.171,4.485497,0,0,0,1, @TIMER, 255, 1),
(@OGUID2+99,1734,1,1,1,0,6048.66,-1597.7,492.117,4.485497,0,0,0,1, @TIMER, 255, 1),
(@OGUID2+100,1734,1,1,1,0,6052.97,-1573.89,476.19,4.485497,0,0,0,1, @TIMER, 255, 1),
(@OGUID2+101,1734,1,1,1,0,6112.73,-1036.49,405.857,4.485497,0,0,0,1, @TIMER, 255, 1),
(@OGUID2+102,1734,1,1,1,0,6127.9,-688.844,420.179,4.485497,0,0,0,1, @TIMER, 255, 1),
(@OGUID2+103,1734,1,1,1,0,6138.25,-1024.62,401.109,4.485497,0,0,0,1, @TIMER, 255, 1),
(@OGUID2+104,1734,1,1,1,0,6151.11,-1796.5,552.678,4.485497,0,0,0,1, @TIMER, 255, 1),
(@OGUID2+105,1734,1,1,1,0,6179.23,-974.965,405.433,4.485497,0,0,0,1, @TIMER, 255, 1),
(@OGUID2+106,1734,1,1,1,0,6181.83,-1417.01,403.935,4.485497,0,0,0,1, @TIMER, 255, 1),
(@OGUID2+107,1734,1,1,1,0,6201.63,-1760.22,538.785,4.485497,0,0,0,1, @TIMER, 255, 1),
(@OGUID2+108,1734,1,1,1,0,6224.72,-649.944,426.282,4.485497,0,0,0,1, @TIMER, 255, 1),
(@OGUID2+109,1734,1,1,1,0,6248.72,-2052.01,610.663,4.485497,0,0,0,1, @TIMER, 255, 1),
(@OGUID2+110,1734,1,1,1,0,6252.74,-679.368,437.375,4.485497,0,0,0,1, @TIMER, 255, 1),
(@OGUID2+111,1734,1,1,1,0,6258.6,-769.642,427.735,4.485497,0,0,0,1, @TIMER, 255, 1),
(@OGUID2+112,1734,1,1,1,0,6267.66,-707.227,432.376,4.485497,0,0,0,1, @TIMER, 255, 1),
(@OGUID2+113,1734,1,1,1,0,6305.11,-1468.17,394.291,4.485497,0,0,0,1, @TIMER, 255, 1),
(@OGUID2+114,1734,1,1,1,0,6336.31,-651.368,496.393,4.485497,0,0,0,1, @TIMER, 255, 1),
(@OGUID2+115,1734,1,1,1,0,6344.4,-617.972,483.824,4.485497,0,0,0,1, @TIMER, 255, 1),
(@OGUID2+116,1734,1,1,1,0,6347.32,-660.427,487.705,4.485497,0,0,0,1, @TIMER, 255, 1),
(@OGUID2+117,1734,1,1,1,0,6362.56,-1440.67,387.155,4.485497,0,0,0,1, @TIMER, 255, 1),
(@OGUID2+118,1734,1,1,1,0,6523.49,-2018.68,571.073,4.485497,0,0,0,1, @TIMER, 255, 1),
(@OGUID2+119,1734,1,1,1,0,6547,-780.592,484.607,4.485497,0,0,0,1, @TIMER, 255, 1),
(@OGUID2+120,1734,1,1,1,0,6556.96,-1829.11,540.269,4.485497,0,0,0,1, @TIMER, 255, 1),
(@OGUID2+121,1734,1,1,1,0,6572.51,-927.887,497.34,4.485497,0,0,0,1, @TIMER, 255, 1),
(@OGUID2+122,1734,1,1,1,0,6573.16,-1792.3,550.087,4.485497,0,0,0,1, @TIMER, 255, 1),
(@OGUID2+123,1734,1,1,1,0,6575.55,-778.285,483.815,4.485497,0,0,0,1, @TIMER, 255, 1),
(@OGUID2+124,1734,1,1,1,0,6582.12,-899.059,483.995,4.485497,0,0,0,1, @TIMER, 255, 1),
(@OGUID2+125,1734,1,1,1,0,6592.13,-1953.67,560.754,4.485497,0,0,0,1, @TIMER, 255, 1),
(@OGUID2+126,1734,1,1,1,0,6616.44,-1018.3,483.959,4.485497,0,0,0,1, @TIMER, 255, 1),
(@OGUID2+127,1734,1,1,1,0,6634.33,-936.304,492.336,4.485497,0,0,0,1, @TIMER, 255, 1),
(@OGUID2+128,1734,1,1,1,0,6651.69,-1685.27,497.607,4.485497,0,0,0,1, @TIMER, 255, 1),
(@OGUID2+129,1734,1,1,1,0,6654.5,-1200.41,473.482,4.485497,0,0,0,1, @TIMER, 255, 1),
(@OGUID2+130,1734,1,1,1,0,6679.9,-1999.93,554.918,4.485497,0,0,0,1, @TIMER, 255, 1),
(@OGUID2+131,1734,1,1,1,0,6682.84,-1218.41,475.421,4.485497,0,0,0,1, @TIMER, 255, 1),
(@OGUID2+132,1734,1,1,1,0,6684.67,-2043.19,571.531,4.485497,0,0,0,1, @TIMER, 255, 1),
(@OGUID2+133,1734,1,1,1,0,6695.35,-1668.53,506.223,4.485497,0,0,0,1, @TIMER, 255, 1),
(@OGUID2+134,1734,1,1,1,0,6696.96,-1357.71,493.868,4.485497,0,0,0,1, @TIMER, 255, 1),
(@OGUID2+135,1734,1,1,1,0,6715.46,-1377.59,491.777,4.485497,0,0,0,1, @TIMER, 255, 1),
(@OGUID2+136,1734,1,1,1,0,6720.77,-1282.89,492.925,4.485497,0,0,0,1, @TIMER, 255, 1),
(@OGUID2+137,1734,1,1,1,0,6741.15,-1987.21,555.494,4.485497,0,0,0,1, @TIMER, 255, 1),
(@OGUID2+138,1734,1,1,1,0,6751.67,-1528.59,496.243,4.485497,0,0,0,1, @TIMER, 255, 1),
(@OGUID2+139,1734,1,1,1,0,6774.01,-2034.64,576.012,4.485497,0,0,0,1, @TIMER, 255, 1),
(@OGUID2+140,1734,1,1,1,0,6789.58,-1966.37,556.149,4.485497,0,0,0,1, @TIMER, 255, 1),
(@OGUID2+141,1734,1,1,1,0,6807.13,-1763.37,621.515,4.485497,0,0,0,1, @TIMER, 255, 1),
(@OGUID2+142,1734,1,1,1,0,6855.63,-1545.64,510.091,4.485497,0,0,0,1, @TIMER, 255, 1),
(@OGUID2+143,1734,1,1,1,0,6883.95,-1969.92,573.449,4.485497,0,0,0,1, @TIMER, 255, 1),
(@OGUID2+144,1734,1,1,1,0,6890.68,-1780.24,590.574,4.485497,0,0,0,1, @TIMER, 255, 1),
(@OGUID2+145,1734,1,1,1,0,6893.74,-1637.91,507.892,4.485497,0,0,0,1, @TIMER, 255, 1),
(@OGUID2+146,1734,1,1,1,0,6910.06,-1923.74,582.433,4.485497,0,0,0,1, @TIMER, 255, 1),
(@OGUID2+147,1734,1,1,1,0,6918.18,-2045.36,596.652,4.485497,0,0,0,1, @TIMER, 255, 1),
(@OGUID2+148,1734,1,1,1,0,6925.78,-1579.02,518.463,4.485497,0,0,0,1, @TIMER, 255, 1),
(@OGUID2+149,1734,1,1,1,0,6926.55,-1785.23,586.29,4.485497,0,0,0,1, @TIMER, 255, 1),
(@OGUID2+150,1734,1,1,1,0,6957.56,-1994.14,610.338,4.485497,0,0,0,1, @TIMER, 255, 1),
(@OGUID2+151,1734,1,1,1,0,6255.08,-1719.68,432.793,2.932139,0,0,0,1, @TIMER, 255, 1),
(@OGUID2+152,1734,1,1,1,0,6262.42,-1679.22,433.738,2.932139,0,0,0,1, @TIMER, 255, 1),
(@OGUID2+153,1734,1,1,1,0,6299.92,-1767.96,421.915,2.932139,0,0,0,1, @TIMER, 255, 1),
(@OGUID2+154,1734,1,1,1,0,6319.9,-1633.21,428.503,2.932139,0,0,0,1, @TIMER, 255, 1),
(@OGUID2+155,1734,1,1,1,0,6340.79,-1844,436.472,2.932139,0,0,0,1, @TIMER, 255, 1),
(@OGUID2+156,1734,1,1,1,0,6342.07,-1739.85,422.616,2.932139,0,0,0,1, @TIMER, 255, 1),
(@OGUID2+157,1734,1,1,1,0,6349.85,-1777.57,421.974,2.932139,0,0,0,1, @TIMER, 255, 1),
(@OGUID2+158,1734,1,1,1,0,6351.52,-1633.01,431.807,2.932139,0,0,0,1, @TIMER, 255, 1),
(@OGUID2+159,1734,1,1,1,0,6353.48,-1867.76,436.986,2.932139,0,0,0,1, @TIMER, 255, 1),
(@OGUID2+160,1734,1,1,1,0,6356.96,-1684.74,441.362,2.932139,0,0,0,1, @TIMER, 255, 1),
(@OGUID2+161,1734,1,1,1,0,6363.45,-1836.28,434.892,2.932139,0,0,0,1, @TIMER, 255, 1),
(@OGUID2+162,1734,1,1,1,0,6374.6,-1648.47,436.67,2.932139,0,0,0,1, @TIMER, 255, 1),
(@OGUID2+163,1734,1,1,1,0,6374.99,-1746.69,421.572,2.932139,0,0,0,1, @TIMER, 255, 1),
(@OGUID2+164,1734,1,1,1,0,6376.33,-1670.75,438.206,2.932139,0,0,0,1, @TIMER, 255, 1),
(@OGUID2+165,1734,1,1,1,0,6409.36,-1673.24,419.222,2.932139,0,0,0,1, @TIMER, 255, 1),
(@OGUID2+166,1734,1,1,1,0,6412.9,-1636.42,435.787,2.932139,0,0,0,1, @TIMER, 255, 1),
(@OGUID2+167,1734,1,1,1,0,6425.6,-1649.16,435.996,2.932139,0,0,0,1, @TIMER, 255, 1),
(@OGUID2+168,1734,1,1,1,0,6436.65,-1657.93,414.83,2.932139,0,0,0,1, @TIMER, 255, 1),
(@OGUID2+169,1734,1,1,1,0,6442.42,-1606.78,433.71,2.932139,0,0,0,1, @TIMER, 255, 1),
(@OGUID2+170,1734,1,1,1,0,6442.44,-1641.64,433.461,2.932139,0,0,0,1, @TIMER, 255, 1),
(@OGUID2+171,1734,1,1,1,0,6460.49,-1583.25,436.143,2.932139,0,0,0,1, @TIMER, 255, 1),
(@OGUID2+172,1734,1,1,1,0,6472.37,-1703.37,418.753,2.932139,0,0,0,1, @TIMER, 255, 1),
(@OGUID2+173,1734,1,1,1,0,6480.74,-1632.92,436.187,2.932139,0,0,0,1, @TIMER, 255, 1),
-- Truesilver Deposits
(@OGUID3+0,2047,1,1,1,0,3518.36,-1096.71,230.29,4.485497,0,0,0,1, @TIMER, 255, 1),
(@OGUID3+1,2047,1,1,1,0,3532.12,-1080.09,234.065,4.485497,0,0,0,1, @TIMER, 255, 1),
(@OGUID3+2,2047,1,1,1,0,3555.23,-1051.94,241.666,4.485497,0,0,0,1, @TIMER, 255, 1),
(@OGUID3+3,2047,1,1,1,0,3595.66,-1205.04,227.842,4.485497,0,0,0,1, @TIMER, 255, 1),
(@OGUID3+4,2047,1,1,1,0,3595.67,-993.8,233.478,4.485497,0,0,0,1, @TIMER, 255, 1),
(@OGUID3+5,2047,1,1,1,0,3612.46,-935.637,297.772,4.485497,0,0,0,1, @TIMER, 255, 1),
(@OGUID3+6,2047,1,1,1,0,3646.68,-1379.49,224.298,4.485497,0,0,0,1, @TIMER, 255, 1),
(@OGUID3+7,2047,1,1,1,0,3674.1,-1247.69,231.801,4.485497,0,0,0,1, @TIMER, 255, 1),
(@OGUID3+8,2047,1,1,1,0,3688.55,-947.625,297.762,4.485497,0,0,0,1, @TIMER, 255, 1),
(@OGUID3+9,2047,1,1,1,0,3701.43,-1354.14,233.103,4.485497,0,0,0,1, @TIMER, 255, 1),
(@OGUID3+10,2047,1,1,1,0,3719.78,-885.641,334.797,4.485497,0,0,0,1, @TIMER, 255, 1),
(@OGUID3+11,2047,1,1,1,0,3724.96,-808.394,343.181,4.485497,0,0,0,1, @TIMER, 255, 1),
(@OGUID3+12,2047,1,1,1,0,3741.6,-1266.94,219.244,4.485497,0,0,0,1, @TIMER, 255, 1),
(@OGUID3+13,2047,1,1,1,0,3742.2,-1698.85,272.017,4.485497,0,0,0,1, @TIMER, 255, 1),
(@OGUID3+14,2047,1,1,1,0,3769.26,-1731.45,281.997,4.485497,0,0,0,1, @TIMER, 255, 1),
(@OGUID3+15,2047,1,1,1,0,3769.4,-864.252,311.543,4.485497,0,0,0,1, @TIMER, 255, 1),
(@OGUID3+16,2047,1,1,1,0,3778.65,-722.302,351.5,4.485497,0,0,0,1, @TIMER, 255, 1),
(@OGUID3+17,2047,1,1,1,0,3794.74,-719.337,342.173,4.485497,0,0,0,1, @TIMER, 255, 1),
(@OGUID3+18,2047,1,1,1,0,3813.47,-1754.63,300.244,4.485497,0,0,0,1, @TIMER, 255, 1),
(@OGUID3+19,2047,1,1,1,0,3816.61,-936.957,270.896,4.485497,0,0,0,1, @TIMER, 255, 1),
(@OGUID3+20,2047,1,1,1,0,3818.71,-688.347,341.798,4.485497,0,0,0,1, @TIMER, 255, 1),
(@OGUID3+21,2047,1,1,1,0,3831.14,-661.13,339.622,4.485497,0,0,0,1, @TIMER, 255, 1),
(@OGUID3+22,2047,1,1,1,0,3838.67,-1729.82,284.623,4.485497,0,0,0,1, @TIMER, 255, 1),
(@OGUID3+23,2047,1,1,1,0,3852.45,-923.967,285.531,4.485497,0,0,0,1, @TIMER, 255, 1),
(@OGUID3+24,2047,1,1,1,0,3904.94,-733.469,326.517,4.485497,0,0,0,1, @TIMER, 255, 1),
(@OGUID3+25,2047,1,1,1,0,3909.45,-821.382,327.248,4.485497,0,0,0,1, @TIMER, 255, 1),
(@OGUID3+26,2047,1,1,1,0,3922.89,-1479.14,232.244,4.485497,0,0,0,1, @TIMER, 255, 1),
(@OGUID3+27,2047,1,1,1,0,3923.16,-786.628,321.315,4.485497,0,0,0,1, @TIMER, 255, 1),
(@OGUID3+28,2047,1,1,1,0,3923.49,-1648.37,284.106,4.485497,0,0,0,1, @TIMER, 255, 1),
(@OGUID3+29,2047,1,1,1,0,3931.29,-677.875,338.391,4.485497,0,0,0,1, @TIMER, 255, 1),
(@OGUID3+30,2047,1,1,1,0,3939.84,-724.755,303.409,4.485497,0,0,0,1, @TIMER, 255, 1),
(@OGUID3+31,2047,1,1,1,0,3942.22,-569.201,352.489,4.485497,0,0,0,1, @TIMER, 255, 1),
(@OGUID3+32,2047,1,1,1,0,3965.01,-722.538,297.317,4.485497,0,0,0,1, @TIMER, 255, 1),
(@OGUID3+33,2047,1,1,1,0,3967.32,-1537.2,271.055,4.485497,0,0,0,1, @TIMER, 255, 1),
(@OGUID3+34,2047,1,1,1,0,3968.31,-688.894,328.956,4.485497,0,0,0,1, @TIMER, 255, 1),
(@OGUID3+35,2047,1,1,1,0,3975.79,-1488.68,266.003,4.485497,0,0,0,1, @TIMER, 255, 1),
(@OGUID3+36,2047,1,1,1,0,4025.35,-607.109,339.809,4.485497,0,0,0,1, @TIMER, 255, 1),
(@OGUID3+37,2047,1,1,1,0,4026.89,-715.2,290.555,4.485497,0,0,0,1, @TIMER, 255, 1),
(@OGUID3+38,2047,1,1,1,0,4072.45,-644.082,304.451,4.485497,0,0,0,1, @TIMER, 255, 1),
(@OGUID3+39,2047,1,1,1,0,4142.32,-1208.18,313.861,4.485497,0,0,0,1, @TIMER, 255, 1),
(@OGUID3+40,2047,1,1,1,0,4164.01,-1181.65,315.052,4.485497,0,0,0,1, @TIMER, 255, 1),
(@OGUID3+41,2047,1,1,1,0,4204.95,-1193.75,327.289,4.485497,0,0,0,1, @TIMER, 255, 1),
(@OGUID3+42,2047,1,1,1,0,4270.48,-493.052,314.379,4.485497,0,0,0,1, @TIMER, 255, 1),
(@OGUID3+43,2047,1,1,1,0,4293.27,-671.332,296.312,4.485497,0,0,0,1, @TIMER, 255, 1),
(@OGUID3+44,2047,1,1,1,0,4305.38,-1110.16,339.926,4.485497,0,0,0,1, @TIMER, 255, 1),
(@OGUID3+45,2047,1,1,1,0,4327.34,-1089.69,344.662,4.485497,0,0,0,1, @TIMER, 255, 1),
(@OGUID3+46,2047,1,1,1,0,4476.36,-446.014,329.234,4.485497,0,0,0,1, @TIMER, 255, 1),
(@OGUID3+47,2047,1,1,1,0,4499.75,-403.543,344.001,4.485497,0,0,0,1, @TIMER, 255, 1),
(@OGUID3+48,2047,1,1,1,0,4509.84,-1013.56,353.013,4.485497,0,0,0,1, @TIMER, 255, 1),
(@OGUID3+49,2047,1,1,1,0,4538.48,-399.399,318.674,4.485497,0,0,0,1, @TIMER, 255, 1),
(@OGUID3+50,2047,1,1,1,0,4595.53,-420.356,331.271,4.485497,0,0,0,1, @TIMER, 255, 1),
(@OGUID3+51,2047,1,1,1,0,4606.84,-459.365,319.505,4.485497,0,0,0,1, @TIMER, 255, 1),
(@OGUID3+52,2047,1,1,1,0,4617.51,-587.194,294.599,4.485497,0,0,0,1, @TIMER, 255, 1),
(@OGUID3+53,2047,1,1,1,0,4661.36,-930.628,349.474,4.485497,0,0,0,1, @TIMER, 255, 1),
(@OGUID3+54,2047,1,1,1,0,4667.22,-724.479,301.801,4.485497,0,0,0,1, @TIMER, 255, 1),
(@OGUID3+55,2047,1,1,1,0,4680.24,-881.153,349.374,4.485497,0,0,0,1, @TIMER, 255, 1),
(@OGUID3+56,2047,1,1,1,0,4704.11,-949.054,364.112,4.485497,0,0,0,1, @TIMER, 255, 1),
(@OGUID3+57,2047,1,1,1,0,4709.69,-738.403,314.423,4.485497,0,0,0,1, @TIMER, 255, 1),
(@OGUID3+58,2047,1,1,1,0,4749.24,-722.13,310.143,4.485497,0,0,0,1, @TIMER, 255, 1),
(@OGUID3+59,2047,1,1,1,0,4776.74,-837.42,333.643,4.485497,0,0,0,1, @TIMER, 255, 1),
(@OGUID3+60,2047,1,1,1,0,4792.78,-803.882,317.419,4.485497,0,0,0,1, @TIMER, 255, 1),
(@OGUID3+61,2047,1,1,1,0,4821.81,-671.188,312.993,4.485497,0,0,0,1, @TIMER, 255, 1),
(@OGUID3+62,2047,1,1,1,0,4839.51,-812.58,319.261,4.485497,0,0,0,1, @TIMER, 255, 1),
(@OGUID3+63,2047,1,1,1,0,4857.02,-419.045,367.752,4.485497,0,0,0,1, @TIMER, 255, 1),
(@OGUID3+64,2047,1,1,1,0,4888.34,-807.721,305.402,4.485497,0,0,0,1, @TIMER, 255, 1),
(@OGUID3+65,2047,1,1,1,0,4890.75,-353.943,369.361,4.485497,0,0,0,1, @TIMER, 255, 1),
(@OGUID3+66,2047,1,1,1,0,4977.67,-790.019,326.817,4.485497,0,0,0,1, @TIMER, 255, 1),
(@OGUID3+67,2047,1,1,1,0,4989.58,-519.306,350.89,4.485497,0,0,0,1, @TIMER, 255, 1),
(@OGUID3+68,2047,1,1,1,0,5093.99,-815.09,352.615,4.485497,0,0,0,1, @TIMER, 255, 1),
(@OGUID3+69,2047,1,1,1,0,5123.59,-808.363,352.909,4.485497,0,0,0,1, @TIMER, 255, 1),
(@OGUID3+70,2047,1,1,1,0,5155.09,-529.038,344.48,4.485497,0,0,0,1, @TIMER, 255, 1),
(@OGUID3+71,2047,1,1,1,0,5186.75,-801.981,359.166,4.485497,0,0,0,1, @TIMER, 255, 1),
(@OGUID3+72,2047,1,1,1,0,5273.65,-901.323,370.16,4.485497,0,0,0,1, @TIMER, 255, 1),
(@OGUID3+73,2047,1,1,1,0,5293.68,-915.602,383.933,4.485497,0,0,0,1, @TIMER, 255, 1),
(@OGUID3+74,2047,1,1,1,0,5298.8,-483.415,345.655,4.485497,0,0,0,1, @TIMER, 255, 1),
(@OGUID3+75,2047,1,1,1,0,5326.76,-941.991,384.361,4.485497,0,0,0,1, @TIMER, 255, 1),
(@OGUID3+76,2047,1,1,1,0,5354.51,-945.491,384.49,4.485497,0,0,0,1, @TIMER, 255, 1),
(@OGUID3+77,2047,1,1,1,0,5377.76,-970.936,388.505,4.485497,0,0,0,1, @TIMER, 255, 1),
(@OGUID3+78,2047,1,1,1,0,5410.82,-963.049,389.923,4.485497,0,0,0,1, @TIMER, 255, 1),
(@OGUID3+79,2047,1,1,1,0,5442.81,-508.226,379.438,4.485497,0,0,0,1, @TIMER, 255, 1),
(@OGUID3+80,2047,1,1,1,0,5473.56,-1028.85,388.938,4.485497,0,0,0,1, @TIMER, 255, 1),
(@OGUID3+81,2047,1,1,1,0,5488.17,-500.201,378.676,4.485497,0,0,0,1, @TIMER, 255, 1),
(@OGUID3+82,2047,1,1,1,0,5522.06,-1031.1,387.649,4.485497,0,0,0,1, @TIMER, 255, 1),
(@OGUID3+83,2047,1,1,1,0,5542.26,-1039.36,394.232,4.485497,0,0,0,1, @TIMER, 255, 1),
(@OGUID3+84,2047,1,1,1,0,5589.41,-498.7,384.993,4.485497,0,0,0,1, @TIMER, 255, 1),
(@OGUID3+85,2047,1,1,1,0,5596.71,-1155.65,408.308,4.485497,0,0,0,1, @TIMER, 255, 1),
(@OGUID3+86,2047,1,1,1,0,5626.65,-1160.9,401.451,4.485497,0,0,0,1, @TIMER, 255, 1),
(@OGUID3+87,2047,1,1,1,0,5649.58,-1166.41,403.607,4.485497,0,0,0,1, @TIMER, 255, 1),
(@OGUID3+88,2047,1,1,1,0,5689.34,-1185.81,408.171,4.485497,0,0,0,1, @TIMER, 255, 1),
(@OGUID3+89,2047,1,1,1,0,5718.74,-1211.69,434.88,4.485497,0,0,0,1, @TIMER, 255, 1),
(@OGUID3+90,2047,1,1,1,0,5753.47,-1190.98,407.722,4.485497,0,0,0,1, @TIMER, 255, 1),
(@OGUID3+91,2047,1,1,1,0,5847.39,-1348.74,455.415,4.485497,0,0,0,1, @TIMER, 255, 1),
(@OGUID3+92,2047,1,1,1,0,5852.26,-1267.06,423.101,4.485497,0,0,0,1, @TIMER, 255, 1),
(@OGUID3+93,2047,1,1,1,0,5869.19,-1315.33,421.243,4.485497,0,0,0,1, @TIMER, 255, 1),
(@OGUID3+94,2047,1,1,1,0,5875.35,-606.835,406.306,4.485497,0,0,0,1, @TIMER, 255, 1),
(@OGUID3+95,2047,1,1,1,0,5958.91,-1412.89,444.033,4.485497,0,0,0,1, @TIMER, 255, 1),
(@OGUID3+96,2047,1,1,1,0,5989.43,-619.717,410.86,4.485497,0,0,0,1, @TIMER, 255, 1),
(@OGUID3+97,2047,1,1,1,0,6009.19,-658.227,406.552,4.485497,0,0,0,1, @TIMER, 255, 1),
(@OGUID3+98,2047,1,1,1,0,6017.37,-1488.13,451.171,4.485497,0,0,0,1, @TIMER, 255, 1),
(@OGUID3+99,2047,1,1,1,0,6048.66,-1597.7,492.117,4.485497,0,0,0,1, @TIMER, 255, 1),
(@OGUID3+100,2047,1,1,1,0,6052.97,-1573.89,476.19,4.485497,0,0,0,1, @TIMER, 255, 1),
(@OGUID3+101,2047,1,1,1,0,6112.73,-1036.49,405.857,4.485497,0,0,0,1, @TIMER, 255, 1),
(@OGUID3+102,2047,1,1,1,0,6127.9,-688.844,420.179,4.485497,0,0,0,1, @TIMER, 255, 1),
(@OGUID3+103,2047,1,1,1,0,6138.25,-1024.62,401.109,4.485497,0,0,0,1, @TIMER, 255, 1),
(@OGUID3+104,2047,1,1,1,0,6151.11,-1796.5,552.678,4.485497,0,0,0,1, @TIMER, 255, 1),
(@OGUID3+105,2047,1,1,1,0,6179.23,-974.965,405.433,4.485497,0,0,0,1, @TIMER, 255, 1),
(@OGUID3+106,2047,1,1,1,0,6181.83,-1417.01,403.935,4.485497,0,0,0,1, @TIMER, 255, 1),
(@OGUID3+107,2047,1,1,1,0,6201.63,-1760.22,538.785,4.485497,0,0,0,1, @TIMER, 255, 1),
(@OGUID3+108,2047,1,1,1,0,6224.72,-649.944,426.282,4.485497,0,0,0,1, @TIMER, 255, 1),
(@OGUID3+109,2047,1,1,1,0,6248.72,-2052.01,610.663,4.485497,0,0,0,1, @TIMER, 255, 1),
(@OGUID3+110,2047,1,1,1,0,6252.74,-679.368,437.375,4.485497,0,0,0,1, @TIMER, 255, 1),
(@OGUID3+111,2047,1,1,1,0,6258.6,-769.642,427.735,4.485497,0,0,0,1, @TIMER, 255, 1),
(@OGUID3+112,2047,1,1,1,0,6267.66,-707.227,432.376,4.485497,0,0,0,1, @TIMER, 255, 1),
(@OGUID3+113,2047,1,1,1,0,6305.11,-1468.17,394.291,4.485497,0,0,0,1, @TIMER, 255, 1),
(@OGUID3+114,2047,1,1,1,0,6336.31,-651.368,496.393,4.485497,0,0,0,1, @TIMER, 255, 1),
(@OGUID3+115,2047,1,1,1,0,6344.4,-617.972,483.824,4.485497,0,0,0,1, @TIMER, 255, 1),
(@OGUID3+116,2047,1,1,1,0,6347.32,-660.427,487.705,4.485497,0,0,0,1, @TIMER, 255, 1),
(@OGUID3+117,2047,1,1,1,0,6362.56,-1440.67,387.155,4.485497,0,0,0,1, @TIMER, 255, 1),
(@OGUID3+118,2047,1,1,1,0,6523.49,-2018.68,571.073,4.485497,0,0,0,1, @TIMER, 255, 1),
(@OGUID3+119,2047,1,1,1,0,6547,-780.592,484.607,4.485497,0,0,0,1, @TIMER, 255, 1),
(@OGUID3+120,2047,1,1,1,0,6556.96,-1829.11,540.269,4.485497,0,0,0,1, @TIMER, 255, 1),
(@OGUID3+121,2047,1,1,1,0,6572.51,-927.887,497.34,4.485497,0,0,0,1, @TIMER, 255, 1),
(@OGUID3+122,2047,1,1,1,0,6573.16,-1792.3,550.087,4.485497,0,0,0,1, @TIMER, 255, 1),
(@OGUID3+123,2047,1,1,1,0,6575.55,-778.285,483.815,4.485497,0,0,0,1, @TIMER, 255, 1),
(@OGUID3+124,2047,1,1,1,0,6582.12,-899.059,483.995,4.485497,0,0,0,1, @TIMER, 255, 1),
(@OGUID3+125,2047,1,1,1,0,6592.13,-1953.67,560.754,4.485497,0,0,0,1, @TIMER, 255, 1),
(@OGUID3+126,2047,1,1,1,0,6616.44,-1018.3,483.959,4.485497,0,0,0,1, @TIMER, 255, 1),
(@OGUID3+127,2047,1,1,1,0,6634.33,-936.304,492.336,4.485497,0,0,0,1, @TIMER, 255, 1),
(@OGUID3+128,2047,1,1,1,0,6651.69,-1685.27,497.607,4.485497,0,0,0,1, @TIMER, 255, 1),
(@OGUID3+129,2047,1,1,1,0,6654.5,-1200.41,473.482,4.485497,0,0,0,1, @TIMER, 255, 1),
(@OGUID3+130,2047,1,1,1,0,6679.9,-1999.93,554.918,4.485497,0,0,0,1, @TIMER, 255, 1),
(@OGUID3+131,2047,1,1,1,0,6682.84,-1218.41,475.421,4.485497,0,0,0,1, @TIMER, 255, 1),
(@OGUID3+132,2047,1,1,1,0,6684.67,-2043.19,571.531,4.485497,0,0,0,1, @TIMER, 255, 1),
(@OGUID3+133,2047,1,1,1,0,6695.35,-1668.53,506.223,4.485497,0,0,0,1, @TIMER, 255, 1),
(@OGUID3+134,2047,1,1,1,0,6696.96,-1357.71,493.868,4.485497,0,0,0,1, @TIMER, 255, 1),
(@OGUID3+135,2047,1,1,1,0,6715.46,-1377.59,491.777,4.485497,0,0,0,1, @TIMER, 255, 1),
(@OGUID3+136,2047,1,1,1,0,6720.77,-1282.89,492.925,4.485497,0,0,0,1, @TIMER, 255, 1),
(@OGUID3+137,2047,1,1,1,0,6741.15,-1987.21,555.494,4.485497,0,0,0,1, @TIMER, 255, 1),
(@OGUID3+138,2047,1,1,1,0,6751.67,-1528.59,496.243,4.485497,0,0,0,1, @TIMER, 255, 1),
(@OGUID3+139,2047,1,1,1,0,6774.01,-2034.64,576.012,4.485497,0,0,0,1, @TIMER, 255, 1),
(@OGUID3+140,2047,1,1,1,0,6789.58,-1966.37,556.149,4.485497,0,0,0,1, @TIMER, 255, 1),
(@OGUID3+141,2047,1,1,1,0,6807.13,-1763.37,621.515,4.485497,0,0,0,1, @TIMER, 255, 1),
(@OGUID3+142,2047,1,1,1,0,6855.63,-1545.64,510.091,4.485497,0,0,0,1, @TIMER, 255, 1),
(@OGUID3+143,2047,1,1,1,0,6883.95,-1969.92,573.449,4.485497,0,0,0,1, @TIMER, 255, 1),
(@OGUID3+144,2047,1,1,1,0,6890.68,-1780.24,590.574,4.485497,0,0,0,1, @TIMER, 255, 1),
(@OGUID3+145,2047,1,1,1,0,6893.74,-1637.91,507.892,4.485497,0,0,0,1, @TIMER, 255, 1),
(@OGUID3+146,2047,1,1,1,0,6910.06,-1923.74,582.433,4.485497,0,0,0,1, @TIMER, 255, 1),
(@OGUID3+147,2047,1,1,1,0,6918.18,-2045.36,596.652,4.485497,0,0,0,1, @TIMER, 255, 1),
(@OGUID3+148,2047,1,1,1,0,6925.78,-1579.02,518.463,4.485497,0,0,0,1, @TIMER, 255, 1),
(@OGUID3+149,2047,1,1,1,0,6926.55,-1785.23,586.29,4.485497,0,0,0,1, @TIMER, 255, 1),
(@OGUID3+150,2047,1,1,1,0,6957.56,-1994.14,610.338,4.485497,0,0,0,1, @TIMER, 255, 1),
(@OGUID3+151,2047,1,1,1,0,6255.08,-1719.68,432.793,2.932139,0,0,0,1, @TIMER, 255, 1),
(@OGUID3+152,2047,1,1,1,0,6262.42,-1679.22,433.738,2.932139,0,0,0,1, @TIMER, 255, 1),
(@OGUID3+153,2047,1,1,1,0,6299.92,-1767.96,421.915,2.932139,0,0,0,1, @TIMER, 255, 1),
(@OGUID3+154,2047,1,1,1,0,6319.9,-1633.21,428.503,2.932139,0,0,0,1, @TIMER, 255, 1),
(@OGUID3+155,2047,1,1,1,0,6340.79,-1844,436.472,2.932139,0,0,0,1, @TIMER, 255, 1),
(@OGUID3+156,2047,1,1,1,0,6342.07,-1739.85,422.616,2.932139,0,0,0,1, @TIMER, 255, 1),
(@OGUID3+157,2047,1,1,1,0,6349.85,-1777.57,421.974,2.932139,0,0,0,1, @TIMER, 255, 1),
(@OGUID3+158,2047,1,1,1,0,6351.52,-1633.01,431.807,2.932139,0,0,0,1, @TIMER, 255, 1),
(@OGUID3+159,2047,1,1,1,0,6353.48,-1867.76,436.986,2.932139,0,0,0,1, @TIMER, 255, 1),
(@OGUID3+160,2047,1,1,1,0,6356.96,-1684.74,441.362,2.932139,0,0,0,1, @TIMER, 255, 1),
(@OGUID3+161,2047,1,1,1,0,6363.45,-1836.28,434.892,2.932139,0,0,0,1, @TIMER, 255, 1),
(@OGUID3+162,2047,1,1,1,0,6374.6,-1648.47,436.67,2.932139,0,0,0,1, @TIMER, 255, 1),
(@OGUID3+163,2047,1,1,1,0,6374.99,-1746.69,421.572,2.932139,0,0,0,1, @TIMER, 255, 1),
(@OGUID3+164,2047,1,1,1,0,6376.33,-1670.75,438.206,2.932139,0,0,0,1, @TIMER, 255, 1),
(@OGUID3+165,2047,1,1,1,0,6409.36,-1673.24,419.222,2.932139,0,0,0,1, @TIMER, 255, 1),
(@OGUID3+166,2047,1,1,1,0,6412.9,-1636.42,435.787,2.932139,0,0,0,1, @TIMER, 255, 1),
(@OGUID3+167,2047,1,1,1,0,6425.6,-1649.16,435.996,2.932139,0,0,0,1, @TIMER, 255, 1),
(@OGUID3+168,2047,1,1,1,0,6436.65,-1657.93,414.83,2.932139,0,0,0,1, @TIMER, 255, 1),
(@OGUID3+169,2047,1,1,1,0,6442.42,-1606.78,433.71,2.932139,0,0,0,1, @TIMER, 255, 1),
(@OGUID3+170,2047,1,1,1,0,6442.44,-1641.64,433.461,2.932139,0,0,0,1, @TIMER, 255, 1),
(@OGUID3+171,2047,1,1,1,0,6460.49,-1583.25,436.143,2.932139,0,0,0,1, @TIMER, 255, 1),
(@OGUID3+172,2047,1,1,1,0,6472.37,-1703.37,418.753,2.932139,0,0,0,1, @TIMER, 255, 1),
(@OGUID3+173,2047,1,1,1,0,6480.74,-1632.92,436.187,2.932139,0,0,0,1, @TIMER, 255, 1);

-- Add mother pool to pool template
DELETE FROM `pool_template` WHERE `entry`=@MOTHER;
INSERT INTO `pool_template` (`entry`,`max_limit`,`description`) VALUES
(@MOTHER,@ACTIVE, 'Felwood Ore Mother pool');

-- Pool Ore Spawnpoints
DELETE FROM `pool_gameobject` WHERE `guid` BETWEEN @OGUID1 AND @OGUID1+@LASTGUID;
DELETE FROM `pool_gameobject` WHERE `guid` BETWEEN @OGUID2 AND @OGUID2+@LASTGUID;
DELETE FROM `pool_gameobject` WHERE `guid` BETWEEN @OGUID3 AND @OGUID3+@LASTGUID;
INSERT INTO `pool_gameobject` (`guid`,`pool_entry`,`chance`,`description`) VALUES
(@OGUID1+0,@POOL+0,80, 'Mithril Deposit'),
(@OGUID2+0,@POOL+0,10, 'Truesilver Deposit'),
(@OGUID3+0,@POOL+0,10, 'Gold Vein'),
(@OGUID1+1,@POOL+1,80, 'Mithril Deposit'),
(@OGUID2+1,@POOL+1,10, 'Truesilver Deposit'),
(@OGUID3+1,@POOL+1,10, 'Gold Vein'),
(@OGUID1+2,@POOL+2,80, 'Mithril Deposit'),
(@OGUID2+2,@POOL+2,10, 'Truesilver Deposit'),
(@OGUID3+2,@POOL+2,10, 'Gold Vein'),
(@OGUID1+3,@POOL+3,80, 'Mithril Deposit'),
(@OGUID2+3,@POOL+3,10, 'Truesilver Deposit'),
(@OGUID3+3,@POOL+3,10, 'Gold Vein'),
(@OGUID1+4,@POOL+4,80, 'Mithril Deposit'),
(@OGUID2+4,@POOL+4,10, 'Truesilver Deposit'),
(@OGUID3+4,@POOL+4,10, 'Gold Vein'),
(@OGUID1+5,@POOL+5,80, 'Mithril Deposit'),
(@OGUID2+5,@POOL+5,10, 'Truesilver Deposit'),
(@OGUID3+5,@POOL+5,10, 'Gold Vein'),
(@OGUID1+6,@POOL+6,80, 'Mithril Deposit'),
(@OGUID2+6,@POOL+6,10, 'Truesilver Deposit'),
(@OGUID3+6,@POOL+6,10, 'Gold Vein'),
(@OGUID1+7,@POOL+7,80, 'Mithril Deposit'),
(@OGUID2+7,@POOL+7,10, 'Truesilver Deposit'),
(@OGUID3+7,@POOL+7,10, 'Gold Vein'),
(@OGUID1+8,@POOL+8,80, 'Mithril Deposit'),
(@OGUID2+8,@POOL+8,10, 'Truesilver Deposit'),
(@OGUID3+8,@POOL+8,10, 'Gold Vein'),
(@OGUID1+9,@POOL+9,80, 'Mithril Deposit'),
(@OGUID2+9,@POOL+9,10, 'Truesilver Deposit'),
(@OGUID3+9,@POOL+9,10, 'Gold Vein'),
(@OGUID1+10,@POOL+10,80, 'Mithril Deposit'),
(@OGUID2+10,@POOL+10,10, 'Truesilver Deposit'),
(@OGUID3+10,@POOL+10,10, 'Gold Vein'),
(@OGUID1+11,@POOL+11,80, 'Mithril Deposit'),
(@OGUID2+11,@POOL+11,10, 'Truesilver Deposit'),
(@OGUID3+11,@POOL+11,10, 'Gold Vein'),
(@OGUID1+12,@POOL+12,80, 'Mithril Deposit'),
(@OGUID2+12,@POOL+12,10, 'Truesilver Deposit'),
(@OGUID3+12,@POOL+12,10, 'Gold Vein'),
(@OGUID1+13,@POOL+13,80, 'Mithril Deposit'),
(@OGUID2+13,@POOL+13,10, 'Truesilver Deposit'),
(@OGUID3+13,@POOL+13,10, 'Gold Vein'),
(@OGUID1+14,@POOL+14,80, 'Mithril Deposit'),
(@OGUID2+14,@POOL+14,10, 'Truesilver Deposit'),
(@OGUID3+14,@POOL+14,10, 'Gold Vein'),
(@OGUID1+15,@POOL+15,80, 'Mithril Deposit'),
(@OGUID2+15,@POOL+15,10, 'Truesilver Deposit'),
(@OGUID3+15,@POOL+15,10, 'Gold Vein'),
(@OGUID1+16,@POOL+16,80, 'Mithril Deposit'),
(@OGUID2+16,@POOL+16,10, 'Truesilver Deposit'),
(@OGUID3+16,@POOL+16,10, 'Gold Vein'),
(@OGUID1+17,@POOL+17,80, 'Mithril Deposit'),
(@OGUID2+17,@POOL+17,10, 'Truesilver Deposit'),
(@OGUID3+17,@POOL+17,10, 'Gold Vein'),
(@OGUID1+18,@POOL+18,80, 'Mithril Deposit'),
(@OGUID2+18,@POOL+18,10, 'Truesilver Deposit'),
(@OGUID3+18,@POOL+18,10, 'Gold Vein'),
(@OGUID1+19,@POOL+19,80, 'Mithril Deposit'),
(@OGUID2+19,@POOL+19,10, 'Truesilver Deposit'),
(@OGUID3+19,@POOL+19,10, 'Gold Vein'),
(@OGUID1+20,@POOL+20,80, 'Mithril Deposit'),
(@OGUID2+20,@POOL+20,10, 'Truesilver Deposit'),
(@OGUID3+20,@POOL+20,10, 'Gold Vein'),
(@OGUID1+21,@POOL+21,80, 'Mithril Deposit'),
(@OGUID2+21,@POOL+21,10, 'Truesilver Deposit'),
(@OGUID3+21,@POOL+21,10, 'Gold Vein'),
(@OGUID1+22,@POOL+22,80, 'Mithril Deposit'),
(@OGUID2+22,@POOL+22,10, 'Truesilver Deposit'),
(@OGUID3+22,@POOL+22,10, 'Gold Vein'),
(@OGUID1+23,@POOL+23,80, 'Mithril Deposit'),
(@OGUID2+23,@POOL+23,10, 'Truesilver Deposit'),
(@OGUID3+23,@POOL+23,10, 'Gold Vein'),
(@OGUID1+24,@POOL+24,80, 'Mithril Deposit'),
(@OGUID2+24,@POOL+24,10, 'Truesilver Deposit'),
(@OGUID3+24,@POOL+24,10, 'Gold Vein'),
(@OGUID1+25,@POOL+25,80, 'Mithril Deposit'),
(@OGUID2+25,@POOL+25,10, 'Truesilver Deposit'),
(@OGUID3+25,@POOL+25,10, 'Gold Vein'),
(@OGUID1+26,@POOL+26,80, 'Mithril Deposit'),
(@OGUID2+26,@POOL+26,10, 'Truesilver Deposit'),
(@OGUID3+26,@POOL+26,10, 'Gold Vein'),
(@OGUID1+27,@POOL+27,80, 'Mithril Deposit'),
(@OGUID2+27,@POOL+27,10, 'Truesilver Deposit'),
(@OGUID3+27,@POOL+27,10, 'Gold Vein'),
(@OGUID1+28,@POOL+28,80, 'Mithril Deposit'),
(@OGUID2+28,@POOL+28,10, 'Truesilver Deposit'),
(@OGUID3+28,@POOL+28,10, 'Gold Vein'),
(@OGUID1+29,@POOL+29,80, 'Mithril Deposit'),
(@OGUID2+29,@POOL+29,10, 'Truesilver Deposit'),
(@OGUID3+29,@POOL+29,10, 'Gold Vein'),
(@OGUID1+30,@POOL+30,80, 'Mithril Deposit'),
(@OGUID2+30,@POOL+30,10, 'Truesilver Deposit'),
(@OGUID3+30,@POOL+30,10, 'Gold Vein'),
(@OGUID1+31,@POOL+31,80, 'Mithril Deposit'),
(@OGUID2+31,@POOL+31,10, 'Truesilver Deposit'),
(@OGUID3+31,@POOL+31,10, 'Gold Vein'),
(@OGUID1+32,@POOL+32,80, 'Mithril Deposit'),
(@OGUID2+32,@POOL+32,10, 'Truesilver Deposit'),
(@OGUID3+32,@POOL+32,10, 'Gold Vein'),
(@OGUID1+33,@POOL+33,80, 'Mithril Deposit'),
(@OGUID2+33,@POOL+33,10, 'Truesilver Deposit'),
(@OGUID3+33,@POOL+33,10, 'Gold Vein'),
(@OGUID1+34,@POOL+34,80, 'Mithril Deposit'),
(@OGUID2+34,@POOL+34,10, 'Truesilver Deposit'),
(@OGUID3+34,@POOL+34,10, 'Gold Vein'),
(@OGUID1+35,@POOL+35,80, 'Mithril Deposit'),
(@OGUID2+35,@POOL+35,10, 'Truesilver Deposit'),
(@OGUID3+35,@POOL+35,10, 'Gold Vein'),
(@OGUID1+36,@POOL+36,80, 'Mithril Deposit'),
(@OGUID2+36,@POOL+36,10, 'Truesilver Deposit'),
(@OGUID3+36,@POOL+36,10, 'Gold Vein'),
(@OGUID1+37,@POOL+37,80, 'Mithril Deposit'),
(@OGUID2+37,@POOL+37,10, 'Truesilver Deposit'),
(@OGUID3+37,@POOL+37,10, 'Gold Vein'),
(@OGUID1+38,@POOL+38,80, 'Mithril Deposit'),
(@OGUID2+38,@POOL+38,10, 'Truesilver Deposit'),
(@OGUID3+38,@POOL+38,10, 'Gold Vein'),
(@OGUID1+39,@POOL+39,80, 'Mithril Deposit'),
(@OGUID2+39,@POOL+39,10, 'Truesilver Deposit'),
(@OGUID3+39,@POOL+39,10, 'Gold Vein'),
(@OGUID1+40,@POOL+40,80, 'Mithril Deposit'),
(@OGUID2+40,@POOL+40,10, 'Truesilver Deposit'),
(@OGUID3+40,@POOL+40,10, 'Gold Vein'),
(@OGUID1+41,@POOL+41,80, 'Mithril Deposit'),
(@OGUID2+41,@POOL+41,10, 'Truesilver Deposit'),
(@OGUID3+41,@POOL+41,10, 'Gold Vein'),
(@OGUID1+42,@POOL+42,80, 'Mithril Deposit'),
(@OGUID2+42,@POOL+42,10, 'Truesilver Deposit'),
(@OGUID3+42,@POOL+42,10, 'Gold Vein'),
(@OGUID1+43,@POOL+43,80, 'Mithril Deposit'),
(@OGUID2+43,@POOL+43,10, 'Truesilver Deposit'),
(@OGUID3+43,@POOL+43,10, 'Gold Vein'),
(@OGUID1+44,@POOL+44,80, 'Mithril Deposit'),
(@OGUID2+44,@POOL+44,10, 'Truesilver Deposit'),
(@OGUID3+44,@POOL+44,10, 'Gold Vein'),
(@OGUID1+45,@POOL+45,80, 'Mithril Deposit'),
(@OGUID2+45,@POOL+45,10, 'Truesilver Deposit'),
(@OGUID3+45,@POOL+45,10, 'Gold Vein'),
(@OGUID1+46,@POOL+46,80, 'Mithril Deposit'),
(@OGUID2+46,@POOL+46,10, 'Truesilver Deposit'),
(@OGUID3+46,@POOL+46,10, 'Gold Vein'),
(@OGUID1+47,@POOL+47,80, 'Mithril Deposit'),
(@OGUID2+47,@POOL+47,10, 'Truesilver Deposit'),
(@OGUID3+47,@POOL+47,10, 'Gold Vein'),
(@OGUID1+48,@POOL+48,80, 'Mithril Deposit'),
(@OGUID2+48,@POOL+48,10, 'Truesilver Deposit'),
(@OGUID3+48,@POOL+48,10, 'Gold Vein'),
(@OGUID1+49,@POOL+49,80, 'Mithril Deposit'),
(@OGUID2+49,@POOL+49,10, 'Truesilver Deposit'),
(@OGUID3+49,@POOL+49,10, 'Gold Vein'),
(@OGUID1+50,@POOL+50,80, 'Mithril Deposit'),
(@OGUID2+50,@POOL+50,10, 'Truesilver Deposit'),
(@OGUID3+50,@POOL+50,10, 'Gold Vein'),
(@OGUID1+51,@POOL+51,80, 'Mithril Deposit'),
(@OGUID2+51,@POOL+51,10, 'Truesilver Deposit'),
(@OGUID3+51,@POOL+51,10, 'Gold Vein'),
(@OGUID1+52,@POOL+52,80, 'Mithril Deposit'),
(@OGUID2+52,@POOL+52,10, 'Truesilver Deposit'),
(@OGUID3+52,@POOL+52,10, 'Gold Vein'),
(@OGUID1+53,@POOL+53,80, 'Mithril Deposit'),
(@OGUID2+53,@POOL+53,10, 'Truesilver Deposit'),
(@OGUID3+53,@POOL+53,10, 'Gold Vein'),
(@OGUID1+54,@POOL+54,80, 'Mithril Deposit'),
(@OGUID2+54,@POOL+54,10, 'Truesilver Deposit'),
(@OGUID3+54,@POOL+54,10, 'Gold Vein'),
(@OGUID1+55,@POOL+55,80, 'Mithril Deposit'),
(@OGUID2+55,@POOL+55,10, 'Truesilver Deposit'),
(@OGUID3+55,@POOL+55,10, 'Gold Vein'),
(@OGUID1+56,@POOL+56,80, 'Mithril Deposit'),
(@OGUID2+56,@POOL+56,10, 'Truesilver Deposit'),
(@OGUID3+56,@POOL+56,10, 'Gold Vein'),
(@OGUID1+57,@POOL+57,80, 'Mithril Deposit'),
(@OGUID2+57,@POOL+57,10, 'Truesilver Deposit'),
(@OGUID3+57,@POOL+57,10, 'Gold Vein'),
(@OGUID1+58,@POOL+58,80, 'Mithril Deposit'),
(@OGUID2+58,@POOL+58,10, 'Truesilver Deposit'),
(@OGUID3+58,@POOL+58,10, 'Gold Vein'),
(@OGUID1+59,@POOL+59,80, 'Mithril Deposit'),
(@OGUID2+59,@POOL+59,10, 'Truesilver Deposit'),
(@OGUID3+59,@POOL+59,10, 'Gold Vein'),
(@OGUID1+60,@POOL+60,80, 'Mithril Deposit'),
(@OGUID2+60,@POOL+60,10, 'Truesilver Deposit'),
(@OGUID3+60,@POOL+60,10, 'Gold Vein'),
(@OGUID1+61,@POOL+61,80, 'Mithril Deposit'),
(@OGUID2+61,@POOL+61,10, 'Truesilver Deposit'),
(@OGUID3+61,@POOL+61,10, 'Gold Vein'),
(@OGUID1+62,@POOL+62,80, 'Mithril Deposit'),
(@OGUID2+62,@POOL+62,10, 'Truesilver Deposit'),
(@OGUID3+62,@POOL+62,10, 'Gold Vein'),
(@OGUID1+63,@POOL+63,80, 'Mithril Deposit'),
(@OGUID2+63,@POOL+63,10, 'Truesilver Deposit'),
(@OGUID3+63,@POOL+63,10, 'Gold Vein'),
(@OGUID1+64,@POOL+64,80, 'Mithril Deposit'),
(@OGUID2+64,@POOL+64,10, 'Truesilver Deposit'),
(@OGUID3+64,@POOL+64,10, 'Gold Vein'),
(@OGUID1+65,@POOL+65,80, 'Mithril Deposit'),
(@OGUID2+65,@POOL+65,10, 'Truesilver Deposit'),
(@OGUID3+65,@POOL+65,10, 'Gold Vein'),
(@OGUID1+66,@POOL+66,80, 'Mithril Deposit'),
(@OGUID2+66,@POOL+66,10, 'Truesilver Deposit'),
(@OGUID3+66,@POOL+66,10, 'Gold Vein'),
(@OGUID1+67,@POOL+67,80, 'Mithril Deposit'),
(@OGUID2+67,@POOL+67,10, 'Truesilver Deposit'),
(@OGUID3+67,@POOL+67,10, 'Gold Vein'),
(@OGUID1+68,@POOL+68,80, 'Mithril Deposit'),
(@OGUID2+68,@POOL+68,10, 'Truesilver Deposit'),
(@OGUID3+68,@POOL+68,10, 'Gold Vein'),
(@OGUID1+69,@POOL+69,80, 'Mithril Deposit'),
(@OGUID2+69,@POOL+69,10, 'Truesilver Deposit'),
(@OGUID3+69,@POOL+69,10, 'Gold Vein'),
(@OGUID1+70,@POOL+70,80, 'Mithril Deposit'),
(@OGUID2+70,@POOL+70,10, 'Truesilver Deposit'),
(@OGUID3+70,@POOL+70,10, 'Gold Vein'),
(@OGUID1+71,@POOL+71,80, 'Mithril Deposit'),
(@OGUID2+71,@POOL+71,10, 'Truesilver Deposit'),
(@OGUID3+71,@POOL+71,10, 'Gold Vein'),
(@OGUID1+72,@POOL+72,80, 'Mithril Deposit'),
(@OGUID2+72,@POOL+72,10, 'Truesilver Deposit'),
(@OGUID3+72,@POOL+72,10, 'Gold Vein'),
(@OGUID1+73,@POOL+73,80, 'Mithril Deposit'),
(@OGUID2+73,@POOL+73,10, 'Truesilver Deposit'),
(@OGUID3+73,@POOL+73,10, 'Gold Vein'),
(@OGUID1+74,@POOL+74,80, 'Mithril Deposit'),
(@OGUID2+74,@POOL+74,10, 'Truesilver Deposit'),
(@OGUID3+74,@POOL+74,10, 'Gold Vein'),
(@OGUID1+75,@POOL+75,80, 'Mithril Deposit'),
(@OGUID2+75,@POOL+75,10, 'Truesilver Deposit'),
(@OGUID3+75,@POOL+75,10, 'Gold Vein'),
(@OGUID1+76,@POOL+76,80, 'Mithril Deposit'),
(@OGUID2+76,@POOL+76,10, 'Truesilver Deposit'),
(@OGUID3+76,@POOL+76,10, 'Gold Vein'),
(@OGUID1+77,@POOL+77,80, 'Mithril Deposit'),
(@OGUID2+77,@POOL+77,10, 'Truesilver Deposit'),
(@OGUID3+77,@POOL+77,10, 'Gold Vein'),
(@OGUID1+78,@POOL+78,80, 'Mithril Deposit'),
(@OGUID2+78,@POOL+78,10, 'Truesilver Deposit'),
(@OGUID3+78,@POOL+78,10, 'Gold Vein'),
(@OGUID1+79,@POOL+79,80, 'Mithril Deposit'),
(@OGUID2+79,@POOL+79,10, 'Truesilver Deposit'),
(@OGUID3+79,@POOL+79,10, 'Gold Vein'),
(@OGUID1+80,@POOL+80,80, 'Mithril Deposit'),
(@OGUID2+80,@POOL+80,10, 'Truesilver Deposit'),
(@OGUID3+80,@POOL+80,10, 'Gold Vein'),
(@OGUID1+81,@POOL+81,80, 'Mithril Deposit'),
(@OGUID2+81,@POOL+81,10, 'Truesilver Deposit'),
(@OGUID3+81,@POOL+81,10, 'Gold Vein'),
(@OGUID1+82,@POOL+82,80, 'Mithril Deposit'),
(@OGUID2+82,@POOL+82,10, 'Truesilver Deposit'),
(@OGUID3+82,@POOL+82,10, 'Gold Vein'),
(@OGUID1+83,@POOL+83,80, 'Mithril Deposit'),
(@OGUID2+83,@POOL+83,10, 'Truesilver Deposit'),
(@OGUID3+83,@POOL+83,10, 'Gold Vein'),
(@OGUID1+84,@POOL+84,80, 'Mithril Deposit'),
(@OGUID2+84,@POOL+84,10, 'Truesilver Deposit'),
(@OGUID3+84,@POOL+84,10, 'Gold Vein'),
(@OGUID1+85,@POOL+85,80, 'Mithril Deposit'),
(@OGUID2+85,@POOL+85,10, 'Truesilver Deposit'),
(@OGUID3+85,@POOL+85,10, 'Gold Vein'),
(@OGUID1+86,@POOL+86,80, 'Mithril Deposit'),
(@OGUID2+86,@POOL+86,10, 'Truesilver Deposit'),
(@OGUID3+86,@POOL+86,10, 'Gold Vein'),
(@OGUID1+87,@POOL+87,80, 'Mithril Deposit'),
(@OGUID2+87,@POOL+87,10, 'Truesilver Deposit'),
(@OGUID3+87,@POOL+87,10, 'Gold Vein'),
(@OGUID1+88,@POOL+88,80, 'Mithril Deposit'),
(@OGUID2+88,@POOL+88,10, 'Truesilver Deposit'),
(@OGUID3+88,@POOL+88,10, 'Gold Vein'),
(@OGUID1+89,@POOL+89,80, 'Mithril Deposit'),
(@OGUID2+89,@POOL+89,10, 'Truesilver Deposit'),
(@OGUID3+89,@POOL+89,10, 'Gold Vein'),
(@OGUID1+90,@POOL+90,80, 'Mithril Deposit'),
(@OGUID2+90,@POOL+90,10, 'Truesilver Deposit'),
(@OGUID3+90,@POOL+90,10, 'Gold Vein'),
(@OGUID1+91,@POOL+91,80, 'Mithril Deposit'),
(@OGUID2+91,@POOL+91,10, 'Truesilver Deposit'),
(@OGUID3+91,@POOL+91,10, 'Gold Vein'),
(@OGUID1+92,@POOL+92,80, 'Mithril Deposit'),
(@OGUID2+92,@POOL+92,10, 'Truesilver Deposit'),
(@OGUID3+92,@POOL+92,10, 'Gold Vein'),
(@OGUID1+93,@POOL+93,80, 'Mithril Deposit'),
(@OGUID2+93,@POOL+93,10, 'Truesilver Deposit'),
(@OGUID3+93,@POOL+93,10, 'Gold Vein'),
(@OGUID1+94,@POOL+94,80, 'Mithril Deposit'),
(@OGUID2+94,@POOL+94,10, 'Truesilver Deposit'),
(@OGUID3+94,@POOL+94,10, 'Gold Vein'),
(@OGUID1+95,@POOL+95,80, 'Mithril Deposit'),
(@OGUID2+95,@POOL+95,10, 'Truesilver Deposit'),
(@OGUID3+95,@POOL+95,10, 'Gold Vein'),
(@OGUID1+96,@POOL+96,80, 'Mithril Deposit'),
(@OGUID2+96,@POOL+96,10, 'Truesilver Deposit'),
(@OGUID3+96,@POOL+96,10, 'Gold Vein'),
(@OGUID1+97,@POOL+97,80, 'Mithril Deposit'),
(@OGUID2+97,@POOL+97,10, 'Truesilver Deposit'),
(@OGUID3+97,@POOL+97,10, 'Gold Vein'),
(@OGUID1+98,@POOL+98,80, 'Mithril Deposit'),
(@OGUID2+98,@POOL+98,10, 'Truesilver Deposit'),
(@OGUID3+98,@POOL+98,10, 'Gold Vein'),
(@OGUID1+99,@POOL+99,80, 'Mithril Deposit'),
(@OGUID2+99,@POOL+99,10, 'Truesilver Deposit'),
(@OGUID3+99,@POOL+99,10, 'Gold Vein'),
(@OGUID1+100,@POOL+100,80, 'Mithril Deposit'),
(@OGUID2+100,@POOL+100,10, 'Truesilver Deposit'),
(@OGUID3+100,@POOL+100,10, 'Gold Vein'),
(@OGUID1+101,@POOL+101,80, 'Mithril Deposit'),
(@OGUID2+101,@POOL+101,10, 'Truesilver Deposit'),
(@OGUID3+101,@POOL+101,10, 'Gold Vein'),
(@OGUID1+102,@POOL+102,80, 'Mithril Deposit'),
(@OGUID2+102,@POOL+102,10, 'Truesilver Deposit'),
(@OGUID3+102,@POOL+102,10, 'Gold Vein'),
(@OGUID1+103,@POOL+103,80, 'Mithril Deposit'),
(@OGUID2+103,@POOL+103,10, 'Truesilver Deposit'),
(@OGUID3+103,@POOL+103,10, 'Gold Vein'),
(@OGUID1+104,@POOL+104,80, 'Mithril Deposit'),
(@OGUID2+104,@POOL+104,10, 'Truesilver Deposit'),
(@OGUID3+104,@POOL+104,10, 'Gold Vein'),
(@OGUID1+105,@POOL+105,80, 'Mithril Deposit'),
(@OGUID2+105,@POOL+105,10, 'Truesilver Deposit'),
(@OGUID3+105,@POOL+105,10, 'Gold Vein'),
(@OGUID1+106,@POOL+106,80, 'Mithril Deposit'),
(@OGUID2+106,@POOL+106,10, 'Truesilver Deposit'),
(@OGUID3+106,@POOL+106,10, 'Gold Vein'),
(@OGUID1+107,@POOL+107,80, 'Mithril Deposit'),
(@OGUID2+107,@POOL+107,10, 'Truesilver Deposit'),
(@OGUID3+107,@POOL+107,10, 'Gold Vein'),
(@OGUID1+108,@POOL+108,80, 'Mithril Deposit'),
(@OGUID2+108,@POOL+108,10, 'Truesilver Deposit'),
(@OGUID3+108,@POOL+108,10, 'Gold Vein'),
(@OGUID1+109,@POOL+109,80, 'Mithril Deposit'),
(@OGUID2+109,@POOL+109,10, 'Truesilver Deposit'),
(@OGUID3+109,@POOL+109,10, 'Gold Vein'),
(@OGUID1+110,@POOL+110,80, 'Mithril Deposit'),
(@OGUID2+110,@POOL+110,10, 'Truesilver Deposit'),
(@OGUID3+110,@POOL+110,10, 'Gold Vein'),
(@OGUID1+111,@POOL+111,80, 'Mithril Deposit'),
(@OGUID2+111,@POOL+111,10, 'Truesilver Deposit'),
(@OGUID3+111,@POOL+111,10, 'Gold Vein'),
(@OGUID1+112,@POOL+112,80, 'Mithril Deposit'),
(@OGUID2+112,@POOL+112,10, 'Truesilver Deposit'),
(@OGUID3+112,@POOL+112,10, 'Gold Vein'),
(@OGUID1+113,@POOL+113,80, 'Mithril Deposit'),
(@OGUID2+113,@POOL+113,10, 'Truesilver Deposit'),
(@OGUID3+113,@POOL+113,10, 'Gold Vein'),
(@OGUID1+114,@POOL+114,80, 'Mithril Deposit'),
(@OGUID2+114,@POOL+114,10, 'Truesilver Deposit'),
(@OGUID3+114,@POOL+114,10, 'Gold Vein'),
(@OGUID1+115,@POOL+115,80, 'Mithril Deposit'),
(@OGUID2+115,@POOL+115,10, 'Truesilver Deposit'),
(@OGUID3+115,@POOL+115,10, 'Gold Vein'),
(@OGUID1+116,@POOL+116,80, 'Mithril Deposit'),
(@OGUID2+116,@POOL+116,10, 'Truesilver Deposit'),
(@OGUID3+116,@POOL+116,10, 'Gold Vein'),
(@OGUID1+117,@POOL+117,80, 'Mithril Deposit'),
(@OGUID2+117,@POOL+117,10, 'Truesilver Deposit'),
(@OGUID3+117,@POOL+117,10, 'Gold Vein'),
(@OGUID1+118,@POOL+118,80, 'Mithril Deposit'),
(@OGUID2+118,@POOL+118,10, 'Truesilver Deposit'),
(@OGUID3+118,@POOL+118,10, 'Gold Vein'),
(@OGUID1+119,@POOL+119,80, 'Mithril Deposit'),
(@OGUID2+119,@POOL+119,10, 'Truesilver Deposit'),
(@OGUID3+119,@POOL+119,10, 'Gold Vein'),
(@OGUID1+120,@POOL+120,80, 'Mithril Deposit'),
(@OGUID2+120,@POOL+120,10, 'Truesilver Deposit'),
(@OGUID3+120,@POOL+120,10, 'Gold Vein'),
(@OGUID1+121,@POOL+121,80, 'Mithril Deposit'),
(@OGUID2+121,@POOL+121,10, 'Truesilver Deposit'),
(@OGUID3+121,@POOL+121,10, 'Gold Vein'),
(@OGUID1+122,@POOL+122,80, 'Mithril Deposit'),
(@OGUID2+122,@POOL+122,10, 'Truesilver Deposit'),
(@OGUID3+122,@POOL+122,10, 'Gold Vein'),
(@OGUID1+123,@POOL+123,80, 'Mithril Deposit'),
(@OGUID2+123,@POOL+123,10, 'Truesilver Deposit'),
(@OGUID3+123,@POOL+123,10, 'Gold Vein'),
(@OGUID1+124,@POOL+124,80, 'Mithril Deposit'),
(@OGUID2+124,@POOL+124,10, 'Truesilver Deposit'),
(@OGUID3+124,@POOL+124,10, 'Gold Vein'),
(@OGUID1+125,@POOL+125,80, 'Mithril Deposit'),
(@OGUID2+125,@POOL+125,10, 'Truesilver Deposit'),
(@OGUID3+125,@POOL+125,10, 'Gold Vein'),
(@OGUID1+126,@POOL+126,80, 'Mithril Deposit'),
(@OGUID2+126,@POOL+126,10, 'Truesilver Deposit'),
(@OGUID3+126,@POOL+126,10, 'Gold Vein'),
(@OGUID1+127,@POOL+127,80, 'Mithril Deposit'),
(@OGUID2+127,@POOL+127,10, 'Truesilver Deposit'),
(@OGUID3+127,@POOL+127,10, 'Gold Vein'),
(@OGUID1+128,@POOL+128,80, 'Mithril Deposit'),
(@OGUID2+128,@POOL+128,10, 'Truesilver Deposit'),
(@OGUID3+128,@POOL+128,10, 'Gold Vein'),
(@OGUID1+129,@POOL+129,80, 'Mithril Deposit'),
(@OGUID2+129,@POOL+129,10, 'Truesilver Deposit'),
(@OGUID3+129,@POOL+129,10, 'Gold Vein'),
(@OGUID1+130,@POOL+130,80, 'Mithril Deposit'),
(@OGUID2+130,@POOL+130,10, 'Truesilver Deposit'),
(@OGUID3+130,@POOL+130,10, 'Gold Vein'),
(@OGUID1+131,@POOL+131,80, 'Mithril Deposit'),
(@OGUID2+131,@POOL+131,10, 'Truesilver Deposit'),
(@OGUID3+131,@POOL+131,10, 'Gold Vein'),
(@OGUID1+132,@POOL+132,80, 'Mithril Deposit'),
(@OGUID2+132,@POOL+132,10, 'Truesilver Deposit'),
(@OGUID3+132,@POOL+132,10, 'Gold Vein'),
(@OGUID1+133,@POOL+133,80, 'Mithril Deposit'),
(@OGUID2+133,@POOL+133,10, 'Truesilver Deposit'),
(@OGUID3+133,@POOL+133,10, 'Gold Vein'),
(@OGUID1+134,@POOL+134,80, 'Mithril Deposit'),
(@OGUID2+134,@POOL+134,10, 'Truesilver Deposit'),
(@OGUID3+134,@POOL+134,10, 'Gold Vein'),
(@OGUID1+135,@POOL+135,80, 'Mithril Deposit'),
(@OGUID2+135,@POOL+135,10, 'Truesilver Deposit'),
(@OGUID3+135,@POOL+135,10, 'Gold Vein'),
(@OGUID1+136,@POOL+136,80, 'Mithril Deposit'),
(@OGUID2+136,@POOL+136,10, 'Truesilver Deposit'),
(@OGUID3+136,@POOL+136,10, 'Gold Vein'),
(@OGUID1+137,@POOL+137,80, 'Mithril Deposit'),
(@OGUID2+137,@POOL+137,10, 'Truesilver Deposit'),
(@OGUID3+137,@POOL+137,10, 'Gold Vein'),
(@OGUID1+138,@POOL+138,80, 'Mithril Deposit'),
(@OGUID2+138,@POOL+138,10, 'Truesilver Deposit'),
(@OGUID3+138,@POOL+138,10, 'Gold Vein'),
(@OGUID1+139,@POOL+139,80, 'Mithril Deposit'),
(@OGUID2+139,@POOL+139,10, 'Truesilver Deposit'),
(@OGUID3+139,@POOL+139,10, 'Gold Vein'),
(@OGUID1+140,@POOL+140,80, 'Mithril Deposit'),
(@OGUID2+140,@POOL+140,10, 'Truesilver Deposit'),
(@OGUID3+140,@POOL+140,10, 'Gold Vein'),
(@OGUID1+141,@POOL+141,80, 'Mithril Deposit'),
(@OGUID2+141,@POOL+141,10, 'Truesilver Deposit'),
(@OGUID3+141,@POOL+141,10, 'Gold Vein'),
(@OGUID1+142,@POOL+142,80, 'Mithril Deposit'),
(@OGUID2+142,@POOL+142,10, 'Truesilver Deposit'),
(@OGUID3+142,@POOL+142,10, 'Gold Vein'),
(@OGUID1+143,@POOL+143,80, 'Mithril Deposit'),
(@OGUID2+143,@POOL+143,10, 'Truesilver Deposit'),
(@OGUID3+143,@POOL+143,10, 'Gold Vein'),
(@OGUID1+144,@POOL+144,80, 'Mithril Deposit'),
(@OGUID2+144,@POOL+144,10, 'Truesilver Deposit'),
(@OGUID3+144,@POOL+144,10, 'Gold Vein'),
(@OGUID1+145,@POOL+145,80, 'Mithril Deposit'),
(@OGUID2+145,@POOL+145,10, 'Truesilver Deposit'),
(@OGUID3+145,@POOL+145,10, 'Gold Vein'),
(@OGUID1+146,@POOL+146,80, 'Mithril Deposit'),
(@OGUID2+146,@POOL+146,10, 'Truesilver Deposit'),
(@OGUID3+146,@POOL+146,10, 'Gold Vein'),
(@OGUID1+147,@POOL+147,80, 'Mithril Deposit'),
(@OGUID2+147,@POOL+147,10, 'Truesilver Deposit'),
(@OGUID3+147,@POOL+147,10, 'Gold Vein'),
(@OGUID1+148,@POOL+148,80, 'Mithril Deposit'),
(@OGUID2+148,@POOL+148,10, 'Truesilver Deposit'),
(@OGUID3+148,@POOL+148,10, 'Gold Vein'),
(@OGUID1+149,@POOL+149,80, 'Mithril Deposit'),
(@OGUID2+149,@POOL+149,10, 'Truesilver Deposit'),
(@OGUID3+149,@POOL+149,10, 'Gold Vein'),
(@OGUID1+150,@POOL+150,80, 'Mithril Deposit'),
(@OGUID2+150,@POOL+150,10, 'Truesilver Deposit'),
(@OGUID3+150,@POOL+150,10, 'Gold Vein'),
(@OGUID1+151,@POOL+151,80, 'Mithril Deposit'),
(@OGUID2+151,@POOL+151,10, 'Truesilver Deposit'),
(@OGUID3+151,@POOL+151,10, 'Gold Vein'),
(@OGUID1+152,@POOL+152,80, 'Mithril Deposit'),
(@OGUID2+152,@POOL+152,10, 'Truesilver Deposit'),
(@OGUID3+152,@POOL+152,10, 'Gold Vein'),
(@OGUID1+153,@POOL+153,80, 'Mithril Deposit'),
(@OGUID2+153,@POOL+153,10, 'Truesilver Deposit'),
(@OGUID3+153,@POOL+153,10, 'Gold Vein'),
(@OGUID1+154,@POOL+154,80, 'Mithril Deposit'),
(@OGUID2+154,@POOL+154,10, 'Truesilver Deposit'),
(@OGUID3+154,@POOL+154,10, 'Gold Vein'),
(@OGUID1+155,@POOL+155,80, 'Mithril Deposit'),
(@OGUID2+155,@POOL+155,10, 'Truesilver Deposit'),
(@OGUID3+155,@POOL+155,10, 'Gold Vein'),
(@OGUID1+156,@POOL+156,80, 'Mithril Deposit'),
(@OGUID2+156,@POOL+156,10, 'Truesilver Deposit'),
(@OGUID3+156,@POOL+156,10, 'Gold Vein'),
(@OGUID1+157,@POOL+157,80, 'Mithril Deposit'),
(@OGUID2+157,@POOL+157,10, 'Truesilver Deposit'),
(@OGUID3+157,@POOL+157,10, 'Gold Vein'),
(@OGUID1+158,@POOL+158,80, 'Mithril Deposit'),
(@OGUID2+158,@POOL+158,10, 'Truesilver Deposit'),
(@OGUID3+158,@POOL+158,10, 'Gold Vein'),
(@OGUID1+159,@POOL+159,80, 'Mithril Deposit'),
(@OGUID2+159,@POOL+159,10, 'Truesilver Deposit'),
(@OGUID3+159,@POOL+159,10, 'Gold Vein'),
(@OGUID1+160,@POOL+160,80, 'Mithril Deposit'),
(@OGUID2+160,@POOL+160,10, 'Truesilver Deposit'),
(@OGUID3+160,@POOL+160,10, 'Gold Vein'),
(@OGUID1+161,@POOL+161,80, 'Mithril Deposit'),
(@OGUID2+161,@POOL+161,10, 'Truesilver Deposit'),
(@OGUID3+161,@POOL+161,10, 'Gold Vein'),
(@OGUID1+162,@POOL+162,80, 'Mithril Deposit'),
(@OGUID2+162,@POOL+162,10, 'Truesilver Deposit'),
(@OGUID3+162,@POOL+162,10, 'Gold Vein'),
(@OGUID1+163,@POOL+163,80, 'Mithril Deposit'),
(@OGUID2+163,@POOL+163,10, 'Truesilver Deposit'),
(@OGUID3+163,@POOL+163,10, 'Gold Vein'),
(@OGUID1+164,@POOL+164,80, 'Mithril Deposit'),
(@OGUID2+164,@POOL+164,10, 'Truesilver Deposit'),
(@OGUID3+164,@POOL+164,10, 'Gold Vein'),
(@OGUID1+165,@POOL+165,80, 'Mithril Deposit'),
(@OGUID2+165,@POOL+165,10, 'Truesilver Deposit'),
(@OGUID3+165,@POOL+165,10, 'Gold Vein'),
(@OGUID1+166,@POOL+166,80, 'Mithril Deposit'),
(@OGUID2+166,@POOL+166,10, 'Truesilver Deposit'),
(@OGUID3+166,@POOL+166,10, 'Gold Vein'),
(@OGUID1+167,@POOL+167,80, 'Mithril Deposit'),
(@OGUID2+167,@POOL+167,10, 'Truesilver Deposit'),
(@OGUID3+167,@POOL+167,10, 'Gold Vein'),
(@OGUID1+168,@POOL+168,80, 'Mithril Deposit'),
(@OGUID2+168,@POOL+168,10, 'Truesilver Deposit'),
(@OGUID3+168,@POOL+168,10, 'Gold Vein'),
(@OGUID1+169,@POOL+169,80, 'Mithril Deposit'),
(@OGUID2+169,@POOL+169,10, 'Truesilver Deposit'),
(@OGUID3+169,@POOL+169,10, 'Gold Vein'),
(@OGUID1+170,@POOL+170,80, 'Mithril Deposit'),
(@OGUID2+170,@POOL+170,10, 'Truesilver Deposit'),
(@OGUID3+170,@POOL+170,10, 'Gold Vein'),
(@OGUID1+171,@POOL+171,80, 'Mithril Deposit'),
(@OGUID2+171,@POOL+171,10, 'Truesilver Deposit'),
(@OGUID3+171,@POOL+171,10, 'Gold Vein'),
(@OGUID1+172,@POOL+172,80, 'Mithril Deposit'),
(@OGUID2+172,@POOL+172,10, 'Truesilver Deposit'),
(@OGUID3+172,@POOL+172,10, 'Gold Vein'),
(@OGUID1+173,@POOL+173,80, 'Mithril Deposit'),
(@OGUID2+173,@POOL+173,10, 'Truesilver Deposit'),
(@OGUID3+173,@POOL+173,10, 'Gold Vein');

-- Add each pool to pool template
DELETE FROM `pool_template` WHERE `entry` BETWEEN @POOL AND @POOL+@LASTGUID;
INSERT INTO `pool_template` (`entry`,`max_limit`,`description`) VALUES
(@POOL+0,1, 'Felwood Ore Spawnpoint'),
(@POOL+1,1, 'Felwood Ore Spawnpoint'),
(@POOL+2,1, 'Felwood Ore Spawnpoint'),
(@POOL+3,1, 'Felwood Ore Spawnpoint'),
(@POOL+4,1, 'Felwood Ore Spawnpoint'),
(@POOL+5,1, 'Felwood Ore Spawnpoint'),
(@POOL+6,1, 'Felwood Ore Spawnpoint'),
(@POOL+7,1, 'Felwood Ore Spawnpoint'),
(@POOL+8,1, 'Felwood Ore Spawnpoint'),
(@POOL+9,1, 'Felwood Ore Spawnpoint'),
(@POOL+10,1, 'Felwood Ore Spawnpoint'),
(@POOL+11,1, 'Felwood Ore Spawnpoint'),
(@POOL+12,1, 'Felwood Ore Spawnpoint'),
(@POOL+13,1, 'Felwood Ore Spawnpoint'),
(@POOL+14,1, 'Felwood Ore Spawnpoint'),
(@POOL+15,1, 'Felwood Ore Spawnpoint'),
(@POOL+16,1, 'Felwood Ore Spawnpoint'),
(@POOL+17,1, 'Felwood Ore Spawnpoint'),
(@POOL+18,1, 'Felwood Ore Spawnpoint'),
(@POOL+19,1, 'Felwood Ore Spawnpoint'),
(@POOL+20,1, 'Felwood Ore Spawnpoint'),
(@POOL+21,1, 'Felwood Ore Spawnpoint'),
(@POOL+22,1, 'Felwood Ore Spawnpoint'),
(@POOL+23,1, 'Felwood Ore Spawnpoint'),
(@POOL+24,1, 'Felwood Ore Spawnpoint'),
(@POOL+25,1, 'Felwood Ore Spawnpoint'),
(@POOL+26,1, 'Felwood Ore Spawnpoint'),
(@POOL+27,1, 'Felwood Ore Spawnpoint'),
(@POOL+28,1, 'Felwood Ore Spawnpoint'),
(@POOL+29,1, 'Felwood Ore Spawnpoint'),
(@POOL+30,1, 'Felwood Ore Spawnpoint'),
(@POOL+31,1, 'Felwood Ore Spawnpoint'),
(@POOL+32,1, 'Felwood Ore Spawnpoint'),
(@POOL+33,1, 'Felwood Ore Spawnpoint'),
(@POOL+34,1, 'Felwood Ore Spawnpoint'),
(@POOL+35,1, 'Felwood Ore Spawnpoint'),
(@POOL+36,1, 'Felwood Ore Spawnpoint'),
(@POOL+37,1, 'Felwood Ore Spawnpoint'),
(@POOL+38,1, 'Felwood Ore Spawnpoint'),
(@POOL+39,1, 'Felwood Ore Spawnpoint'),
(@POOL+40,1, 'Felwood Ore Spawnpoint'),
(@POOL+41,1, 'Felwood Ore Spawnpoint'),
(@POOL+42,1, 'Felwood Ore Spawnpoint'),
(@POOL+43,1, 'Felwood Ore Spawnpoint'),
(@POOL+44,1, 'Felwood Ore Spawnpoint'),
(@POOL+45,1, 'Felwood Ore Spawnpoint'),
(@POOL+46,1, 'Felwood Ore Spawnpoint'),
(@POOL+47,1, 'Felwood Ore Spawnpoint'),
(@POOL+48,1, 'Felwood Ore Spawnpoint'),
(@POOL+49,1, 'Felwood Ore Spawnpoint'),
(@POOL+50,1, 'Felwood Ore Spawnpoint'),
(@POOL+51,1, 'Felwood Ore Spawnpoint'),
(@POOL+52,1, 'Felwood Ore Spawnpoint'),
(@POOL+53,1, 'Felwood Ore Spawnpoint'),
(@POOL+54,1, 'Felwood Ore Spawnpoint'),
(@POOL+55,1, 'Felwood Ore Spawnpoint'),
(@POOL+56,1, 'Felwood Ore Spawnpoint'),
(@POOL+57,1, 'Felwood Ore Spawnpoint'),
(@POOL+58,1, 'Felwood Ore Spawnpoint'),
(@POOL+59,1, 'Felwood Ore Spawnpoint'),
(@POOL+60,1, 'Felwood Ore Spawnpoint'),
(@POOL+61,1, 'Felwood Ore Spawnpoint'),
(@POOL+62,1, 'Felwood Ore Spawnpoint'),
(@POOL+63,1, 'Felwood Ore Spawnpoint'),
(@POOL+64,1, 'Felwood Ore Spawnpoint'),
(@POOL+65,1, 'Felwood Ore Spawnpoint'),
(@POOL+66,1, 'Felwood Ore Spawnpoint'),
(@POOL+67,1, 'Felwood Ore Spawnpoint'),
(@POOL+68,1, 'Felwood Ore Spawnpoint'),
(@POOL+69,1, 'Felwood Ore Spawnpoint'),
(@POOL+70,1, 'Felwood Ore Spawnpoint'),
(@POOL+71,1, 'Felwood Ore Spawnpoint'),
(@POOL+72,1, 'Felwood Ore Spawnpoint'),
(@POOL+73,1, 'Felwood Ore Spawnpoint'),
(@POOL+74,1, 'Felwood Ore Spawnpoint'),
(@POOL+75,1, 'Felwood Ore Spawnpoint'),
(@POOL+76,1, 'Felwood Ore Spawnpoint'),
(@POOL+77,1, 'Felwood Ore Spawnpoint'),
(@POOL+78,1, 'Felwood Ore Spawnpoint'),
(@POOL+79,1, 'Felwood Ore Spawnpoint'),
(@POOL+80,1, 'Felwood Ore Spawnpoint'),
(@POOL+81,1, 'Felwood Ore Spawnpoint'),
(@POOL+82,1, 'Felwood Ore Spawnpoint'),
(@POOL+83,1, 'Felwood Ore Spawnpoint'),
(@POOL+84,1, 'Felwood Ore Spawnpoint'),
(@POOL+85,1, 'Felwood Ore Spawnpoint'),
(@POOL+86,1, 'Felwood Ore Spawnpoint'),
(@POOL+87,1, 'Felwood Ore Spawnpoint'),
(@POOL+88,1, 'Felwood Ore Spawnpoint'),
(@POOL+89,1, 'Felwood Ore Spawnpoint'),
(@POOL+90,1, 'Felwood Ore Spawnpoint'),
(@POOL+91,1, 'Felwood Ore Spawnpoint'),
(@POOL+92,1, 'Felwood Ore Spawnpoint'),
(@POOL+93,1, 'Felwood Ore Spawnpoint'),
(@POOL+94,1, 'Felwood Ore Spawnpoint'),
(@POOL+95,1, 'Felwood Ore Spawnpoint'),
(@POOL+96,1, 'Felwood Ore Spawnpoint'),
(@POOL+97,1, 'Felwood Ore Spawnpoint'),
(@POOL+98,1, 'Felwood Ore Spawnpoint'),
(@POOL+99,1, 'Felwood Ore Spawnpoint'),
(@POOL+100,1, 'Felwood Ore Spawnpoint'),
(@POOL+101,1, 'Felwood Ore Spawnpoint'),
(@POOL+102,1, 'Felwood Ore Spawnpoint'),
(@POOL+103,1, 'Felwood Ore Spawnpoint'),
(@POOL+104,1, 'Felwood Ore Spawnpoint'),
(@POOL+105,1, 'Felwood Ore Spawnpoint'),
(@POOL+106,1, 'Felwood Ore Spawnpoint'),
(@POOL+107,1, 'Felwood Ore Spawnpoint'),
(@POOL+108,1, 'Felwood Ore Spawnpoint'),
(@POOL+109,1, 'Felwood Ore Spawnpoint'),
(@POOL+110,1, 'Felwood Ore Spawnpoint'),
(@POOL+111,1, 'Felwood Ore Spawnpoint'),
(@POOL+112,1, 'Felwood Ore Spawnpoint'),
(@POOL+113,1, 'Felwood Ore Spawnpoint'),
(@POOL+114,1, 'Felwood Ore Spawnpoint'),
(@POOL+115,1, 'Felwood Ore Spawnpoint'),
(@POOL+116,1, 'Felwood Ore Spawnpoint'),
(@POOL+117,1, 'Felwood Ore Spawnpoint'),
(@POOL+118,1, 'Felwood Ore Spawnpoint'),
(@POOL+119,1, 'Felwood Ore Spawnpoint'),
(@POOL+120,1, 'Felwood Ore Spawnpoint'),
(@POOL+121,1, 'Felwood Ore Spawnpoint'),
(@POOL+122,1, 'Felwood Ore Spawnpoint'),
(@POOL+123,1, 'Felwood Ore Spawnpoint'),
(@POOL+124,1, 'Felwood Ore Spawnpoint'),
(@POOL+125,1, 'Felwood Ore Spawnpoint'),
(@POOL+126,1, 'Felwood Ore Spawnpoint'),
(@POOL+127,1, 'Felwood Ore Spawnpoint'),
(@POOL+128,1, 'Felwood Ore Spawnpoint'),
(@POOL+129,1, 'Felwood Ore Spawnpoint'),
(@POOL+130,1, 'Felwood Ore Spawnpoint'),
(@POOL+131,1, 'Felwood Ore Spawnpoint'),
(@POOL+132,1, 'Felwood Ore Spawnpoint'),
(@POOL+133,1, 'Felwood Ore Spawnpoint'),
(@POOL+134,1, 'Felwood Ore Spawnpoint'),
(@POOL+135,1, 'Felwood Ore Spawnpoint'),
(@POOL+136,1, 'Felwood Ore Spawnpoint'),
(@POOL+137,1, 'Felwood Ore Spawnpoint'),
(@POOL+138,1, 'Felwood Ore Spawnpoint'),
(@POOL+139,1, 'Felwood Ore Spawnpoint'),
(@POOL+140,1, 'Felwood Ore Spawnpoint'),
(@POOL+141,1, 'Felwood Ore Spawnpoint'),
(@POOL+142,1, 'Felwood Ore Spawnpoint'),
(@POOL+143,1, 'Felwood Ore Spawnpoint'),
(@POOL+144,1, 'Felwood Ore Spawnpoint'),
(@POOL+145,1, 'Felwood Ore Spawnpoint'),
(@POOL+146,1, 'Felwood Ore Spawnpoint'),
(@POOL+147,1, 'Felwood Ore Spawnpoint'),
(@POOL+148,1, 'Felwood Ore Spawnpoint'),
(@POOL+149,1, 'Felwood Ore Spawnpoint'),
(@POOL+150,1, 'Felwood Ore Spawnpoint'),
(@POOL+151,1, 'Felwood Ore Spawnpoint'),
(@POOL+152,1, 'Felwood Ore Spawnpoint'),
(@POOL+153,1, 'Felwood Ore Spawnpoint'),
(@POOL+154,1, 'Felwood Ore Spawnpoint'),
(@POOL+155,1, 'Felwood Ore Spawnpoint'),
(@POOL+156,1, 'Felwood Ore Spawnpoint'),
(@POOL+157,1, 'Felwood Ore Spawnpoint'),
(@POOL+158,1, 'Felwood Ore Spawnpoint'),
(@POOL+159,1, 'Felwood Ore Spawnpoint'),
(@POOL+160,1, 'Felwood Ore Spawnpoint'),
(@POOL+161,1, 'Felwood Ore Spawnpoint'),
(@POOL+162,1, 'Felwood Ore Spawnpoint'),
(@POOL+163,1, 'Felwood Ore Spawnpoint'),
(@POOL+164,1, 'Felwood Ore Spawnpoint'),
(@POOL+165,1, 'Felwood Ore Spawnpoint'),
(@POOL+166,1, 'Felwood Ore Spawnpoint'),
(@POOL+167,1, 'Felwood Ore Spawnpoint'),
(@POOL+168,1, 'Felwood Ore Spawnpoint'),
(@POOL+169,1, 'Felwood Ore Spawnpoint'),
(@POOL+170,1, 'Felwood Ore Spawnpoint'),
(@POOL+171,1, 'Felwood Ore Spawnpoint'),
(@POOL+172,1, 'Felwood Ore Spawnpoint'),
(@POOL+173,1, 'Felwood Ore Spawnpoint');

-- Add each pool to pool_pool
DELETE FROM `pool_pool` WHERE `pool_id` BETWEEN @POOL AND @POOL+@LASTGUID;
INSERT INTO `pool_pool` (`pool_id`,`mother_pool`,`chance`,`description`) VALUES
(@POOL+0,@MOTHER,0, 'Felwood Ore Spawnpoint'),
(@POOL+1,@MOTHER,0, 'Felwood Ore Spawnpoint'),
(@POOL+2,@MOTHER,0, 'Felwood Ore Spawnpoint'),
(@POOL+3,@MOTHER,0, 'Felwood Ore Spawnpoint'),
(@POOL+4,@MOTHER,0, 'Felwood Ore Spawnpoint'),
(@POOL+5,@MOTHER,0, 'Felwood Ore Spawnpoint'),
(@POOL+6,@MOTHER,0, 'Felwood Ore Spawnpoint'),
(@POOL+7,@MOTHER,0, 'Felwood Ore Spawnpoint'),
(@POOL+8,@MOTHER,0, 'Felwood Ore Spawnpoint'),
(@POOL+9,@MOTHER,0, 'Felwood Ore Spawnpoint'),
(@POOL+10,@MOTHER,0, 'Felwood Ore Spawnpoint'),
(@POOL+11,@MOTHER,0, 'Felwood Ore Spawnpoint'),
(@POOL+12,@MOTHER,0, 'Felwood Ore Spawnpoint'),
(@POOL+13,@MOTHER,0, 'Felwood Ore Spawnpoint'),
(@POOL+14,@MOTHER,0, 'Felwood Ore Spawnpoint'),
(@POOL+15,@MOTHER,0, 'Felwood Ore Spawnpoint'),
(@POOL+16,@MOTHER,0, 'Felwood Ore Spawnpoint'),
(@POOL+17,@MOTHER,0, 'Felwood Ore Spawnpoint'),
(@POOL+18,@MOTHER,0, 'Felwood Ore Spawnpoint'),
(@POOL+19,@MOTHER,0, 'Felwood Ore Spawnpoint'),
(@POOL+20,@MOTHER,0, 'Felwood Ore Spawnpoint'),
(@POOL+21,@MOTHER,0, 'Felwood Ore Spawnpoint'),
(@POOL+22,@MOTHER,0, 'Felwood Ore Spawnpoint'),
(@POOL+23,@MOTHER,0, 'Felwood Ore Spawnpoint'),
(@POOL+24,@MOTHER,0, 'Felwood Ore Spawnpoint'),
(@POOL+25,@MOTHER,0, 'Felwood Ore Spawnpoint'),
(@POOL+26,@MOTHER,0, 'Felwood Ore Spawnpoint'),
(@POOL+27,@MOTHER,0, 'Felwood Ore Spawnpoint'),
(@POOL+28,@MOTHER,0, 'Felwood Ore Spawnpoint'),
(@POOL+29,@MOTHER,0, 'Felwood Ore Spawnpoint'),
(@POOL+30,@MOTHER,0, 'Felwood Ore Spawnpoint'),
(@POOL+31,@MOTHER,0, 'Felwood Ore Spawnpoint'),
(@POOL+32,@MOTHER,0, 'Felwood Ore Spawnpoint'),
(@POOL+33,@MOTHER,0, 'Felwood Ore Spawnpoint'),
(@POOL+34,@MOTHER,0, 'Felwood Ore Spawnpoint'),
(@POOL+35,@MOTHER,0, 'Felwood Ore Spawnpoint'),
(@POOL+36,@MOTHER,0, 'Felwood Ore Spawnpoint'),
(@POOL+37,@MOTHER,0, 'Felwood Ore Spawnpoint'),
(@POOL+38,@MOTHER,0, 'Felwood Ore Spawnpoint'),
(@POOL+39,@MOTHER,0, 'Felwood Ore Spawnpoint'),
(@POOL+40,@MOTHER,0, 'Felwood Ore Spawnpoint'),
(@POOL+41,@MOTHER,0, 'Felwood Ore Spawnpoint'),
(@POOL+42,@MOTHER,0, 'Felwood Ore Spawnpoint'),
(@POOL+43,@MOTHER,0, 'Felwood Ore Spawnpoint'),
(@POOL+44,@MOTHER,0, 'Felwood Ore Spawnpoint'),
(@POOL+45,@MOTHER,0, 'Felwood Ore Spawnpoint'),
(@POOL+46,@MOTHER,0, 'Felwood Ore Spawnpoint'),
(@POOL+47,@MOTHER,0, 'Felwood Ore Spawnpoint'),
(@POOL+48,@MOTHER,0, 'Felwood Ore Spawnpoint'),
(@POOL+49,@MOTHER,0, 'Felwood Ore Spawnpoint'),
(@POOL+50,@MOTHER,0, 'Felwood Ore Spawnpoint'),
(@POOL+51,@MOTHER,0, 'Felwood Ore Spawnpoint'),
(@POOL+52,@MOTHER,0, 'Felwood Ore Spawnpoint'),
(@POOL+53,@MOTHER,0, 'Felwood Ore Spawnpoint'),
(@POOL+54,@MOTHER,0, 'Felwood Ore Spawnpoint'),
(@POOL+55,@MOTHER,0, 'Felwood Ore Spawnpoint'),
(@POOL+56,@MOTHER,0, 'Felwood Ore Spawnpoint'),
(@POOL+57,@MOTHER,0, 'Felwood Ore Spawnpoint'),
(@POOL+58,@MOTHER,0, 'Felwood Ore Spawnpoint'),
(@POOL+59,@MOTHER,0, 'Felwood Ore Spawnpoint'),
(@POOL+60,@MOTHER,0, 'Felwood Ore Spawnpoint'),
(@POOL+61,@MOTHER,0, 'Felwood Ore Spawnpoint'),
(@POOL+62,@MOTHER,0, 'Felwood Ore Spawnpoint'),
(@POOL+63,@MOTHER,0, 'Felwood Ore Spawnpoint'),
(@POOL+64,@MOTHER,0, 'Felwood Ore Spawnpoint'),
(@POOL+65,@MOTHER,0, 'Felwood Ore Spawnpoint'),
(@POOL+66,@MOTHER,0, 'Felwood Ore Spawnpoint'),
(@POOL+67,@MOTHER,0, 'Felwood Ore Spawnpoint'),
(@POOL+68,@MOTHER,0, 'Felwood Ore Spawnpoint'),
(@POOL+69,@MOTHER,0, 'Felwood Ore Spawnpoint'),
(@POOL+70,@MOTHER,0, 'Felwood Ore Spawnpoint'),
(@POOL+71,@MOTHER,0, 'Felwood Ore Spawnpoint'),
(@POOL+72,@MOTHER,0, 'Felwood Ore Spawnpoint'),
(@POOL+73,@MOTHER,0, 'Felwood Ore Spawnpoint'),
(@POOL+74,@MOTHER,0, 'Felwood Ore Spawnpoint'),
(@POOL+75,@MOTHER,0, 'Felwood Ore Spawnpoint'),
(@POOL+76,@MOTHER,0, 'Felwood Ore Spawnpoint'),
(@POOL+77,@MOTHER,0, 'Felwood Ore Spawnpoint'),
(@POOL+78,@MOTHER,0, 'Felwood Ore Spawnpoint'),
(@POOL+79,@MOTHER,0, 'Felwood Ore Spawnpoint'),
(@POOL+80,@MOTHER,0, 'Felwood Ore Spawnpoint'),
(@POOL+81,@MOTHER,0, 'Felwood Ore Spawnpoint'),
(@POOL+82,@MOTHER,0, 'Felwood Ore Spawnpoint'),
(@POOL+83,@MOTHER,0, 'Felwood Ore Spawnpoint'),
(@POOL+84,@MOTHER,0, 'Felwood Ore Spawnpoint'),
(@POOL+85,@MOTHER,0, 'Felwood Ore Spawnpoint'),
(@POOL+86,@MOTHER,0, 'Felwood Ore Spawnpoint'),
(@POOL+87,@MOTHER,0, 'Felwood Ore Spawnpoint'),
(@POOL+88,@MOTHER,0, 'Felwood Ore Spawnpoint'),
(@POOL+89,@MOTHER,0, 'Felwood Ore Spawnpoint'),
(@POOL+90,@MOTHER,0, 'Felwood Ore Spawnpoint'),
(@POOL+91,@MOTHER,0, 'Felwood Ore Spawnpoint'),
(@POOL+92,@MOTHER,0, 'Felwood Ore Spawnpoint'),
(@POOL+93,@MOTHER,0, 'Felwood Ore Spawnpoint'),
(@POOL+94,@MOTHER,0, 'Felwood Ore Spawnpoint'),
(@POOL+95,@MOTHER,0, 'Felwood Ore Spawnpoint'),
(@POOL+96,@MOTHER,0, 'Felwood Ore Spawnpoint'),
(@POOL+97,@MOTHER,0, 'Felwood Ore Spawnpoint'),
(@POOL+98,@MOTHER,0, 'Felwood Ore Spawnpoint'),
(@POOL+99,@MOTHER,0, 'Felwood Ore Spawnpoint'),
(@POOL+100,@MOTHER,0, 'Felwood Ore Spawnpoint'),
(@POOL+101,@MOTHER,0, 'Felwood Ore Spawnpoint'),
(@POOL+102,@MOTHER,0, 'Felwood Ore Spawnpoint'),
(@POOL+103,@MOTHER,0, 'Felwood Ore Spawnpoint'),
(@POOL+104,@MOTHER,0, 'Felwood Ore Spawnpoint'),
(@POOL+105,@MOTHER,0, 'Felwood Ore Spawnpoint'),
(@POOL+106,@MOTHER,0, 'Felwood Ore Spawnpoint'),
(@POOL+107,@MOTHER,0, 'Felwood Ore Spawnpoint'),
(@POOL+108,@MOTHER,0, 'Felwood Ore Spawnpoint'),
(@POOL+109,@MOTHER,0, 'Felwood Ore Spawnpoint'),
(@POOL+110,@MOTHER,0, 'Felwood Ore Spawnpoint'),
(@POOL+111,@MOTHER,0, 'Felwood Ore Spawnpoint'),
(@POOL+112,@MOTHER,0, 'Felwood Ore Spawnpoint'),
(@POOL+113,@MOTHER,0, 'Felwood Ore Spawnpoint'),
(@POOL+114,@MOTHER,0, 'Felwood Ore Spawnpoint'),
(@POOL+115,@MOTHER,0, 'Felwood Ore Spawnpoint'),
(@POOL+116,@MOTHER,0, 'Felwood Ore Spawnpoint'),
(@POOL+117,@MOTHER,0, 'Felwood Ore Spawnpoint'),
(@POOL+118,@MOTHER,0, 'Felwood Ore Spawnpoint'),
(@POOL+119,@MOTHER,0, 'Felwood Ore Spawnpoint'),
(@POOL+120,@MOTHER,0, 'Felwood Ore Spawnpoint'),
(@POOL+121,@MOTHER,0, 'Felwood Ore Spawnpoint'),
(@POOL+122,@MOTHER,0, 'Felwood Ore Spawnpoint'),
(@POOL+123,@MOTHER,0, 'Felwood Ore Spawnpoint'),
(@POOL+124,@MOTHER,0, 'Felwood Ore Spawnpoint'),
(@POOL+125,@MOTHER,0, 'Felwood Ore Spawnpoint'),
(@POOL+126,@MOTHER,0, 'Felwood Ore Spawnpoint'),
(@POOL+127,@MOTHER,0, 'Felwood Ore Spawnpoint'),
(@POOL+128,@MOTHER,0, 'Felwood Ore Spawnpoint'),
(@POOL+129,@MOTHER,0, 'Felwood Ore Spawnpoint'),
(@POOL+130,@MOTHER,0, 'Felwood Ore Spawnpoint'),
(@POOL+131,@MOTHER,0, 'Felwood Ore Spawnpoint'),
(@POOL+132,@MOTHER,0, 'Felwood Ore Spawnpoint'),
(@POOL+133,@MOTHER,0, 'Felwood Ore Spawnpoint'),
(@POOL+134,@MOTHER,0, 'Felwood Ore Spawnpoint'),
(@POOL+135,@MOTHER,0, 'Felwood Ore Spawnpoint'),
(@POOL+136,@MOTHER,0, 'Felwood Ore Spawnpoint'),
(@POOL+137,@MOTHER,0, 'Felwood Ore Spawnpoint'),
(@POOL+138,@MOTHER,0, 'Felwood Ore Spawnpoint'),
(@POOL+139,@MOTHER,0, 'Felwood Ore Spawnpoint'),
(@POOL+140,@MOTHER,0, 'Felwood Ore Spawnpoint'),
(@POOL+141,@MOTHER,0, 'Felwood Ore Spawnpoint'),
(@POOL+142,@MOTHER,0, 'Felwood Ore Spawnpoint'),
(@POOL+143,@MOTHER,0, 'Felwood Ore Spawnpoint'),
(@POOL+144,@MOTHER,0, 'Felwood Ore Spawnpoint'),
(@POOL+145,@MOTHER,0, 'Felwood Ore Spawnpoint'),
(@POOL+146,@MOTHER,0, 'Felwood Ore Spawnpoint'),
(@POOL+147,@MOTHER,0, 'Felwood Ore Spawnpoint'),
(@POOL+148,@MOTHER,0, 'Felwood Ore Spawnpoint'),
(@POOL+149,@MOTHER,0, 'Felwood Ore Spawnpoint'),
(@POOL+150,@MOTHER,0, 'Felwood Ore Spawnpoint'),
(@POOL+151,@MOTHER,0, 'Felwood Ore Spawnpoint'),
(@POOL+152,@MOTHER,0, 'Felwood Ore Spawnpoint'),
(@POOL+153,@MOTHER,0, 'Felwood Ore Spawnpoint'),
(@POOL+154,@MOTHER,0, 'Felwood Ore Spawnpoint'),
(@POOL+155,@MOTHER,0, 'Felwood Ore Spawnpoint'),
(@POOL+156,@MOTHER,0, 'Felwood Ore Spawnpoint'),
(@POOL+157,@MOTHER,0, 'Felwood Ore Spawnpoint'),
(@POOL+158,@MOTHER,0, 'Felwood Ore Spawnpoint'),
(@POOL+159,@MOTHER,0, 'Felwood Ore Spawnpoint'),
(@POOL+160,@MOTHER,0, 'Felwood Ore Spawnpoint'),
(@POOL+161,@MOTHER,0, 'Felwood Ore Spawnpoint'),
(@POOL+162,@MOTHER,0, 'Felwood Ore Spawnpoint'),
(@POOL+163,@MOTHER,0, 'Felwood Ore Spawnpoint'),
(@POOL+164,@MOTHER,0, 'Felwood Ore Spawnpoint'),
(@POOL+165,@MOTHER,0, 'Felwood Ore Spawnpoint'),
(@POOL+166,@MOTHER,0, 'Felwood Ore Spawnpoint'),
(@POOL+167,@MOTHER,0, 'Felwood Ore Spawnpoint'),
(@POOL+168,@MOTHER,0, 'Felwood Ore Spawnpoint'),
(@POOL+169,@MOTHER,0, 'Felwood Ore Spawnpoint'),
(@POOL+170,@MOTHER,0, 'Felwood Ore Spawnpoint'),
(@POOL+171,@MOTHER,0, 'Felwood Ore Spawnpoint'),
(@POOL+172,@MOTHER,0, 'Felwood Ore Spawnpoint'),
(@POOL+173,@MOTHER,0, 'Felwood Ore Spawnpoint');
