-- Various stat changes to toc5 creatures
UPDATE `creature_template` SET `faction_A` = '16',`faction_H` = '16',`rank` = '1',`unit_flags2` = '0',`Health_mod` = '5',`mechanic_immune_mask` = '2',`ScriptName` = 'TW_generic_vehicleAI_toc5' WHERE `entry` = '33217';
UPDATE `creature_template` SET `faction_A` = '16',`faction_H` = '16',`rank` = '1',`mindmg` = '420',`maxdmg` = '630',`attackpower` = '157',`unit_flags2` = '0',`Health_mod` = '5.95238',`mechanic_immune_mask` = '2',`ScriptName` = 'TW_generic_vehicleAI_toc5' WHERE `entry` = '33316';
UPDATE `creature_template` SET `faction_A` = '16',`faction_H` = '16',`rank` = '1',`mindmg` = '420',`maxdmg` = '630',`attackpower` = '157',`unit_flags2` = '0',`Health_mod` = '5.95238',`mechanic_immune_mask` = '2',`ScriptName` = 'TW_generic_vehicleAI_toc5' WHERE `entry` = '33317';
UPDATE `creature_template` SET `faction_A` = '16',`faction_H` = '16',`rank` = '1',`mindmg` = '420',`maxdmg` = '630',`attackpower` = '157',`unit_flags2` = '0',`Health_mod` = '5.95238',`mechanic_immune_mask` = '2',`ScriptName` = 'TW_generic_vehicleAI_toc5' WHERE `entry` = '33318';
UPDATE `creature_template` SET `faction_A` = '16',`faction_H` = '16',`rank` = '1',`mindmg` = '420',`maxdmg` = '630',`attackpower` = '157',`unit_flags2` = '0',`Health_mod` = '5.95238',`mechanic_immune_mask` = '2',`ScriptName` = 'TW_generic_vehicleAI_toc5' WHERE `entry` = '33319';
UPDATE `creature_template` SET `faction_A` = '16',`faction_H` = '16',`rank` = '1',`mindmg` = '420',`maxdmg` = '630',`attackpower` = '157',`unit_flags2` = '0',`Health_mod` = '5.95238',`mechanic_immune_mask` = '2',`ScriptName` = 'TW_generic_vehicleAI_toc5' WHERE `entry` = '33320';
UPDATE `creature_template` SET `faction_A` = '16',`faction_H` = '16',`rank` = '1',`mindmg` = '420',`maxdmg` = '630',`attackpower` = '157',`unit_flags2` = '0',`Health_mod` = '5.95238',`mechanic_immune_mask` = '2',`ScriptName` = 'TW_generic_vehicleAI_toc5' WHERE `entry` = '33321';
UPDATE `creature_template` SET `faction_A` = '16',`faction_H` = '16',`rank` = '1',`mindmg` = '420',`maxdmg` = '630',`attackpower` = '157',`unit_flags2` = '0',`Health_mod` = '5.95238',`mechanic_immune_mask` = '2',`ScriptName` = 'TW_generic_vehicleAI_toc5' WHERE `entry` = '33322';
UPDATE `creature_template` SET `faction_A` = '16',`faction_H` = '16',`rank` = '1',`mindmg` = '420',`maxdmg` = '630',`attackpower` = '157',`unit_flags2` = '0',`Health_mod` = '5.95238',`mechanic_immune_mask` = '2',`ScriptName` = 'TW_generic_vehicleAI_toc5' WHERE `entry` = '33323';
UPDATE `creature_template` SET `faction_A` = '16',`faction_H` = '16',`rank` = '1',`mindmg` = '420',`maxdmg` = '630',`attackpower` = '157',`unit_flags2` = '0',`Health_mod` = '5.95238',`mechanic_immune_mask` = '2',`ScriptName` = 'TW_generic_vehicleAI_toc5' WHERE `entry` = '33324';
UPDATE `creature_template` SET `unit_flags2` = '0',`ScriptName` = 'TW_boss_hunter_toc5' WHERE `entry` = '34657';
UPDATE `creature_template` SET `rank` = '1',`mindmg` = '420',`maxdmg` = '630',`attackpower` = '157',`unit_flags` = '0',`unit_flags2` = '0',`Health_mod` = '15',`ScriptName` = 'TW_generic_vehicleAI_toc5' WHERE `entry` = '34658';
UPDATE `creature_template` SET `unit_flags2` = '0',`ScriptName` = 'TW_boss_shaman_toc5' WHERE `entry` = '34701';
UPDATE `creature_template` SET `unit_flags2` = '0',`ScriptName` = 'TW_boss_mage_toc5' WHERE `entry` = '34702';
UPDATE `creature_template` SET `unit_flags2` = '0',`ScriptName` = 'TW_boss_rogue_toc5' WHERE `entry` = '34703';
UPDATE `creature_template` SET `unit_flags2` = '0',`ScriptName` = 'TW_boss_warrior_toc5' WHERE `entry` = '34705';
UPDATE `creature_template` SET `unit_flags2` = '0',`mechanic_immune_mask` = '42147703',`ScriptName` = 'TW_boss_paletress' WHERE `entry` = '34928';
UPDATE `creature_template` SET `faction_A` = '16',`faction_H` = '16',`unit_flags2` = '0',`ScriptName` = 'TW_npc_memory' WHERE `entry` = '34942';
UPDATE `creature_template` SET `unit_flags2` = '0',`ScriptName` = 'TW_npc_herald_toc5' WHERE `entry` = '35004';
UPDATE `creature_template` SET `unit_flags2` = '0',`ScriptName` = 'TW_npc_herald_toc5' WHERE `entry` = '35005';
UPDATE `creature_template` SET `faction_A` = '16',`faction_H` = '16',`unit_flags2` = '0',`ScriptName` = 'TW_npc_memory' WHERE `entry` = '35028';
UPDATE `creature_template` SET `faction_A` = '16',`faction_H` = '16',`unit_flags2` = '0',`ScriptName` = 'TW_npc_memory' WHERE `entry` = '35029';
UPDATE `creature_template` SET `faction_A` = '16',`faction_H` = '16',`unit_flags2` = '0',`ScriptName` = 'TW_npc_memory' WHERE `entry` = '35030';
UPDATE `creature_template` SET `faction_A` = '16',`faction_H` = '16',`unit_flags2` = '0',`ScriptName` = 'TW_npc_memory' WHERE `entry` = '35031';
UPDATE `creature_template` SET `minlevel` = '82',`maxlevel` = '82',`exp` = '2',`faction_A` = '16',`faction_H` = '16',`unit_flags2` = '0',`ScriptName` = 'TW_npc_memory' WHERE `entry` = '35032';
UPDATE `creature_template` SET `faction_A` = '16',`faction_H` = '16',`unit_flags2` = '0',`ScriptName` = 'TW_npc_memory' WHERE `entry` = '35033';
UPDATE `creature_template` SET `faction_A` = '16',`faction_H` = '16',`unit_flags2` = '0',`ScriptName` = 'TW_npc_memory' WHERE `entry` = '35034';
UPDATE `creature_template` SET `faction_A` = '16',`faction_H` = '16',`unit_flags2` = '0',`ScriptName` = 'TW_npc_memory' WHERE `entry` = '35036';
UPDATE `creature_template` SET `faction_A` = '16',`faction_H` = '16',`unit_flags2` = '0',`ScriptName` = 'TW_npc_memory' WHERE `entry` = '35037';
UPDATE `creature_template` SET `faction_A` = '16',`faction_H` = '16',`unit_flags2` = '0',`ScriptName` = 'TW_npc_memory' WHERE `entry` = '35038';
UPDATE `creature_template` SET `faction_A` = '16',`faction_H` = '16',`unit_flags2` = '0',`ScriptName` = 'TW_npc_memory' WHERE `entry` = '35039';
UPDATE `creature_template` SET `faction_A` = '16',`faction_H` = '16',`unit_flags2` = '0',`ScriptName` = 'TW_npc_memory' WHERE `entry` = '35040';
UPDATE `creature_template` SET `faction_A` = '16',`faction_H` = '16',`unit_flags2` = '0',`ScriptName` = 'TW_npc_memory' WHERE `entry` = '35041';
UPDATE `creature_template` SET `faction_A` = '16',`faction_H` = '16',`unit_flags2` = '0',`ScriptName` = 'TW_npc_memory' WHERE `entry` = '35042';
UPDATE `creature_template` SET `minlevel` = '82',`maxlevel` = '82',`exp` = '2',`faction_A` = '16',`faction_H` = '16',`unit_flags2` = '0',`ScriptName` = 'TW_npc_memory' WHERE `entry` = '35043';
UPDATE `creature_template` SET `faction_A` = '16',`faction_H` = '16',`unit_flags2` = '0',`ScriptName` = 'TW_npc_memory' WHERE `entry` = '35044';
UPDATE `creature_template` SET `faction_A` = '16',`faction_H` = '16',`unit_flags2` = '0',`ScriptName` = 'TW_npc_memory' WHERE `entry` = '35045';
UPDATE `creature_template` SET `faction_A` = '16',`faction_H` = '16',`unit_flags2` = '0',`ScriptName` = 'TW_npc_memory' WHERE `entry` = '35046';
UPDATE `creature_template` SET `faction_A` = '16',`faction_H` = '16',`unit_flags2` = '0',`ScriptName` = 'TW_npc_memory' WHERE `entry` = '35047';
UPDATE `creature_template` SET `faction_A` = '16',`faction_H` = '16',`unit_flags2` = '0',`ScriptName` = 'TW_npc_memory' WHERE `entry` = '35048';
UPDATE `creature_template` SET `faction_A` = '16',`faction_H` = '16',`unit_flags2` = '0',`ScriptName` = 'TW_npc_memory' WHERE `entry` = '35049';
UPDATE `creature_template` SET `minlevel` = '82',`maxlevel` = '82',`exp` = '2',`faction_A` = '16',`faction_H` = '16',`unit_flags2` = '0',`ScriptName` = 'TW_npc_memory' WHERE `entry` = '35050';
UPDATE `creature_template` SET `minlevel` = '82',`maxlevel` = '82',`exp` = '2',`faction_A` = '16',`faction_H` = '16',`unit_flags2` = '0',`ScriptName` = 'TW_npc_memory' WHERE `entry` = '35051';
UPDATE `creature_template` SET `faction_A` = '16',`faction_H` = '16',`unit_flags2` = '0',`ScriptName` = 'TW_npc_memory' WHERE `entry` = '35052';
UPDATE `creature_template` SET `unit_flags2` = '0',`mechanic_immune_mask` = '42147703',`ScriptName` = 'TW_boss_eadric' WHERE `entry` = '35119';
UPDATE `creature_template` SET `difficulty_entry_1` = '0',`unit_flags2` = '0',`ScriptName` = 'TW_npc_argent_soldier' WHERE `entry` = '35305';
UPDATE `creature_template` SET `difficulty_entry_1` = '0',`unit_flags2` = '0',`ScriptName` = 'TW_npc_argent_soldier' WHERE `entry` = '35307';
UPDATE `creature_template` SET `difficulty_entry_1` = '0',`unit_flags2` = '0',`ScriptName` = 'TW_npc_argent_soldier' WHERE `entry` = '35309';
UPDATE `creature_template` SET `unit_flags` = '33554434',`unit_flags2` = '0',`AIName` = '' WHERE `entry` = '35314';
UPDATE `creature_template` SET `unit_flags` = '33554434',`unit_flags2` = '0',`AIName` = '' WHERE `entry` = '35323';
UPDATE `creature_template` SET `unit_flags` = '33554434',`unit_flags2` = '0',`AIName` = '' WHERE `entry` = '35325';
UPDATE `creature_template` SET `unit_flags` = '33554434',`unit_flags2` = '0',`AIName` = '' WHERE `entry` = '35326';
UPDATE `creature_template` SET `unit_flags` = '33554434',`unit_flags2` = '0',`AIName` = '' WHERE `entry` = '35327';
UPDATE `creature_template` SET `unit_flags` = '33554434',`unit_flags2` = '0',`AIName` = '' WHERE `entry` = '35328';
UPDATE `creature_template` SET `unit_flags` = '33554434',`unit_flags2` = '0',`AIName` = '' WHERE `entry` = '35329';
UPDATE `creature_template` SET `unit_flags` = '33554434',`unit_flags2` = '0',`AIName` = '' WHERE `entry` = '35330';
UPDATE `creature_template` SET `unit_flags` = '33554434',`unit_flags2` = '0',`AIName` = '' WHERE `entry` = '35331';
UPDATE `creature_template` SET `unit_flags` = '33554434',`unit_flags2` = '0',`AIName` = '' WHERE `entry` = '35332';
UPDATE `creature_template` SET `unit_flags` = '64',`unit_flags2` = '0',`mechanic_immune_mask` = '805257215',`ScriptName` = 'TW_boss_black_knight' WHERE `entry` = '35451';
UPDATE `creature_template` SET `faction_H` = '1',`mindmg` = '0',`maxdmg` = '0',`attackpower` = '0',`dmg_multiplier` = '0',`baseattacktime` = '0',`unit_flags` = '33554432',`unit_flags2` = '0',`dynamicflags` = '0',`minrangedmg` = '0',`maxrangedmg` = '0',`rangedattackpower` = '0',`VehicleId` = '486',`ScriptName` = 'TW_npc_black_knight_skeletal_gryphon' WHERE `entry` = '35491';
UPDATE `creature_template` SET `unit_flags2` = '0',`ScriptName` = 'TW_npc_gr' WHERE `entry` = '35492';
UPDATE `creature_template` SET `unit_flags2` = '0',`ScriptName` = 'TW_npc_risen_announcer' WHERE `entry` = '35545';
UPDATE `creature_template` SET `unit_flags2` = '0',`ScriptName` = 'TW_npc_risen_announcer' WHERE `entry` = '35564';
UPDATE `creature_template` SET `unit_flags2` = '0',`ScriptName` = 'TW_boss_mage_toc5' WHERE `entry` = '35569';
UPDATE `creature_template` SET `unit_flags2` = '0',`ScriptName` = 'TW_boss_hunter_toc5' WHERE `entry` = '35570';
UPDATE `creature_template` SET `unit_flags2` = '0',`ScriptName` = 'TW_boss_shaman_toc5' WHERE `entry` = '35571';
UPDATE `creature_template` SET `unit_flags2` = '0',`ScriptName` = 'TW_boss_warrior_toc5' WHERE `entry` = '35572';
UPDATE `creature_template` SET `unit_flags2` = '0',`ScriptName` = 'TW_boss_rogue_toc5' WHERE `entry` = '35617';
UPDATE `creature_template` SET `rank` = '1',`mindmg` = '420',`maxdmg` = '630',`attackpower` = '157',`unit_flags` = '0',`unit_flags2` = '0',`Health_mod` = '15',`ScriptName` = 'TW_generic_vehicleAI_toc5' WHERE `entry` = '35633';
UPDATE `creature_template` SET `rank` = '1',`mindmg` = '420',`maxdmg` = '630',`attackpower` = '157',`unit_flags` = '0',`unit_flags2` = '0',`Health_mod` = '15' WHERE `entry` = '35634';
UPDATE `creature_template` SET `rank` = '1',`mindmg` = '420',`maxdmg` = '630',`attackpower` = '157',`unit_flags` = '0',`unit_flags2` = '0',`Health_mod` = '15',`ScriptName` = 'TW_generic_vehicleAI_toc5' WHERE `entry` = '35635';
UPDATE `creature_template` SET `rank` = '1',`mindmg` = '420',`maxdmg` = '630',`attackpower` = '157',`unit_flags` = '0',`unit_flags2` = '0',`Health_mod` = '15',`ScriptName` = 'TW_generic_vehicleAI_toc5' WHERE `entry` = '35636';
UPDATE `creature_template` SET `rank` = '1',`mindmg` = '420',`maxdmg` = '630',`attackpower` = '157',`unit_flags` = '0',`unit_flags2` = '0',`Health_mod` = '15',`ScriptName` = 'TW_generic_vehicleAI_toc5' WHERE `entry` = '35637';
UPDATE `creature_template` SET `scale` = '1.5',`rank` = '1',`mindmg` = '420',`maxdmg` = '630',`attackpower` = '157',`unit_flags` = '0',`unit_flags2` = '0',`Health_mod` = '15',`ScriptName` = 'TW_generic_vehicleAI_toc5' WHERE `entry` = '35638';
UPDATE `creature_template` SET `rank` = '1',`mindmg` = '420',`maxdmg` = '630',`attackpower` = '157',`unit_flags` = '0',`unit_flags2` = '0',`Health_mod` = '15',`ScriptName` = 'TW_generic_vehicleAI_toc5' WHERE `entry` = '35640';
UPDATE `creature_template` SET `rank` = '1',`mindmg` = '420',`maxdmg` = '630',`attackpower` = '157',`unit_flags` = '0',`unit_flags2` = '0',`Health_mod` = '15',`ScriptName` = 'TW_generic_vehicleAI_toc5' WHERE `entry` = '35641';
UPDATE `creature_template` SET `faction_A` = '84',`faction_H` = '84',`speed_run` = '2',`baseattacktime` = '0',`unit_flags2` = '0',`spell1` = '62544',`spell3` = '63010',`VehicleId` = '486' WHERE `entry` = '35644';
UPDATE `creature_template` SET `rank` = '1',`mindmg` = '420',`maxdmg` = '630',`attackpower` = '157',`unit_flags` = '0',`unit_flags2` = '0',`Health_mod` = '15',`ScriptName` = 'TW_generic_vehicleAI_toc5' WHERE `entry` = '35768';
UPDATE `creature_template` SET `faction_A` = '83',`faction_H` = '83',`speed_run` = '2',`baseattacktime` = '0',`unit_flags` = '256',`unit_flags2` = '0',`spell1` = '62544',`spell2` = '62575',`spell3` = '63010',`spell4` = '66482' WHERE `entry` = '36558';
UPDATE `creature_template` SET `ScriptName` = 'TW_npc_risen_ghoul' WHERE `entry` = '35590';

UPDATE `instance_template` SET `Script` = 'TW_instance_trial_of_the_champion' WHERE `map` = 650;

-- The champions/riders
DELETE FROM `vehicle_template_accessory` WHERE `entry` 
IN (35638,35637,35635,34658,35636,35768,35633,35640,35641,35634,33321,33323,33320,
33322,33316,33317,33318,33319,35491, 33324, 33217);
INSERT INTO `vehicle_template_accessory` (`entry`, `accessory_entry`, `seat_id`, `minion`, `description`, `summontype`, `summontimer`) VALUES
(35638,35572,0,0,'Mokra the Skullcrusher''s Mount',6,30000),
(35637,34705,0,0,'Marshal Jacob Alerius'' Mount',6,30000),
(35635,35569,0,0,'Eressea Dawnsinger''s Mount',6,30000),
(34658,34657,0,0,'Jaelyne Evensong''s Mount',6,30000),
(35636,34703,0,0,'Lana Stouthammer''s Mount',6,30000),
(35768,34701,0,0,'Colosos'' Mount',6,30000),
(35633,34702,0,0,'Ambrose Boltspark''s Mount',6,30000),
(35640,35571,0,0,'Runok Wildmane''s Mount',6,30000),
(35641,35570,0,0,'Zul''tore''s Mount',6,30000),
(35634,35617,0,0,'Deathstalker Visceri''s Mount',6,30000),
(33321,35323,0,1,'Darkspear Raptor',6,30000),
(33323,35326,0,1,'Silvermoon Hawkstrider',6,30000),
(33320,35314,0,1,'Orgrimmar Wolf',6,30000),
(33322,35325,0,1,'Thunder Bluff Kodo',6,30000),
(33316,35329,0,1,'Ironforge Ram',6,30000),
(33317,35331,0,1,'Gnomeregan Mechanostrider',6,30000),
(33324,35327,0,1,'Forsaken Warhorse',6,30000),
(33217,35328,0,1,'Stormwind Steed',6,30000),
(33318,35330,0,1,'Exodar Elekk',6,30000),
(33319,35332,0,1,'Darnassian Nightsaber',6,30000),
(35491,35451,0,0,'Trial of the Champion - Black Knight on his gryphon',6,60000);

-- Spells needed to ride mounts
DELETE FROM `npc_spellclick_spells` WHERE `npc_entry` IN (35637,35633,35768,34658,35636,35638,35635,35640,35641,35634,33321,33323,33320,33322,33316,33217,33324,33317,33318,33319,35491);
INSERT INTO `npc_spellclick_spells` (`npc_entry`,`spell_id`,`cast_flags`,`user_type`) VALUES
(35637,46598,1,0), -- Marshal Jacob Alerius' Mount - Ride Vehicle Hardcoded
(35633,46598,1,0), -- Ambrose Boltspark's Mount - Ride Vehicle Hardcoded
(35768,46598,1,0), -- Colosos' Mount - Ride Vehicle Hardcoded
(34658,46598,1,0), -- Jaelyne Evensong's Mount - Ride Vehicle Hardcoded
(35636,46598,1,0), -- Lana Stouthammer's Evensong's Mount - Ride Vehicle Hardcoded
(35638,46598,1,0), -- Mokra the Skullcrusher's Mount - Ride Vehicle Hardcoded
(35635,46598,1,0), -- Eressea Dawnsinger's Mount - Ride Vehicle Hardcoded
(35640,46598,1,0), -- Runok Wildmane's Mount - Ride Vehicle Hardcoded
(35641,46598,1,0), -- Zul'tore's Mount - Ride Vehicle Hardcoded
(35634,46598,1,0), -- Deathstalker Visceri's Mount - Ride Vehicle Hardcoded
(33321,46598,1,0), -- Darkspear Raptor - Ride Vehicle Hardcoded
(33323,46598,1,0), -- Silvermoon Hawkstrider - Ride Vehicle Hardcoded
(33320,46598,1,0), -- Orgrimmar Wolf - Ride Vehicle Hardcoded
(33322,46598,1,0), -- Thunderbluff Kodo - Ride Vehicle Hardcoded
(33316,46598,1,0), -- Ironforge Ram - Ride Vehicle Hardcoded
(33317,46598,1,0), -- Gnomeregan Mechanostrider - Ride Vehicle Hardcoded
(33324,46598,1,0), -- Forsaken Warhorse - Ride Vehicle Hardcoded
(33217,46598,1,0), -- Stormwind Steed - Ride Vehicle Hardcoded
(33318,46598,1,0), -- Exodar Elekk - Ride Vehicle Hardcoded
(33319,46598,1,0), -- Darnassian Nightsaber - Ride Vehicle Hardcoded
(35491,46598,1,0); -- Black Knight - Ride Vehicle Hardcoded

-- Spawn creatures
DELETE FROM `creature` WHERE `map`=650;
INSERT INTO `creature` (`guid`, `id`, `map`, `spawnMask`, `phaseMask`, `modelid`, `equipment_id`, `position_x`, `position_y`, `position_z`, `orientation`, `spawntimesecs`, `spawndist`, `currentwaypoint`, `curhealth`, `curmana`, `npcflag`, `MovementType`) VALUES 
(230958, 36558, 650, 3, 1, 0, 0, 726.826, 661.201, 412.472, 4.66003, 86400, 0, 0, 1, 0, 0, 0),
(230960, 36558, 650, 3, 1, 0, 0, 716.665, 573.495, 412.475, 0.977384, 86400, 0, 0, 1, 0, 0, 0), 
(230962, 36558, 650, 3, 1, 0, 0, 705.497, 583.944, 412.476, 0.698132, 86400, 0, 0, 1, 0, 0, 0), 
(230964, 36558, 650, 3, 1, 0, 0, 770.486, 571.552, 412.475, 2.05949, 86400, 0, 0, 1, 0, 0, 0), 
(230966, 36558, 650, 3, 1, 0, 0, 717.443, 660.646, 412.467, 4.92183, 86400, 0, 0, 1, 0, 0, 0), 
(230968, 36558, 650, 3, 1, 0, 0, 700.531, 591.927, 412.475, 0.523599, 86400, 0, 0, 1, 0, 0, 0), 
(230970, 36558, 650, 3, 1, 0, 0, 790.177, 589.059, 412.475, 2.56563, 86400, 0, 0, 1, 0, 0, 0), 
(230972, 36558, 650, 3, 1, 0, 0, 702.165, 647.267, 412.475, 5.68977, 86400, 0, 0, 1, 0, 0, 0), 
(230974, 36558, 650, 3, 1, 0, 0, 773.097, 660.733, 412.467, 4.45059, 86400, 0, 0, 1, 0, 0, 0), 
(230976, 36558, 650, 3, 1, 0, 0, 793.052, 642.851, 412.474, 3.63029, 86400, 0, 0, 1, 0, 0, 0), 
(230978, 36558, 650, 3, 1, 0, 0, 778.741, 576.049, 412.476, 2.23402, 86400, 0, 0, 1, 0, 0, 0), 
(230980, 36558, 650, 3, 1, 0, 0, 788.016, 650.788, 412.475, 3.80482, 86400, 0, 0, 1, 0, 0, 0),
(230982, 35644, 650, 3, 1, 0, 0, 704.943, 651.33, 412.475, 5.60251, 86400, 0, 0, 1, 0, 0, 0),
(230984, 35644, 650, 3, 1, 0, 0, 774.898, 573.736, 412.475, 2.14675, 86400, 0, 0, 1, 0, 0, 0), 
(230986, 35644, 650, 3, 1, 0, 0, 699.943, 643.37, 412.474, 5.77704, 86400, 0, 0, 1, 0, 0, 0), 
(230988, 35644, 650, 3, 1, 0, 0, 712.594, 576.26, 412.476, 0.890118, 86400, 0, 0, 1, 0, 0, 0), 
(230990, 35644, 650, 3, 1, 0, 0, 793.009, 592.667, 412.475, 2.6529, 86400, 0, 0, 1, 0, 0, 0), 
(230992, 35644, 650, 3, 1, 0, 0, 702.967, 587.649, 412.475, 0.610865, 86400, 0, 0, 1, 0, 0, 0), 
(230994, 35644, 650, 3, 1, 0, 0, 768.255, 661.606, 412.47, 4.55531, 86400, 0, 0, 1, 0, 0, 0), 
(230996, 35644, 650, 3, 1, 0, 0, 720.569, 571.285, 412.475, 1.06465, 86400, 0, 0, 1, 0, 0, 0), 
(230998, 35644, 650, 3, 1, 0, 0, 787.439, 584.969, 412.476, 2.47837, 86400, 0, 0, 1, 0, 0, 0), 
(231000, 35644, 650, 3, 1, 0, 0, 722.363, 660.745, 412.468, 4.83456, 86400, 0, 0, 1, 0, 0, 0), 
(231002, 35644, 650, 3, 1, 0, 0, 790.49, 646.533, 412.474, 3.71755, 86400, 0, 0, 1, 0, 0, 0), 
(231004, 35644, 650, 3, 1, 0, 0, 777.564, 660.3, 412.467, 4.34587, 86400, 0, 0, 1, 0, 0, 0),
(230961, 35004, 650, 3, 1, 0, 0, 746.626, 618.54, 411.09, 4.63158, 86400, 0, 0, 10635, 0, 0, 0),
(215948, 35016, 650, 3, 1, 0, 0, 746.524, 615.868, 411.172, 0, 180, 0, 0, 1, 0, 0, 0),
(215949, 35016, 650, 3, 1, 0, 0, 795.549, 618.25, 412.477, 0, 180, 0, 0, 1, 0, 0, 0),
(215950, 35016, 650, 3, 1, 0, 0, 782.12, 583.21, 412.474, 0, 180, 0, 0, 1, 0, 0, 0),
(215951, 35016, 650, 3, 1, 0, 0, 791.972, 638.01, 412.47, 0, 180, 0, 0, 1, 0, 0, 0),
(215952, 35016, 650, 3, 1, 0, 0, 780.436, 654.406, 412.474, 0, 180, 0, 0, 1, 0, 0, 0),
(215953, 35016, 650, 3, 1, 0, 0, 697.285, 618.253, 412.476, 0, 180, 0, 0, 1, 0, 0, 0),
(215954, 35016, 650, 3, 1, 0, 0, 714.486, 581.722, 412.476, 0, 180, 0, 0, 1, 0, 0, 0),
(215955, 35016, 650, 3, 1, 0, 0, 703.884, 596.601, 412.474, 0, 180, 0, 0, 1, 0, 0, 0),
(215956, 35016, 650, 3, 1, 0, 0, 746.977, 618.793, 411.971, 0, 180, 0, 0, 1, 0, 0, 0),
(215957, 35016, 650, 3, 1, 0, 0, 748.884, 616.462, 411.174, 0, 180, 0, 0, 1, 0, 0, 0),
(215958, 35016, 650, 3, 1, 0, 0, 702.274, 638.76, 412.47, 0, 180, 0, 0, 1, 0, 0, 0),
(215959, 35016, 650, 3, 1, 0, 0, 792.259, 598.224, 412.47, 0, 180, 0, 0, 1, 0, 0, 0),
(215960, 35016, 650, 3, 1, 0, 0, 712.413, 653.931, 412.474, 0, 180, 0, 0, 1, 0, 0, 0),
(215961, 35016, 650, 3, 1, 0, 0, 747.375, 619.109, 411.971, 0, 180, 0, 0, 1, 0, 0, 0),
(231040, 34856, 650, 3, 65535, 0, 0, 810.378, 600.961, 438.781, 2.85266, 300, 0, 0, 1, 0, 0, 0), 
(231041, 34856, 650, 3, 65535, 0, 0, 803.7, 601.271, 435.419, 2.93905, 300, 0, 0, 1, 0, 0, 0),
(231042, 34856, 650, 3, 65535, 0, 0, 803.254, 599.097, 435.419, 2.93512, 300, 0, 0, 1, 0, 0, 0),
(231043, 34856, 650, 3, 65535, 0, 0, 801.833, 592.214, 435.419, 2.66809, 300, 0, 0, 1, 0, 0, 0),
(231044, 34856, 650, 3, 65535, 0, 0, 803.01, 588.849, 436.921, 2.53849, 300, 0, 0, 1, 0, 0, 0),
(231045, 34856, 650, 3, 65535, 0, 0, 808.849, 591.522, 438.762, 2.78589, 300, 0, 0, 1, 0, 0, 0),
(231080, 34857, 650, 3, 65535, 0, 0, 691.338, 593.985, 435.421, 0.463489, 300, 0, 0, 1, 0, 0, 0),
(231081, 34857, 650, 3, 65535, 0, 0, 686.892, 594.635, 436.913, 0.310337, 300, 0, 0, 1, 0, 0, 0),
(231082, 34857, 650, 3, 65535, 0, 0, 682.889, 596.325, 438.744, 0.212162, 300, 0, 0, 1, 0, 0, 0),
(231083, 34857, 650, 3, 65535, 0, 0, 689.73, 599.11, 435.42, 0.341752, 300, 0, 0, 1, 0, 0, 0),
(231084, 34857, 650, 3, 65535, 0, 0, 678.56, 600.035, 440.169, 0.141476, 300, 0, 0, 1, 0, 0, 0),
(231075, 34858, 650, 3, 65535, 0, 0, 697.235, 584.177, 435.421, 0.58129, 300, 0, 0, 1, 0, 0, 0),
(231076, 34858, 650, 3, 65535, 0, 0, 697.667, 578.208, 436.925, 0.600927, 300, 0, 0, 1, 0, 0, 0),
(231077, 34858, 650, 3, 65535, 0, 0, 689.247, 585.204, 438.779, 0.467415, 300, 0, 0, 1, 0, 0, 0),
(231078, 34858, 650, 3, 65535, 0, 0, 690.431, 576.641, 440.185, 0.565586, 300, 0, 0, 1, 0, 0, 0),
(231079, 34858, 650, 3, 65535, 0, 0, 686.422, 588.876, 438.766, 0.479192, 300, 0, 0, 1, 0, 0, 0),
(231085, 34859, 650, 3, 65535, 0, 0, 689.458, 604.899, 435.417, 0.180746, 300, 0, 0, 1, 0, 0, 0),
(231086, 34859, 650, 3, 65535, 0, 0, 686.041, 601.491, 436.916, 0.255361, 300, 0, 0, 1, 0, 0, 0),
(231087, 34859, 650, 3, 65535, 0, 0, 681.72, 605.995, 438.765, 0.290703, 300, 0, 0, 1, 0, 0, 0),
(231088, 34859, 650, 3, 65535, 0, 0, 689.472, 629.279, 435.417, 6.20476, 300, 0, 0, 1, 0, 0, 0),
(231089, 34859, 650, 3, 65535, 0, 0, 686.241, 634.227, 436.924, 6.11444, 300, 0, 0, 1, 0, 0, 0),
(231090, 34859, 650, 3, 65535, 0, 0, 682.425, 633.087, 438.772, 6.01626, 300, 0, 0, 1, 0, 0, 0),
(231096, 34860, 650, 3, 65535, 0, 0, 699.635, 654.463, 435.421, 5.85133, 300, 0, 0, 1, 0, 0, 0),
(231097, 34860, 650, 3, 65535, 0, 0, 695.174, 654.18, 436.925, 5.61964, 300, 0, 0, 1, 0, 0, 0),
(231098, 34860, 650, 3, 65535, 0, 0, 689.259, 651.278, 438.771, 5.79242, 300, 0, 0, 1, 0, 0, 0),
(231099, 34860, 650, 3, 65535, 0, 0, 688.07, 655.691, 440.196, 5.7885, 300, 0, 0, 1, 0, 0, 0),
(231091, 34861, 650, 3, 65535, 0, 0, 690.616, 639.017, 435.42, 6.08695, 300, 0, 0, 1, 0, 0, 0),
(231092, 34861, 650, 3, 65535, 0, 0, 692.094, 643.788, 435.42, 5.92201, 300, 0, 0, 1, 0, 0, 0),
(231093, 34861, 650, 3, 65535, 0, 0, 687.286, 642.438, 436.921, 5.97699, 300, 0, 0, 1, 0, 0, 0),
(231094, 34861, 650, 3, 65535, 0, 0, 686.736, 647.02, 438.783, 5.78849, 300, 0, 0, 1, 0, 0, 0),
(231095, 34861, 650, 3, 65535, 0, 0, 680.065, 642.334, 440.188, 6.08302, 300, 0, 0, 1, 0, 0, 0),
(231046, 34868, 650, 3, 65535, 0, 0, 796.164, 584.956, 435.421, 2.44032, 300, 0, 0, 1, 0, 0, 0),
(231047, 34868, 650, 3, 65535, 0, 0, 798.57, 588.261, 435.421, 2.53064, 300, 0, 0, 1, 0, 0, 0),
(231048, 34868, 650, 3, 65535, 0, 0, 792.513, 579.865, 435.421, 2.43639, 300, 0, 0, 1, 0, 0, 0),
(231049, 34868, 650, 3, 65535, 0, 0, 796.131, 579.051, 436.927, 2.52671, 300, 0, 0, 1, 0, 0, 0),
(231050, 34868, 650, 3, 65535, 0, 0, 801.093, 579.5, 438.752, 2.511, 300, 0, 0, 1, 0, 0, 0),
(231029, 34869, 650, 3, 65535, 0, 0, 809.105, 643.482, 438.774, 3.50385, 300, 0, 0, 1, 0, 0, 0),
(231030, 34869, 650, 3, 65535, 0, 0, 802.657, 640.241, 435.419, 3.41353, 300, 0, 0, 1, 0, 0, 0),
(231031, 34869, 650, 3, 65535, 0, 0, 806.511, 638.859, 436.923, 3.33892, 300, 0, 0, 1, 0, 0, 0),
(231032, 34869, 650, 3, 65535, 0, 0, 803.337, 635.024, 435.419, 3.3507, 300, 0, 0, 1, 0, 0, 0),
(231033, 34869, 650, 3, 65535, 0, 0, 810.526, 635.597, 438.772, 3.37874, 300, 0, 0, 1, 0, 0, 0),
(231034, 34870, 650, 3, 65535, 0, 0, 804.269, 629.575, 435.418, 3.29627, 300, 0, 0, 1, 0, 0, 0),
(231035, 34870, 650, 3, 65535, 0, 0, 807.446, 632.568, 436.922, 3.41015, 300, 0, 0, 1, 0, 0, 0),
(231036, 34870, 650, 3, 65535, 0, 0, 811.982, 626.887, 438.773, 3.31983, 300, 0, 0, 1, 0, 0, 0),
(231037, 34870, 650, 3, 65535, 0, 0, 812.287, 608.857, 438.76, 2.92321, 300, 0, 0, 1, 0, 0, 0),
(231038, 34870, 650, 3, 65535, 0, 0, 804.13, 606.65, 435.418, 2.91143, 300, 0, 0, 1, 0, 0, 0),
(231039, 34870, 650, 3, 65535, 0, 0, 807.288, 603.803, 436.927, 2.8054, 300, 0, 0, 1, 0, 0, 0),
(231024, 34871, 650, 3, 65535, 0, 0, 795.766, 651.07, 435.421, 3.73555, 300, 0, 0, 1, 0, 0, 0),
(231025, 34871, 650, 3, 65535, 0, 0, 797.19, 655.396, 436.93, 3.89263, 300, 0, 0, 1, 0, 0, 0),
(231026, 34871, 650, 3, 65535, 0, 0, 804.537, 650.886, 438.767, 3.7434, 300, 0, 0, 1, 0, 0, 0),
(231027, 34871, 650, 3, 65535, 0, 0, 802.272, 648.233, 436.923, 3.52898, 300, 0, 0, 1, 0, 0, 0),
(231028, 34871, 650, 3, 65535, 0, 0, 800.747, 644.155, 435.421, 3.6413, 300, 0, 0, 1, 0, 0, 0),
(231067, 34966, 650, 3, 65535, 0, 0, 726.498, 554.757, 438.775, 1.33527, 300, 0, 0, 1, 0, 0, 0),
(231068, 34966, 650, 3, 65535, 0, 0, 725.875, 561.87, 435.421, 1.29992, 300, 0, 0, 1, 0, 0, 0),
(231069, 34966, 650, 3, 65535, 0, 0, 720.481, 559.718, 436.92, 1.05252, 300, 0, 0, 1, 0, 0, 0),
(231070, 34966, 650, 3, 65535, 0, 0, 720.483, 564.132, 435.421, 1.08394, 300, 0, 0, 1, 0, 0, 0),
(231060, 34970, 650, 3, 65535, 0, 0, 757.896, 560.428, 435.417, 1.73189, 300, 0, 0, 1, 0, 0, 0),
(231061, 34970, 650, 3, 65535, 0, 0, 763.526, 558.026, 436.932, 1.73189, 300, 0, 0, 1, 0, 0, 0),
(231062, 34970, 650, 3, 65535, 0, 0, 761.724, 553.669, 438.767, 1.78686, 300, 0, 0, 1, 0, 0, 0),
(231051, 34974, 650, 3, 65535, 0, 0, 785.952, 572.827, 435.421, 2.13401, 300, 0, 0, 1, 0, 0, 0),
(231052, 34974, 650, 3, 65535, 0, 0, 781.002, 569.334, 435.421, 2.09474, 300, 0, 0, 1, 0, 0, 0),
(231053, 34974, 650, 3, 65535, 0, 0, 780.854, 565.183, 436.924, 2.08296, 300, 0, 0, 1, 0, 0, 0),
(231054, 34974, 650, 3, 65535, 0, 0, 786.776, 565.04, 438.765, 2.2204, 300, 0, 0, 1, 0, 0, 0),
(231055, 34975, 650, 3, 65535, 0, 0, 775.647, 565.757, 435.421, 2.03191, 300, 0, 0, 1, 0, 0, 0),
(231056, 34975, 650, 3, 65535, 0, 0, 766.964, 561.534, 435.421, 1.81828, 300, 0, 0, 1, 0, 0, 0),
(231057, 34975, 650, 3, 65535, 0, 0, 767.925, 557.983, 436.914, 1.72796, 300, 0, 0, 1, 0, 0, 0),
(231058, 34975, 650, 3, 65535, 0, 0, 772.597, 559.445, 436.919, 2.02249, 300, 0, 0, 1, 0, 0, 0),
(231059, 34975, 650, 3, 65535, 0, 0, 777.127, 559.035, 438.781, 2.10495, 300, 0, 0, 1, 0, 0, 0),
(231063, 34977, 650, 3, 65535, 0, 0, 735.978, 560.676, 435.417, 1.4727, 300, 0, 0, 1, 0, 0, 0),
(231064, 34977, 650, 3, 65535, 0, 0, 733.086, 557.001, 436.916, 1.32347, 300, 0, 0, 1, 0, 0, 0),
(231065, 34977, 650, 3, 65535, 0, 0, 733.016, 549.424, 440.174, 1.2253, 300, 0, 0, 1, 0, 0, 0),
(231066, 34977, 650, 3, 65535, 0, 0, 728.087, 558.086, 436.927, 1.39023, 300, 0, 0, 1, 0, 0, 0),
(231071, 34979, 650, 3, 65535, 0, 0, 716.195, 558.771, 438.769, 1.02897, 300, 0, 0, 1, 0, 0, 0),
(231072, 34979, 650, 3, 65535, 0, 0, 713.858, 563.841, 436.914, 0.938649, 300, 0, 0, 1, 0, 0, 0),
(231073, 34979, 650, 3, 65535, 0, 0, 711.956, 569.633, 435.421, 1.00148, 300, 0, 0, 1, 0, 0, 0),
(231074, 34979, 650, 3, 65535, 0, 0, 702.138, 563.997, 440.192, 0.962211, 300, 0, 0, 1, 0, 0, 0),
(231106, 34883, 650, 3, 65535, 0, 0, 735.931, 560.084, 435.416, 1.3216, 300, 0, 0, 1, 0, 0, 0),
(231107, 34883, 650, 3, 65535, 0, 0, 726.508, 554.731, 438.774, 1.3805, 300, 0, 0, 1, 0, 0, 0),
(231108, 34883, 650, 3, 65535, 0, 0, 713.509, 563.346, 436.897, 1.11347, 300, 0, 0, 1, 0, 0, 0),
(231109, 34883, 650, 3, 65535, 0, 0, 701.499, 563.425, 440.137, 0.944606, 300, 0, 0, 1, 0, 0, 0),
(231116, 34901, 650, 3, 65535, 0, 0, 681.404, 606.01, 438.753, 0.186696, 300, 0, 0, 1, 0, 0, 0),
(231117, 34901, 650, 3, 65535, 0, 0, 682.044, 633.089, 438.758, 6.26568, 300, 0, 0, 1, 0, 0, 0),
(231114, 34902, 650, 3, 65535, 0, 0, 690.713, 593.896, 435.421, 0.504781, 300, 0, 0, 1, 0, 0, 0),
(231115, 34902, 650, 3, 65535, 0, 0, 678.504, 599.937, 440.17, 0.159205, 300, 0, 0, 1, 0, 0, 0),
(231110, 34903, 650, 3, 65535, 0, 0, 697.341, 577.798, 436.911, 0.665789, 300, 0, 0, 1, 0, 0, 0),
(231111, 34903, 650, 3, 65535, 0, 0, 696.432, 583.914, 435.421, 0.563687, 300, 0, 0, 1, 0, 0, 0),
(231112, 34903, 650, 3, 65535, 0, 0, 689.846, 576.178, 440.141, 0.461585, 300, 0, 0, 1, 0, 0, 0),
(231113, 34903, 650, 3, 65535, 0, 0, 688.993, 584.588, 438.755, 0.669715, 300, 0, 0, 1, 0, 0, 0),
(231118, 34904, 650, 3, 65535, 0, 0, 687.376, 642.417, 436.923, 6.03791, 300, 0, 0, 1, 0, 0, 0),
(231119, 34904, 650, 3, 65535, 0, 0, 691.9, 643.825, 435.421, 5.83764, 300, 0, 0, 1, 0, 0, 0),
(231120, 34904, 650, 3, 65535, 0, 0, 686.635, 646.976, 438.781, 5.81407, 300, 0, 0, 1, 0, 0, 0),
(231121, 34905, 650, 3, 65535, 0, 0, 688.937, 651.509, 438.754, 5.74731, 300, 0, 0, 1, 0, 0, 0),
(231122, 34905, 650, 3, 65535, 0, 0, 699.036, 654.459, 435.421, 5.67271, 300, 0, 0, 1, 0, 0, 0),
(231123, 34905, 650, 3, 65535, 0, 0, 694.682, 654.335, 436.912, 5.7748, 300, 0, 0, 1, 0, 0, 0);

-- Black Knight Gryphon
UPDATE `creature_template` SET `faction_A`=35, `faction_H`=35, `mindmg`=0, `maxdmg`=0, `attackpower`=0, `dmg_multiplier`=0, `baseattacktime`=0, `unit_flags`=33554432, `dynamicflags`=0, `minrangedmg`=0, `maxrangedmg`=0, `rangedattackpower`=0, `VehicleId`=486 WHERE `entry`=35491;

-- SpellScripts
DELETE FROM spell_script_names WHERE `spell_id` IN (67680, 66903, 66515);
INSERT INTO spell_script_names (spell_id, ScriptName) VALUES
(67680, 'TW_spell_eadric_hoj'), -- Eadric's Hammer of Justice
(66903, 'TW_spell_eadric_hoj'),
(66515, 'TW_spell_gen_reflective_shield');

-- Achievement scripts
DELETE FROM achievement_criteria_data WHERE criteria_id IN (12302, 12303, 12304, 12305, 12306, 12307, 12308, 12318, 12319, 12320, 12321, 12322, 12323, 12324, 12439, 11420, 12298, 12299, 12300, 12301, 11559, 11560, 12310, 12311, 12312, 12313, 12314, 12315, 12316, 12317, 11789);
INSERT INTO achievement_criteria_data (criteria_id, TYPE, value1, value2, ScriptName) VALUES
-- alliance nh
(12302, 11, 0, 0, 'TW_achievement_toc5_champions_mokra'), 
(12303, 11, 0, 0, 'TW_achievement_toc5_champions_visceri'), 
(12304, 11, 0, 0, 'TW_achievement_toc5_champions_runok'), 
(12305, 11, 0, 0, 'TW_achievement_toc5_champions_eressea'), 
(12306, 11, 0, 0, 'TW_achievement_toc5_champions_zultore'), 
(12307, 11, 0, 0, 'TW_achievement_toc5_paletress'), 
(12308, 11, 0, 0, 'TW_achievement_toc5_eadric'), 
-- alliance hc
(12318, 11, 0, 0, 'TW_achievement_toc5_champions_mokra'), 
(12318, 12, 1, 0, ''), 
(12319, 11, 0, 0, 'TW_achievement_toc5_champions_visceri'), 
(12319, 12, 1, 0, ''),
(12320, 11, 0, 0, 'TW_achievement_toc5_champions_runok'), 
(12320, 12, 1, 0, ''),
(12321, 11, 0, 0, 'TW_achievement_toc5_champions_eressea'), 
(12321, 12, 1, 0, ''),
(12322, 11, 0, 0, 'TW_achievement_toc5_champions_zultore'), 
(12322, 12, 1, 0, ''),
(12323, 11, 0, 0, 'TW_achievement_toc5_paletress'), 
(12323, 12, 1, 0, ''),
(12324, 11, 0, 0, 'TW_achievement_toc5_eadric'), 
(12324, 12, 1, 0, ''),
(12439, 12, 1, 0, ''), -- black knight, diffculty check suffices
-- horde nh
(11420, 11, 0, 0, 'TW_achievement_toc5_champions_alerius'), 
(12298, 11, 0, 0, 'TW_achievement_toc5_champions_lana'), 
(12299, 11, 0, 0, 'TW_achievement_toc5_champions_colosos'), 
(12300, 11, 0, 0, 'TW_achievement_toc5_champions_ambrose'), 
(12301, 11, 0, 0, 'TW_achievement_toc5_champions_jaelyne'), 
(11559, 11, 0, 0, 'TW_achievement_toc5_paletress'), 
(11560, 11, 0, 0, 'TW_achievement_toc5_eadric'), 
-- horde hc
(12310, 11, 0, 0, 'TW_achievement_toc5_champions_alerius'), 
(12310, 12, 1, 0, ''), 
(12311, 11, 0, 0, 'TW_achievement_toc5_champions_lana'), 
(12311, 12, 1, 0, ''),
(12312, 11, 0, 0, 'TW_achievement_toc5_champions_colosos'), 
(12312, 12, 1, 0, ''),
(12313, 11, 0, 0, 'TW_achievement_toc5_champions_ambrose'), 
(12313, 12, 1, 0, ''),
(12314, 11, 0, 0, 'TW_achievement_toc5_champions_jaelyne'), 
(12314, 12, 1, 0, ''),
(12315, 11, 0, 0, 'TW_achievement_toc5_paletress'), 
(12315, 12, 1, 0, ''),
(12316, 11, 0, 0, 'TW_achievement_toc5_eadric'), 
(12316, 12, 1, 0, ''),
(12317, 12, 1, 0, ''),
(11789, 11, 0, 0, 'TW_achievement_ive_had_worse');

-- Heroic memories stat corrections
UPDATE `creature_template` SET `minlevel` = '82', `maxlevel` = '82', `faction_A` = '14', `faction_H` = '14', `ScriptName` = 'TW_npc_memory', `exp`='2', `mindmg`='488', `maxdmg`='642', `attackpower`='782', `dmg_multiplier`='7.5', `dynamicflags`='8', `minrangedmg`='363', `maxrangedmg`='521', `rangedattackpower`='121' WHERE `entry` IN 
('35531', -- Memory of Hogger
'35541', -- Memory of VanCleef
'35538', -- Memory of Mutanus
'35530', -- Memory of Herod
'35536', -- Memory of Lucifron
'35540', -- Memory of Thunderaan
'35521', -- Memory of Chromaggus
'35528', -- Memory of Hakkar
'35543', -- Memory of Vek'nilash
'35535', -- Memory of Kalithresh
'35527', -- Memory of Gruul
'35542', -- Memory of Vashj
'35520', -- Memory of Archimonde
'35533', -- Memory of Illidan
'35523', -- Memory of Delrissa
'35525', -- Memory of Entropius
'35534', -- Memory of Ingvar
'35522', -- Memory of Cyanigosa
'35524', -- Memory of Eck
'35539', -- Memory of Onyxia
'35529', -- Memory of Heigan
'35532', -- Memory of Ignis
'35544', -- Memory of Vezax
'35519', -- Memory of Algalon
'35537'); -- Memory of Malchezaar

-- Horde Herald
DELETE FROM `creature_text` WHERE `entry` = 35004 AND `groupid` BETWEEN 20 AND 27;
INSERT INTO `creature_text` (`entry`, `groupid`, `id`, `text`, `type`, `language`, `probability`, `emote`, `duration`, `sound`, `comment`) 
VALUES 
(35004, 20, 0, "The humans of Stormwind cheer for Marshal Jacob Alerius.", 41, 0, 0, 2, 0, 8572, "ToC5 - Stormwind Cheers"),
(35004, 21, 0, "The gnomes of Gnomeregan cheer for Ambrose Boltspark.", 41, 0, 0, 2, 0, 8572, "ToC5 - Gnomeregan Cheers"),
(35004, 22, 0, "The Draenei of the Exodar cheer for Colosos.", 41, 0, 0, 2, 0, 8572, "ToC5 - Draenei Cheers"),
(35004, 23, 0, "The night elves of Darnassus cheer for Jaelyne Evensong.", 41, 0, 0, 2, 0, 8572, "ToC5 - Darnassus Cheers"),
(35004, 24, 0, "The dwarves of Ironforge being a cheer for Lana Stouthammer.", 41, 0, 0, 2, 0, 8572, "ToC5 - Ironforge Cheers"),
(35004, 25, 0, "The Alliance spectators cheer for Argent Confessor Paletress.", 41, 0, 0, 0, 0, 8573, "ToC5 - Paletress Horde Intro 3"),
(35004, 26, 0, "The Alliance spectators cheer for Eadric the Pure.", 41, 0, 0, 0, 0, 8573, "ToC5 - Eadric Horde Intro 3"),
(35004, 27, 0, "The Sunreavers are proud to present their representatives in this trial by combat.", 12, 0, 0, 2, 0, 0, "ToC5 - Horde Intro 1");

-- Alliance Heralnd
DELETE FROM `creature_text` WHERE `entry` = 35005 AND `groupid` BETWEEN 20 AND 27;
INSERT INTO `creature_text` (`entry`, `groupid`, `id`, `text`, `type`, `language`, `probability`, `emote`, `duration`, `sound`, `comment`) 
VALUES
(35005, 20, 0, "The orcs of Orgrimmar cheer for Mokra the Skullcrusher.", 41, 0, 0, 2, 0, 8572, "ToC5 - Orgrimmar Cheers"),
(35005, 21, 0, "The blood elves of Silvermoon cheer for Eressa Dawnsinger.", 41, 0, 0, 2, 0, 8572, "ToC5 - Silvermoon Cheers"),
(35005, 22, 0, "The tauren of Thunder Bluff cheer for Runok Wildmane..", 41, 0, 0, 2, 0, 8572, "ToC5 - ThunderBluff Cheers"),
(35005, 23, 0, "The trolls of Sen'jin begin a chant to celebrate Zul'tore.", 41, 0, 0, 2, 0, 8572, "ToC5 - Sen'jin Cheers"),
(35005, 24, 0, "The forsaken of the Undercity cheer for Deathstalker Visceri!.", 41, 0, 0, 2, 0, 8572, "ToC5 - Undercity Cheers"),
(35005, 25, 0, "The Horde spectators cheer for Argent Confessor Paletress.", 41, 0, 0, 0, 0, 8573, "ToC5 - Paletress Alliance Intro 3"),
(35005, 26, 0, "The Horde spectators cheer for Eadric The Pure.", 41, 0, 0, 0, 0, 8573, "ToC5 - Eadric Alliance Intro 3"),
(35005, 27, 0, "The Silver Covenant is pleased to present their contenders for this event, Highlord.", 12, 0, 0, 2, 0, 0, "ToC5 - Alliance Intro 1");

-- Jaina Proudmoore
DELETE FROM `creature_text` WHERE `entry` = 34992 AND `groupid` IN (10, 11);
INSERT INTO `creature_text` (`entry`, `groupid`, `id`, `text`, `type`, `language`, `probability`, `emote`, `duration`, `sound`, `comment`) 
VALUES
(34992, 10, 0, "Of course they will.", 14, 0, 0, 2, 0, 0, "ToC - Alliance Intro 4"),
(34992, 11, 0, "They're worthy fighters, you'll see.", 14, 0, 0, 2, 0, 0, "ToC - Horde Intro 6");

-- Varian
UPDATE `creature_text` SET `type` = 14 WHERE `groupid` IN (50, 52) AND `entry` = 34990; -- because players can't hear it otherwise

-- Loot chests
UPDATE `gameobject_template` SET `flags` = `flags` &~ 16 WHERE `entry` IN (195324, 195323, 195375, 195374, 195710, 195709);

-- Argent Confessor
DELETE FROM `achievement_criteria_data` WHERE `criteria_id` IN (11863, 11904, 11905, 11906, 11907, 11908, 11909, 11910, 11911,
11912, 11913, 11914, 11915, 11916, 11917, 11918, 11919, 11920, 11921, 11922, 11923, 11924, 11925, 11926, 11927, 11858);
INSERT INTO `achievement_criteria_data` (`criteria_id`, `type`,
`value1`, `value2`, `ScriptName`) VALUES
(11863, 11, 0, 0, 'TW_achivement_toc5_argent_confessor_hogger'),
(11904,	11, 0, 0, 'TW_achivement_toc5_argent_confessor_vancleef'),
(11905,	11, 0, 0, 'TW_achivement_toc5_argent_confessor_mutanus'),
(11906,	11, 0, 0, 'TW_achivement_toc5_argent_confessor_herod'),
(11907,	11, 0, 0, 'TW_achivement_toc5_argent_confessor_lucifron'),
(11908,	11, 0, 0, 'TW_achivement_toc5_argent_confessor_thunderaan'),
(11909,	11, 0, 0, 'TW_achivement_toc5_argent_confessor_chromaggus'),
(11910,	11, 0, 0, 'TW_achivement_toc5_argent_confessor_hakkar'),
(11911,	11, 0, 0, 'TW_achivement_toc5_argent_confessor_veknilash'),
(11912,	11, 0, 0, 'TW_achivement_toc5_argent_confessor_kalithresh'),
(11913,	11, 0, 0, 'TW_achivement_toc5_argent_confessor_malchezar'),
(11914,	11, 0, 0, 'TW_achivement_toc5_argent_confessor_gruul'),
(11915,	11, 0, 0, 'TW_achivement_toc5_argent_confessor_vashj'),
(11916,	11, 0, 0, 'TW_achivement_toc5_argent_confessor_archimonde'),
(11917,	11, 0, 0, 'TW_achivement_toc5_argent_confessor_illidan'),
(11918,	11, 0, 0, 'TW_achivement_toc5_argent_confessor_delrissa'),
(11919,	11, 0, 0, 'TW_achivement_toc5_argent_confessor_muru'),
(11920,	11, 0, 0, 'TW_achivement_toc5_argent_confessor_ingvar'),
(11921,	11, 0, 0, 'TW_achivement_toc5_argent_confessor_cyanigosa'),
(11922,	11, 0, 0, 'TW_achivement_toc5_argent_confessor_eck'),
(11923,	11, 0, 0, 'TW_achivement_toc5_argent_confessor_onyxia'),
(11924,	11, 0, 0, 'TW_achivement_toc5_argent_confessor_heigan'),
(11925,	11, 0, 0, 'TW_achivement_toc5_argent_confessor_ignis'),
(11926,	11, 0, 0, 'TW_achivement_toc5_argent_confessor_vezax'),
(11927,	11, 0, 0, 'TW_achivement_toc5_argent_confessor_algalon'),
(11858, 11, 0, 0, 'TW_achievement_toc5_the_faceroller');

-- Applies interrupt immunity to Argent Confessor Paletress (34928,35517)
UPDATE `creature_template` SET `mechanic_immune_mask` = `mechanic_immune_mask` | 33554432  WHERE `entry` IN ('34928', '35517');

-- Conditions for Eadric's Hammer of Righteous (the ones player cast back at him)
DELETE FROM `conditions` WHERE `SourceEntry` = 66905 AND `SourceTypeOrReferenceId` = 13;
INSERT INTO `conditions` (`SourceTypeOrReferenceId`, `SourceGroup`, `SourceEntry`, `SourceId`, `ElseGroup`, `ConditionTypeOrReference`, `ConditionTarget`, `ConditionValue1`, `ConditionValue2`, `ConditionValue3`, `NegativeCondition`, `ErrorType`, `ErrorTextId`, `ScriptName`, `Comment`)VALUES
(13, 7, 66905, 0, 0, 31, 0, 3, 35119, 0, 0, 0, 0,'','Eadric the Pure - Hammer of the Righteous (Throwback)'),
(13, 7, 66905, 0, 1, 31, 0, 3, 35518, 0, 0, 0, 0,'','Eadric the Pure - Hammer of the Righteous (Throwback)');
