
/*

		VoidElf Area Beta
		clean design for Ashamane


*/

 -- TELE LOCATION --
DELETE FROM game_tele WHERE id = 1798;
INSERT INTO game_tele (`id`, `position_x`, `position_y`, `position_z`, `orientation`, `map`, `name`)VALUES
(1798, 2121, 3318, 54.7061, 0.08726646, 1865, 'VoidElfSpawn');


 -- UPDATE SPAWN LOCATION IN PLAYERCREATEINFO --
 
UPDATE playercreateinfo SET map = 1865, zone = 9415, position_x = 2121, position_y = 3318, position_z = 54.7061, orientation = 0.08726646 WHERE race = 29; -- Official location from sniff
 
 -- MISC --
 
DELETE FROM `conversation_actors` WHERE (`ConversationId`=6793 AND `ConversationActorId`=60390 AND `Idx`=0) OR (`ConversationId`=6798 AND `Idx`=0) OR (`ConversationId`=6798 AND `Idx`=1);
INSERT INTO `conversation_actors` (`ConversationId`, `ConversationActorId`, `Idx`, `VerifiedBuild`) VALUES
(6793, 60390, 0, 26972),
(6798, 0, 0, 26972), -- Full: 0x2016ECE92080444000073F0000465DD4 Creature/0 R1467/S1855 Map: 1865 Entry: 131345 Low: 4611540
(6798, 0, 1, 26972); -- Full: 0x2016ECE92081478000073F0000465DD4 Creature/0 R1467/S1855 Map: 1865 Entry: 132382 Low: 4611540


DELETE FROM `conversation_actor_template` WHERE `Id`=60390;
INSERT INTO `conversation_actor_template` (`Id`, `CreatureId`, `CreatureModelId`, `VerifiedBuild`) VALUES
(60390, 126306, 65199, 26972);


DELETE FROM `conversation_line_template` WHERE `Id` IN (15495, 15493, 15492, 15491, 15489, 15509, 15508, 15507, 15506, 15505);
INSERT INTO `conversation_line_template` (`Id`, `StartTime`, `UiCameraID`, `ActorIdx`, `Unk`, `VerifiedBuild`) VALUES
(15495, 42068, 82, 0, 0, 26972),
(15493, 35812, 82, 0, 0, 26972),
(15492, 21725, 82, 0, 0, 26972),
(15491, 9141, 82, 0, 0, 26972),
(15489, 0, 82, 0, 0, 26972),
(15509, 33052, 0, 0, 0, 26972),
(15508, 28191, 0, 1, 0, 26972),
(15507, 15696, 0, 1, 0, 26972),
(15506, 8589, 0, 0, 8214, 26972),
(15505, 0, 0, 0, 0, 26972);


DELETE FROM `conversation_template` WHERE `Id` IN (6793, 6798);
INSERT INTO `conversation_template` (`Id`, `FirstLineID`, `LastLineEndTime`, `VerifiedBuild`) VALUES
(6793, 15489, 48978, 26972),
(6798, 15505, 43748, 26972);
 
 # Creatures #
 
DELETE FROM `creature_template_addon` WHERE `entry` IN (133362, 132632 /*132632 - 261666*/, 132627 /*132627 - 261666*/, 133011 /*133011 - 211929*/, 133422 /*133422*/, 132730 /*132730 - 262605*/, 126773 /*126773*/, 132407 /*132407*/, 132671 /*132671*/, 132386 /*132386*/, 132676 /*132676*/, 132657 /*132657*/, 132705 /*132705*/, 132385 /*132385 - 260888*/, 132970 /*132970*/, 132616 /*132616*/, 132400 /*132400*/, 132397 /*132397*/, 132382 /*132382*/, 132648 /*132648*/, 132659 /*132659*/, 131345 /*131345*/);
INSERT INTO `creature_template_addon` (`entry`, `path_id`, `mount`, `bytes1`, `bytes2`, `emote`, `aiAnimKit`, `movementAnimKit`, `meleeAnimKit`, `auras`) VALUES
(132632, 0, 0, 0, 257, 0, 0, 0, 0, '261666'), -- 132632 - 261666
(132627, 0, 0, 0, 257, 0, 0, 0, 0, '261666'), -- 132627 - 261666
(133011, 0, 0, 0, 1, 0, 0, 0, 0, '211929'), -- 133011 - 211929
(133422, 0, 0, 0, 1, 0, 0, 0, 0, ''), -- 133422 ---------------------------------
(132730, 0, 0, 0, 1, 0, 0, 0, 0, '262605'), -- 132730 - 262605 -----------------
(126773, 0, 0, 0, 1, 0, 0, 0, 0, ''), -- 126773 --------------------------------
(132407, 0, 0, 0, 258, 0, 0, 0, 0, ''), -- 132407 -------------------------------
(132671, 0, 0, 0, 257, 0, 0, 0, 0, ''), -- 132671 -------------------------------
(132386, 0, 0, 0, 257, 0, 0, 0, 0, ''), -- 132386 --------------------------------
(132676, 0, 0, 0, 1, 0, 0, 0, 0, ''), -- 132676 -----------------------------------
(132657, 0, 0, 0, 257, 0, 0, 0, 0, ''), -- 132657 --------------------------------
(132705, 0, 0, 0, 1, 0, 0, 0, 0, ''), -- 132705 -----------------------------------
(132385, 0, 0, 0, 257, 0, 0, 0, 0, '260888'), -- 132385 - 260888 ----------------------
(132970, 0, 0, 0, 1, 0, 0, 0, 0, ''), -- 132970 -----------------------------------
(132616, 0, 0, 1, 257, 0, 0, 0, 0, ''), -- 132616 ----------------------------------
(132400, 0, 0, 0, 1, 0, 0, 0, 0, ''), -- 132400 ------------------------------------
(132397, 0, 0, 0, 1, 0, 0, 0, 0, ''), -- 132397 ------------------------------------
(132382, 0, 0, 0, 1, 0, 0, 0, 0, ''), -- 132382 --------------------------------------
(132648, 0, 0, 0, 256, 0, 0, 0, 0, ''), -- 132648 ------------------------------------
(132659, 0, 0, 0, 257, 0, 0, 0, 0, ''), -- 132659 ---------------------------------
(133362, 0, 0, 0, 1, 0, 0, 0, 0, '262182'), -- 133362 - 262182
(131345, 0, 0, 0, 1, 0, 0, 0, 0, ''); -- 131345 -------------------------------------

DELETE FROM `creature_template_scaling` WHERE `Entry` IN (80069, 131347, 133326, 133322, 129679, 133363, 133394, 133431, 116312, 126323, 126321, 133509, 126326, 126324, 126319, 133433, 126328, 133197, 133362, 126332, 132632, 132627, 133011, 133422, 126773, 132407, 132386, 132657, 132705, 132385, 132382, 132648, 132659, 131345);
INSERT INTO `creature_template_scaling` (`Entry`, `LevelScalingMin`, `LevelScalingMax`, `LevelScalingDeltaMin`, `LevelScalingDeltaMax`, `VerifiedBuild`) VALUES
(80069, 90, 100, 0, 0, 26972),
(131347, 110, 110, 0, 0, 26972),
(133326, 110, 110, 0, 0, 26972),
(133322, 110, 110, 0, 0, 26972),
(129679, 110, 110, 0, 0, 26972),
(133363, 110, 110, 0, 0, 26972),
(133394, 110, 110, 0, 0, 26972),
(133431, 110, 110, 0, 0, 26972),
(116312, 98, 110, 0, 0, 26972),
(126323, 110, 110, 0, 0, 26972),
(126321, 110, 110, 0, 0, 26972),
(133509, 110, 110, 0, 0, 26972),
(126326, 110, 110, 0, 0, 26972),
(126324, 110, 110, 0, 0, 26972),
(126319, 110, 110, 0, 0, 26972),
(133433, 110, 110, 0, 0, 26972),
(126328, 110, 110, 0, 0, 26972),
(133197, 110, 110, 0, 0, 26972),
(133362, 110, 110, 0, 0, 26972),
(126332, 110, 110, 0, 0, 26972),
(132632, 110, 110, 0, 0, 26972),
(132627, 110, 110, 0, 0, 26972),
(133011, 110, 110, 0, 0, 26972),
(133422, 110, 110, 0, 0, 26972),
(126773, 110, 110, 0, 0, 26972),
(132407, 110, 110, 0, 0, 26972),
(132386, 110, 110, 0, 0, 26972),
(132657, 110, 110, 0, 0, 26972),
(132705, 110, 110, 0, 0, 26972),
(132385, 110, 110, 0, 0, 26972),
(132382, 110, 110, 0, 0, 26972),
(132648, 110, 110, 0, 0, 26972),
(132659, 110, 110, 0, 0, 26972),
(131345, 110, 110, 0, 0, 26972);

DELETE FROM `creature_equip_template` WHERE (`CreatureID`=29725 AND `ID`=1) OR (`CreatureID`=7798 AND `ID`=1) OR (`CreatureID`=5512 AND `ID`=1) OR (`CreatureID`=5511 AND `ID`=1) OR (`CreatureID`=5510 AND `ID`=1) OR (`CreatureID`=957 AND `ID`=1) OR (`CreatureID`=37944 AND `ID`=1) OR (`CreatureID`=20407 AND `ID`=1) OR (`CreatureID`=43034 AND `ID`=1) OR (`CreatureID`=44236 AND `ID`=1) OR (`CreatureID`=43840 AND `ID`=1) OR (`CreatureID`=7232 AND `ID`=1) OR (`CreatureID`=6579 AND `ID`=1) OR (`CreatureID`=5519 AND `ID`=1) OR (`CreatureID`=5518 AND `ID`=1) OR (`CreatureID`=1416 AND `ID`=1) OR (`CreatureID`=45306 AND `ID`=1) OR (`CreatureID`=11026 AND `ID`=1) OR (`CreatureID`=5509 AND `ID`=1) OR (`CreatureID`=14439 AND `ID`=1) OR (`CreatureID`=49748 AND `ID`=1) OR (`CreatureID`=133675 AND `ID`=1) OR (`CreatureID`=44395 AND `ID`=1) OR (`CreatureID`=51348 AND `ID`=1) OR (`CreatureID`=1976 AND `ID`=1) OR (`CreatureID`=133332 AND `ID`=1) OR (`CreatureID`=88067 AND `ID`=1) OR (`CreatureID`=133369 AND `ID`=1) OR (`CreatureID`=133431 AND `ID`=1) OR (`CreatureID`=126321 AND `ID`=1) OR (`CreatureID`=133433 AND `ID`=1) OR (`CreatureID`=126328 AND `ID`=1) OR (`CreatureID`=133441 AND `ID`=1) OR (`CreatureID`=68 AND `ID`=1) OR (`CreatureID`=126773 AND `ID`=1) OR (`CreatureID`=132407 AND `ID`=1) OR (`CreatureID`=132648 AND `ID`=1) OR (`CreatureID`=132659 AND `ID`=1) OR (`CreatureID`=131345 AND `ID`=1);
INSERT INTO `creature_equip_template` (`CreatureID`, `ID`, `ItemID1`, `AppearanceModID1`, `ItemVisual1`, `ItemID2`, `AppearanceModID2`, `ItemVisual2`, `ItemID3`, `AppearanceModID3`, `ItemVisual3`) VALUES
(29725, 1, 7682, 0, 0, 0, 0, 0, 0, 0, 0), -- 29725
(7798, 1, 2182, 0, 0, 0, 0, 0, 0, 0, 0), -- 7798
(5512, 1, 5532, 0, 0, 0, 0, 0, 0, 0, 0), -- 5512
(5511, 1, 1903, 0, 0, 0, 0, 0, 0, 0, 0), -- 5511
(5510, 1, 0, 0, 0, 0, 0, 0, 12523, 0, 0), -- 5510
(957, 1, 1903, 0, 0, 0, 0, 0, 0, 0, 0), -- 957
(37944, 1, 1899, 0, 0, 143, 0, 0, 0, 0, 0), -- 37944
(20407, 1, 29694, 0, 0, 0, 0, 0, 0, 0, 0), -- 20407
(43034, 1, 2703, 0, 0, 0, 0, 0, 0, 0, 0), -- 43034
(44236, 1, 2716, 0, 0, 0, 0, 0, 0, 0, 0), -- 44236
(43840, 1, 45861, 0, 0, 0, 0, 0, 0, 0, 0), -- 43840
(7232, 1, 2182, 0, 0, 0, 0, 0, 0, 0, 0), -- 7232
(6579, 1, 1910, 0, 0, 0, 0, 0, 0, 0, 0), -- 6579
(5519, 1, 1911, 0, 0, 0, 0, 0, 0, 0, 0), -- 5519
(5518, 1, 4994, 0, 0, 0, 0, 0, 0, 0, 0), -- 5518
(1416, 1, 1903, 0, 0, 0, 0, 0, 0, 0, 0), -- 1416
(45306, 1, 4994, 0, 0, 0, 0, 0, 0, 0, 0), -- 45306
(11026, 1, 1911, 0, 0, 0, 0, 0, 0, 0, 0), -- 11026
(5509, 1, 5286, 0, 0, 0, 0, 0, 0, 0, 0), -- 5509
(14439, 1, 2178, 0, 0, 5284, 0, 0, 62285, 0, 0), -- 14439
(49748, 1, 1906, 0, 0, 0, 0, 0, 0, 0, 0), -- 49748
(133675, 1, 37, 0, 0, 0, 0, 0, 0, 0, 0), -- 133675
(44395, 1, 1908, 0, 0, 0, 0, 0, 0, 0, 0), -- 44395
(51348, 1, 1899, 0, 0, 143, 0, 0, 2551, 0, 0), -- 51348
(1976, 1, 1899, 0, 0, 143, 0, 0, 2551, 0, 0), -- 1976
(133332, 1, 1911, 0, 0, 0, 0, 0, 0, 0, 0), -- 133332
(88067, 1, 62484, 0, 0, 0, 0, 0, 0, 0, 0), -- 88067
(133369, 1, 37, 0, 0, 0, 0, 0, 0, 0, 0), -- 133369
(133431, 1, 0, 0, 0, 42557, 0, 0, 0, 0, 0), -- 133431
(126321, 1, 0, 0, 0, 0, 0, 0, 151781, 0, 0), -- 126321
(133433, 1, 1511, 0, 0, 0, 0, 0, 0, 0, 0), -- 133433
(126328, 1, 0, 0, 0, 0, 0, 0, 77364, 0, 0), -- 126328
(133441, 1, 25238, 0, 0, 0, 0, 0, 0, 0, 0), -- 133441
(68, 1, 1899, 0, 0, 143, 0, 0, 2551, 0, 0), -- 68
(126773, 1, 124381, 0, 0, 0, 0, 0, 0, 0, 0), -- 126773
(132407, 1, 0, 0, 0, 0, 0, 0, 105125, 0, 0), -- 132407
(132648, 1, 31604, 0, 0, 0, 0, 0, 0, 0, 0), -- 132648
(132659, 1, 33295, 0, 0, 153892, 0, 0, 0, 0, 0), -- 132659
(131345, 1, 0, 0, 0, 0, 0, 0, 151781, 0, 0); -- 131345
 
SET @CGUID = 1100225;

DELETE FROM `creature_addon` WHERE `guid` BETWEEN @CGUID+0 AND @CGUID+71;
INSERT INTO `creature_addon` (`guid`, `path_id`, `mount`, `bytes1`, `bytes2`, `emote`, `aiAnimKit`, `movementAnimKit`, `meleeAnimKit`, `auras`) VALUES
(@CGUID+0, 0, 0, 0, 1, 0, 0, 0, 0, ''), -- 131345
(@CGUID+1, 0, 0, 0, 257, 0, 0, 0, 0, ''), -- 132659
(@CGUID+2, 0, 0, 0, 257, 0, 0, 0, 0, ''), -- 132659
(@CGUID+3, 0, 0, 0, 256, 0, 0, 0, 0, ''), -- 132648
(@CGUID+4, 0, 0, 0, 1, 0, 0, 0, 0, ''), -- 132382
(@CGUID+5, 0, 0, 0, 257, 0, 0, 0, 0, ''), -- 132659
(@CGUID+6, 0, 0, 0, 1, 0, 0, 0, 0, ''), -- 132397
(@CGUID+7, 0, 0, 0, 1, 0, 0, 0, 0, ''), -- 132400
(@CGUID+8, 0, 0, 0, 1, 0, 0, 0, 0, ''), -- 132400
(@CGUID+9, 0, 0, 1, 257, 0, 0, 0, 0, ''), -- 132616
(@CGUID+10, 0, 0, 0, 256, 0, 0, 0, 0, ''), -- 132648
(@CGUID+11, 0, 0, 0, 256, 0, 0, 0, 0, ''), -- 132648
(@CGUID+12, 0, 0, 0, 1, 0, 0, 0, 0, ''), -- 132970
(@CGUID+13, 0, 0, 0, 257, 0, 0, 0, 0, '260888'), -- 132385 - 260888 - 260888
(@CGUID+14, 0, 0, 0, 257, 0, 0, 0, 0, ''), -- 132659
(@CGUID+15, 0, 0, 0, 1, 0, 0, 0, 0, ''), -- 132705
(@CGUID+16, 0, 0, 0, 257, 0, 0, 0, 0, '260888'), -- 132385 - 260888 - 260888
(@CGUID+17, 0, 0, 0, 257, 0, 0, 0, 0, ''), -- 132616
(@CGUID+18, 0, 0, 0, 257, 0, 0, 0, 0, '260888'), -- 132385 - 260888 - 260888
(@CGUID+19, 0, 0, 0, 256, 0, 0, 0, 0, ''), -- 132648
(@CGUID+20, 0, 0, 0, 1, 0, 0, 0, 0, ''), -- 132400
(@CGUID+21, 0, 0, 0, 257, 0, 0, 0, 0, ''), -- 132659
(@CGUID+22, 0, 0, 0, 257, 0, 0, 0, 0, ''), -- 132657
(@CGUID+23, 0, 0, 0, 1, 0, 0, 0, 0, ''), -- 132676
(@CGUID+24, 0, 0, 0, 257, 0, 0, 0, 0, ''), -- 132616
(@CGUID+25, 0, 0, 0, 256, 0, 0, 0, 0, ''), -- 132648
(@CGUID+26, 0, 0, 0, 257, 0, 0, 0, 0, ''), -- 132616
(@CGUID+27, 0, 0, 0, 257, 0, 0, 0, 0, ''), -- 132616
(@CGUID+28, 0, 0, 0, 1, 0, 0, 0, 0, ''), -- 132970
(@CGUID+29, 0, 0, 0, 257, 0, 0, 0, 0, ''), -- 132386
(@CGUID+30, 0, 0, 0, 257, 0, 0, 0, 0, ''), -- 132671
(@CGUID+31, 0, 0, 0, 256, 0, 0, 0, 0, ''), -- 132648
(@CGUID+32, 0, 0, 0, 1, 0, 0, 0, 0, ''), -- 132970
(@CGUID+33, 0, 0, 0, 1, 0, 0, 0, 0, ''), -- 132970
(@CGUID+34, 0, 0, 0, 258, 0, 0, 0, 0, ''), -- 132407
(@CGUID+35, 0, 0, 0, 1, 0, 0, 0, 0, ''), -- 132676
(@CGUID+36, 0, 0, 0, 258, 0, 0, 0, 0, ''), -- 132407
(@CGUID+37, 0, 0, 0, 257, 0, 0, 0, 0, ''), -- 132616
(@CGUID+38, 0, 0, 0, 258, 0, 0, 0, 0, ''), -- 132407
(@CGUID+39, 0, 0, 0, 1, 0, 0, 0, 0, ''), -- 126773
(@CGUID+40, 0, 0, 0, 256, 0, 0, 0, 0, ''), -- 132648
(@CGUID+41, 0, 0, 0, 257, 0, 0, 0, 0, ''), -- 132616
(@CGUID+42, 0, 0, 0, 257, 0, 0, 0, 0, ''), -- 132671
(@CGUID+43, 0, 0, 0, 1, 0, 0, 0, 0, ''), -- 132400
(@CGUID+44, 0, 0, 0, 1, 0, 0, 0, 0, ''), -- 132970
(@CGUID+45, 0, 0, 0, 258, 0, 0, 0, 0, ''), -- 132407
(@CGUID+46, 0, 0, 0, 1, 0, 0, 0, 0, ''), -- 132676
(@CGUID+47, 0, 0, 0, 1, 0, 0, 0, 0, '262605'), -- 132730 - 262605 - 262605
(@CGUID+48, 0, 0, 0, 1, 0, 0, 0, 0, ''), -- 132400
(@CGUID+49, 0, 0, 0, 258, 0, 0, 0, 0, ''), -- 132407
(@CGUID+50, 0, 0, 0, 1, 0, 0, 0, 0, ''), -- 132676
(@CGUID+51, 0, 0, 0, 257, 0, 0, 0, 0, ''), -- 132386
(@CGUID+52, 0, 0, 0, 1, 0, 0, 0, 0, ''), -- 132400
(@CGUID+53, 0, 0, 0, 258, 0, 0, 0, 0, ''), -- 132407
(@CGUID+54, 0, 0, 0, 257, 0, 0, 0, 0, ''), -- 132671
(@CGUID+55, 0, 0, 0, 1, 0, 0, 0, 0, ''), -- 133422
(@CGUID+56, 0, 0, 0, 1, 0, 0, 0, 0, '211929'), -- 133011 - 211929 - 211929
(@CGUID+57, 0, 0, 0, 257, 0, 0, 0, 0, '261666'), -- 132627 - 261666 - 261666
(@CGUID+58, 0, 0, 0, 1, 0, 0, 0, 0, ''), -- 132400
(@CGUID+59, 0, 0, 0, 1, 0, 0, 0, 0, ''), -- 132400
(@CGUID+60, 0, 0, 0, 258, 0, 0, 0, 0, ''), -- 132407
(@CGUID+61, 0, 0, 0, 257, 0, 0, 0, 0, '261666'), -- 132627 - 261666 - 261666
(@CGUID+62, 0, 0, 0, 258, 0, 0, 0, 0, ''), -- 132407
(@CGUID+63, 0, 0, 0, 257, 0, 0, 0, 0, ''), -- 132386
(@CGUID+64, 0, 0, 0, 257, 0, 0, 0, 0, ''), -- 132385
(@CGUID+65, 0, 0, 0, 1, 0, 0, 0, 0, ''), -- 132400
(@CGUID+66, 0, 0, 0, 257, 0, 0, 0, 0, '261666'), -- 132632 - 261666 - 261666
(@CGUID+67, 0, 0, 0, 257, 0, 0, 0, 0, '261666'), -- 132627 - 261666 - 261666
(@CGUID+68, 0, 0, 0, 1, 0, 0, 0, 0, ''), -- 132400
(@CGUID+69, 0, 0, 0, 1, 0, 0, 0, 0, ''), -- 132400
(@CGUID+70, 0, 0, 0, 258, 0, 0, 0, 0, ''), -- 132407
(@CGUID+71, 0, 0, 0, 257, 0, 0, 0, 0, '');-- 132386


 -- Templates --
 
DELETE FROM `creature_template` WHERE `entry` IN (133362, 132632 /*132632 - 261666*/, 132627 /*132627 - 261666*/, 133011 /*133011 - 211929*/, 133422 /*133422*/, 132730 /*132730 - 262605*/, 126773 /*126773*/, 132407 /*132407*/, 132671 /*132671*/, 132386 /*132386*/, 132676 /*132676*/, 132657 /*132657*/, 132705 /*132705*/, 132385 /*132385 - 260888*/, 132970 /*132970*/, 132616 /*132616*/, 132400 /*132400*/, 132397 /*132397*/, 132382 /*132382*/, 132648 /*132648*/, 132659 /*132659*/, 131345 /*131345*/, 307);
INSERT INTO `creature_template` (`entry`, `KillCredit1`, `KillCredit2`, `modelid1`, `modelid2`, `modelid3`, `modelid4`, `name`, `femaleName`, `subname`, `TitleAlt`, `IconName`, `HealthScalingExpansion`, `RequiredExpansion`, `VignetteID`, `rank`, `family`, `type`, `type_flags`, `type_flags2`, `HealthModifier`, `ManaModifier`, `RacialLeader`, `movementId`, `VerifiedBuild`) VALUES
(133422, 0, 0, 78953, 0, 0, 0, 'Shadreen', NULL, 'The Watcher', NULL, NULL, 5, 0, 0, 0, 0, 7, 4096, 0, 1, 1, 0, 0, 26972), -- 133422
(133011, 0, 0, 69732, 0, 0, 0, 'Rampant Shadow', NULL, NULL, NULL, NULL, 6, 0, 0, 0, 0, 10, 1048576, 0, 1, 1, 0, 0, 26972), -- 133011
(132632, 0, 0, 82523, 0, 0, 0, 'Instructor Duskwalker', NULL, NULL, NULL, NULL, 6, 0, 0, 0, 0, 7, 4096, 0, 5, 1, 0, 0, 26972), -- 132632
(132627, 0, 0, 82509, 82511, 82558, 82559, 'Void Initiate', NULL, NULL, NULL, NULL, 6, 0, 0, 0, 0, 7, 4096, 0, 1, 1, 0, 0, 26972), -- 132627
(132730, 0, 0, 1126, 11686, 0, 0, 'Voidstorm Visual Bunny', NULL, NULL, NULL, NULL, 0, 0, 0, 0, 0, 10, 1024, 0, 1, 1, 0, 0, 26972), -- 132730
(132386, 0, 0, 82403, 82402, 0, 0, 'Rift Warden', NULL, NULL, NULL, NULL, 6, 0, 0, 0, 0, 7, 4096, 0, 1, 1, 0, 0, 26972), -- 132386
(132676, 0, 0, 79002, 0, 0, 0, 'Voidstalker', NULL, 'Umbral Ranger''s Pet', NULL, NULL, 6, 0, 0, 0, 32, 1, 0, 0, 1, 1, 0, 43, 26972), -- 132676
(132407, 0, 0, 82526, 82409, 0, 0, 'Umbral Ranger', NULL, NULL, NULL, NULL, -1, 0, 0, 1, 0, 7, 0, 0, 1, 1, 0, 0, 26972), -- 132407
(126773, 0, 0, 78749, 0, 0, 0, 'Locus-Walker', NULL, NULL, NULL, NULL, 6, 0, 0, 0, 0, 7, 4096, 0, 30, 1, 0, 0, 26972), -- 126773
(132671, 0, 0, 82519, 82520, 0, 0, 'High Elf Wayfarer', NULL, NULL, NULL, NULL, 6, 0, 0, 0, 0, 7, 4096, 0, 1, 1, 0, 0, 26972), -- 132671
(132657, 0, 0, 82557, 0, 0, 0, 'Atynar', NULL, 'Innkeeper', NULL, NULL, 6, 0, 0, 0, 0, 7, 134221824, 0, 1, 1, 0, 0, 26972), -- 132657
(132616, 0, 0, 82512, 82513, 0, 0, 'Silvermoon Scholar', NULL, NULL, NULL, NULL, 6, 0, 0, 0, 0, 7, 4096, 0, 1, 1, 0, 0, 26972), -- 132616
(132970, 0, 0, 78511, 0, 0, 0, 'Nascent Voidling', NULL, NULL, NULL, NULL, 6, 0, 0, 0, 0, 8, 0, 0, 0.2, 1, 0, 0, 26972), -- 132970
(132397, 0, 0, 1126, 11686, 0, 0, 'Void Suppression Visual Bunny', NULL, NULL, NULL, NULL, 0, 0, 0, 0, 0, 10, 1024, 0, 1, 1, 0, 0, 26972), -- 132397
(132400, 0, 0, 79002, 0, 0, 0, 'Curious Voidstalker', NULL, NULL, NULL, NULL, 6, 0, 0, 6, 32, 1, 0, 0, 0.25, 1, 0, 43, 26972), -- 132400
(132705, 0, 0, 82596, 0, 0, 0, 'Danessa', NULL, 'Repairs', NULL, NULL, 6, 0, 0, 0, 0, 7, 0, 0, 1, 1, 0, 0, 26972), -- 132705
(132385, 0, 0, 82400, 82401, 0, 0, 'Locus Researcher', NULL, NULL, NULL, NULL, 6, 0, 0, 0, 0, 7, 4096, 0, 1, 1, 0, 0, 26972), -- 132385
(307, 0, 0, 2409, 0, 0, 0, 'Pinto', NULL, NULL, NULL, NULL, 0, 0, 0, 0, 0, 1, 0, 0, 1, 1, 0, 140, 26972), -- 307
(132648, 0, 0, 82548, 82549, 0, 0, 'Veiled Riftblade', NULL, NULL, NULL, NULL, -1, 0, 0, 1, 0, 7, 0, 0, 1, 1, 0, 0, 26972), -- 132648
(132382, 0, 0, 82404, 0, 0, 0, 'Magister Umbric', NULL, NULL, NULL, NULL, -1, 0, 0, 0, 0, 7, 4096, 64, 5, 1, 0, 0, 26972), -- 132382
(131345, 0, 0, 78869, 0, 0, 0, 'Alleria Windrunner', NULL, NULL, NULL, NULL, 6, 0, 0, 1, 0, 7, 0, 32768, 15, 15, 0, 0, 26972), -- 131345
(133362, 0, 0, 82874, 0, 0, 0, 'Ambassador Moorgard', NULL, NULL, NULL, NULL, 6, 0, 0, 0, 0, 7, 0, 32768, 5, 10, 0, 0, 26972), -- 133362
(132659, 0, 0, 82548, 82549, 0, 0, 'Veiled Riftblade', NULL, NULL, NULL, NULL, -1, 0, 0, 1, 0, 7, 0, 0, 1.5, 1, 0, 0, 26972); -- 132659

-- add this or the conversation wont work --
DELETE FROM creature_template WHERE entry = 126306;
INSERT INTO `creature_template` (`entry`, `modelid1`, `name`, `minlevel`, `maxlevel`)VALUES
(126306, 65199, 'Anduin Wrynn', 110, 110);


UPDATE creature_template SET gossip_menu_id = 0, minlevel = 3, maxlevel = 3, faction = 12, npcflag = 0, speed_walk = 1, speed_run = 1.142857, BaseAttackTime = 2000, RangeAttackTime = 2000, unit_class = 1, unit_flags = 33536, unit_flags2 = 2048, unit_flags3 = 0, dynamicflags = 0, VehicleId = 0, HoverHeight = 1 WHERE entry = 43451;

DELETE FROM `creature_model_info` WHERE `DisplayID` IN (19335, 37311, 26450, 6844, 3311, 3307, 3306, 3354, 1418, 2176, 33839, 46544, 21072, 19598, 33497, 33738, 33740, 33527, 48989, 33838, 6007, 5378, 3315, 33496, 3314, 33494, 33495, 4998, 14375, 34396, 10569, 3305, 14493, 33522, 33467, 33523, 33521, 36597, 33529, 33528, 134, 81304, 1659, 81303, 19732, 18889, 18890, 29961, 37310, 82854, 72186, 60711, 82847, 5131, 21342, 82842, 4626, 72181, 257, 221, 58463, 82867, 82875, 82928, 82931, 82895, 83233, 82884, 82918, 82925, 82899, 83229, 80978, 83232, 5446, 73155, 17822, 83235, 72873, 62093, 78867, 46929, 83231, 39623, 83234, 82772, 82897, 3167, 68729, 82874, 41667, 82523, 82559, 82509, 69732, 78953, 82403, 82526, 78749, 82409, 82520, 82402, 82557, 82401, 82512, 82596, 82400, 78511, 82513, 79002, 11686, 82404, 82549, 82548, 78869);
INSERT INTO `creature_model_info` (`DisplayID`, `BoundingRadius`, `CombatReach`, `DisplayID_Other_Gender`, `VerifiedBuild`) VALUES
(19335, 1, 1, 0, 26972),
(37311, 0.208, 1.5, 0, 26972),
(26450, 0.3519, 1.725, 0, 26972),
(6844, 0.3213, 1.575, 0, 26972),
(3311, 0.347, 1.5, 0, 26972),
(3307, 0.347, 1.5, 0, 26972),
(3306, 0.347, 1.5, 0, 26972),
(3354, 0.306, 1.5, 0, 26972),
(1418, 0.3828198, 1, 0, 26972),
(2176, 0.3828198, 1, 0, 26972),
(33839, 0.347, 1.5, 0, 26972),
(46544, 0.8613446, 2.25, 0, 26972),
(21072, 0.625, 1.25, 0, 26972),
(19598, 1, 1.5, 0, 26972),
(33497, 0.306, 1.5, 0, 26972),
(33738, 0.347, 1.5, 0, 26972),
(33740, 0.347, 1.5, 0, 26972),
(33527, 0.306, 1.5, 0, 26972),
(48989, 0.3519, 1.725, 0, 26972),
(33838, 0.347, 1.5, 0, 26972),
(6007, 0.347, 1.5, 0, 26972),
(5378, 0.3519, 1.725, 0, 26972),
(3315, 0.3519, 1.725, 0, 26972),
(33496, 0.306, 1.5, 0, 26972),
(3314, 0.3519, 1.725, 0, 26972),
(33494, 0.208, 1.5, 0, 26972),
(33495, 0.306, 1.5, 0, 26972),
(4998, 0.347, 1.5, 0, 26972),
(14375, 0.9973445, 1.5, 0, 26972),
(34396, 0.3519, 1.725, 0, 26972),
(10569, 0.3519, 1.725, 0, 26972),
(3305, 0.347, 1.5, 0, 26972),
(14493, 0.3366, 1.65, 0, 26972),
(33522, 0.208, 1.5, 0, 26972),
(33467, 0.306, 1.5, 0, 26972),
(33523, 0.306, 1.5, 0, 26972),
(33521, 0.208, 1.5, 0, 26972),
(36597, 0.306, 1.5, 0, 26972),
(33529, 0.306, 1.5, 0, 26972),
(33528, 0.306, 1.5, 0, 26972),
(134, 0.2186544, 1.5, 0, 26972),
(81304, 0.2507749, 0.15, 0, 26972),
(1659, 0.306, 1.5, 0, 26972),
(81303, 0.3519, 1.725, 0, 26972),
(19732, 0.35, 1, 0, 26972),
(18889, 0.306, 1.5, 0, 26972),
(18890, 0.306, 1.5, 0, 26972),
(29961, 0.208, 1.5, 0, 26972),
(37310, 0.306, 1.5, 0, 26972),
(82854, 0.3519, 1.725, 0, 26972),
(72186, 0.4, 0.8, 0, 26972),
(60711, 0.306, 1.5, 0, 26972),
(82847, 1, 1.5, 0, 26972),
(5131, 0.347, 1.5, 0, 26972),
(21342, 0.5, 1, 0, 26972),
(82842, 1, 1.5, 0, 26972),
(4626, 0.235, 1, 0, 26972),
(72181, 0.4, 0.8, 0, 26972),
(257, 1, 1, 0, 26972),
(221, 1, 1, 0, 26972),
(58463, 0.3519, 1.725, 0, 26972),
(82867, 0.347222, 1.5, 0, 26972),
(82875, 0.347222, 1.5, 0, 26972),
(82928, 1, 1.5, 0, 26972),
(82931, 1, 1.5, 0, 26972),
(82895, 0.306, 1.5, 0, 26972),
(83233, 1, 1.5, 0, 26972),
(82884, 0.347222, 1.5, 0, 26972),
(82918, 0.347222, 1.5, 0, 26972),
(82925, 1, 1.5, 0, 26972),
(82899, 0.347222, 1.5, 0, 26972),
(83229, 1, 1.5, 0, 26972),
(80978, 1, 1.5, 0, 26972),
(83232, 0.347222, 1.5, 0, 26972),
(5446, 0.208, 1.5, 0, 26972),
(73155, 0.3519, 1.725, 0, 26972),
(17822, 0.6, 1.2, 0, 26972),
(83235, 0.347222, 1.5, 0, 26972),
(72873, 0.958181, 2.5, 0, 26972),
(62093, 0.5253363, 1.2, 0, 26972),
(78867, 0.4272479, 1.875, 0, 26972),
(46929, 0.31, 1, 0, 26972),
(83231, 0.347222, 1.5, 0, 26972),
(39623, 0.31, 1, 0, 26972),
(83234, 1, 1.5, 0, 26972),
(82772, 0.347, 1.5, 0, 26972),
(82897, 0.306, 1.5, 0, 26972),
(3167, 0.306, 1.5, 0, 26972),
(68729, 0.2172232, 1, 0, 26972),
(82874, 0.3213, 1.575, 0, 26972),
(41667, 0.347222, 1.5, 0, 26972),
(82523, 0.347222, 1.5, 0, 26972),
(82559, 0.347222, 1.5, 0, 26972),
(82509, 0.347222, 1.5, 0, 26972),
(69732, 0.5, 1, 0, 26972),
(78953, 0.6942481, 1.1, 0, 26972),
(82403, 0.347222, 1.5, 0, 26972),
(82526, 0.347222, 1.5, 0, 26972),
(78749, 0.7573616, 1.2, 0, 26972),
(82409, 0.347222, 1.5, 0, 26972),
(82520, 0.383, 1.5, 0, 26972),
(82402, 0.347222, 1.5, 0, 26972),
(82557, 0.3124998, 1.35, 0, 26972),
(82401, 0.347222, 1.5, 0, 26972),
(82512, 0.383, 1.5, 0, 26972),
(82596, 0.347222, 1.5, 0, 26972),
(82400, 0.347222, 1.5, 0, 26972),
(78511, 0.3043069, 0.75, 0, 26972),
(82513, 0.383, 1.5, 0, 26972),
(79002, 1.299441, 0.6, 0, 26972),
(11686, 0.5, 1, 0, 26972),
(82404, 0.3993053, 1.725, 0, 26972),
(82549, 0.347222, 1.5, 0, 26972),
(82548, 0.347222, 1.5, 0, 26972),
(78869, 0.4301679, 1.5, 0, 26972);
 
 -- Spawns --
  -- BETWEEN 1100225 AND 1100500  some free for missing spawns later --

SET @CGUID = 1100225;
 
DELETE FROM `creature` WHERE `guid` BETWEEN @CGUID+0 AND @CGUID+225;
INSERT INTO `creature` (`guid`, `id`, `map`, `zoneId`, `areaId`, `spawnMask`, `PhaseId`, `PhaseGroup`, `modelid`, `equipment_id`, `position_x`, `position_y`, `position_z`, `orientation`, `spawntimesecs`, `spawndist`, `currentwaypoint`, `curhealth`, `curmana`, `MovementType`, `npcflag`, `unit_flags`, `dynamicflags`, `VerifiedBuild`) VALUES
(@CGUID+0, 131345, 1865, 9415, 9415, 3, '0', 0, 0, 0, 2138.361, 3319.132, 55.03425, 3.620402, 7200, 0, 0, 0, 0, 0, 0, 0, 0, 26972), -- 131345 (Area: 9415 - Difficulty: 0)
(@CGUID+1, 132659, 1865, 9415, 9415, 3, '0', 0, 0, 0, 2129.715, 3299.736, 56.02498, 4.904619, 7200, 0, 0, 0, 0, 0, 0, 0, 0, 26972), -- 132659 (Area: 9415 - Difficulty: 0) (Auras: )
(@CGUID+2, 132659, 1865, 9415, 9415, 3, '0', 0, 0, 0, 2128.97, 3331.279, 55.04636, 4.070835, 7200, 0, 0, 0, 0, 0, 0, 0, 0, 26972), -- 132659 (Area: 9415 - Difficulty: 0) (Auras: )
(@CGUID+3, 132648, 1865, 9415, 9415, 3, '0', 0, 0, 0, 2128.458, 3296.83, 55.77861, 0.8765352, 7200, 0, 0, 0, 0, 0, 0, 0, 0, 26972), -- 132648 (Area: 9415 - Difficulty: 0) (Auras: )
(@CGUID+4, 132382, 1865, 9415, 9415, 3, '0', 0, 0, 0, 2138.875, 3317.006, 55.0358, 3.035699, 7200, 0, 0, 0, 0, 0, 0, 0, 0, 26972), -- 132382 (Area: 9415 - Difficulty: 0)
(@CGUID+5, 132659, 1865, 9415, 9415, 3, '0', 0, 0, 0, 2127.327, 3311.113, 54.84962, 4.287663, 7200, 10, 0, 0, 0, 1, 0, 0, 0, 26972), -- 132659 (Area: 9415 - Difficulty: 0) (Auras: ) (possible waypoints or random movement)
(@CGUID+6, 132397, 1865, 9415, 9415, 3, '0', 0, 0, 0, 2102.568, 3285.865, 53.87303, 0, 7200, 0, 0, 0, 0, 0, 0, 0, 0, 26972), -- 132397 (Area: 9415 - Difficulty: 0) (Auras: )
(@CGUID+7, 132400, 1865, 9415, 9415, 3, '0', 0, 0, 0, 2126.919, 3352.119, 62.89011, 4.152548, 7200, 10, 0, 0, 0, 1, 0, 0, 0, 26972), -- 132400 (Area: 9415 - Difficulty: 0) (possible waypoints or random movement)
(@CGUID+8, 132400, 1865, 9415, 9415, 3, '0', 0, 0, 0, 2145.313, 3289.063, 63.88946, 3.926991, 7200, 10, 0, 0, 0, 1, 0, 0, 0, 26972), -- 132400 (Area: 9415 - Difficulty: 0) (possible waypoints or random movement)
(@CGUID+9, 132616, 1865, 9415, 9415, 3, '0', 0, 0, 0, 2108.292, 3360.334, 58.51019, 2.73421, 7200, 0, 0, 0, 0, 0, 0, 0, 0, 26972), -- 132616 (Area: 9415 - Difficulty: 0)
(@CGUID+10, 132648, 1865, 9415, 9415, 3, '0', 0, 0, 0, 2160.981, 3313.306, 55.28152, 2.553716, 7200, 0, 0, 0, 0, 0, 0, 0, 0, 26972), -- 132648 (Area: 9415 - Difficulty: 0) (Auras: )
(@CGUID+11, 132648, 1865, 9415, 9415, 3, '0', 0, 0, 0, 2131.853, 3297.483, 55.8849, 2.732207, 7200, 0, 0, 0, 0, 0, 0, 0, 0, 26972), -- 132648 (Area: 9415 - Difficulty: 0) (Auras: )
(@CGUID+12, 132970, 1865, 9415, 9415, 3, '0', 0, 0, 0, 2086.641, 3296.88, 54.31618, 0.1203594, 7200, 0, 0, 0, 0, 0, 0, 0, 0, 26972), -- 132970 (Area: 9415 - Difficulty: 0)
(@CGUID+13, 132385, 1865, 9415, 9415, 3, '0', 0, 0, 0, 2112.401, 3295.849, 53.93427, 3.982182, 7200, 0, 0, 0, 0, 0, 0, 0, 0, 26972), -- 132385 (Area: 9415 - Difficulty: 0) (Auras: 260888 - 260888)
(@CGUID+14, 132659, 1865, 9415, 9415, 3, '0', 0, 0, 0, 2163.523, 3326.751, 54.51115, 3.447464, 7200, 0, 0, 0, 0, 0, 0, 0, 0, 26972), -- 132659 (Area: 9415 - Difficulty: 0) (Auras: )
(@CGUID+15, 132705, 1865, 9415, 9415, 3, '0', 0, 0, 0, 2111.026, 3340.656, 56.90956, 3.524914, 7200, 0, 0, 0, 0, 0, 0, 0, 0, 26972), -- 132705 (Area: 9415 - Difficulty: 0)
(@CGUID+16, 132385, 1865, 9415, 9415, 3, '0', 0, 0, 0, 2100.175, 3301.457, 53.7151, 4.794808, 7200, 0, 0, 0, 0, 0, 0, 0, 0, 26972), -- 132385 (Area: 9415 - Difficulty: 0) (Auras: 260888 - 260888)
(@CGUID+17, 132616, 1865, 9415, 9415, 3, '0', 0, 0, 0, 2104.382, 3360.995, 58.35616, 5.917803, 7200, 0, 0, 0, 0, 0, 0, 0, 0, 26972), -- 132616 (Area: 9415 - Difficulty: 0)
(@CGUID+18, 132385, 1865, 9415, 9415, 3, '0', 0, 0, 0, 2087.495, 3285.087, 55.46344, 0.2875319, 7200, 0, 0, 0, 0, 0, 0, 0, 0, 26972), -- 132385 (Area: 9415 - Difficulty: 0) (Auras: 260888 - 260888)
(@CGUID+19, 132648, 1865, 9415, 9415, 3, '0', 0, 0, 0, 2065.948, 3321.105, 56.74007, 0.1163674, 7200, 0, 0, 0, 0, 0, 0, 0, 0, 26972), -- 132648 (Area: 9415 - Difficulty: 0) (Auras: )
(@CGUID+20, 132400, 1865, 9415, 9415, 3, '0', 0, 0, 0, 2089.219, 3347.31, 67.61395, 0.3850696, 7200, 10, 0, 0, 0, 1, 0, 0, 0, 26972), -- 132400 (Area: 9415 - Difficulty: 0) (possible waypoints or random movement)
(@CGUID+21, 132659, 1865, 9415, 9415, 3, '0', 0, 0, 0, 2069.017, 3342.969, 58.41062, 3.29889, 7200, 0, 0, 0, 0, 0, 0, 0, 0, 26972), -- 132659 (Area: 9415 - Difficulty: 0) (Auras: )
(@CGUID+22, 132657, 1865, 9415, 9415, 3, '0', 0, 0, 0, 2111.599, 3369.265, 58.50303, 2.872334, 7200, 0, 0, 0, 0, 0, 0, 0, 0, 26972), -- 132657 (Area: 9415 - Difficulty: 0)
(@CGUID+23, 132676, 1865, 9415, 9415, 3, '0', 0, 0, 0, 2127.401, 3390.816, 74.46223, 3.781807, 7200, 0, 0, 0, 0, 0, 0, 0, 0, 26972), -- 132676 (Area: 9415 - Difficulty: 0)
(@CGUID+24, 132616, 1865, 9415, 9415, 3, '0', 0, 0, 0, 2100.201, 3383.992, 58.22832, 5.072415, 7200, 0, 0, 0, 0, 0, 0, 0, 0, 26972), -- 132616 (Area: 9415 - Difficulty: 0)
(@CGUID+25, 132648, 1865, 9415, 9415, 3, '0', 0, 0, 0, 2102.293, 3372.8, 58.20439, 0.07514012, 7200, 10, 0, 0, 0, 1, 0, 0, 0, 26972), -- 132648 (Area: 9415 - Difficulty: 0) (Auras: ) (possible waypoints or random movement)
(@CGUID+26, 132616, 1865, 9415, 9415, 3, '0', 0, 0, 0, 2067.335, 3295.76, 58.48438, 4.566043, 7200, 0, 0, 0, 0, 0, 0, 0, 0, 26972), -- 132616 (Area: 9415 - Difficulty: 0)
(@CGUID+27, 132616, 1865, 9415, 9415, 3, '0', 0, 0, 0, 2102.198, 3382.317, 58.27863, 2.881385, 7200, 0, 0, 0, 0, 0, 0, 0, 0, 26972), -- 132616 (Area: 9415 - Difficulty: 0)
(@CGUID+28, 132970, 1865, 9415, 9415, 3, '0', 0, 0, 0, 2073.46, 3386.293, 56.44453, 0.6549553, 7200, 0, 0, 0, 0, 0, 0, 0, 0, 26972), -- 132970 (Area: 9415 - Difficulty: 0)
(@CGUID+29, 132386, 1865, 9415, 9415, 3, '0', 0, 0, 0, 2054.92, 3368.143, 56.61003, 1.561005, 7200, 10, 0, 0, 0, 1, 0, 0, 0, 26972), -- 132386 (Area: 9415 - Difficulty: 0) (possible waypoints or random movement)
(@CGUID+30, 132671, 1865, 9415, 9415, 3, '0', 0, 0, 0, 2061.286, 3291.822, 58.43892, 5.769348, 7200, 0, 0, 0, 0, 0, 0, 0, 0, 26972), -- 132671 (Area: 9415 - Difficulty: 0)
(@CGUID+31, 132648, 1865, 9415, 9415, 3, '0', 0, 0, 0, 2062.554, 3365.827, 56.53697, 3.996782, 7200, 0, 0, 0, 0, 0, 0, 0, 0, 26972), -- 132648 (Area: 9415 - Difficulty: 0) (Auras: )
(@CGUID+32, 132970, 1865, 9415, 9415, 3, '0', 0, 0, 0, 2103.195, 3402.454, 53.09885, 4.757442, 7200, 0, 0, 0, 0, 0, 0, 0, 0, 26972), -- 132970 (Area: 9415 - Difficulty: 0)
(@CGUID+33, 132970, 1865, 9415, 9415, 3, '0', 0, 0, 0, 2090.87, 3268.679, 53.51323, 4.212998, 7200, 0, 0, 0, 0, 0, 0, 0, 0, 26972), -- 132970 (Area: 9415 - Difficulty: 0)
(@CGUID+34, 132407, 1865, 9415, 9415, 3, '0', 0, 0, 0, 2182.726, 3298.765, 86.83848, 2.560807, 7200, 0, 0, 0, 0, 0, 0, 0, 0, 26972), -- 132407 (Area: 9415 - Difficulty: 0) (Auras: )
(@CGUID+35, 132676, 1865, 9415, 9415, 3, '0', 0, 0, 0, 2089.431, 3248.932, 75.41205, 2.482356, 7200, 0, 0, 0, 0, 0, 0, 0, 0, 26972), -- 132676 (Area: 9415 - Difficulty: 0)
(@CGUID+36, 132407, 1865, 9415, 9415, 3, '0', 0, 0, 0, 2127.663, 3389.029, 74.50723, 3.704462, 7200, 0, 0, 0, 0, 0, 0, 0, 0, 26972), -- 132407 (Area: 9415 - Difficulty: 0) (Auras: )
(@CGUID+37, 132616, 1865, 9415, 9415, 3, '0', 0, 0, 0, 2098.842, 3381.714, 58.21001, 0.5014301, 7200, 0, 0, 0, 0, 0, 0, 0, 0, 26972), -- 132616 (Area: 9415 - Difficulty: 0)
(@CGUID+38, 132407, 1865, 9415, 9415, 3, '0', 0, 0, 0, 2088.167, 3248.01, 75.28395, 2.45594, 7200, 0, 0, 0, 0, 0, 0, 0, 0, 26972), -- 132407 (Area: 9415 - Difficulty: 0) (Auras: )
(@CGUID+39, 126773, 1865, 9415, 9415, 3, '0', 0, 0, 0, 2066.686, 3288.503, 58.43725, 1.660137, 7200, 0, 0, 0, 0, 0, 0, 0, 0, 26972), -- 126773 (Area: 9415 - Difficulty: 0)
(@CGUID+40, 132648, 1865, 9415, 9415, 3, '0', 0, 0, 0, 2085.177, 3379.76, 58.96516, 4.963398, 7200, 0, 0, 0, 0, 0, 0, 0, 0, 26972), -- 132648 (Area: 9415 - Difficulty: 0) (Auras: )
(@CGUID+41, 132616, 1865, 9415, 9415, 3, '0', 0, 0, 0, 2060.255, 3296.222, 58.4375, 5.410231, 7200, 0, 0, 0, 0, 0, 0, 0, 0, 26972), -- 132616 (Area: 9415 - Difficulty: 0)
(@CGUID+42, 132671, 1865, 9415, 9415, 3, '0', 0, 0, 0, 2063.845, 3295.552, 58.43725, 4.927199, 7200, 0, 0, 0, 0, 0, 0, 0, 0, 26972), -- 132671 (Area: 9415 - Difficulty: 0)
(@CGUID+43, 132400, 1865, 9415, 9415, 3, '0', 0, 0, 0, 2025.604, 3318.64, 53.55326, 1.700653, 7200, 0, 0, 0, 0, 0, 0, 0, 0, 26972), -- 132400 (Area: 9415 - Difficulty: 0)
(@CGUID+44, 132970, 1865, 9415, 9415, 3, '0', 0, 0, 0, 2081.487, 3394.961, 54.27204, 3.84471, 7200, 0, 0, 0, 0, 0, 0, 0, 0, 26972), -- 132970 (Area: 9415 - Difficulty: 0)
(@CGUID+45, 132407, 1865, 9415, 9415, 3, '0', 0, 0, 0, 2036.728, 3265.654, 59.89959, 1.67873, 7200, 10, 0, 0, 0, 1, 0, 0, 0, 26972), -- 132407 (Area: 9415 - Difficulty: 0) (Auras: ) (possible waypoints or random movement)
(@CGUID+46, 132676, 1865, 9415, 9415, 3, '0', 0, 0, 0, 2035.001, 3268.25, 59.91273, 1.521262, 7200, 10, 0, 0, 0, 1, 0, 0, 0, 26972), -- 132676 (Area: 9415 - Difficulty: 0) (possible waypoints or random movement)
(@CGUID+47, 132730, 1865, 9415, 9415, 3, '0', 0, 0, 0, 1755.023, 3115.113, 26.22954, 0, 7200, 0, 0, 0, 0, 0, 0, 0, 0, 26972), -- 132730 (Area: 9415 - Difficulty: 0) (Auras: 262605 - 262605)
(@CGUID+48, 132400, 1865, 9415, 9415, 3, '0', 0, 0, 0, 2042.791, 3245.673, 64.28771, 3.77521, 7200, 0, 0, 0, 0, 0, 0, 0, 0, 26972), -- 132400 (Area: 9415 - Difficulty: 0)
(@CGUID+49, 132407, 1865, 9415, 9415, 3, '0', 0, 0, 0, 2036.248, 3390.868, 51.59409, 4.700202, 7200, 10, 0, 0, 0, 1, 0, 0, 0, 26972), -- 132407 (Area: 9415 - Difficulty: 0) (Auras: ) (possible waypoints or random movement)
(@CGUID+50, 132676, 1865, 9415, 9415, 3, '0', 0, 0, 0, 2038.969, 3390.06, 52.50161, 4.905931, 7200, 0, 0, 0, 0, 0, 0, 0, 0, 26972), -- 132676 (Area: 9415 - Difficulty: 0)
(@CGUID+51, 132386, 1865, 9415, 9415, 3, '0', 0, 0, 0, 2061.731, 3400.518, 55.6757, 5.164244, 7200, 0, 0, 0, 0, 0, 0, 0, 0, 26972), -- 132386 (Area: 9415 - Difficulty: 0)
(@CGUID+52, 132400, 1865, 9415, 9415, 3, '0', 0, 0, 0, 2075.088, 3407.425, 72.52053, 0.4977699, 7200, 0, 0, 0, 0, 0, 0, 0, 0, 26972), -- 132400 (Area: 9415 - Difficulty: 0)
(@CGUID+53, 132407, 1865, 9415, 9415, 3, '0', 0, 0, 0, 2082.818, 3420.573, 74.70656, 3.921842, 7200, 0, 0, 0, 0, 0, 0, 0, 0, 26972), -- 132407 (Area: 9415 - Difficulty: 0) (Auras: )
(@CGUID+54, 132671, 1865, 9415, 9415, 3, '0', 0, 0, 0, 2147.7, 3330.237, 55.07122, 3.879697, 7200, 10, 0, 0, 0, 1, 0, 0, 0, 26972), -- 132671 (Area: 9415 - Difficulty: 0) (possible waypoints or random movement)
(@CGUID+55, 133422, 1865, 9415, 9531, 3, '0', 0, 0, 0, 1735.469, 3022.973, 42.16769, 2.117321, 7200, 0, 0, 0, 0, 0, 0, 0, 0, 26972), -- 133422 (Area: 9531 - Difficulty: 0)
(@CGUID+56, 133011, 1865, 9415, 9531, 3, '0', 0, 0, 0, 1874.29, 3328.665, 97.2993, 4.244514, 7200, 0, 0, 0, 0, 0, 0, 0, 0, 26972), -- 133011 (Area: 9531 - Difficulty: 0) (Auras: 211929 - 211929)
(@CGUID+57, 132627, 1865, 9415, 9531, 3, '0', 0, 0, 0, 1866.021, 3316.373, 96.0375, 0.6779311, 7200, 0, 0, 0, 0, 0, 0, 0, 0, 26972), -- 132627 (Area: 9531 - Difficulty: 0) (Auras: 261666 - 261666)
(@CGUID+58, 132400, 1865, 9415, 9531, 3, '0', 0, 0, 0, 1851.596, 3286.03, 99.12327, 3.306774, 7200, 0, 0, 0, 0, 0, 0, 0, 0, 26972), -- 132400 (Area: 9531 - Difficulty: 0)
(@CGUID+59, 132400, 1865, 9415, 9531, 3, '0', 0, 0, 0, 1924.583, 3352.368, 104.8503, 2.420475, 7200, 10, 0, 0, 0, 1, 0, 0, 0, 26972), -- 132400 (Area: 9531 - Difficulty: 0) (possible waypoints or random movement)
(@CGUID+60, 132407, 1865, 9415, 9531, 3, '0', 0, 0, 0, 1813.203, 3306.255, 89.57291, 3.990896, 7200, 0, 0, 0, 0, 0, 0, 0, 0, 26972), -- 132407 (Area: 9531 - Difficulty: 0) (Auras: )
(@CGUID+61, 132627, 1865, 9415, 9531, 3, '0', 0, 0, 0, 1873.953, 3313.214, 96.66377, 1.972913, 7200, 0, 0, 0, 0, 0, 0, 0, 0, 26972), -- 132627 (Area: 9531 - Difficulty: 0) (Auras: 261666 - 261666)
(@CGUID+62, 132407, 1865, 9415, 9531, 3, '0', 0, 0, 0, 1910.405, 3321.087, 99.70344, 0.5113301, 7200, 0, 0, 0, 0, 0, 0, 0, 0, 26972), -- 132407 (Area: 9531 - Difficulty: 0) (Auras: )
(@CGUID+63, 132386, 1865, 9415, 9531, 3, '0', 0, 0, 0, 1834.352, 3287.444, 91.43531, 4.26802, 7200, 0, 0, 0, 0, 0, 0, 0, 0, 26972), -- 132386 (Area: 9531 - Difficulty: 0)
(@CGUID+64, 132385, 1865, 9415, 9531, 3, '0', 0, 0, 0, 1895.323, 3327.447, 98.16205, 1.000047, 7200, 0, 0, 0, 0, 0, 0, 0, 0, 26972), -- 132385 (Area: 9531 - Difficulty: 0)
(@CGUID+65, 132400, 1865, 9415, 9531, 3, '0', 0, 0, 0, 1882.813, 3268.75, 86.09026, 1.249233, 7200, 0, 0, 0, 0, 0, 0, 0, 0, 26972), -- 132400 (Area: 9531 - Difficulty: 0)
(@CGUID+66, 132632, 1865, 9415, 9531, 3, '0', 0, 0, 0, 1870.837, 3320.295, 96.41726, 4.58406, 7200, 0, 0, 0, 0, 0, 0, 0, 0, 26972), -- 132632 (Area: 9531 - Difficulty: 0) (Auras: 261666 - 261666)
(@CGUID+67, 132627, 1865, 9415, 9531, 3, '0', 0, 0, 0, 1871.514, 3315.747, 96.47585, 1.697871, 7200, 0, 0, 0, 0, 0, 0, 0, 0, 26972), -- 132627 (Area: 9531 - Difficulty: 0) (Auras: 261666 - 261666)
(@CGUID+68, 132400, 1865, 9415, 9531, 3, '0', 0, 0, 0, 1868.129, 3355.732, 105.1632, 3.378355, 7200, 0, 0, 0, 0, 0, 0, 0, 0, 26972), -- 132400 (Area: 9531 - Difficulty: 0)
(@CGUID+69, 132400, 1865, 9415, 9531, 3, '0', 0, 0, 0, 1907.813, 3281.771, 81.27103, 5.250335, 7200, 0, 0, 0, 0, 0, 0, 0, 0, 26972), -- 132400 (Area: 9531 - Difficulty: 0)
(@CGUID+70, 132407, 1865, 9415, 9531, 3, '0', 0, 0, 0, 1887.679, 3281.548, 101.7135, 5.131228, 7200, 0, 0, 0, 0, 0, 0, 0, 0, 26972), -- 132407 (Area: 9531 - Difficulty: 0) (Auras: )
(@CGUID+71, 132386, 1865, 9415, 9531, 3, '0', 0, 0, 0, 1898.273, 3328.868, 98.51544, 3.483804, 7200, 0, 0, 0, 0, 0, 0, 0, 0, 26972),-- 132386 (Area: 9531 - Difficulty: 0)
(@CGUID+72, 133362, 0, 1519, 9171, 1, '0', 0, 0, 0, -8172.592, 801.0712, 74.05038, 3.948032, 120, 0, 0, 0, 0, 0, 0, 0, 0, 26972); -- 133362 (Area: 9171 - Difficulty: 0) (Auras: 262182 - 262182)

 
 
UPDATE creature_template SET gossip_menu_id = 22089, minlevel = 110, maxlevel = 110, faction = 2501, npcflag = 3, speed_walk = 1, speed_run = 1.142857, BaseAttackTime = 2000, RangeAttackTime = 2000, unit_class = 8, unit_flags = 32768, unit_flags2 = 2048, unit_flags3 = 0, dynamicflags = 0, VehicleId = 0, HoverHeight = 1 WHERE entry = 132386; 
UPDATE creature_template SET gossip_menu_id = 0, minlevel = 110, maxlevel = 110, faction = 2774, npcflag = 0, speed_walk = 1, speed_run = 1.142857, BaseAttackTime = 2000, RangeAttackTime = 2000, unit_class = 2, unit_flags = 32768, unit_flags2 = 2048, unit_flags3 = 0, dynamicflags = 0, VehicleId = 0, HoverHeight = 1 WHERE entry = 132407; 
UPDATE creature_template SET gossip_menu_id = 0, minlevel = 110, maxlevel = 110, faction = 35, npcflag = 0, speed_walk = 0.4, speed_run = 1.142857, BaseAttackTime = 2000, RangeAttackTime = 2000, unit_class = 1, unit_flags = 32768, unit_flags2 = 2048, unit_flags3 = 0, dynamicflags = 0, VehicleId = 0, HoverHeight = 1 WHERE entry = 132400; 
UPDATE creature_template SET gossip_menu_id = 0, minlevel = 110, maxlevel = 110, faction = 2501, npcflag = 0, speed_walk = 1, speed_run = 1.142857, BaseAttackTime = 2000, RangeAttackTime = 2000, unit_class = 8, unit_flags = 32768, unit_flags2 = 2048, unit_flags3 = 0, dynamicflags = 0, VehicleId = 0, HoverHeight = 1 WHERE entry = 132627; 
UPDATE creature_template SET gossip_menu_id = 22107, minlevel = 110, maxlevel = 110, faction = 2501, npcflag = 1, speed_walk = 1, speed_run = 1.142857, BaseAttackTime = 2000, RangeAttackTime = 2000, unit_class = 8, unit_flags = 32768, unit_flags2 = 2048, unit_flags3 = 0, dynamicflags = 0, VehicleId = 0, HoverHeight = 1 WHERE entry = 132632; 
UPDATE creature_template SET gossip_menu_id = 22065, minlevel = 110, maxlevel = 110, faction = 2501, npcflag = 1, speed_walk = 1, speed_run = 1.142857, BaseAttackTime = 2000, RangeAttackTime = 2000, unit_class = 8, unit_flags = 32768, unit_flags2 = 34816, unit_flags3 = 0, dynamicflags = 0, VehicleId = 0, HoverHeight = 1 WHERE entry = 132385; 
UPDATE creature_template SET gossip_menu_id = 0, minlevel = 110, maxlevel = 110, faction = 35, npcflag = 0, speed_walk = 1, speed_run = 1.142857, BaseAttackTime = 2000, RangeAttackTime = 2000, unit_class = 1, unit_flags = 33536, unit_flags2 = 4196352, unit_flags3 = 0, dynamicflags = 0, VehicleId = 0, HoverHeight = 1 WHERE entry = 133422; 
UPDATE creature_template SET gossip_menu_id = 0, minlevel = 110, maxlevel = 110, faction = 14, npcflag = 0, speed_walk = 1, speed_run = 1.142857, BaseAttackTime = 2000, RangeAttackTime = 2000, unit_class = 2, unit_flags = 33554688, unit_flags2 = 133011, unit_flags3 = 0, dynamicflags = 0, VehicleId = 0, HoverHeight = 1 WHERE entry = 133011; 
UPDATE creature_template SET gossip_menu_id = 22067, minlevel = 110, maxlevel = 110, faction = 35, npcflag = 3, speed_walk = 1, speed_run = 1.142857, BaseAttackTime = 2000, RangeAttackTime = 2000, unit_class = 4, unit_flags = 32768, unit_flags2 = 2048, unit_flags3 = 0, dynamicflags = 0, VehicleId = 0, HoverHeight = 1 WHERE entry = 131345; 
UPDATE creature_template SET gossip_menu_id = 22080, minlevel = 110, maxlevel = 110, faction = 2774, npcflag = 1, speed_walk = 1, speed_run = 1.142857, BaseAttackTime = 2000, RangeAttackTime = 2000, unit_class = 2, unit_flags = 32768, unit_flags2 = 2048, unit_flags3 = 0, dynamicflags = 0, VehicleId = 0, HoverHeight = 1 WHERE entry = 132659; 
UPDATE creature_template SET gossip_menu_id = 22080, minlevel = 110, maxlevel = 110, faction = 2774, npcflag = 1, speed_walk = 1, speed_run = 1.142857, BaseAttackTime = 2000, RangeAttackTime = 2000, unit_class = 2, unit_flags = 32768, unit_flags2 = 2048, unit_flags3 = 0, dynamicflags = 0, VehicleId = 0, HoverHeight = 1 WHERE entry = 132648; 
UPDATE creature_template SET gossip_menu_id = 22070, minlevel = 110, maxlevel = 110, faction = 2501, npcflag = 1, speed_walk = 1, speed_run = 1.142857, BaseAttackTime = 2000, RangeAttackTime = 2000, unit_class = 8, unit_flags = 32768, unit_flags2 = 2048, unit_flags3 = 0, dynamicflags = 0, VehicleId = 0, HoverHeight = 1 WHERE entry = 132671; 
UPDATE creature_template SET gossip_menu_id = 22066, minlevel = 110, maxlevel = 110, faction = 2501, npcflag = 1, speed_walk = 1, speed_run = 1.142857, BaseAttackTime = 2000, RangeAttackTime = 2000, unit_class = 8, unit_flags = 32768, unit_flags2 = 33556480, unit_flags3 = 0, dynamicflags = 0, VehicleId = 0, HoverHeight = 1 WHERE entry = 132382; 
UPDATE creature_template SET gossip_menu_id = 22070, minlevel = 110, maxlevel = 110, faction = 2501, npcflag = 1, speed_walk = 1, speed_run = 1.142857, BaseAttackTime = 2000, RangeAttackTime = 2000, unit_class = 8, unit_flags = 32768, unit_flags2 = 2048, unit_flags3 = 0, dynamicflags = 0, VehicleId = 0, HoverHeight = 1 WHERE entry = 132616; 
UPDATE creature_template SET gossip_menu_id = 22068, minlevel = 110, maxlevel = 110, faction = 2501, npcflag = 1, speed_walk = 1, speed_run = 1.142857, BaseAttackTime = 2000, RangeAttackTime = 2000, unit_class = 4, unit_flags = 32768, unit_flags2 = 2048, unit_flags3 = 0, dynamicflags = 0, VehicleId = 0, HoverHeight = 1 WHERE entry = 126773; 
UPDATE creature_template SET gossip_menu_id = 0, minlevel = 110, maxlevel = 110, faction = 35, npcflag = 4224, speed_walk = 1, speed_run = 1.142857, BaseAttackTime = 2000, RangeAttackTime = 2000, unit_class = 1, unit_flags = 32768, unit_flags2 = 2048, unit_flags3 = 0, dynamicflags = 0, VehicleId = 0, HoverHeight = 1 WHERE entry = 132705; 
UPDATE creature_template SET gossip_menu_id = 7288, minlevel = 110, maxlevel = 110, faction = 35, npcflag = 65537, speed_walk = 1, speed_run = 1.142857, BaseAttackTime = 2000, RangeAttackTime = 2000, unit_class = 2, unit_flags = 32768, unit_flags2 = 2048, unit_flags3 = 0, dynamicflags = 0, VehicleId = 0, HoverHeight = 1 WHERE entry = 132657; 
UPDATE creature_template SET gossip_menu_id = 0, minlevel = 110, maxlevel = 110, faction = 2501, npcflag = 0, speed_walk = 1, speed_run = 1.142857, BaseAttackTime = 2000, RangeAttackTime = 2000, unit_class = 8, unit_flags = 32768, unit_flags2 = 2048, unit_flags3 = 0, dynamicflags = 0, VehicleId = 0, HoverHeight = 1 WHERE entry = 132627; 
UPDATE creature_template SET gossip_menu_id = 0, minlevel = 110, maxlevel = 110, faction = 1732, npcflag = 2, speed_walk = 1, speed_run = 1.142857, BaseAttackTime = 2000, RangeAttackTime = 2000, unit_class = 8, unit_flags = 33536, unit_flags2 = 2048, unit_flags3 = 0, dynamicflags = 0, VehicleId = 0, HoverHeight = 1 WHERE entry = 133362; 

UPDATE creature_template SET faction = 2774, unit_class = 1 WHERE entry = 132676;
UPDATE creature_template SET faction = 35, unit_class = 1 WHERE entry = 132730;
UPDATE creature_template SET faction = 35, unit_class = 1 WHERE entry = 307;
UPDATE creature_template SET faction = 35, unit_class = 1 WHERE entry = 132397;
UPDATE creature_template SET faction = 190, unit_class = 1 WHERE entry = 132970;




UPDATE gossip_menu_option SET OptionType = 1, OptionNpcFlag = 1 WHERE MenuId = 22068 AND OptionIndex = 0;

DELETE FROM `npc_vendor` WHERE (`entry`=132705 AND `item`=3857 AND `ExtendedCost`=0 AND `type`=1) OR (`entry`=132705 AND `item`=18567 AND `ExtendedCost`=0 AND `type`=1) OR (`entry`=132705 AND `item`=3466 AND `ExtendedCost`=0 AND `type`=1) OR (`entry`=132705 AND `item`=2880 AND `ExtendedCost`=0 AND `type`=1) OR (`entry`=132705 AND `item`=5956 AND `ExtendedCost`=0 AND `type`=1) OR (`entry`=132705 AND `item`=2901 AND `ExtendedCost`=0 AND `type`=1);
INSERT INTO `npc_vendor` (`entry`, `slot`, `item`, `maxcount`, `ExtendedCost`, `type`, `PlayerConditionID`, `IgnoreFiltering`, `VerifiedBuild`) VALUES
(132705, 6, 3857, 0, 0, 1, 0, 0, 26972), -- 3857
(132705, 5, 18567, 0, 0, 1, 0, 0, 26972), -- 18567
(132705, 4, 3466, 0, 0, 1, 0, 0, 26972), -- 3466
(132705, 3, 2880, 0, 0, 1, 0, 0, 26972), -- 2880
(132705, 2, 5956, 0, 0, 1, 0, 0, 26972), -- 5956
(132705, 1, 2901, 0, 0, 1, 0, 0, 26972); -- 2901
 
 
 -- Gossip --
 
 DELETE FROM `gossip_menu` WHERE (`MenuId`=22089 AND `TextId`=33825) OR (`MenuId`=22107 AND `TextId`=33847) OR (`MenuId`=22086 AND `TextId`=33823) OR (`MenuId`=22070 AND `TextId`=33799) OR (`MenuId`=7288 AND `TextId`=8618) OR (`MenuId`=22080 AND `TextId`=33813) OR (`MenuId`=22068 AND `TextId`=33797) OR (`MenuId`=22156 AND `TextId`=33943) OR (`MenuId`=22065 AND `TextId`=33794) OR (`MenuId`=22067 AND `TextId`=33796) OR (`MenuId`=22066 AND `TextId`=33795);
INSERT INTO `gossip_menu` (`MenuId`, `TextId`) VALUES
(22089, 33825), -- 132386
(22107, 33847), -- 132632
(22086, 33823), -- 132385
(22070, 33799), -- 132616
(7288, 8618), -- 132657
(22080, 33813), -- 132648
(22068, 33797), -- 126773
(22156, 33943), -- 126773
(22065, 33794), -- 132385
(22067, 33796), -- 131345
(22066, 33795); -- 132382

DELETE FROM `gossip_menu_option` WHERE (`MenuId`=7288 AND `OptionIndex`=0) OR (`MenuId`=22068 AND `OptionIndex`=0);
INSERT INTO `gossip_menu_option` (`MenuId`, `OptionIndex`, `OptionIcon`, `OptionText`, `OptionBroadcastTextId`) VALUES
(7288, 0, 5, 'Make this inn your home.', 0),
(22068, 0, 0, 'What do you know of Telogrus?', 0);

DELETE FROM `gossip_menu_option_action` WHERE (`MenuId`=22068 AND `OptionIndex`=0);
INSERT INTO `gossip_menu_option_action` (`MenuId`, `OptionIndex`, `ActionMenuId`, `ActionPoiId`) VALUES
(22068, 0, 22156, 0);

DELETE FROM `npc_text` WHERE `ID` IN (33825 /*33825*/, 33847 /*33847*/, 33823 /*33823*/, 8618 /*8618*/, 33799 /*33799*/, 33943 /*33943*/, 33797 /*33797*/, 33794 /*33794*/, 33813 /*33813*/, 33796 /*33796*/, 33795 /*33795*/);
INSERT INTO `npc_text` (`ID`, `Probability0`, `Probability1`, `Probability2`, `Probability3`, `Probability4`, `Probability5`, `Probability6`, `Probability7`, `BroadcastTextId0`, `BroadcastTextId1`, `BroadcastTextId2`, `BroadcastTextId3`, `BroadcastTextId4`, `BroadcastTextId5`, `BroadcastTextId6`, `BroadcastTextId7`, `VerifiedBuild`) VALUES
(33825, 1, 1, 1, 1, 0, 0, 0, 0, 146098, 146099, 146517, 146516, 0, 0, 0, 0, 26972), -- 33825
(33847, 1, 0, 0, 0, 0, 0, 0, 0, 146362, 0, 0, 0, 0, 0, 0, 0, 26972), -- 33847
(33823, 1, 0, 0, 0, 0, 0, 0, 0, 146090, 0, 0, 0, 0, 0, 0, 0, 26972), -- 33823
(8618, 1, 0, 0, 0, 0, 0, 0, 0, 12528, 0, 0, 0, 0, 0, 0, 0, 26972), -- 8618
(33799, 1, 1, 0, 0, 0, 0, 0, 0, 145897, 145898, 0, 0, 0, 0, 0, 0, 26972), -- 33799
(33943, 1, 0, 0, 0, 0, 0, 0, 0, 146920, 0, 0, 0, 0, 0, 0, 0, 26972), -- 33943
(33797, 1, 0, 0, 0, 0, 0, 0, 0, 145896, 0, 0, 0, 0, 0, 0, 0, 26972), -- 33797
(33794, 1, 1, 0, 0, 0, 0, 0, 0, 145890, 145892, 0, 0, 0, 0, 0, 0, 26972), -- 33794
(33813, 1, 1, 0, 0, 0, 0, 0, 0, 146006, 146148, 0, 0, 0, 0, 0, 0, 26972), -- 33813
(33796, 1, 1, 1, 0, 0, 0, 0, 0, 145895, 147271, 147272, 0, 0, 0, 0, 0, 26972), -- 33796
(33795, 1, 1, 1, 0, 0, 0, 0, 0, 145893, 146231, 147276, 0, 0, 0, 0, 0, 26972); -- 33795
 
  # Quests stuff #
  
 -- Ambassador Blackguard SAI
SET @AMBASSADOR_MOORGUARD := 133362;
UPDATE `creature_template` SET `AIName`="SmartAI" WHERE `entry`=@AMBASSADOR_MOORGUARD;
DELETE FROM `smart_scripts` WHERE `entryorguid`=@AMBASSADOR_MOORGUARD AND `source_type`=0;
INSERT INTO `smart_scripts` (`entryorguid`,`source_type`,`id`,`link`,`event_type`,`event_phase_mask`,`event_chance`,`event_flags`,`event_param1`,`event_param2`,`event_param3`,`event_param4`,`action_type`,`action_param1`,`action_param2`,`action_param3`,`action_param4`,`action_param5`,`action_param6`,`target_type`,`target_param1`,`target_param2`,`target_param3`,`target_x`,`target_y`,`target_z`,`target_o`,`comment`) VALUES
(@AMBASSADOR_MOORGUARD,0,0,0,20,0,100,0,49788,0,0,0,206,6793,0,0,0,0,0,7,0,0,0,0,0,0,0,"AMBASSADOR_MOORGUARD - On Quest 'For the Alliance' Return - conversation");
 
 
-- Locus Researcher
SET @ENTRY := 132385;
SET @SPELL := 260888;
SET @BUNNY := 132397;
SET @DISTANCE := 100;

UPDATE `creature_template` SET `AIName`='SmartAI' WHERE `entry`=@ENTRY;
DELETE FROM `smart_scripts` WHERE `source_type`=0 AND `entryorguid`=@ENTRY;
INSERT INTO `smart_scripts` (`entryorguid`,`source_type`,`id`,`link`,`event_type`,`event_phase_mask`,`event_chance`,`event_flags`,`event_param1`,`event_param2`,`event_param3`,`event_param4`,`action_type`,`action_param1`,`action_param2`,`action_param3`,`action_param4`,`action_param5`,`action_param6`,`target_type`,`target_param1`,`target_param2`,`target_param3`,`target_x`,`target_y`,`target_z`,`target_o`,`comment`) VALUES
(@ENTRY,0,0,0,1,0,100,513,500,500,500,500,11,260888,0,0,0,0,0,11,@BUNNY,@DISTANCE,0,0,0,0,0,'Cast Spell to gob');
  
  
-- ALLERIA SAI NEEDS FIXING ASDASLDKMAKLGFNJKLAG 
SET @ALLERIA := 131345;
SET @MAGISTER_UMBRIC :=132382;
UPDATE `creature_template` SET `AIName`="SmartAI" WHERE `entry`=@ALLERIA;
UPDATE `creature_template` SET `AIName`="SmartAI" WHERE `entry`=@MAGISTER_UMBRIC;
DELETE FROM `smart_scripts` WHERE `entryorguid`=@ALLERIA AND `source_type`=0;
DELETE FROM `smart_scripts` WHERE `entryorguid`=@MAGISTER_UMBRIC AND `source_type`=0;
INSERT INTO `smart_scripts` (`entryorguid`,`source_type`,`id`,`link`,`event_type`,`event_phase_mask`,`event_chance`,`event_flags`,`event_param1`,`event_param2`,`event_param3`,`event_param4`,`action_type`,`action_param1`,`action_param2`,`action_param3`,`action_param4`,`action_param5`,`action_param6`,`target_type`,`target_param1`,`target_param2`,`target_param3`,`target_x`,`target_y`,`target_z`,`target_o`,`comment`) VALUES
(@ALLERIA,0,0,0,19,0,100,0,49788,0,0,0,1,0,5000,0,0,0,0,1,0,0,0,0,0,0,0,"Aleria - On Quest 'For the Alliance' Taken - Say Line 0"),
(@ALLERIA,0,1,0,52,0,100,0,0,@ALLERIA,0,0,1,1,11000,0,0,0,0,1,0,0,0,0,0,0,0,"First Arcanist Thalyssra - On Text 0 Over - Say Line 1"),
(@MAGISTER_UMBRIC,0,2,0,52,0,100,0,1,@MAGISTER_UMBRIC,0,0,1,2,11000,0,0,0,0,1,0,0,0,0,0,0,0,"First Arcanist Thalyssra - On Text 1 Over - Say Line 2"),
(@MAGISTER_UMBRIC,0,3,0,52,0,100,0,2,@MAGISTER_UMBRIC,0,0,1,3,11000,0,0,0,0,1,0,0,0,0,0,0,0,"First Arcanist Thalyssra - On Text 2 Over - Say Line 3"),
(@ALLERIA,0,4,0,52,0,100,0,3,@ALLERIA,0,0,1,4,11000,0,0,0,0,1,0,0,0,0,0,0,0,"First Arcanist Thalyssra - On Text 3 Over - Say Line 4");

DELETE FROM creature_text WHERE CreatureID=@ALLERIA;
DELETE FROM creature_text WHERE CreatureID=@MAGISTER_UMBRIC;
INSERT INTO creature_text (CreatureID, GroupID, ID, Text, Type, Language, Probability, Emote, Duration, Sound, BroadcastTextId, TextRange, comment)VALUES
(@ALLERIA, 0, 0, 'Some will tell you that the Light is the only path. The one weapon that can stop the enemies of Azeroth.', 12, 0, 100, 1, 0, 0, 143203, 0, ''),
(@ALLERIA, 1, 1, 'But we see alternatives. Many roads--many possibilities--that are open to us.', 12, 0, 100, 1, 0, 0, 143204, 0, ''),
(@MAGISTER_UMBRIC, 2, 2, 'There will be those who doubt you. Who question your resolve, your ability to harness powers that have caused the downfall of weaker wills.', 12, 0, 100, 1, 0, 0, 143205, 0, ''),
(@MAGISTER_UMBRIC, 3, 3, 'Together, we will prove them wrong.', 12, 0, 100, 1, 0, 0, 143615, 0, ''),
(@ALLERIA, 4, 4, 'Use the lessons I have taught you to maintain control. Become a weapon for the Alliance... even as you skirt the edge of darkness.', 12, 0, 100, 1, 0, 0, 143206, 0, '');

  
  
  
  
  
  DELETE FROM `quest_template` WHERE `ID` IN (10 /*10*/, 28564 /*28564*/, 50305 /*50305*/, 49788 /*49788*/, 46736 /*46736*/, 46735 /*46735*/, 46277 /*46277*/);
INSERT INTO `quest_template` (`ID`, `QuestType`, `QuestLevel`, `MaxScalingLevel`, `QuestPackageID`, `MinLevel`, `QuestSortID`, `QuestInfoID`, `SuggestedGroupNum`, `RewardNextQuest`, `RewardXPDifficulty`, `RewardXPMultiplier`, `RewardMoney`, `RewardMoneyDifficulty`, `RewardMoneyMultiplier`, `RewardBonusMoney`, `RewardDisplaySpell1`, `RewardDisplaySpell2`, `RewardDisplaySpell3`, `RewardSpell`, `RewardHonor`, `RewardKillHonor`, `StartItem`, `RewardArtifactXPDifficulty`, `RewardArtifactXPMultiplier`, `RewardArtifactCategoryID`, `Flags`, `FlagsEx`, `RewardSkillLineID`, `RewardNumSkillUps`, `PortraitGiver`, `PortraitTurnIn`, `RewardItem1`, `RewardItem2`, `RewardItem3`, `RewardItem4`, `RewardAmount1`, `RewardAmount2`, `RewardAmount3`, `RewardAmount4`, `ItemDrop1`, `ItemDrop2`, `ItemDrop3`, `ItemDrop4`, `ItemDropQuantity1`, `ItemDropQuantity2`, `ItemDropQuantity3`, `ItemDropQuantity4`, `RewardChoiceItemID1`, `RewardChoiceItemID2`, `RewardChoiceItemID3`, `RewardChoiceItemID4`, `RewardChoiceItemID5`, `RewardChoiceItemID6`, `RewardChoiceItemQuantity1`, `RewardChoiceItemQuantity2`, `RewardChoiceItemQuantity3`, `RewardChoiceItemQuantity4`, `RewardChoiceItemQuantity5`, `RewardChoiceItemQuantity6`, `RewardChoiceItemDisplayID1`, `RewardChoiceItemDisplayID2`, `RewardChoiceItemDisplayID3`, `RewardChoiceItemDisplayID4`, `RewardChoiceItemDisplayID5`, `RewardChoiceItemDisplayID6`, `POIContinent`, `POIx`, `POIy`, `POIPriority`, `RewardTitle`, `RewardArenaPoints`, `RewardFactionID1`, `RewardFactionID2`, `RewardFactionID3`, `RewardFactionID4`, `RewardFactionID5`, `RewardFactionValue1`, `RewardFactionValue2`, `RewardFactionValue3`, `RewardFactionValue4`, `RewardFactionValue5`, `RewardFactionCapIn1`, `RewardFactionCapIn2`, `RewardFactionCapIn3`, `RewardFactionCapIn4`, `RewardFactionCapIn5`, `RewardFactionOverride1`, `RewardFactionOverride2`, `RewardFactionOverride3`, `RewardFactionOverride4`, `RewardFactionOverride5`, `RewardFactionFlags`, `AreaGroupID`, `TimeAllowed`, `AllowableRaces`, `QuestRewardID`, `Expansion`, `LogTitle`, `LogDescription`, `QuestDescription`, `AreaDescription`, `QuestCompletionLog`, `RewardCurrencyID1`, `RewardCurrencyID2`, `RewardCurrencyID3`, `RewardCurrencyID4`, `RewardCurrencyQty1`, `RewardCurrencyQty2`, `RewardCurrencyQty3`, `RewardCurrencyQty4`, `PortraitGiverText`, `PortraitGiverName`, `PortraitTurnInText`, `PortraitTurnInName`, `AcceptedSoundKitID`, `CompleteSoundKitID`, `VerifiedBuild`) VALUES
(10, 2, 48, 255, 0, 39, 440, 0, 0, 110, 5, 1, 0, 0, 1, 180, 0, 0, 0, 0, 0, 0, 0, 0, 1, 0, 16392, 0, 0, 0, 0, 0, 0, 0, 0, 0, 0, 0, 0, 0, 0, 0, 0, 0, 0, 0, 0, 0, 0, 0, 0, 0, 0, 0, 0, 0, 0, 0, 0, 0, 0, 0, 0, 0, 0, 0, 0, 0, 0, 0, 0, 0, 369, 0, 0, 0, 0, 5, 0, 0, 0, 0, 7, 7, 7, 7, 7, 0, 0, 0, 0, 0, 0, 0, 0, 18446744073709551615, 0, 0, 'The Scrimshank Redemption', 'Discover the fate of Junior Surveyor Scrimshank, and bring either him or his surveying equipment to Senior Surveyor Fizzledowser in Gadgetzan.', 'Oh, this is just terrible!  I sent out my top assistant, Junior Surveyor Scrimshank, into the desert southeast of here.  That''s an area we call the Gaping Chasm.  Well, he''s gone missing, and his last report had more of those weird bugs where he was.  Could it be that they''ve infested two major regions of the desert now?$B$BI need you to head into the Gaping Chasm and look for Scrimshank, please!  That... or at least find his surveying equipment.  I fear that may be all that is left of the poor sod.', '', '', 0, 0, 0, 0, 0, 0, 0, 0, '', '', '', '', 890, 878, 26972), -- 10
(28564, 2, -1, 60, 0, 20, 10, 0, 0, 26618, 1, 1, 125, 1, 1, 0, 0, 0, 0, 0, 0, 0, 0, 0, 1, 0, 8, 0, 0, 0, 0, 0, 0, 0, 0, 0, 0, 0, 0, 0, 0, 0, 0, 0, 0, 0, 0, 0, 0, 0, 0, 0, 0, 0, 0, 0, 0, 0, 0, 0, 0, 0, 0, 0, 0, 0, 0, 0, 0, 0, 0, 0, 72, 0, 0, 0, 0, 1, 0, 0, 0, 0, 7, 7, 7, 7, 7, 0, 0, 0, 0, 0, 0, 0, 0, 824181837, 0, 0, 'Hero''s Call: Duskwood!', 'Report to Commander Althea Ebonlocke at Darkshire in Duskwood.', 'By order of his royal highness, King Anduin Wrynn, all able-bodied citizens of the Alliance are to report to Commander Althea Ebonlocke in Darkshire.$B$BThe commander''s watchmen are stretched thin defending against marauding wolves and bands of wild worgen. They cannot hold out for long without your help. You can reach Darkshire in Duskwood by following the road south at the border between Elwynn Forest and the Redridge Mountains.$B$BFor the glory and honor of the Alliance!', '', '', 0, 0, 0, 0, 0, 0, 0, 0, '', '', '', '', 890, 878, 26972), -- 28564
(50305, 2, 20, 255, 0, 20, -439, 0, 0, 0, 0, 1, 125, 1, 1, 0, 0, 0, 0, 0, 0, 0, 0, 0, 1, 0, 39845896, 8192, 0, 0, 0, 0, 0, 0, 0, 0, 0, 0, 0, 0, 0, 0, 0, 0, 0, 0, 0, 0, 0, 0, 0, 0, 0, 0, 0, 0, 0, 0, 0, 0, 0, 0, 0, 0, 0, 0, 0, 0, 0, 0, 0, 0, 0, 0, 0, 0, 0, 0, 0, 0, 0, 0, 7, 7, 7, 7, 7, 0, 0, 0, 0, 0, 0, 0, 0, 268435456, 0, 6, 'Stranger in a Strange Land', 'Find the Hero''s Call board in Stormwind City.', 'Welcome to Stormwind, $r. King Anduin Wrynn invites you to explore our fair city. Say, you look like someone who enjoys the night life. We have many popular taverns and a vibrant music scene! \n\nAh, but that can wait. An emissary of the ren''dorei is standing by to tell you of adventures that await beyond the city walls.\n\nHave a pleasant stay, $n. Oh, and a friendly word of advice... best to keep control of those shadowy powers you wield. Not everyone in Stormwind is as enlightened as I am!', '', '', 0, 0, 0, 0, 0, 0, 0, 0, '', '', '', '', 890, 878, 26972), -- 50305
(49788, 2, 20, 255, 0, 20, -439, 0, 0, 50305, 1, 1, 125, 1, 1, 0, 0, 0, 0, 0, 0, 0, 0, 0, 1, 0, 39845896, 8192, 0, 0, 0, 0, 157022, 157758, 0, 0, 1, 1, 0, 0, 0, 0, 0, 0, 0, 0, 0, 0, 0, 0, 0, 0, 0, 0, 0, 0, 0, 0, 0, 0, 0, 0, 0, 0, 0, 0, 0, 0, 0, 0, 0, 0, 0, 0, 0, 0, 0, 0, 0, 0, 0, 0, 7, 7, 7, 7, 7, 0, 0, 0, 0, 0, 0, 0, 0, 268435456, 0, 6, 'For the Alliance', 'Meet Ambassador Moorgard at the Stormwind Embassy.', 'Mastering the whispers requires constant focus and discipline. Your dedication inspires all who bear the name ren''dorei--for we have become children of the Void.\n\nYou have learned many lessons here, but the time has come to venture beyond Telogrus Rift.\n\nGo to Stormwind, the heart of the Alliance. There, the king''s ambassador will greet you and guide you along your journey.\n\nAzeroth must be defended. I can think of no one better suited to answer that call than you, $p.', '', 'Meet Ambassador Moorgard at the Stormwind Embassy.', 0, 0, 0, 0, 0, 0, 0, 0, '', '', '', '', 890, 878, 26972), -- 49788
(46736, 0, -1, 255, 0, 110, 0, 143, 0, 0, 0, 1, 0, 0, 1, 0, 0, 0, 0, 0, 0, 0, 0, 0, 1, 0, 100728840, 33554432, 0, 0, 0, 0, 152654, 0, 0, 0, 1, 0, 0, 0, 0, 0, 0, 0, 0, 0, 0, 0, 0, 0, 0, 0, 0, 0, 0, 0, 0, 0, 0, 0, 0, 0, 0, 0, 0, 0, 0, 0, 0, 0, 0, 0, 2045, 0, 0, 0, 0, 4, 0, 0, 0, 0, 7, 7, 7, 7, 7, 0, 0, 0, 0, 0, 0, 0, 0, 18446744073709551615, 0, 0, 'Contribute to Nether Disruptor', '', '', '', '', 1226, 0, 0, 0, 75, 0, 0, 0, '', '', '', '', 0, 0, 26972), -- 46736
(46735, 0, -1, 255, 0, 110, 0, 143, 0, 0, 0, 1, 0, 0, 1, 0, 0, 0, 0, 0, 0, 0, 0, 0, 1, 0, 100728840, 33554432, 0, 0, 0, 0, 152654, 0, 0, 0, 1, 0, 0, 0, 0, 0, 0, 0, 0, 0, 0, 0, 0, 0, 0, 0, 0, 0, 0, 0, 0, 0, 0, 0, 0, 0, 0, 0, 0, 0, 0, 0, 0, 0, 0, 0, 2045, 0, 0, 0, 0, 4, 0, 0, 0, 0, 7, 7, 7, 7, 7, 0, 0, 0, 0, 0, 0, 0, 0, 18446744073709551615, 0, 0, 'Contribute to Command Center', '', '', '', '', 1226, 0, 0, 0, 75, 0, 0, 0, '', '', '', '', 0, 0, 26972), -- 46735
(46277, 0, -1, 255, 0, 110, 0, 143, 0, 0, 0, 1, 0, 0, 1, 0, 0, 0, 0, 0, 0, 0, 0, 0, 1, 0, 100729096, 33554432, 0, 0, 0, 0, 152654, 0, 0, 0, 1, 0, 0, 0, 0, 0, 0, 0, 0, 0, 0, 0, 0, 0, 0, 0, 0, 0, 0, 0, 0, 0, 0, 0, 0, 0, 0, 0, 0, 0, 0, 0, 0, 0, 0, 0, 2045, 0, 0, 0, 0, 4, 0, 0, 0, 0, 7, 7, 7, 7, 7, 0, 0, 0, 0, 0, 0, 0, 0, 18446744073709551615, 0, 6, 'Contribute to Mage Tower', '', '', '', '', 1226, 0, 0, 0, 75, 0, 0, 0, '', '', '', '', 0, 0, 26972); -- 46277


DELETE FROM `quest_objectives` WHERE `ID` IN (252103 /*252103*/, 312122 /*312122*/, 289536 /*289536*/, 289535 /*289535*/, 289167 /*289167*/);
INSERT INTO `quest_objectives` (`ID`, `QuestID`, `Type`, `Order`, `StorageIndex`, `ObjectID`, `Amount`, `Flags`, `Flags2`, `ProgressBarWeight`, `Description`, `VerifiedBuild`) VALUES
(252103, 10, 1, 0, 0, 8593, 1, 0, 1, 0, '', 26972), -- 252103
(312122, 50305, 14, 0, 1, 65224, 1, 0, 0, 0, 'Hero''s Call Board found', 26972), -- 312122
(289536, 46736, 4, 0, -1, 1342, 100, 0, 0, 0, '', 26972), -- 289536
(289535, 46735, 4, 0, -1, 1342, 100, 0, 0, 0, '', 26972), -- 289535
(289167, 46277, 4, 0, -1, 1342, 100, 0, 0, 0, '', 26972); -- 289167


DELETE FROM `quest_visual_effect` WHERE (`ID`=312122 AND `Index`=0);
INSERT INTO `quest_visual_effect` (`ID`, `Index`, `VisualEffect`, `VerifiedBuild`) VALUES
(312122, 0, 8537, 26972);
  
  DELETE FROM `quest_offer_reward` WHERE `ID` IN (50305 /*50305*/, 49788 /*49788*/);
INSERT INTO `quest_offer_reward` (`ID`, `Emote1`, `Emote2`, `Emote3`, `Emote4`, `EmoteDelay1`, `EmoteDelay2`, `EmoteDelay3`, `EmoteDelay4`, `RewardText`, `VerifiedBuild`) VALUES
(50305, 1, 2, 0, 0, 0, 5000, 0, 0, 'Welcome to Stormwind. Though it is no Silvermoon, the city does have its charms.\n\nIf you came here expecting a warm welcome, I cannot say I have received one myself. But most folk are polite enough.\n\nNo matter. I am off to seek adventure! And perhaps a stiff drink.', 26972), -- 50305
(49788, 5, 0, 0, 0, 0, 0, 0, 0, 'Ah, there you are, $n! We''ve been inspecting--err--expecting you!', 26972); -- 49788


DELETE FROM `quest_poi` WHERE (`QuestID`=28564 AND `BlobIndex`=1 AND `Idx1`=2) OR (`QuestID`=28564 AND `BlobIndex`=0 AND `Idx1`=1) OR (`QuestID`=28564 AND `BlobIndex`=0 AND `Idx1`=0) OR (`QuestID`=50305 AND `BlobIndex`=0 AND `Idx1`=2) OR (`QuestID`=50305 AND `BlobIndex`=0 AND `Idx1`=1) OR (`QuestID`=50305 AND `BlobIndex`=0 AND `Idx1`=0) OR (`QuestID`=49788 AND `BlobIndex`=0 AND `Idx1`=1) OR (`QuestID`=49788 AND `BlobIndex`=0 AND `Idx1`=0);
INSERT INTO `quest_poi` (`QuestID`, `BlobIndex`, `Idx1`, `ObjectiveIndex`, `QuestObjectiveID`, `QuestObjectID`, `MapID`, `WorldMapAreaId`, `Floor`, `Priority`, `Flags`, `WorldEffectID`, `PlayerConditionID`, `WoDUnk1`, `AlwaysAllowMergingBlobs`, `VerifiedBuild`) VALUES
(28564, 1, 2, 32, 0, 0, 0, 301, 0, 0, 0, 0, 0, 0, 0, 26972), -- 28564
(28564, 0, 1, 32, 0, 0, 0, 301, 0, 0, 0, 0, 0, 0, 0, 26972), -- 28564
(28564, 0, 0, -1, 0, 0, 0, 34, 0, 0, 1, 0, 0, 0, 0, 26972), -- 28564
(50305, 0, 2, 32, 0, 0, 0, 301, 0, 0, 0, 0, 0, 1456603, 0, 26972), -- 50305
(50305, 0, 1, 0, 312122, 65224, 0, 301, 0, 0, 2, 0, 0, 0, 0, 26972), -- 50305
(50305, 0, 0, -1, 0, 0, 0, 301, 0, 0, 0, 0, 0, 1430521, 0, 26972), -- 50305
(49788, 0, 1, 32, 0, 0, 1865, 1215, 0, 0, 0, 0, 0, 1430507, 0, 26972), -- 49788
(49788, 0, 0, -1, 0, 0, 0, 301, 0, 0, 0, 0, 0, 1456603, 0, 26972); -- 49788

DELETE FROM `quest_poi_points` WHERE (`QuestID`=28564 AND `Idx1`=2 AND `Idx2`=0) OR (`QuestID`=28564 AND `Idx1`=1 AND `Idx2`=0) OR (`QuestID`=28564 AND `Idx1`=0 AND `Idx2`=0) OR (`QuestID`=50305 AND `Idx1`=2 AND `Idx2`=0) OR (`QuestID`=50305 AND `Idx1`=1 AND `Idx2`=0) OR (`QuestID`=50305 AND `Idx1`=0 AND `Idx2`=0) OR (`QuestID`=49788 AND `Idx1`=1 AND `Idx2`=0) OR (`QuestID`=49788 AND `Idx1`=0 AND `Idx2`=0);
INSERT INTO `quest_poi_points` (`QuestID`, `Idx1`, `Idx2`, `X`, `Y`, `VerifiedBuild`) VALUES
(28564, 2, 0, -8342, 642, 26972), -- 28564
(28564, 1, 0, -8824, 631, 26972), -- 28564
(28564, 0, 0, -10562, -1151, 26972), -- 28564
(50305, 2, 0, -8173, 801, 26972), -- 50305
(50305, 1, 0, -8349, 631, 26972), -- 50305
(50305, 0, 0, -8342, 632, 26972), -- 50305
(49788, 1, 0, 2138, 3319, 26972), -- 49788
(49788, 0, 0, -8173, 801, 26972); -- 49788


DELETE FROM `quest_details` WHERE `ID` IN (28564 /*28564*/, 50305 /*50305*/, 49788 /*49788*/);
INSERT INTO `quest_details` (`ID`, `Emote1`, `Emote2`, `Emote3`, `Emote4`, `EmoteDelay1`, `EmoteDelay2`, `EmoteDelay3`, `EmoteDelay4`, `VerifiedBuild`) VALUES
(28564, 1, 1, 0, 0, 0, 0, 0, 0, 26972), -- 28564
(50305, 1, 5, 0, 0, 0, 5000, 0, 0, 26972), -- 50305
(49788, 1, 1, 0, 0, 0, 0, 0, 0, 26972); -- 49788

DELETE FROM creature_queststarter WHERE (`id` = 131345 AND `quest` = 49788) OR (`id` = 131345 AND `quest` = 49788);
INSERT INTO creature_queststarter (`id`, `quest`)VALUES
(131345, 49788);

DELETE FROM creature_questender WHERE (`id` = 131345 AND `quest` = 49928) OR (`id` = 133362 AND `quest` = 49788);
INSERT INTO creature_questender (`id`, `quest`)VALUES
(131345, 49928),
(133362, 49788);
 
-- Templates --



# Objects #
 
  -- Templates --
  DELETE FROM `gameobject_template_addon` WHERE `entry` IN (206110 /*206110*/, 205105 /*205105*/, 205104 /*205104*/, 203801 /*203801*/, 203762 /*203762*/, 204987 /*204987*/, 281339 /*281339*/, 204988 /*204988*/, 218719 /*218719*/, 209692 /*209692*/, 209039 /*209039*/, 207416 /*207416*/, 273282 /*273282*/, 227908 /*227908*/, 210181 /*210181*/, 227907 /*227907*/, 203751 /*203751*/, 204281 /*204281*/, 279608 /*279608*/, 280794 /*280794*/, 280793 /*280793*/, 280944 /*280944*/, 279607 /*279607*/, 253044 /*253044*/, 268668 /*268668*/);
INSERT INTO `gameobject_template_addon` (`entry`, `faction`, `flags`) VALUES
(206110, 0, 32), -- 206110
(205105, 1732, 0), -- 205105
(205104, 1732, 0), -- 205104
(203801, 0, 4), -- 203801
(203762, 0, 4), -- 203762
(204987, 1732, 0), -- 204987
(281339, 12, 262144), -- 281339
(204988, 1732, 0), -- 204988
(218719, 1375, 16), -- 218719
(209692, 0, 32), -- 209692
(209039, 0, 32), -- 209039
(207416, 0, 32), -- 207416
(273282, 1375, 0), -- 273282
(227908, 114, 0), -- 227908
(210181, 0, 32), -- 210181
(227907, 114, 0), -- 227907
(203751, 0, 4), -- 203751
(204281, 94, 4), -- 204281
(279608, 0, 32), -- 279608
(280794, 0, 32), -- 280794
(280793, 0, 32), -- 280793
(280944, 1732, 0), -- 280944
(279607, 0, 32), -- 279607
(253044, 1375, 16), -- 253044
(268668, 1375, 8192); -- 268668

/*



DELETE FROM `gameobject_addon` WHERE `guid` BETWEEN @OGUID+0 AND @OGUID+155;
INSERT INTO `gameobject_addon` (`guid`, `parent_rotation0`, `parent_rotation1`, `parent_rotation2`, `parent_rotation3`) VALUES
(@OGUID+47, 0, 0, 0.9255404, -0.3786489), -- 278327
(@OGUID+50, 0, 0, 0.9255404, -0.3786489), -- 278330
(@OGUID+52, 0, 0, 0.9255404, -0.3786489), -- 278324
(@OGUID+53, 0, 0, 0.9255404, -0.3786489), -- 278325
(@OGUID+54, 0, 0, 0.9255404, -0.3786489), -- 278326
(@OGUID+56, 0, 0, 0.9255404, -0.3786489), -- 278328
(@OGUID+58, 0, 0, 0.9255404, -0.3786489), -- 278329
(@OGUID+59, 0, 0, 0.9255404, -0.3786489), -- 278331
(@OGUID+60, 0, 0, 0.9255404, -0.3786489), -- 278332
(@OGUID+61, 0, 0, 0.9255404, -0.3786489), -- 278333
(@OGUID+71, 0, 0, 0.968148, -0.2503785), -- 227907
(@OGUID+72, 0, 0, -0.386711, 0.9222009), -- 232234
(@OGUID+76, 0, 0, -0.386711, 0.9222009), -- 232224
(@OGUID+78, 0, 0, -0.386711, 0.9222009), -- 232225
(@OGUID+81, 0, 0, 0.968148, -0.2503785), -- 227906
(@OGUID+83, 0, 0, 0.968148, -0.2503785), -- 227908
(@OGUID+84, 0, 0, 0.968148, -0.2503785), -- 227909
(@OGUID+86, 0, 0, -0.386711, 0.9222009), -- 232235
(@OGUID+108, 0, 0, 0.944089, -0.3296907), -- 202267
(@OGUID+109, 0, 0, 0.944089, -0.3296907), -- 202273
(@OGUID+110, 0, 0, 0.944089, -0.3296907), -- 202271
(@OGUID+111, 0, 0, 0.944089, -0.3296907), -- 203976
(@OGUID+112, 0, 0, 0.944089, -0.3296907), -- 202272
(@OGUID+113, 0, 0, 0.944089, -0.3296907), -- 202270
(@OGUID+114, 0, 0, 0.944089, -0.3296907), -- 202274
(@OGUID+119, 0, 0, 0.944089, -0.3296907), -- 201461
(@OGUID+120, 0, 0, 0.944089, -0.3296907), -- 201462
(@OGUID+126, 0, 0, 0.944089, -0.3296907), -- 201478
(@OGUID+127, 0, 0, 0.944089, -0.3296907), -- 201479
(@OGUID+128, 0, 0, 0.944089, -0.3296907), -- 201480
(@OGUID+129, 0, 0, 0.944089, -0.3296907), -- 201481
(@OGUID+131, 0, 0, 0.944089, -0.3296907), -- 201482
(@OGUID+132, 0, 0, 0.944089, -0.3296907), -- 201483
(@OGUID+133, 0, 0, 0.944089, -0.3296907), -- 201484
(@OGUID+134, 0, 0, 0.944089, -0.3296907), -- 201485
(@OGUID+136, 0, 0, 0.944089, -0.3296907), -- 201463
(@OGUID+137, 0, 0, 0.944089, -0.3296907), -- 201474
(@OGUID+138, 0, 0, 0.944089, -0.3296907), -- 201475
(@OGUID+139, 0, 0, 0.944089, -0.3296907), -- 205104
(@OGUID+140, 0, 0, 0.944089, -0.3296907), -- 201476
(@OGUID+141, 0, 0, 0.944089, -0.3296907), -- 205105
(@OGUID+142, 0, 0, 0.944089, -0.3296907), -- 201477
(@OGUID+144, 0, 0, 0.944089, -0.3296907), -- 201420
(@OGUID+145, 0, 0, 0.944089, -0.3296907), -- 201455
(@OGUID+146, 0, 0, 0.944089, -0.3296907), -- 201458
(@OGUID+147, 0, 0, 0.944089, -0.3296907), -- 201459
(@OGUID+148, 0, 0, 0.944089, -0.3296907), -- 201460
(@OGUID+149, 0, 0, 0.944089, -0.3296907), -- 201415
(@OGUID+150, 0, 0, 0.944089, -0.3296907), -- 206560
(@OGUID+151, 0, 0, 0.944089, -0.3296907), -- 201416
(@OGUID+152, 0, 0, 0.944089, -0.3296907), -- 201417
(@OGUID+153, 0, 0, 0.944089, -0.3296907), -- 201418
(@OGUID+154, 0, 0, 0.944089, -0.3296907), -- 201419
(@OGUID+155, 0, 0, 0.944089, -0.3296907); -- 201454

*/

DELETE FROM `gameobject_template` WHERE `entry` IN (176310 /*176310*/, 201458 /*201458*/, 201455 /*201455*/, 201454 /*201454*/, 201459 /*201459*/, 201460 /*201460*/, 206560 /*206560*/, 201416 /*201416*/, 201420 /*201420*/, 201418 /*201418*/, 201419 /*201419*/, 201415 /*201415*/, 201417 /*201417*/, 206110 /*206110*/, 201480 /*201480*/, 201483 /*201483*/, 201475 /*201475*/, 201484 /*201484*/, 205104 /*205104*/, 201485 /*201485*/, 201476 /*201476*/, 201478 /*201478*/, 201482 /*201482*/, 201481 /*201481*/, 201479 /*201479*/, 205105 /*205105*/, 201477 /*201477*/, 201474 /*201474*/, 203801 /*203801*/, 201463 /*201463*/, 201461 /*201461*/, 201462 /*201462*/, 203762 /*203762*/, 92011 /*92011*/, 204987 /*204987*/, 193585 /*193585*/, 193583 /*193583*/, 180047 /*180047*/, 193584 /*193584*/, 202274 /*202274*/, 202272 /*202272*/, 202270 /*202270*/, 203976 /*203976*/, 202273 /*202273*/, 202271 /*202271*/, 202267 /*202267*/, 281339 /*281339*/, 204988 /*204988*/, 218719 /*218719*/, 209692 /*209692*/, 209039 /*209039*/, 281304 /*281304*/, 231870 /*231870*/, 190536 /*190536*/, 210181 /*210181*/, 207416 /*207416*/, 273282 /*273282*/, 227906 /*227906*/, 227908 /*227908*/, 227909 /*227909*/, 281164 /*281164*/, 232235 /*232235*/, 227907 /*227907*/, 232234 /*232234*/, 232224 /*232224*/, 232225 /*232225*/, 281205 /*281205*/, 250568 /*250568*/, 281204 /*281204*/, 278311 /*278311*/, 203751 /*203751*/, 278328 /*278328*/, 278331 /*278331*/, 278329 /*278329*/, 278324 /*278324*/, 278333 /*278333*/, 278332 /*278332*/, 278325 /*278325*/, 278326 /*278326*/, 278327 /*278327*/, 204281 /*204281*/, 278330 /*278330*/, 278310 /*278310*/, 279608 /*279608*/, 281022 /*281022*/, 281016 /*281016*/, 281015 /*281015*/, 280794 /*280794*/, 280793 /*280793*/, 280963 /*280963*/, 280960 /*280960*/, 280945 /*280945*/, 280944 /*280944*/, 280968 /*280968*/, 280958 /*280958*/, 280964 /*280964*/, 280967 /*280967*/, 253044 /*253044*/, 221625 /*221625*/, 280800 /*280800*/, 279607 /*279607*/, 280974 /*280974*/, 280972 /*280972*/, 280973 /*280973*/, 280975 /*280975*/, 280970 /*280970*/, 280971 /*280971*/, 280959 /*280959*/, 268668 /*268668*/, 280946 /*280946*/, 280949 /*280949*/, 280969 /*280969*/);
INSERT INTO `gameobject_template` (`entry`, `type`, `displayId`, `name`, `IconName`, `castBarCaption`, `unk1`, `size`, `Data0`, `Data1`, `Data2`, `Data3`, `Data4`, `Data5`, `Data6`, `Data7`, `Data8`, `Data9`, `Data10`, `Data11`, `Data12`, `Data13`, `Data14`, `Data15`, `Data16`, `Data17`, `Data18`, `Data19`, `Data20`, `Data21`, `Data22`, `Data23`, `Data24`, `Data25`, `Data26`, `Data27`, `Data28`, `Data29`, `Data30`, `Data31`, `Data32`, `RequiredLevel`, `VerifiedBuild`) VALUES
(176310, 15, 3015, 'Ship (The Bravery)', '', '', '', 1, 967, 30, 1, 0, 0, 1, 588, 0, 0, 0, 0, 0, 0, 0, 0, 0, 0, 0, 0, 0, 0, 0, 0, 0, 0, 0, 0, 0, 0, 0, 0, 0, 0, 0, 26972), -- 176310
(201458, 7, 39, 'Wooden Chair', '', '', '', 0.9999999, 1, 1, 0, 0, 0, 0, 0, 0, 0, 0, 0, 0, 0, 0, 0, 0, 0, 0, 0, 0, 0, 0, 0, 0, 0, 0, 0, 0, 0, 0, 0, 0, 0, 0, 26972), -- 201458
(201455, 7, 91, 'Highback Chair', '', '', '', 1, 1, 1, 0, 0, 0, 0, 0, 0, 0, 0, 0, 0, 0, 0, 0, 0, 0, 0, 0, 0, 0, 0, 0, 0, 0, 0, 0, 0, 0, 0, 0, 0, 0, 0, 26972), -- 201455
(201454, 7, 91, 'Highback Chair', '', '', '', 1, 1, 1, 0, 0, 0, 0, 0, 0, 0, 0, 0, 0, 0, 0, 0, 0, 0, 0, 0, 0, 0, 0, 0, 0, 0, 0, 0, 0, 0, 0, 0, 0, 0, 0, 26972), -- 201454
(201459, 7, 39, 'Wooden Chair', '', '', '', 0.9999996, 1, 1, 0, 0, 0, 0, 0, 0, 0, 0, 0, 0, 0, 0, 0, 0, 0, 0, 0, 0, 0, 0, 0, 0, 0, 0, 0, 0, 0, 0, 0, 0, 0, 0, 26972), -- 201459
(201460, 7, 39, 'Wooden Chair', '', '', '', 0.9999994, 1, 1, 0, 0, 0, 0, 0, 0, 0, 0, 0, 0, 0, 0, 0, 0, 0, 0, 0, 0, 0, 0, 0, 0, 0, 0, 0, 0, 0, 0, 0, 0, 0, 0, 26972), -- 201460
(206560, 8, 209, 'Forge', '', '', '', 1.064328, 3, 10, 0, 0, 0, 0, 0, 0, 0, 0, 0, 0, 0, 0, 0, 0, 0, 0, 0, 0, 0, 0, 0, 0, 0, 0, 0, 0, 0, 0, 0, 0, 0, 0, 26972), -- 206560
(201416, 8, 273, 'Anvil', '', '', '', 1.17, 1, 10, 0, 0, 0, 0, 0, 0, 0, 0, 0, 0, 0, 0, 0, 0, 0, 0, 0, 0, 0, 0, 0, 0, 0, 0, 0, 0, 0, 0, 0, 0, 0, 0, 26972), -- 201416
(201420, 8, 209, 'Forge', '', '', '', 1.064328, 3, 10, 0, 0, 0, 0, 0, 0, 0, 0, 0, 0, 0, 0, 0, 0, 0, 0, 0, 0, 0, 0, 0, 0, 0, 0, 0, 0, 0, 0, 0, 0, 0, 0, 26972), -- 201420
(201418, 8, 305, 'Forge', '', '', '', 1, 3, 10, 0, 0, 0, 0, 0, 0, 0, 0, 0, 0, 0, 0, 0, 0, 0, 0, 0, 0, 0, 0, 0, 0, 0, 0, 0, 0, 0, 0, 0, 0, 0, 0, 26972), -- 201418
(201419, 8, 204, 'Forge', '', '', '', 1, 3, 10, 0, 0, 0, 0, 0, 0, 0, 0, 0, 0, 0, 0, 0, 0, 0, 0, 0, 0, 0, 0, 0, 0, 0, 0, 0, 0, 0, 0, 0, 0, 0, 0, 26972), -- 201419
(201415, 8, 273, 'Anvil', '', '', '', 0.8403361, 1, 10, 0, 0, 0, 0, 0, 0, 0, 0, 0, 0, 0, 0, 0, 0, 0, 0, 0, 0, 0, 0, 0, 0, 0, 0, 0, 0, 0, 0, 0, 0, 0, 0, 26972), -- 201415
(201417, 8, 233, 'Forge', '', '', '', 1.18, 3, 10, 0, 0, 0, 0, 0, 0, 0, 0, 0, 0, 0, 0, 0, 0, 0, 0, 0, 0, 0, 0, 0, 0, 0, 0, 0, 0, 0, 0, 0, 0, 0, 0, 26972), -- 201417
(206110, 5, 10015, 'Portal to Moonglade', '', '', '', 1, 0, 0, 0, 1, 0, 0, 0, 0, 0, 0, 0, 0, 0, 0, 0, 0, 0, 0, 0, 0, 0, 0, 0, 0, 0, 0, 0, 0, 0, 0, 0, 0, 0, 0, 26972), -- 206110
(201480, 7, 39, 'Wooden Chair', '', '', '', 0.9999994, 1, 1, 0, 0, 0, 0, 0, 0, 0, 0, 0, 0, 0, 0, 0, 0, 0, 0, 0, 0, 0, 0, 0, 0, 0, 0, 0, 0, 0, 0, 0, 0, 0, 0, 26972), -- 201480
(201483, 7, 39, 'Wooden Chair', '', '', '', 0.9999997, 1, 1, 0, 0, 0, 0, 0, 0, 0, 0, 0, 0, 0, 0, 0, 0, 0, 0, 0, 0, 0, 0, 0, 0, 0, 0, 0, 0, 0, 0, 0, 0, 0, 0, 26972), -- 201483
(201475, 7, 39, 'Wooden Chair', '', '', '', 0.9999995, 1, 1, 0, 0, 0, 0, 0, 0, 0, 0, 0, 0, 0, 0, 0, 0, 0, 0, 0, 0, 0, 0, 0, 0, 0, 0, 0, 0, 0, 0, 0, 0, 0, 0, 26972), -- 201475
(201484, 7, 39, 'Wooden Chair', '', '', '', 0.9999993, 1, 1, 0, 0, 0, 0, 0, 0, 0, 0, 0, 0, 0, 0, 0, 0, 0, 0, 0, 0, 0, 0, 0, 0, 0, 0, 0, 0, 0, 0, 0, 0, 0, 0, 26972), -- 201484
(205104, 34, 7607, 'Guild Vault', '', '', '', 0.7692751, 0, 0, 0, 0, 0, 0, 0, 0, 0, 0, 0, 0, 0, 0, 0, 0, 0, 0, 0, 0, 0, 0, 0, 0, 0, 0, 0, 0, 0, 0, 0, 0, 0, 0, 26972), -- 205104
(201485, 7, 39, 'Wooden Chair', '', '', '', 0.9999996, 1, 1, 0, 0, 0, 0, 0, 0, 0, 0, 0, 0, 0, 0, 0, 0, 0, 0, 0, 0, 0, 0, 0, 0, 0, 0, 0, 0, 0, 0, 0, 0, 0, 0, 26972), -- 201485
(201476, 7, 39, 'Wooden Chair', '', '', '', 0.9999998, 1, 1, 0, 0, 0, 0, 0, 0, 0, 0, 0, 0, 0, 0, 0, 0, 0, 0, 0, 0, 0, 0, 0, 0, 0, 0, 0, 0, 0, 0, 0, 0, 0, 0, 26972), -- 201476
(201478, 7, 39, 'Wooden Chair', '', '', '', 0.9999995, 1, 1, 0, 0, 0, 0, 0, 0, 0, 0, 0, 0, 0, 0, 0, 0, 0, 0, 0, 0, 0, 0, 0, 0, 0, 0, 0, 0, 0, 0, 0, 0, 0, 0, 26972), -- 201478
(201482, 7, 39, 'Wooden Chair', '', '', '', 0.9999993, 1, 1, 0, 0, 0, 0, 0, 0, 0, 0, 0, 0, 0, 0, 0, 0, 0, 0, 0, 0, 0, 0, 0, 0, 0, 0, 0, 0, 0, 0, 0, 0, 0, 0, 26972), -- 201482
(201481, 7, 39, 'Wooden Chair', '', '', '', 0.9999995, 1, 1, 0, 0, 0, 0, 0, 0, 0, 0, 0, 0, 0, 0, 0, 0, 0, 0, 0, 0, 0, 0, 0, 0, 0, 0, 0, 0, 0, 0, 0, 0, 0, 0, 26972), -- 201481
(201479, 7, 39, 'Wooden Chair', '', '', '', 0.9999998, 1, 1, 0, 0, 0, 0, 0, 0, 0, 0, 0, 0, 0, 0, 0, 0, 0, 0, 0, 0, 0, 0, 0, 0, 0, 0, 0, 0, 0, 0, 0, 0, 0, 0, 26972), -- 201479
(205105, 34, 7607, 'Guild Vault', '', '', '', 0.7692751, 0, 0, 0, 0, 0, 0, 0, 0, 0, 0, 0, 0, 0, 0, 0, 0, 0, 0, 0, 0, 0, 0, 0, 0, 0, 0, 0, 0, 0, 0, 0, 0, 0, 0, 26972), -- 205105
(201477, 7, 39, 'Wooden Chair', '', '', '', 0.9999995, 1, 1, 0, 0, 0, 0, 0, 0, 0, 0, 0, 0, 0, 0, 0, 0, 0, 0, 0, 0, 0, 0, 0, 0, 0, 0, 0, 0, 0, 0, 0, 0, 0, 0, 26972), -- 201477
(201474, 7, 39, 'Wooden Chair', '', '', '', 0.9999993, 1, 1, 0, 0, 0, 0, 0, 0, 0, 0, 0, 0, 0, 0, 0, 0, 0, 0, 0, 0, 0, 0, 0, 0, 0, 0, 0, 0, 0, 0, 0, 0, 0, 0, 26972), -- 201474
(203801, 3, 5511, 'Sack of Confectioner''s Sugar', '', '', '', 1, 43, 29959, 0, 1, 0, 0, 0, 0, 0, 0, 0, 0, 0, 0, 0, 0, 0, 0, 0, 0, 0, 0, 0, 0, 0, 0, 0, 0, 0, 0, 0, 0, 0, 0, 26972), -- 203801
(201463, 7, 39, 'Wooden Chair', '', '', '', 0.9999996, 1, 1, 0, 0, 0, 0, 0, 0, 0, 0, 0, 0, 0, 0, 0, 0, 0, 0, 0, 0, 0, 0, 0, 0, 0, 0, 0, 0, 0, 0, 0, 0, 0, 0, 26972), -- 201463
(201461, 7, 39, 'Wooden Chair', '', '', '', 0.9999997, 1, 1, 0, 0, 0, 0, 0, 0, 0, 0, 0, 0, 0, 0, 0, 0, 0, 0, 0, 0, 0, 0, 0, 0, 0, 0, 0, 0, 0, 0, 0, 0, 0, 0, 26972), -- 201461
(201462, 7, 39, 'Wooden Chair', '', '', '', 0.9999993, 1, 1, 0, 0, 0, 0, 0, 0, 0, 0, 0, 0, 0, 0, 0, 0, 0, 0, 0, 0, 0, 0, 0, 0, 0, 0, 0, 0, 0, 0, 0, 0, 0, 0, 26972), -- 201462
(203762, 3, 433, 'Juicy Apple', '', 'Gathering', '', 1, 259, 29952, 0, 1, 0, 0, 0, 0, 0, 0, 0, 0, 0, 0, 24982, 0, 0, 0, 0, 0, 0, 0, 0, 0, 0, 0, 0, 0, 0, 0, 0, 0, 0, 0, 26972), -- 203762
(92011, 8, 273, 'Grimand''s Anvil', '', '', '', 0.6, 1, 10, 0, 0, 0, 0, 0, 0, 0, 0, 0, 0, 0, 0, 0, 0, 0, 0, 0, 0, 0, 0, 0, 0, 0, 0, 0, 0, 0, 0, 0, 0, 0, 0, 26972), -- 92011
(204987, 19, 1907, 'Mailbox', '', '', '', 1, 0, 0, 0, 0, 0, 0, 0, 0, 0, 0, 0, 0, 0, 0, 0, 0, 0, 0, 0, 0, 0, 0, 0, 0, 0, 0, 0, 0, 0, 0, 0, 0, 0, 0, 26972), -- 204987
(193585, 5, 318, 'Lunchbox Tools', '', '', '', 1, 0, 0, 0, 0, 0, 0, 0, 0, 0, 0, 0, 0, 0, 0, 0, 0, 0, 0, 0, 0, 0, 0, 0, 0, 0, 0, 0, 0, 0, 0, 0, 0, 0, 0, 26972), -- 193585
(193583, 5, 1208, 'Gnome Bucket Tools 01', '', '', '', 0.75, 0, 0, 0, 0, 0, 0, 0, 0, 0, 0, 0, 0, 0, 0, 0, 0, 0, 0, 0, 0, 0, 0, 0, 0, 0, 0, 0, 0, 0, 0, 0, 0, 0, 0, 26972), -- 193583
(180047, 5, 138, 'Westfall Chair', '', '', '', 1, 0, 0, 0, 0, 0, 0, 0, 0, 0, 0, 0, 0, 0, 0, 0, 0, 0, 0, 0, 0, 0, 0, 0, 0, 0, 0, 0, 0, 0, 0, 0, 0, 0, 0, 26972), -- 180047
(193584, 5, 1209, 'Gnome Bucket Tools 02', '', '', '', 1, 0, 0, 0, 0, 0, 0, 0, 0, 0, 0, 0, 0, 0, 0, 0, 0, 0, 0, 0, 0, 0, 0, 0, 0, 0, 0, 0, 0, 0, 0, 0, 0, 0, 0, 26972), -- 193584
(202274, 7, 622, 'Stone Bench', '', '', '', 1.275496, 1, 1, 0, 0, 0, 0, 0, 0, 0, 0, 0, 0, 0, 0, 0, 0, 0, 0, 0, 0, 0, 0, 0, 0, 0, 0, 0, 0, 0, 0, 0, 0, 0, 0, 26972), -- 202274
(202272, 7, 622, 'Stone Bench', '', '', '', 1.275496, 1, 1, 0, 0, 0, 0, 0, 0, 0, 0, 0, 0, 0, 0, 0, 0, 0, 0, 0, 0, 0, 0, 0, 0, 0, 0, 0, 0, 0, 0, 0, 0, 0, 0, 26972), -- 202272
(202270, 7, 622, 'Stone Bench', '', '', '', 1.275496, 1, 1, 0, 0, 0, 0, 0, 0, 0, 0, 0, 0, 0, 0, 0, 0, 0, 0, 0, 0, 0, 0, 0, 0, 0, 0, 0, 0, 0, 0, 0, 0, 0, 0, 26972), -- 202270
(203976, 5, 9662, 'Auction House', '', '', '', 1, 1, 1, 0, 0, 0, 0, 0, 0, 0, 0, 0, 0, 0, 0, 0, 0, 0, 0, 0, 0, 0, 0, 0, 0, 0, 0, 0, 0, 0, 0, 0, 0, 0, 0, 26972), -- 203976
(202273, 7, 622, 'Stone Bench', '', '', '', 1.275496, 1, 1, 0, 0, 0, 0, 0, 0, 0, 0, 0, 0, 0, 0, 0, 0, 0, 0, 0, 0, 0, 0, 0, 0, 0, 0, 0, 0, 0, 0, 0, 0, 0, 0, 26972), -- 202273
(202271, 7, 622, 'Stone Bench', '', '', '', 1.275496, 1, 1, 0, 0, 0, 0, 0, 0, 0, 0, 0, 0, 0, 0, 0, 0, 0, 0, 0, 0, 0, 0, 0, 0, 0, 0, 0, 0, 0, 0, 0, 0, 0, 0, 26972), -- 202271
(202267, 7, 622, 'Stone Bench', '', '', '', 1.275496, 1, 1, 0, 0, 0, 0, 0, 0, 0, 0, 0, 0, 0, 0, 0, 0, 0, 0, 0, 0, 0, 0, 0, 0, 0, 0, 0, 0, 0, 0, 0, 0, 0, 0, 26972), -- 202267
(281339, 10, 10016, 'Hero''s Call Board', '', '', '', 1, 2824, 0, 0, 0, 0, 0, 0, 0, 0, 0, 261654, 0, 0, 0, 0, 0, 0, 1, 0, 0, 1, 0, 0, 1, 0, 0, 0, 0, 0, 0, 0, 0, 0, 10, 26972), -- 281339
(204988, 19, 1907, 'Mailbox', '', '', '', 1, 0, 0, 0, 0, 0, 0, 0, 0, 0, 0, 0, 0, 0, 0, 0, 0, 0, 0, 0, 0, 0, 0, 0, 0, 0, 0, 0, 0, 0, 0, 0, 0, 0, 0, 26972), -- 204988
(218719, 10, 11496, 'Raft', '', '', '', 1.5, 0, 0, 0, 3000, 0, 0, 0, 0, 0, 0, 0, 0, 0, 0, 0, 0, 0, 0, 0, 0, 0, 1, 0, 0, 0, 0, 0, 0, 0, 0, 0, 0, 0, 0, 26972), -- 218719
(209692, 5, 718, 'Potts'' Plates', '', '', '', 1, 1, 1, 0, 1, 0, 0, 0, 0, 0, 0, 0, 0, 0, 0, 0, 0, 0, 0, 0, 0, 0, 0, 0, 0, 0, 0, 0, 0, 0, 0, 0, 0, 0, 0, 26972), -- 209692
(209039, 5, 7720, 'The Shady Lady', '', '', '', 1, 1, 1, 0, 1, 0, 0, 0, 0, 0, 0, 0, 0, 0, 0, 0, 0, 0, 0, 0, 0, 0, 0, 0, 0, 0, 0, 0, 0, 0, 0, 0, 0, 0, 0, 26972), -- 209039
(281304, 5, 1248, 'Heavy Logs', '', '', '', 7, 0, 0, 0, 0, 0, 0, 0, 0, 0, 0, 0, 0, 0, 0, 0, 0, 0, 0, 0, 0, 0, 0, 0, 0, 0, 0, 0, 0, 0, 0, 0, 0, 0, 0, 26972), -- 281304
(231870, 5, 17158, 'Lumber', '', '', '', 1.5, 0, 0, 0, 0, 0, 0, 0, 0, 0, 0, 0, 0, 0, 0, 0, 0, 0, 0, 0, 0, 0, 0, 0, 0, 0, 0, 0, 0, 0, 0, 0, 0, 0, 0, 26972), -- 231870
(190536, 15, 7446, 'Ship, Icebreaker (Stormwind''s Pride)', '', '', '', 1, 965, 21, 1, 0, 0, 1, 614, 3481, 0, 0, 0, 0, 0, 0, 0, 0, 0, 0, 0, 0, 0, 0, 0, 0, 0, 0, 0, 0, 0, 0, 0, 0, 0, 0, 26972), -- 190536
(210181, 5, 11106, 'Deathwing Trophy (0.7)', '', '', '', 0.7, 0, 0, 0, 1, 0, 0, 0, 0, 0, 0, 0, 0, 0, 0, 0, 0, 0, 0, 0, 0, 0, 0, 0, 0, 0, 0, 0, 0, 0, 0, 0, 0, 0, 0, 26972), -- 210181
(207416, 22, 445, 'Waters of Farseeing', '', '', '', 2.029997, 94687, -1, 0, 0, 1, 11723, 0, 0, 0, 0, 0, 0, 0, 0, 0, 0, 0, 0, 0, 0, 0, 0, 0, 0, 0, 0, 0, 0, 0, 0, 0, 0, 0, 0, 26972), -- 207416
(273282, 5, 44007, 'Lightforged Golem', '', '', '', 1, 0, 0, 0, 0, 0, 0, 0, 0, 0, 0, 0, 0, 0, 0, 0, 0, 0, 0, 0, 0, 0, 0, 0, 0, 0, 0, 0, 0, 0, 0, 0, 0, 0, 0, 26972), -- 273282
(227906, 8, 14650, 'Anvil', '', '', '', 1, 1, 10, 0, 0, 0, 0, 0, 0, 0, 0, 0, 0, 0, 0, 0, 0, 0, 0, 0, 0, 0, 0, 0, 0, 0, 0, 0, 0, 0, 0, 0, 0, 0, 0, 26972), -- 227906
(227908, 5, 15459, 'Log Bundle', '', '', '', 1, 0, 1, 0, 0, 0, 0, 0, 0, 0, 0, 0, 0, 0, 0, 0, 0, 0, 0, 0, 0, 0, 0, 0, 0, 0, 0, 0, 0, 0, 0, 0, 0, 0, 0, 26972), -- 227908
(227909, 8, 15460, 'Forge', '', '', '', 1.03, 3, 10, 0, 0, 0, 0, 0, 0, 0, 0, 0, 0, 0, 0, 0, 0, 0, 0, 0, 0, 0, 0, 0, 0, 0, 0, 0, 0, 0, 0, 0, 0, 0, 0, 26972), -- 227909
(281164, 5, 47548, 'Lightforged Banner', '', '', '', 0.3, 0, 0, 0, 0, 0, 0, 0, 0, 0, 0, 0, 0, 0, 0, 0, 0, 0, 0, 0, 0, 0, 0, 0, 0, 0, 0, 0, 0, 0, 0, 0, 0, 0, 0, 26972), -- 281164
(232235, 7, 15618, 'Woodbench', '', '', '', 1, 1, 2, 0, 0, 0, 0, 0, 0, 0, 0, 0, 0, 0, 0, 0, 0, 0, 0, 0, 0, 0, 0, 0, 0, 0, 0, 0, 0, 0, 0, 0, 0, 0, 0, 26972), -- 232235
(227907, 5, 15458, 'Keg Stand', '', '', '', 1, 0, 1, 0, 0, 0, 0, 0, 0, 0, 0, 0, 0, 0, 0, 0, 0, 0, 0, 0, 0, 0, 0, 0, 0, 0, 0, 0, 0, 0, 0, 0, 0, 0, 0, 26972), -- 227907
(232234, 7, 15618, 'Woodbench', '', '', '', 1, 1, 2, 0, 0, 0, 0, 0, 0, 0, 0, 0, 0, 0, 0, 0, 0, 0, 0, 0, 0, 0, 0, 0, 0, 0, 0, 0, 0, 0, 0, 0, 0, 0, 0, 26972), -- 232234
(232224, 7, 15413, 'Woodbench', '', '', '', 0.9999999, 1, 2, 0, 0, 0, 0, 0, 0, 0, 0, 0, 0, 0, 0, 0, 0, 0, 0, 0, 0, 0, 0, 0, 0, 0, 0, 0, 0, 0, 0, 0, 0, 0, 0, 26972), -- 232224
(232225, 7, 15413, 'Woodbench', '', '', '', 1, 1, 2, 0, 0, 0, 0, 0, 0, 0, 0, 0, 0, 0, 0, 0, 0, 0, 0, 0, 0, 0, 0, 0, 0, 0, 0, 0, 0, 0, 0, 0, 0, 0, 0, 26972), -- 232225
(281205, 5, 7409, 'Simmering Stew', '', '', '', 2, 0, 1, 0, 0, 0, 0, 0, 0, 0, 0, 0, 0, 0, 0, 0, 0, 0, 0, 0, 0, 0, 0, 0, 0, 0, 0, 0, 0, 0, 0, 0, 0, 0, 0, 26972), -- 281205
(250568, 5, 34273, 'Pot', '', '', '', 1, 0, 0, 0, 0, 0, 0, 0, 0, 0, 0, 0, 0, 0, 0, 0, 0, 0, 0, 0, 0, 0, 0, 0, 0, 0, 0, 0, 0, 0, 0, 0, 0, 0, 0, 26972), -- 250568
(281204, 5, 14839, 'Cooking Table', '', '', '', 1, 0, 0, 0, 0, 0, 0, 0, 0, 0, 0, 0, 0, 0, 0, 0, 0, 0, 0, 0, 0, 0, 0, 0, 0, 0, 0, 0, 0, 0, 0, 0, 0, 0, 0, 26972), -- 281204
(278311, 8, 23396, 'Bonfire', '', '', '', 1, 4, 10, 215916, 0, 0, 0, 0, 0, 0, 0, 0, 0, 0, 0, 0, 0, 0, 0, 0, 0, 0, 0, 0, 0, 0, 0, 0, 0, 0, 0, 0, 0, 0, 0, 26972), -- 278311
(203751, 3, 60, 'Stormwind Pumpkin', '', 'Harvesting', '', 1, 43, 29946, 0, 1, 0, 0, 0, 0, 0, 0, 0, 0, 0, 0, 42231, 0, 0, 0, 0, 0, 0, 0, 0, 0, 0, 0, 0, 0, 0, 0, 0, 0, 0, 0, 26972), -- 203751
(278328, 5, 15617, 'Chair', '', '', '', 1, 0, 0, 0, 0, 0, 0, 0, 0, 0, 0, 0, 0, 0, 0, 0, 0, 0, 0, 0, 0, 0, 0, 0, 0, 0, 0, 0, 0, 0, 0, 0, 0, 0, 0, 26972), -- 278328
(278331, 7, 15617, 'Chair', '', '', '', 1, 1, 1, 0, 0, 0, 0, 0, 0, 0, 0, 0, 0, 0, 0, 0, 0, 0, 0, 0, 0, 0, 0, 0, 0, 0, 0, 0, 0, 0, 0, 0, 0, 0, 0, 26972), -- 278331
(278329, 7, 15617, 'Chair', '', '', '', 1, 1, 1, 0, 0, 0, 0, 0, 0, 0, 0, 0, 0, 0, 0, 0, 0, 0, 0, 0, 0, 0, 0, 0, 0, 0, 0, 0, 0, 0, 0, 0, 0, 0, 0, 26972), -- 278329
(278324, 7, 15617, 'Chair', '', '', '', 1, 1, 1, 0, 0, 0, 0, 0, 0, 0, 0, 0, 0, 0, 0, 0, 0, 0, 0, 0, 0, 0, 0, 0, 0, 0, 0, 0, 0, 0, 0, 0, 0, 0, 0, 26972), -- 278324
(278333, 7, 15618, 'Bench', '', '', '', 1, 1, 1, 0, 0, 0, 0, 0, 0, 0, 0, 0, 0, 0, 0, 0, 0, 0, 0, 0, 0, 0, 0, 0, 0, 0, 0, 0, 0, 0, 0, 0, 0, 0, 0, 26972), -- 278333
(278332, 7, 15618, 'Bench', '', '', '', 1, 1, 1, 0, 0, 0, 0, 0, 0, 0, 0, 0, 0, 0, 0, 0, 0, 0, 0, 0, 0, 0, 0, 0, 0, 0, 0, 0, 0, 0, 0, 0, 0, 0, 0, 26972), -- 278332
(278325, 7, 15617, 'Chair', '', '', '', 0.9999999, 1, 1, 0, 0, 0, 0, 0, 0, 0, 0, 0, 0, 0, 0, 0, 0, 0, 0, 0, 0, 0, 0, 0, 0, 0, 0, 0, 0, 0, 0, 0, 0, 0, 0, 26972), -- 278325
(278326, 7, 15618, 'Bench', '', '', '', 1, 1, 1, 0, 0, 0, 0, 0, 0, 0, 0, 0, 0, 0, 0, 0, 0, 0, 0, 0, 0, 0, 0, 0, 0, 0, 0, 0, 0, 0, 0, 0, 0, 0, 0, 26972), -- 278326
(278327, 7, 15618, 'Bench', '', '', '', 1, 1, 1, 0, 0, 0, 0, 0, 0, 0, 0, 0, 0, 0, 0, 0, 0, 0, 0, 0, 0, 0, 0, 0, 0, 0, 0, 0, 0, 0, 0, 0, 0, 0, 0, 26972), -- 278327
(204281, 3, 20, 'Worm Mound', '', 'Digging', '', 1, 259, 30786, 0, 1, 0, 0, 0, 0, 0, 0, 0, 0, 0, 0, 35059, 0, 0, 0, 0, 0, 0, 0, 0, 0, 0, 0, 0, 0, 0, 0, 0, 0, 0, 0, 26972), -- 204281
(278330, 7, 15419, 'Chair', '', '', '', 1, 1, 1, 0, 0, 0, 0, 0, 0, 0, 0, 0, 0, 0, 0, 0, 0, 0, 0, 0, 0, 0, 0, 0, 0, 0, 0, 0, 0, 0, 0, 0, 0, 0, 0, 26972), -- 278330
(278310, 19, 15246, 'Mailbox', '', '', '', 1, 0, 0, 0, 0, 0, 0, 0, 0, 0, 0, 0, 0, 0, 0, 0, 0, 0, 0, 0, 0, 0, 0, 0, 0, 0, 0, 0, 0, 0, 0, 0, 0, 0, 0, 26972), -- 278310
(279608, 22, 42710, 'Rift to Telogrus', '', '', '', 0.25, 259377, -1, 0, 1, 1, 55254, 1, 0, 0, 0, 0, 0, 0, 0, 0, 0, 0, 0, 0, 0, 0, 0, 0, 0, 0, 0, 0, 0, 0, 0, 0, 0, 0, 0, 26972), -- 279608
(281022, 5, 29876, 'Scroll', '', '', '', 0.7, 0, 0, 0, 0, 0, 0, 0, 0, 0, 0, 0, 0, 0, 0, 0, 0, 0, 0, 0, 0, 0, 0, 0, 0, 0, 0, 0, 0, 0, 0, 0, 0, 0, 0, 26972), -- 281022
(281016, 5, 19297, 'Quill', '', '', '', 1, 0, 0, 0, 0, 0, 0, 0, 0, 0, 0, 0, 0, 0, 0, 0, 0, 0, 0, 0, 0, 0, 0, 0, 0, 0, 0, 0, 0, 0, 0, 0, 0, 0, 0, 26972), -- 281016
(281015, 5, 15411, 'Book', '', '', '', 1, 0, 0, 0, 0, 0, 0, 0, 0, 0, 0, 0, 0, 0, 0, 0, 0, 0, 0, 0, 0, 0, 0, 0, 0, 0, 0, 0, 0, 0, 0, 0, 0, 0, 0, 26972), -- 281015
(280794, 22, 42710, 'Rift to Telogrus', '', '', '', 0.25, 259377, -1, 0, 1, 1, 0, 1, 0, 0, 0, 0, 0, 0, 0, 0, 0, 0, 0, 0, 0, 0, 0, 0, 0, 0, 0, 0, 0, 0, 0, 0, 0, 0, 0, 26972), -- 280794
(280793, 22, 42710, 'Rift to Fathom''s Edge', '', '', '', 0.25, 260866, -1, 0, 1, 1, 0, 1, 0, 0, 0, 0, 0, 0, 0, 0, 0, 0, 0, 0, 0, 0, 0, 0, 0, 0, 0, 0, 0, 0, 0, 0, 0, 0, 0, 26972), -- 280793
(280963, 5, 10561, 'Bed', '', '', '', 0.75, 0, 0, 0, 0, 0, 0, 0, 0, 0, 0, 0, 0, 0, 0, 0, 0, 0, 0, 0, 0, 0, 0, 0, 0, 0, 0, 0, 0, 0, 0, 0, 0, 0, 0, 26972), -- 280963
(280960, 5, 15420, 'Wooden Table', '', '', '', 1, 0, 0, 0, 0, 0, 0, 0, 0, 0, 0, 0, 0, 0, 0, 0, 0, 0, 0, 0, 0, 0, 0, 0, 0, 0, 0, 0, 0, 0, 0, 0, 0, 0, 0, 26972), -- 280960
(280945, 5, 44342, 'Mailbox', '', '', '', 0.35, 0, 0, 0, 0, 0, 0, 0, 0, 0, 0, 0, 0, 0, 0, 0, 0, 0, 0, 0, 0, 0, 0, 0, 0, 0, 0, 0, 0, 0, 0, 0, 0, 0, 0, 26972), -- 280945
(280944, 19, 6476, 'Mailbox', '', '', '', 0.8, 0, 0, 0, 0, 0, 0, 0, 0, 0, 0, 0, 0, 0, 0, 0, 0, 0, 0, 0, 0, 0, 0, 0, 0, 0, 0, 0, 0, 0, 0, 0, 0, 0, 0, 26972), -- 280944
(280968, 5, 15325, 'Cloth Tent', '', '', '', 1.2, 0, 0, 0, 0, 0, 0, 0, 0, 0, 0, 0, 0, 0, 0, 0, 0, 0, 0, 0, 0, 0, 0, 0, 0, 0, 0, 0, 0, 0, 0, 0, 0, 0, 0, 26972), -- 280968
(280958, 5, 17621, 'Supply Crate Stack 01', '', '', '', 1, 0, 0, 0, 0, 0, 0, 0, 0, 0, 0, 0, 0, 0, 0, 0, 0, 0, 0, 0, 0, 0, 0, 0, 0, 0, 0, 0, 0, 0, 0, 0, 0, 0, 0, 26972), -- 280958
(280964, 5, 23602, 'Pillow', '', '', '', 1, 0, 0, 0, 0, 0, 0, 0, 0, 0, 0, 0, 0, 0, 0, 0, 0, 0, 0, 0, 0, 0, 0, 0, 0, 0, 0, 0, 0, 0, 0, 0, 0, 0, 0, 26972), -- 280964
(280967, 5, 8603, 'Rug', '', '', '', 0.45, 0, 0, 0, 0, 0, 0, 0, 0, 0, 0, 0, 0, 0, 0, 0, 0, 0, 0, 0, 0, 0, 0, 0, 0, 0, 0, 0, 0, 0, 0, 0, 0, 0, 0, 26972), -- 280967
(253044, 10, 35385, 'Pillow', '', '', '', 0.75, 0, 0, 0, 0, 0, 0, 0, 0, 0, 0, 0, 0, 0, 0, 0, 0, 0, 0, 0, 0, 0, 0, 0, 0, 0, 0, 1, 0, 0, 0, 0, 0, 0, 0, 26972), -- 253044
(221625, 5, 6448, 'Medical Supply Crate', '', '', '', 1, 0, 0, 0, 0, 0, 0, 0, 0, 0, 0, 0, 0, 0, 0, 0, 0, 0, 0, 0, 0, 0, 0, 0, 0, 0, 0, 0, 0, 0, 0, 0, 0, 0, 0, 26972), -- 221625
(280800, 5, 47248, 'Void Orb', '', '', '', 1, 0, 0, 0, 0, 0, 0, 0, 0, 0, 0, 0, 0, 0, 0, 0, 0, 0, 0, 0, 0, 0, 0, 0, 0, 0, 0, 0, 0, 0, 0, 0, 0, 0, 0, 26972), -- 280800
(279607, 22, 42710, 'Rift to Stormwind', '', '', '', 0.25, 258310, -1, 0, 1, 1, 55254, 1, 0, 0, 0, 0, 0, 0, 0, 0, 0, 0, 0, 0, 0, 0, 0, 0, 0, 0, 0, 0, 0, 0, 0, 0, 0, 0, 0, 26972), -- 279607
(280974, 5, 15947, 'Crystal', 'questinteract', '', '', 0.1, 0, 0, 0, 0, 0, 0, 0, 0, 0, 0, 0, 0, 0, 0, 0, 0, 0, 0, 0, 0, 0, 0, 0, 0, 0, 0, 0, 0, 0, 0, 0, 0, 0, 0, 26972), -- 280974
(280972, 5, 26249, 'Workbench', 'questinteract', '', '', 1, 0, 0, 0, 0, 0, 0, 0, 0, 0, 0, 0, 0, 0, 0, 0, 0, 0, 0, 0, 0, 0, 0, 0, 0, 0, 0, 0, 0, 0, 0, 0, 0, 0, 0, 26972), -- 280972
(280973, 5, 15597, 'Workbench', 'questinteract', '', '', 1, 0, 0, 0, 0, 0, 0, 0, 0, 0, 0, 0, 0, 0, 0, 0, 0, 0, 0, 0, 0, 0, 0, 0, 0, 0, 0, 0, 0, 0, 0, 0, 0, 0, 0, 26972), -- 280973
(280975, 5, 4175, 'Sword', 'questinteract', '', '', 1, 0, 0, 0, 0, 0, 0, 0, 0, 0, 0, 0, 0, 0, 0, 0, 0, 0, 0, 0, 0, 0, 0, 0, 0, 0, 0, 0, 0, 0, 0, 0, 0, 0, 0, 26972), -- 280975
(280970, 5, 36368, 'Rug', '', '', '', 0.8, 0, 0, 0, 0, 0, 0, 0, 0, 0, 0, 0, 0, 0, 0, 0, 0, 0, 0, 0, 0, 0, 0, 0, 0, 0, 0, 0, 0, 0, 0, 0, 0, 0, 0, 26972), -- 280970
(280971, 8, 47377, 'Anvil', '', '', '', 1, 1, 10, 0, 0, 0, 0, 0, 0, 0, 0, 0, 0, 0, 0, 0, 0, 0, 0, 0, 0, 0, 0, 0, 0, 0, 0, 0, 0, 0, 0, 0, 0, 0, 0, 26972), -- 280971
(280959, 5, 22545, 'Supply Crate Stack 02', '', '', '', 1, 0, 0, 0, 0, 0, 0, 0, 0, 0, 0, 0, 0, 0, 0, 0, 0, 0, 0, 0, 0, 0, 0, 0, 0, 0, 0, 0, 0, 0, 0, 0, 0, 0, 0, 26972), -- 280959
(268668, 5, 11604, 'Stool', '', '', '', 0.75, 0, 0, 0, 0, 0, 0, 0, 1, 0, 0, 0, 0, 0, 0, 0, 0, 0, 0, 0, 0, 0, 0, 0, 0, 0, 0, 0, 0, 0, 0, 0, 0, 0, 0, 26972), -- 268668
(280946, 5, 34378, 'Command Table', '', '', '', 1, 0, 0, 0, 0, 0, 0, 0, 0, 0, 0, 0, 0, 0, 0, 0, 0, 0, 0, 0, 0, 0, 0, 0, 0, 0, 0, 0, 0, 0, 0, 0, 0, 0, 0, 26972), -- 280946
(280949, 5, 15325, 'Cloth Tent', '', '', '', 0.75, 0, 0, 0, 0, 0, 0, 0, 0, 0, 0, 0, 0, 0, 0, 0, 0, 0, 0, 0, 0, 0, 0, 0, 0, 0, 0, 0, 0, 0, 0, 0, 0, 0, 0, 26972), -- 280949
(280969, 5, 30875, 'Rug', '', '', '', 0.4, 0, 0, 0, 0, 0, 0, 0, 0, 0, 0, 0, 0, 0, 0, 0, 0, 0, 0, 0, 0, 0, 0, 0, 0, 0, 0, 0, 0, 0, 0, 0, 0, 0, 0, 26972); -- 280969


DELETE FROM `gameobject_questitem` WHERE (`GameObjectEntry`=203801 AND `Idx`=0) OR (`GameObjectEntry`=203762 AND `Idx`=0) OR (`GameObjectEntry`=203751 AND `Idx`=0) OR (`GameObjectEntry`=204281 AND `Idx`=0);
INSERT INTO `gameobject_questitem` (`GameObjectEntry`, `Idx`, `ItemId`, `VerifiedBuild`) VALUES
(203801, 0, 57246, 26972), -- 203801
(203762, 0, 57197, 26972), -- 203762
(203751, 0, 57137, 26972), -- 203751
(204281, 0, 58788, 26972); -- 204281
  
  
  
   -- Spawns --
 
 SET @OGUID=20000050;
 
 
 DELETE FROM `gameobject` WHERE `guid` BETWEEN @OGUID+0 AND @OGUID+46;
INSERT INTO `gameobject` (`guid`, `id`, `map`, `zoneId`, `areaId`, `spawnMask`, `PhaseId`, `PhaseGroup`, `position_x`, `position_y`, `position_z`, `orientation`, `rotation0`, `rotation1`, `rotation2`, `rotation3`, `spawntimesecs`, `animprogress`, `state`, `VerifiedBuild`) VALUES
(@OGUID+0, 280946, 1865, 9415, 9415, 3, '0', 0, 2134.97, 3332.661, 54.92321, 1.764856, 0, 0, 0.7722836, 0.635278, 7200, 255, 1, 26972), -- 280946 (Area: 9415 - Difficulty: 0)
(@OGUID+1, 280969, 1865, 9415, 9415, 3, '0', 0, 2135.222, 3331.069, 54.97394, 5.988195, -0.0146966, -0.05117321, -0.1471195, 0.9876847, 7200, 255, 1, 26972), -- 280969 (Area: 9415 - Difficulty: 0)
(@OGUID+2, 280949, 1865, 9415, 9415, 3, '0', 0, 2134.832, 3331.798, 54.96714, 4.853683, 0, 0, -0.6554298, 0.7552561, 7200, 255, 1, 26972), -- 280949 (Area: 9415 - Difficulty: 0)
(@OGUID+3, 268668, 1865, 9415, 9415, 3, '0', 0, 2137.036, 3330.95, 55.11678, 5.621203, -0.003691196, -0.02361298, -0.3247948, 0.9454825, 7200, 255, 1, 26972), -- 268668 (Area: 9415 - Difficulty: 0)
(@OGUID+4, 253044, 1865, 9415, 9415, 3, '0', 0, 2105.385, 3359.281, 58.36912, 1.069299, 0, 0, 0.5095396, 0.8604472, 7200, 255, 1, 26972), -- 253044 (Area: 9415 - Difficulty: 0)
(@OGUID+5, 280973, 1865, 9415, 9415, 3, '0', 0, 2110.457, 3343.097, 56.92726, 2.114427, 0, 0, 0.8709898, 0.4913011, 7200, 255, 1, 26972), -- 280973 (Area: 9415 - Difficulty: 0)
(@OGUID+6, 280972, 1865, 9415, 9415, 3, '0', 0, 2113.733, 3344.574, 56.76467, 1.77114, 0, 0, 0.7742758, 0.6328483, 7200, 255, 1, 26972), -- 280972 (Area: 9415 - Difficulty: 0)
(@OGUID+7, 280959, 1865, 9415, 9415, 3, '0', 0, 2107.273, 3340.57, 56.59069, 5.181279, 0, 0, -0.5234995, 0.852026, 7200, 255, 1, 26972), -- 280959 (Area: 9415 - Difficulty: 0)
(@OGUID+8, 280800, 1865, 9415, 9415, 3, '0', 0, 2102.628, 3285.804, 57.57933, 0, 0, 0, 0, 1, 7200, 255, 1, 26972), -- 280800 (Area: 9415 - Difficulty: 0)
(@OGUID+9, 280975, 1865, 9415, 9415, 3, '0', 0, 2109.906, 3340.608, 57.60308, 2.729029, 0.4772391, 0.5480957, -0.5112238, 0.4587855, 7200, 255, 1, 26972), -- 280975 (Area: 9415 - Difficulty: 0)
(@OGUID+10, 280970, 1865, 9415, 9415, 3, '0', 0, 2111.583, 3340.909, 56.81539, 5.97482, 0.04787445, 0.02608013, -0.1547632, 0.9864463, 7200, 255, 1, 26972), -- 280970 (Area: 9415 - Difficulty: 0)
(@OGUID+11, 221625, 1865, 9415, 9415, 3, '0', 0, 2165.21, 3317.861, 54.71223, 0.5906116, -0.05905676, -0.01426029, 0.2907009, 0.9548832, 7200, 255, 1, 26972), -- 221625 (Area: 9415 - Difficulty: 0)
(@OGUID+12, 280971, 1865, 9415, 9415, 3, '0', 0, 2109.875, 3340.138, 56.09221, 0.399325, 0, 0, 0.1983385, 0.9801336, 7200, 255, 1, 26972), -- 280971 (Area: 9415 - Difficulty: 0)
(@OGUID+13, 279607, 1865, 9415, 9415, 3, '0', 0, 2149.691, 3331.387, 54.99629, 0, 0, 0, 0, 1, 7200, 255, 1, 26972), -- 279607 (Area: 9415 - Difficulty: 0)
(@OGUID+14, 280959, 1865, 9415, 9415, 3, '0', 0, 2140.396, 3331.892, 54.986, 4.834676, 0, 0, -0.6625776, 0.7489933, 7200, 255, 1, 26972), -- 280959 (Area: 9415 - Difficulty: 0)
(@OGUID+15, 280974, 1865, 9415, 9415, 3, '0', 0, 2113.285, 3344.542, 58.14461, 1.554196, 0.4473639, 0.5200634, 0.4704638, 0.5550347, 7200, 255, 1, 26972), -- 280974 (Area: 9415 - Difficulty: 0)
(@OGUID+16, 280945, 1865, 9415, 9415, 3, '0', 0, 2110.408, 3366.88, 59.57372, 0, 0, 0, 0, 1, 7200, 255, 1, 26972), -- 280945 (Area: 9415 - Difficulty: 0)
(@OGUID+17, 280964, 1865, 9415, 9415, 3, '0', 0, 2116.575, 3367.043, 58.5419, 6.232558, -0.02290344, 0.01889133, -0.02487183, 0.9992497, 7200, 255, 1, 26972), -- 280964 (Area: 9415 - Difficulty: 0)
(@OGUID+18, 280959, 1865, 9415, 9415, 3, '0', 0, 2167.547, 3317.943, 54.75833, 6.065782, 0, 0, -0.1084881, 0.9940978, 7200, 255, 1, 26972), -- 280959 (Area: 9415 - Difficulty: 0)
(@OGUID+19, 280944, 1865, 9415, 9415, 3, '0', 0, 2110.417, 3366.884, 58.33392, 0, 0, 0, 0, 1, 7200, 255, 1, 26972), -- 280944 (Area: 9415 - Difficulty: 0)
(@OGUID+20, 280958, 1865, 9415, 9415, 3, '0', 0, 2115.366, 3363.47, 58.47637, 2.912093, 0, 0, 0.9934235, 0.114498, 7200, 255, 1, 26972), -- 280958 (Area: 9415 - Difficulty: 0)
(@OGUID+21, 221625, 1865, 9415, 9415, 3, '0', 0, 2165.37, 3319.83, 54.53283, 6.199104, -0.03406715, 0.009043694, -0.04174042, 0.9985065, 7200, 255, 1, 26972), -- 221625 (Area: 9415 - Difficulty: 0)
(@OGUID+22, 280964, 1865, 9415, 9415, 3, '0', 0, 2103.932, 3361.1, 58.27219, 6.232558, -0.02290344, 0.01889133, -0.02487183, 0.9992497, 7200, 255, 1, 26972), -- 280964 (Area: 9415 - Difficulty: 0)
(@OGUID+23, 280960, 1865, 9415, 9415, 3, '0', 0, 2117.203, 3369.781, 58.68409, 1.304993, 0, 0, 0.607172, 0.7945704, 7200, 255, 1, 26972), -- 280960 (Area: 9415 - Difficulty: 0)
(@OGUID+24, 280967, 1865, 9415, 9415, 3, '0', 0, 2106.174, 3360.82, 58.38729, 4.833403, -0.009090424, -0.02855873, -0.6625071, 0.7484558, 7200, 255, 1, 26972), -- 280967 (Area: 9415 - Difficulty: 0)
(@OGUID+25, 280968, 1865, 9415, 9415, 3, '0', 0, 2169.875, 3319.361, 54.34087, 6.179502, 0, 0, -0.05181885, 0.9986565, 7200, 255, 1, 26972), -- 280968 (Area: 9415 - Difficulty: 0)
(@OGUID+26, 280949, 1865, 9415, 9415, 3, '0', 0, 2106.023, 3360.273, 58.34119, 1.659678, 0, 0, 0.7378225, 0.6749948, 7200, 255, 1, 26972), -- 280949 (Area: 9415 - Difficulty: 0)
(@OGUID+27, 280958, 1865, 9415, 9415, 3, '0', 0, 2170.156, 3319.628, 54.70171, 4.034274, 0, 0, -0.9020329, 0.4316674, 7200, 255, 1, 26972), -- 280958 (Area: 9415 - Difficulty: 0)
(@OGUID+28, 280959, 1865, 9415, 9415, 3, '0', 0, 2167.582, 3321.948, 54.39637, 3.994499, 0, 0, -0.9104385, 0.4136444, 7200, 255, 1, 26972), -- 280959 (Area: 9415 - Difficulty: 0)
(@OGUID+29, 280964, 1865, 9415, 9415, 3, '0', 0, 2113.941, 3363.195, 58.92805, 0.3540844, -0.02673721, -0.546648, 0.06949997, 0.8340448, 7200, 255, 1, 26972), -- 280964 (Area: 9415 - Difficulty: 0)
(@OGUID+30, 280958, 1865, 9415, 9415, 3, '0', 0, 2171.071, 3322.494, 54.44315, 3.528738, 0, 0, -0.9813232, 0.1923661, 7200, 255, 1, 26972), -- 280958 (Area: 9415 - Difficulty: 0)
(@OGUID+31, 253044, 1865, 9415, 9415, 3, '0', 0, 2108.304, 3360.403, 58.42418, 2.421696, 0, 0, 0.935915, 0.352226, 7200, 255, 1, 26972), -- 253044 (Area: 9415 - Difficulty: 0)
(@OGUID+32, 280968, 1865, 9415, 9415, 3, '0', 0, 2115.627, 3368.282, 58.55399, 6.095188, 0, 0, -0.09386063, 0.9955854, 7200, 255, 1, 26972), -- 280968 (Area: 9415 - Difficulty: 0)
(@OGUID+33, 280958, 1865, 9415, 9415, 3, '0', 0, 2169.575, 3316.247, 55.10288, 5.654347, 0, 0, -0.3092642, 0.9509761, 7200, 255, 1, 26972), -- 280958 (Area: 9415 - Difficulty: 0)
(@OGUID+34, 280967, 1865, 9415, 9415, 3, '0', 0, 2115.866, 3368.705, 58.62358, 4.526848, 0.02967167, 0.0007219315, -0.7695055, 0.6379501, 7200, 255, 1, 26972), -- 280967 (Area: 9415 - Difficulty: 0)
(@OGUID+35, 280967, 1865, 9415, 9415, 3, '0', 0, 2111.076, 3379.42, 58.7849, 4.105898, 0.05227947, -0.0008001328, -0.8853188, 0.4620357, 7200, 255, 1, 26972), -- 280967 (Area: 9415 - Difficulty: 0)
(@OGUID+36, 280963, 1865, 9415, 9415, 3, '0', 0, 2109.773, 3380.411, 58.56342, 2.522846, -0.05001211, -0.0303669, 0.9514084, 0.3023223, 7200, 255, 1, 26972), -- 280963 (Area: 9415 - Difficulty: 0)
(@OGUID+37, 280949, 1865, 9415, 9415, 3, '0', 0, 2110.943, 3379.431, 58.33881, 4.063358, 0, 0, -0.8956604, 0.4447387, 7200, 255, 1, 26972), -- 280949 (Area: 9415 - Difficulty: 0)
(@OGUID+38, 280793, 1865, 9415, 9415, 3, '0', 0, 2044.415, 3333.403, 58.31358, 0, 0, 0, 0, 1, 7200, 255, 1, 26972), -- 280793 (Area: 9415 - Difficulty: 0)
(@OGUID+39, 280963, 1865, 9415, 9415, 3, '0', 0, 2112.854, 3378.228, 58.72557, 2.481724, -0.03787565, -0.0332489, 0.9452162, 0.3225311, 7200, 255, 1, 26972), -- 280963 (Area: 9415 - Difficulty: 0)
(@OGUID+40, 280794, 1865, 9415, 9415, 3, '0', 0, 1908.113, 3298.931, 95.54422, 0, 0, 0, 0, 1, 7200, 255, 1, 26972), -- 280794 (Area: 9415 - Difficulty: 0)
(@OGUID+41, 281016, 1865, 9415, 9531, 3, '0', 0, 1894.925, 3329.62, 99.28422, 0.9825073, 0.06770515, -0.05675507, 0.4722748, 0.8770128, 7200, 255, 1, 26972), -- 281016 (Area: 9531 - Difficulty: 0)
(@OGUID+42, 281022, 1865, 9415, 9531, 3, '0', 0, 1895.668, 3329.167, 99.28078, 1.043002, 0.05575705, -0.04433918, 0.4984274, 0.8639996, 7200, 255, 1, 26972), -- 281022 (Area: 9531 - Difficulty: 0)
(@OGUID+43, 280949, 1865, 9415, 9531, 3, '0', 0, 1896.095, 3329.733, 97.89945, 4.590495, 0, 0, -0.7488632, 0.6627246, 7200, 255, 1, 26972), -- 280949 (Area: 9531 - Difficulty: 0)
(@OGUID+44, 280960, 1865, 9415, 9531, 3, '0', 0, 1895.793, 3329.642, 98.2798, 6.164353, 0.07810783, -0.005617142, -0.05912304, 0.9951744, 7200, 255, 1, 26972), -- 280960 (Area: 9531 - Difficulty: 0)
(@OGUID+45, 281015, 1865, 9415, 9531, 3, '0', 0, 1896.405, 3330.208, 99.46352, 2.720253, -0.00408411, -0.07554436, 0.9749031, 0.2093807, 7200, 255, 1, 26972), -- 281015 (Area: 9531 - Difficulty: 0)
(@OGUID+46, 279608, 0, 1519, 9171, 1, 00, 0, -8173.653, 776.3472, 74.8599, 6.195095, 0, 0, -0.04403114, 0.9990302, 120, 255, 1, 26972); -- 279608 (Area: 9171 - Difficulty: 0)


DELETE FROM spell_target_position WHERE ID IN (260866, 259377, 258310);
INSERT INTO spell_target_position (`ID`, `EffectIndex`, `MapID`, `PositionX`, `PositionY`, `PositionZ`, `VerifiedBuild`)VALUES
(260866, 0, 1865, 1902.19, 3302.93, 95.5, 26972), -- Rift to Fathom''s Edge .go xyz 1902.19 3302.93 95.5 1865
(259377, 0, 1865, 2127.36, 3316.06, 54.7, 26972), -- Rift to Teglogus .go xyz 2127.36 3316.06 54.7 1865
(258310, 0, 0, -8166.65, 784.72, 76.36, 26972); -- Rift to Stormwind
   

SET @PHASE_169  = 172329; -- default phase?
SET @PHASE_170  = 59073; -- alliance
SET @PHASE_171  = 59074; -- horde?

UPDATE gameobject SET PhaseId = 171 WHERE guid = @OGUID+46;
UPDATE creature SET PhaseId = 171 WHERE guid = @CGUID+72;

INSERT INTO spell_area (`spell`, `area`, `teamid`, `racemask`, `flags`) VALUES 
(@PHASE_171, 9171, 1, 268435456, 3),
(@PHASE_169, 9171, 1, 268435456, 3);

