DELETE FROM `creature` WHERE `id` = '73454';
DELETE FROM `creature` WHERE `id` = '72927';
DELETE FROM `creature` WHERE `id` = '71542';
DELETE FROM `creature` WHERE `id` = '71628';
DELETE FROM `creature` WHERE `id` = '71161';
DELETE FROM `creature` WHERE `id` = '71157';
DELETE FROM `creature` WHERE `id` = '71156';
DELETE FROM `creature` WHERE `id` = '71155';
DELETE FROM `creature` WHERE `id` = '71160';
DELETE FROM `creature` WHERE `id` = '71154';
DELETE FROM `creature` WHERE `id` = '71152';
DELETE FROM `creature` WHERE `id` = '71158';
DELETE FROM `creature` WHERE `id` = '71153';
DELETE FROM `creature` WHERE `id` = '71407';
DELETE FROM `creature` WHERE `id` = '71592';
INSERT INTO `creature` (`guid`, `id`, `map`, `zoneId`, `areaId`, `spawnMask`, `phaseMask`, `modelid`, `equipment_id`, `position_x`, `position_y`, `position_z`, `orientation`, `spawntimesecs`, `spawndist`, `currentwaypoint`, `curhealth`, `curmana`, `MovementType`, `npcflag`, `npcflag2`, `unit_flags`, `dynamicflags`, `isActive`) values(NULL ,'71628','1136','6738','6738','16536','1','0','0','1582.4','-5684.9','-313.635','0.585184','604800','0','0','436137','1000','0','0','0','0','0','0');
INSERT INTO `creature` (`guid`, `id`, `map`, `zoneId`, `areaId`, `spawnMask`, `phaseMask`, `modelid`, `equipment_id`, `position_x`, `position_y`, `position_z`, `orientation`, `spawntimesecs`, `spawndist`, `currentwaypoint`, `curhealth`, `curmana`, `MovementType`, `npcflag`, `npcflag2`, `unit_flags`, `dynamicflags`, `isActive`) values(NULL ,'71592','1136','6738','6738','16536','1','0','0','1582.4','-5684.9','-313.635','0.585184','604800','0','0','436137','1000','0','0','0','0','0','0');
INSERT INTO `creature` (`guid`, `id`, `map`, `zoneId`, `areaId`, `spawnMask`, `phaseMask`, `modelid`, `equipment_id`, `position_x`, `position_y`, `position_z`, `orientation`, `spawntimesecs`, `spawndist`, `currentwaypoint`, `curhealth`, `curmana`, `MovementType`, `npcflag`, `npcflag2`, `unit_flags`, `dynamicflags`, `isActive`) values(NULL ,'71161','1136','6738','6738','16536','1','0','71161','1520.37','-5692.03','-291','0.339401','604800','0','0','174454800','1000','0','0','0','0','0','0');
INSERT INTO `creature` (`guid`, `id`, `map`, `zoneId`, `areaId`, `spawnMask`, `phaseMask`, `modelid`, `equipment_id`, `position_x`, `position_y`, `position_z`, `orientation`, `spawntimesecs`, `spawndist`, `currentwaypoint`, `curhealth`, `curmana`, `MovementType`, `npcflag`, `npcflag2`, `unit_flags`, `dynamicflags`, `isActive`) values(NULL ,'71157','1136','6738','6738','16536','1','0','71157','1559.07','-5603.99','-291','5.25514','604800','0','0','152647952','1000','0','0','0','0','0','0');
INSERT INTO `creature` (`guid`, `id`, `map`, `zoneId`, `areaId`, `spawnMask`, `phaseMask`, `modelid`, `equipment_id`, `position_x`, `position_y`, `position_z`, `orientation`, `spawntimesecs`, `spawndist`, `currentwaypoint`, `curhealth`, `curmana`, `MovementType`, `npcflag`, `npcflag2`, `unit_flags`, `dynamicflags`, `isActive`) values(NULL ,'71156','1136','6738','6738','16536','1','0','71156','1519.3','-5665.3','-294.429','5.85205','604800','0','0','152647952','1000','0','0','0','0','0','0');
INSERT INTO `creature` (`guid`, `id`, `map`, `zoneId`, `areaId`, `spawnMask`, `phaseMask`, `modelid`, `equipment_id`, `position_x`, `position_y`, `position_z`, `orientation`, `spawntimesecs`, `spawndist`, `currentwaypoint`, `curhealth`, `curmana`, `MovementType`, `npcflag`, `npcflag2`, `unit_flags`, `dynamicflags`, `isActive`) values(NULL ,'71155','1136','6738','6738','16536','1','0','71155','1606.35','-5766.56','-291','2.00833','604800','0','0','174454800','1000','0','0','0','0','0','0');
INSERT INTO `creature` (`guid`, `id`, `map`, `zoneId`, `areaId`, `spawnMask`, `phaseMask`, `modelid`, `equipment_id`, `position_x`, `position_y`, `position_z`, `orientation`, `spawntimesecs`, `spawndist`, `currentwaypoint`, `curhealth`, `curmana`, `MovementType`, `npcflag`, `npcflag2`, `unit_flags`, `dynamicflags`, `isActive`) values(NULL ,'71160','1136','6738','6738','16536','1','0','0','1555.34','-5736.02','-291','0.815378','604800','0','0','152647952','1000','0','0','0','0','0','0');
INSERT INTO `creature` (`guid`, `id`, `map`, `zoneId`, `areaId`, `spawnMask`, `phaseMask`, `modelid`, `equipment_id`, `position_x`, `position_y`, `position_z`, `orientation`, `spawntimesecs`, `spawndist`, `currentwaypoint`, `curhealth`, `curmana`, `MovementType`, `npcflag`, `npcflag2`, `unit_flags`, `dynamicflags`, `isActive`) values(NULL ,'71154','1136','6738','6738','16536','1','0','0','1615.19','-5732.1','-291','2.22666','604800','0','0','122118360','1000','0','0','0','0','0','0');
INSERT INTO `creature` (`guid`, `id`, `map`, `zoneId`, `areaId`, `spawnMask`, `phaseMask`, `modelid`, `equipment_id`, `position_x`, `position_y`, `position_z`, `orientation`, `spawntimesecs`, `spawndist`, `currentwaypoint`, `curhealth`, `curmana`, `MovementType`, `npcflag`, `npcflag2`, `unit_flags`, `dynamicflags`, `isActive`) values(NULL ,'71152','1136','6738','6738','16536','1','0','71152','1549.77','-5635.94','-291','5.31405','604800','0','0','174454800','1000','0','0','0','0','0','0');
INSERT INTO `creature` (`guid`, `id`, `map`, `zoneId`, `areaId`, `spawnMask`, `phaseMask`, `modelid`, `equipment_id`, `position_x`, `position_y`, `position_z`, `orientation`, `spawntimesecs`, `spawndist`, `currentwaypoint`, `curhealth`, `curmana`, `MovementType`, `npcflag`, `npcflag2`, `unit_flags`, `dynamicflags`, `isActive`) values(NULL ,'71158','1136','6738','6738','16536','1','0','71158','1515.46','-5634.43','-291','5.65569','604800','0','0','122118360','1000','0','0','0','0','0','0');
INSERT INTO `creature` (`guid`, `id`, `map`, `zoneId`, `areaId`, `spawnMask`, `phaseMask`, `modelid`, `equipment_id`, `position_x`, `position_y`, `position_z`, `orientation`, `spawntimesecs`, `spawndist`, `currentwaypoint`, `curhealth`, `curmana`, `MovementType`, `npcflag`, `npcflag2`, `unit_flags`, `dynamicflags`, `isActive`) values(NULL ,'71153','1136','6738','6738','16536','1','0','71153','1648.27','-5736.53','-291','2.34133','604800','0','0','152647952','1000','0','0','0','0','0','0');
UPDATE `creature_template` SET `ScriptName`='npc_amber_parasite' WHERE `entry`='71578';
UPDATE `creature_template` SET `InhabitType`='7',`ScriptName`='boss_paragons_of_the_klaxxi',`mechanic_immune_mask`='650854399' WHERE `entry` IN (71161,71157,71156,71155,71160,71154,71152,71158,71153);
UPDATE `creature_template` SET `ScriptName`='npc_amber_piece' WHERE `entry`='71628'; 
UPDATE `creature_template` SET `ScriptName`='npc_klaxxi_controller' WHERE `entry`='71592';
UPDATE `creature_template` SET `ScriptName`='npc_klaxxi_blood' WHERE `entry`='71542'; 
UPDATE `creature_template` SET `ScriptName`='npc_amber' WHERE `entry`='71407';
UPDATE `creature_template` SET `ScriptName`='npc_amber_player' WHERE `entry`='71413'; 
UPDATE `creature_template` SET `ScriptName`='npc_kunchong' WHERE `entry`='71420'; 
UPDATE `creature_template` SET `mechanic_immune_mask`='650854399' WHERE `entry` IN (71161, 71157, 71156, 71155, 71160, 71154, 71152, 71158, 71153, 71420);
DELETE FROM `areatrigger_actions` WHERE `entry` IN (1044, 1022, 998);
INSERT INTO `areatrigger_actions`(`entry`,`id`,`moment`,`actionType`,`targetFlags`,`spellId`,`maxCharges`,`aura`,`hasspell`,`chargeRecoveryTime`,`scale`,`hitMaxCount`,`amount`, `comment`) VALUES ( '1044','0','1','0','8','143768','0','-143768','0','0','0','0','0','OO:Sonic Projection'); 
INSERT INTO `areatrigger_actions`(`entry`,`id`,`moment`,`actionType`,`targetFlags`,`spellId`,`maxCharges`,`aura`,`hasspell`,`chargeRecoveryTime`,`scale`,`hitMaxCount`,`amount`, `comment`) VALUES ( '1044','1','2','1','8','143768','0','143768','0','0','0','0','0','OO:Sonic Projection Remove'); 
INSERT INTO `areatrigger_actions`(`entry`,`id`,`moment`,`actionType`,`targetFlags`,`spellId`,`maxCharges`,`aura`,`hasspell`,`chargeRecoveryTime`,`scale`,`hitMaxCount`,`amount`, `comment`) VALUES ( '1022','0','1','0','8','143322','0','0','0','0','0','0','0','OO:BloodLetting');
INSERT INTO `areatrigger_actions`(`entry`,`id`,`moment`,`actionType`,`targetFlags`,`spellId`,`maxCharges`,`aura`,`hasspell`,`chargeRecoveryTime`,`scale`,`hitMaxCount`,`amount`, `comment`) VALUES ( '998','0','1','0','8','142797','0','-142797','0','0','0','0','0','OO:Reaction: Yellow'); 
INSERT INTO `areatrigger_actions`(`entry`,`id`,`moment`,`actionType`,`targetFlags`,`spellId`,`maxCharges`,`aura`,`hasspell`,`chargeRecoveryTime`,`scale`,`hitMaxCount`,`amount`, `comment`) VALUES ( '998','1','2','1','8','142797','0','142797','0','0','0','0','0','OO:Reaction: Yellow Remove'); 
DELETE FROM `spell_script_names` WHERE `spell_id` IN(143373,143217,143765,143759,142929,142315,143337,148589,143339,148676,143280,143939,143666,142564,143243,143494,142948,142272,142935,142416,142811,142809);
INSERT INTO `spell_script_names`(`spell_id`,`ScriptName`) VALUES ( '143373','spell_gene_splice');
INSERT INTO `spell_script_names`(`spell_id`,`ScriptName`) VALUES ( '143217','spell_snipe');
INSERT INTO `spell_script_names`(`spell_id`,`ScriptName`) VALUES ( '143765','spell_sonic_projection'); 
INSERT INTO `spell_script_names`(`spell_id`,`ScriptName`) VALUES ( '143759','spell_hurl_amber'); 
INSERT INTO `spell_script_names`(`spell_id`,`ScriptName`) VALUES ( '142929','spell_tenderizing_strikes_dmg'); 
INSERT INTO `spell_script_names`(`spell_id`,`ScriptName`) VALUES ( '142315','spell_caustic_blood'); 
INSERT INTO `spell_script_names`(`spell_id`,`ScriptName`) VALUES ( '143337','spell_klaxxi_mutate'); 
INSERT INTO `spell_script_names`(`spell_id`,`ScriptName`) VALUES ( '148589','spell_faulty_mutation'); 
INSERT INTO `spell_script_names`(`spell_id`,`ScriptName`) VALUES ( '143339','spell_klaxxi_injection');  
INSERT INTO `spell_script_names`(`spell_id`,`ScriptName`) VALUES ( '148676','spell_klaxxi_reave');
INSERT INTO `spell_script_names`(`spell_id`,`ScriptName`) VALUES ( '143280','spell_klaxxi_bloodletting');
INSERT INTO `spell_script_names`(`spell_id`,`ScriptName`) values ( '143939','spell_klaxxi_gouge');
INSERT INTO `spell_script_names`(`spell_id`,`ScriptName`) values ( '143666','spell_diminish');
INSERT INTO `spell_script_names`(`spell_id`,`ScriptName`) values ( '142564','spell_encase_in_amber');
INSERT INTO `spell_script_names`(`spell_id`,`ScriptName`) VALUES ( '143243','spell_klaxxi_rapid_fire');
INSERT INTO `spell_script_names`(`spell_id`,`ScriptName`) VALUES ( '143494','spell_sundering_blow'); 
INSERT INTO `spell_script_names`(`spell_id`,`ScriptName`) VALUES ( '142948','spell_klaxxi_aim'); 
INSERT INTO `spell_script_names`(`spell_id`,`ScriptName`) VALUES ( '142272','spell_reave'); 

INSERT INTO `spell_script_names`(`spell_id`,`ScriptName`) VALUES ( '142935','spell_reaction_blue'); 
INSERT INTO `spell_script_names`(`spell_id`,`ScriptName`) VALUES ( '142416','spell_insane_calc_fiery_edge'); 
INSERT INTO `spell_script_names`(`spell_id`,`ScriptName`) VALUES ( '142811','spell_fiery_edge_pre_dummy'); 
INSERT INTO `spell_script_names`(`spell_id`,`ScriptName`) VALUES ( '142809','spell_fiery_edge_dmg'); 
DELETE FROM `spell_trigger` WHERE `spell_id` = '142877';
INSERT INTO `spell_trigger` (`spell_id`, `spell_trigger`, `spell_cooldown`, `option`, `target`, `caster`, `targetaura`, `bp0`, `bp1`, `bp2`, `effectmask`, `aura`, `chance`, `group`, `procFlags`, `procEx`, `check_spell_id`, `addptype`, `schoolMask`, `dummyId`, `dummyEffect`, `comment`) values
('142877','142897','0','0','0','0','0','0','0','0','7','0','0','0','0','0','0','-1','0','0','0','OO:Volatile Poultice');
DELETE FROM `currency_loot` WHERE `entry` IN (71161, 71157, 71156, 71155, 71160, 71154, 71152, 71158, 71153);
DELETE FROM `creature_text` WHERE `entry` IN (71161, 71157, 71156, 71155, 71160, 71154, 71152, 71158, 71153);
INSERT INTO `creature_text` (`entry`, `groupid`, `id`, `text`, `type`, `language`, `probability`, `emote`, `duration`, `sound`, `comment`) values('71152','0','0','Я выпью вашу кровь!','14','0','100','0','0','38674','0');
INSERT INTO `creature_text` (`entry`, `groupid`, `id`, `text`, `type`, `language`, `probability`, `emote`, `duration`, `sound`, `comment`) values('71152','1','0','Отведаем крови врагов!','14','0','100','0','0','38679','0');
INSERT INTO `creature_text` (`entry`, `groupid`, `id`, `text`, `type`, `language`, `probability`, `emote`, `duration`, `sound`, `comment`) values('71152','2','0','Отомстите за меня!','14','0','100','0','0','38675','0');
INSERT INTO `creature_text` (`entry`, `groupid`, `id`, `text`, `type`, `language`, `probability`, `emote`, `duration`, `sound`, `comment`) values('71158','3','0','Нужно было... использовать... генные... улучшения...','14','0','100','0','0','38914','0');
INSERT INTO `creature_text` (`entry`, `groupid`, `id`, `text`, `type`, `language`, `probability`, `emote`, `duration`, `sound`, `comment`) values('71153','4','0','Моя разведка определила эту цель как особо приоритетную.','14','0','100','0','0','38612','0');
INSERT INTO `creature_text` (`entry`, `groupid`, `id`, `text`, `type`, `language`, `probability`, `emote`, `duration`, `sound`, `comment`) values('71153','5','0','А... охотник... стал добычей..','14','0','100','0','0','38607','0');
INSERT INTO `creature_text` (`entry`, `groupid`, `id`, `text`, `type`, `language`, `probability`, `emote`, `duration`, `sound`, `comment`) values('71154','6','0','Вы так медлительны. Как вы ловите добычу?','14','0','100','0','0','38634','0');
INSERT INTO `creature_text` (`entry`, `groupid`, `id`, `text`, `type`, `language`, `probability`, `emote`, `duration`, `sound`, `comment`) values('71154','7','0','З-зу-у-у-у-ум-м-м!','14','0','100','0','0','38641','0');
INSERT INTO `creature_text` (`entry`, `groupid`, `id`, `text`, `type`, `language`, `probability`, `emote`, `duration`, `sound`, `comment`) values('71154','8','0','Будь проклят этот панцирь! Я недостаточно быстр!','14','0','100','0','0','38635','0');
INSERT INTO `creature_text` (`entry`, `groupid`, `id`, `text`, `type`, `language`, `probability`, `emote`, `duration`, `sound`, `comment`) values('71155','9','0','Я – Первейший. Склонитесь перед высшим существом.','14','0','100','0','0','38667','0');
INSERT INTO `creature_text` (`entry`, `groupid`, `id`, `text`, `type`, `language`, `probability`, `emote`, `duration`, `sound`, `comment`) values('71155','10','0','Узурпаторы покинули тебя.','14','0','100','0','0','38671','0');
INSERT INTO `creature_text` (`entry`, `groupid`, `id`, `text`, `type`, `language`, `probability`, `emote`, `duration`, `sound`, `comment`) values('71155','11','0','Древний дает нам силу.','14','0','100','0','0','38673','0');
INSERT INTO `creature_text` (`entry`, `groupid`, `id`, `text`, `type`, `language`, `probability`, `emote`, `duration`, `sound`, `comment`) values('71155','12','0','Верните меня... в янтарь..','14','0','100','0','0','38668','0');
INSERT INTO `creature_text` (`entry`, `groupid`, `id`, `text`, `type`, `language`, `probability`, `emote`, `duration`, `sound`, `comment`) values('71160','13','0','Хаос – это высшая ступень порядка!','14','0','100','0','0','38618','0');
INSERT INTO `creature_text` (`entry`, `groupid`, `id`, `text`, `type`, `language`, `probability`, `emote`, `duration`, `sound`, `comment`) values('71160','14','0','Может, поиграем?','14','0','100','0','0','38623','0');
INSERT INTO `creature_text` (`entry`, `groupid`, `id`, `text`, `type`, `language`, `probability`, `emote`, `duration`, `sound`, `comment`) values('71160','15','0','Мои расчеты неверны? Может, еще через 800 лет.','14','0','100','0','0','38619','0');
INSERT INTO `creature_text` (`entry`, `groupid`, `id`, `text`, `type`, `language`, `probability`, `emote`, `duration`, `sound`, `comment`) values('71157','16','0','Пробудитель, ты пришел дегустировать мои новые смеси? Уверяю, такого ты еще не пробовал.','14','0','100','0','0','38704','0');
INSERT INTO `creature_text` (`entry`, `groupid`, `id`, `text`, `type`, `language`, `probability`, `emote`, `duration`, `sound`, `comment`) values('71157','17','0','Такое разнообразие. Какую же смесь вам дать?','14','0','100','0','0','38709','0');
INSERT INTO `creature_text` (`entry`, `groupid`, `id`, `text`, `type`, `language`, `probability`, `emote`, `duration`, `sound`, `comment`) values('71157','18','0','Моя алхимия лучшая!','14','0','100','0','0','38708','0');
INSERT INTO `creature_text` (`entry`, `groupid`, `id`, `text`, `type`, `language`, `probability`, `emote`, `duration`, `sound`, `comment`) values('71157','19','0','Я так и не смог... понять, как остановить... смерть.','14','0','100','0','0','38705','0');
INSERT INTO `creature_text` (`entry`, `groupid`, `id`, `text`, `type`, `language`, `probability`, `emote`, `duration`, `sound`, `comment`) values('71156','20','0','Сюда, мои куньчуны, пришло время еды!','14','0','100','0','0','38790','0');
INSERT INTO `creature_text` (`entry`, `groupid`, `id`, `text`, `type`, `language`, `probability`, `emote`, `duration`, `sound`, `comment`) values('71156','21','0','Ковок... ты мне нужен...','14','0','100','0','0','38643','0');
INSERT INTO `creature_text` (`entry`, `groupid`, `id`, `text`, `type`, `language`, `probability`, `emote`, `duration`, `sound`, `comment`) values('71161','22','0','Я отнесу тебя в последний раз... навстречу смерти.','14','0','100','0','0','38654','0');
INSERT INTO `creature_text` (`entry`, `groupid`, `id`, `text`, `type`, `language`, `probability`, `emote`, `duration`, `sound`, `comment`) values('71161','23','0','Я воспарю над тобой!','14','0','100','0','0','38658','0');
INSERT INTO `creature_text` (`entry`, `groupid`, `id`, `text`, `type`, `language`, `probability`, `emote`, `duration`, `sound`, `comment`) values('71161','24','0','Пробудитель, мы еще встретимся...','14','0','100','0','0','38655','0');
UPDATE `creature` SET `position_x`='1540.31',`position_y`='-5762.38',`position_z`='-298.2497',`orientation`='0.80514' WHERE `id`='71160';
UPDATE `creature` SET `position_x`='1494.92',`position_y`='-5694.08',`position_z`='-298.4940',`orientation`='0.24357' WHERE `id`='71161';
UPDATE `areatrigger_data` SET `moveType`='1' WHERE `entry`='1044';
DELETE FROM `spell_script_names` WHERE `spell_id` = '144839';
INSERT INTO `spell_script_names`(`spell_id`,`ScriptName`) VALUES ( '144839','spell_klaxxi_multi_shot');  
UPDATE `areatrigger_data` SET `activationDelay`='3000' WHERE `entry`='1039'; 
DELETE FROM `areatrigger_actions` WHERE `entry` = '1039';
INSERT INTO `areatrigger_actions`(`entry`,`id`,`moment`,`actionType`,`targetFlags`,`spellId`,`maxCharges`,`aura`,`hasspell`,`chargeRecoveryTime`,`scale`,`hitMaxCount`,`amount`, `comment`) VALUES ( '1039','0','1','0','8','143735','0','-143735','0','0','0','0','0','OO:Caustic Amber'); 
INSERT INTO `areatrigger_actions`(`entry`,`id`,`moment`,`actionType`,`targetFlags`,`spellId`,`maxCharges`,`aura`,`hasspell`,`chargeRecoveryTime`,`scale`,`hitMaxCount`,`amount`, `comment`) VALUES ( '1039','1','2','1','8','143735','0','143735','0','0','0','0','0','OO:Caustic Amber Remove'); 
UPDATE `creature_template` SET `unit_flags2`='4210688' WHERE `entry` IN (71161, 71157, 71156, 71155, 71160, 71154, 71152, 71158, 71153, 71420);




