SET @OGUID := 164682;

DELETE FROM `gameobject` WHERE `guid` BETWEEN @OGUID+0 AND @OGUID+37;
INSERT INTO `gameobject` (`guid`, `id`, `map`, `spawnMask`, `phaseMask`, `position_x`, `position_y`, `position_z`, `orientation`, `rotation0`, `rotation1`, `rotation2`, `rotation3`, `spawntimesecs`, `animprogress`, `state`) VALUES
(@OGUID+0, 175152, 938, 1, 1, 4386.621, 1543.586, 137.545, 4.559151, 0, 0, -0.4129454, 0.9107558, 7200, 255, 1), -- -Unknown- (Area: Entryway of Time)
(@OGUID+1, 190236, 938, 1, 1, 4926.086, 1554.962, 222.3159, 4.017567, 0, 0, 0.9999986, -0.001654906, 7200, 255, 1), -- Gate (Area: Entryway of Time)
(@OGUID+2, 190352, 938, 1, 1, 3790.596, -690.3749, 223.0954, 5.916668, 0, 0, -0.1822356, 0.9832549, 7200, 255, 0), -- Doodad_HU_Portcullis03 (Area: Entryway of Time)
(@OGUID+3, 193019, 938, 1, 1, 5688.81, 497.2055, 652.6565, 0.8901166, 0, 0, -0.333807, 0.9426414, 7200, 255, 1), -- The Violet Hold (Area: Entryway of Time)
(@OGUID+4, 193904, 938, 1, 1, 5886.82, 651.2444, 642.6276, 5.602507, 0, 0, -0.333807, 0.9426414, 7200, 255, 1), -- 0 (Area: Entryway of Time)
(@OGUID+5, 209249, 938, 1, 1, 4110.726, -429.0799, 121.0752, 1.762782, 0, 0, 0, 1, 7200, 255, 1), -- -Unknown- (Area: Entryway of Time)
(@OGUID+6, 209318, 938, 1, 1, 2987.576, 524.9028, 27.52452, 0, 0, 0, 0, 1, 7200, 255, 1), -- -Unknown- (Area: Entryway of Time)
(@OGUID+7, 209318, 938, 1, 1, 3024.876, 562.2621, 28.16949, 0, 0, 0, 0, 1, 7200, 255, 1), -- -Unknown- (Area: Entryway of Time)
(@OGUID+8, 209318, 938, 1, 1, 3035.124, 457.4601, 27.94224, 0, 0, 0, 0, 1, 7200, 255, 1), -- -Unknown- (Area: Entryway of Time)
(@OGUID+9, 209318, 938, 1, 1, 3038.577, 512.0261, 21.46424, 0, 0, 0, 0, 1, 7200, 255, 1), -- -Unknown- (Area: Entryway of Time)
(@OGUID+10, 209318, 938, 1, 1, 3046.747, 529.0087, 20.62789, 0, 0, 0, 0, 1, 7200, 255, 1), -- -Unknown- (Area: Entryway of Time)
(@OGUID+11, 209318, 938, 1, 1, 3065.833, 481.4358, 21.45999, 0, 0, 0, 0, 1, 7200, 255, 1), -- -Unknown- (Area: Entryway of Time)
(@OGUID+12, 209318, 938, 1, 1, 3066.619, 583.2205, 23.04928, 0, 0, 0, 0, 1, 7200, 255, 1), -- -Unknown- (Area: Entryway of Time)
(@OGUID+13, 209318, 938, 1, 1, 3103.984, 429.2691, 26.59054, 0, 0, 0, 0, 1, 7200, 255, 1), -- -Unknown- (Area: Entryway of Time)
(@OGUID+14, 209318, 938, 1, 1, 3107.006, 475.5521, 21.39811, 0, 0, 0, 0, 1, 7200, 255, 1), -- -Unknown- (Area: Entryway of Time)
(@OGUID+15, 209318, 938, 1, 1, 3110.364, 589.4636, 24.47982, 0, 0, 0, 0, 1, 7200, 255, 1), -- -Unknown- (Area: Entryway of Time)
(@OGUID+16, 209318, 938, 1, 1, 3118.646, 618.6458, 26.35898, 0, 0, 0, 0, 1, 7200, 255, 1), -- -Unknown- (Area: Entryway of Time)
(@OGUID+17, 209318, 938, 1, 1, 3139.271, 456.0382, 25.21105, 0, 0, 0, 0, 1, 7200, 255, 1), -- -Unknown- (Area: Entryway of Time)
(@OGUID+18, 209318, 938, 1, 1, 3147.804, 506.0833, 21.01509, 0, 0, 0, 0, 1, 7200, 255, 1), -- -Unknown- (Area: Entryway of Time)
(@OGUID+19, 209318, 938, 1, 1, 3166.661, 583.1684, 27.125, 0, 0, 0, 0, 1, 7200, 255, 1), -- -Unknown- (Area: Entryway of Time)
(@OGUID+20, 209318, 938, 1, 1, 3170.8, 487.2951, 27.6434, 0, 0, 0, 0, 1, 7200, 255, 1), -- -Unknown- (Area: Entryway of Time)
(@OGUID+21, 209318, 938, 1, 1, 3189.565, 536.4983, 27.46259, 0, 0, 0, 0, 1, 7200, 255, 1), -- -Unknown- (Area: Entryway of Time)
(@OGUID+22, 209437, 938, 1, 1, 3821.423, 936.2153, 55.81151, 5.532695, 0, 0, 0, 1, 7200, 255, 1), -- -Unknown- (Area: Ruby Dragonshrine)
(@OGUID+23, 209438, 938, 1, 1, 2936.019, 85.2691, 5.705106, 5.715954, 0, 0, 0, 1, 7200, 255, 1), -- -Unknown- (Area: Entryway of Time)
(@OGUID+24, 209439, 938, 1, 1, 4346.827, 1285.944, 147.4501, 1.047198, 0, 0, 0, 1, 7200, 255, 1), -- -Unknown- (Area: Ruby Dragonshrine)
(@OGUID+25, 209440, 938, 1, 1, 4032.276, -352.3837, 122.2206, 5.489062, 0, 0, 0, 1, 7200, 255, 1), -- -Unknown- (Area: Entryway of Time)
(@OGUID+26, 209441, 938, 1, 1, 3697.036, -367.9028, 113.7821, 5.707228, 0, 0, 0, 1, 7200, 255, 1), -- -Unknown- (Area: Entryway of Time)
(@OGUID+27, 209442, 938, 1, 1, 2991.208, 558.9045, 24.79633, 5.88176, 0, 0, 0, 1, 7200, 255, 1), -- -Unknown- (Area: Entryway of Time)
(@OGUID+28, 209443, 938, 1, 1, 3829.036, 1110.17, 84.14674, 4.520403, 0, 0, 0, 1, 7200, 255, 1), -- -Unknown- (Area: Entryway of Time)
(@OGUID+29, 209547, 938, 1, 1, 4190.462, -441.5955, 120.3372, 2.844883, 0, 0, 0, 1, 7200, 255, 1), -- -Unknown- (Area: Bronze Dragonshrine)
(@OGUID+30, 209670, 938, 1, 1, 4380.487, 1410.172, 126.8417, 0.4101507, 2.045896E-43, 0, 0, 0, 7200, 255, 1), -- -Unknown- (Area: Entryway of Time)
(@OGUID+31, 209693, 938, 1, 1, 4399.567, 1446.979, 127.2677, 3.508117, 2.045896E-43, 0, 0, 0, 7200, 255, 1), -- -Unknown- (Area: Entryway of Time)
(@OGUID+32, 209694, 938, 1, 1, 4376.022, 1481.988, 127.2819, 4.76475, 2.045896E-43, 0, 0, 0, 7200, 255, 1), -- -Unknown- (Area: Entryway of Time)
(@OGUID+33, 209695, 938, 1, 1, 4357.863, 1446.642, 126.7462, 0.3228844, 2.045896E-43, 0, 0, 0, 7200, 255, 1), -- -Unknown- (Area: Entryway of Time)
(@OGUID+34, 209990, 938, 1, 1, 4339.283, 1391.693, 118.8672, 3.961899, 0, 0, 0, 1, 7200, 255, 1), -- -Unknown- (Area: Obsidian Dragonshrine)
(@OGUID+35, 209990, 938, 1, 1, 4418.551, 1391.46, 119.0086, 4.677484, 0, 0, 0, 1, 7200, 255, 1), -- -Unknown- (Area: Obsidian Dragonshrine)
(@OGUID+36, 210104, 938, 1, 1, 3731.713, -425.7141, 115.1545, 4.857957, 0.03490702, 0.02222261, -0.7189564, 0.6938222, 7200, 255, 1), -- -Unknown- (Area: Entryway of Time)
(@OGUID+37, 210105, 938, 1, 1, 3731.713, -425.7141, 115.1545, 4.857957, 0.03490702, 0.02222261, -0.7189564, 0.6938222, 7200, 255, 1); -- -Unknown- (Area: Entryway of Time)


DELETE FROM `creature_template_addon` WHERE `entry` IN (45439, 45979, 53488, 54123, 54431, 54432, 54433, 54445, 54474, 54476, 54486, 54488, 54489, 54496, 54507, 54508, 54511, 54512, 54517, 54542, 54543, 54544, 54550, 54552, 54553, 54556, 54639, 54687, 54688, 54690, 54691, 54693, 54699, 54700, 54701, 54751, 54867, 54920, 54923, 54928, 54945, 55091, 57864);
INSERT INTO `creature_template_addon` (`entry`, `mount`, `bytes1`, `bytes2`, `auras`) VALUES
(45439, 0, 0x0, 0x1, '29266'), -- Cockroach - Permanent Feign Death
-- (45979, 0, 0x0, 0x1, ''), -- General Purpose Bunny JMF
(45979, 0, 0x0, 0x1, '108642'), -- General Purpose Bunny JMF - Cosmetic - Purple Moonbeam
(53488, 0, 0x0, 0x1, '99201'), -- Summon Enabler Stalker - Summon Enabler
(54123, 0, 0x0, 0x1, '102581 101528'), -- Echo of Sylvanas - Calling of the Highborne, Jump
(54431, 0, 0x0, 0x1, '101624 101834'), -- Echo of Baine - Baine Visuals, Molten Axe
(54432, 0, 0x3000000, 0x1, ''), -- Murozond
(54433, 0, 0x0, 0x1, '46598'), -- Baine's Totem - Ride Vehicle Hardcoded
(54445, 0, 0x0, 0x1, ''), -- Echo of Jaina
(54474, 0, 0x0, 0x1, ''), -- Fog of Time
(54476, 0, 0x2000000, 0x1, '102602'), -- Nozdormu - Time Shift
(54486, 0, 0x0, 0x1, '95047 70628'), -- Emberwyrm - Camoflague, Permanent Feign Death
(54488, 0, 0x0, 0x1, '101859 70628'), -- Wailer - Camoflague, Permanent Feign Death
(54489, 0, 0x0, 0x1, '95047 70628'), -- Abomination - Camoflague, Permanent Feign Death
(54496, 0, 0x0, 0x1, ''), -- Rock Island
-- (54507, 0, 0x0, 0x1, '108781 101864 29266'), -- Time-Twisted Scourge Beast - Time-Twisted, Diseased, Permanent Feign Death
(54507, 0, 0x0, 0x1, '108781'), -- Time-Twisted Scourge Beast - Time-Twisted
(54508, 0, 0x3000000, 0x1, ''), -- Pool of Moonlight
-- (54508, 0, 0x3000000, 0x1, '101946'), -- Pool of Moonlight - Moonlit
(54511, 0, 0x0, 0x1, ''), -- Time-Twisted Geist
-- (54511, 0, 0x0, 0x1, '101862'), -- Time-Twisted Geist - Cannibalize
(54512, 0, 0x0, 0x1, '101841'), -- Time-Twisted Sentinel - In Shadow
(54517, 0, 0x0, 0x1, ''), -- Time-Twisted Shadowtalon
-- (54517, 0, 0x0, 0x1, '101878'), -- Time-Twisted Shadowtalon - Shred
-- (54517, 0, 0x1, 0x1, '94214'), -- Time-Twisted Shadowtalon - Grow
-- (54517, 0, 0x3000000, 0x1, '94214'), -- Time-Twisted Shadowtalon - Grow
(54542, 0, 0x0, 0x1, ''), -- Blink Target
(54543, 0, 0x3000000, 0x1, ''), -- Time-Twisted Drake
(54544, 0, 0x8, 0x1, '101841'), -- Echo of Tyrande - In Shadow
(54550, 0, 0x0, 0x1, '102045'), -- Undying Flame - Scorched
(54552, 0, 0x0, 0x1, ''), -- Time-Twisted Breaker
(54553, 0, 0x0, 0x1, ''), -- Time-Twisted Seer
-- (54556, 0, 0x0, 0x1, '97699 98250'), -- Volcano - Volcano Smoke, Volcano Base
(54556, 0, 0x0, 0x1, '97699'), -- Volcano - Volcano Smoke
(54639, 0, 0x0, 0x1, '102206'), -- Arcane Circle - Arcane Circle
(54687, 0, 0x0, 0x1, ''), -- Time-Twisted Footman
(54688, 0, 0x0, 0x1, '101841'), -- Time-Twisted Nightsaber - In Shadow
(54690, 0, 0x0, 0x1, ''), -- Time-Twisted Priest
(54691, 0, 0x0, 0x1, ''), -- Time-Twisted Sorceress
-- (54691, 0, 0x0, 0x1, '102442'), -- Time-Twisted Sorceress - Arcane Blast
(54693, 0, 0x0, 0x1, ''), -- Time-Twisted Rifleman
(54699, 0, 0x0, 0x1, '101841'), -- Time-Twisted Nightsaber - In Shadow
(54700, 0, 0x0, 0x1, '101841'), -- Time-Twisted Nightsaber - In Shadow
-- (54701, 14332, 0x0, 0x1, '101841 109127'), -- Time-Twisted Huntress - In Shadow, Time-Twisted Huntress Anim Replacement Set
(54701, 14332, 0x0, 0x1, '101841'), -- Time-Twisted Huntress - In Shadow
(54751, 0, 0x0, 0x1, '102602'), -- Nozdormu - Time Shift
(54867, 0, 0x0, 0x1, ''), -- Image of Nozdormu
(54920, 0, 0x0, 0x1, ''), -- Infinite Suppressor
(54923, 0, 0x0, 0x1, ''), -- Infinite Warden
(54928, 0, 0x0, 0x1, ''), -- Hourglass of Time
(54945, 0, 0x0, 0x1, ''), -- Sandstorm
(55091, 0, 0x3000000, 0x1, '102054'), -- General Purpose Bunny JMF (Look 2 - Flying, Infinite AOI) - Shadow Fog
(57864, 0, 0x3000000, 0x1, '49414'); -- Alurmi - Generic Quest Invisibility 1


SET @CGUID := 223318;

DELETE FROM `creature` WHERE `guid` BETWEEN @CGUID+0 AND @CGUID+426;
INSERT INTO `creature` (`guid`, `id`, `map`, `spawnMask`, `phaseMask`, `position_x`, `position_y`, `position_z`, `orientation`, `spawntimesecs`, `spawndist`, `MovementType`) VALUES
(@CGUID+0, 53488, 938, 1, 1, 3745.149, -403.8611, 110.1783, 1.58825, 7200, 0, 0), -- Summon Enabler Stalker (Area: Entryway of Time)
(@CGUID+1, 53488, 938, 1, 1, 3753.533, -385.1701, 108.5969, 1.58825, 7200, 0, 0), -- Summon Enabler Stalker (Area: Entryway of Time)
(@CGUID+2, 53488, 938, 1, 1, 3732.432, -374.5573, 108.7166, 1.58825, 7200, 0, 0), -- Summon Enabler Stalker (Area: Entryway of Time)
(@CGUID+3, 53488, 938, 1, 1, 3719.219, -395.2309, 111.5946, 1.58825, 7200, 0, 0), -- Summon Enabler Stalker (Area: Entryway of Time)
(@CGUID+4, 53488, 938, 1, 1, 3711.081, -372.5764, 113.4269, 1.58825, 7200, 0, 0), -- Summon Enabler Stalker (Area: Entryway of Time)
(@CGUID+5, 54476, 938, 1, 1, 3709.549, -362.1198, 114.035, 4.712389, 7200, 0, 0), -- Nozdormu (Area: Entryway of Time)
(@CGUID+6, 54432, 938, 1, 1, 4288.125, -456.4028, 160.4989, 2.984513, 7200, 0, 0), -- Murozond (Area: Entryway of Time) (possible waypoints or random movement)
(@CGUID+7, 55091, 938, 1, 1, 2932.377, 3.84375, 9.975834, 1.553343, 7200, 0, 0), -- General Purpose Bunny JMF (Look 2 - Flying, Infinite AOI) (Area: Entryway of Time)
(@CGUID+8, 55091, 938, 1, 1, 2871.048, -66.38715, 5.372171, 5.916666, 7200, 0, 0), -- General Purpose Bunny JMF (Look 2 - Flying, Infinite AOI) (Area: Entryway of Time)
(@CGUID+9, 55091, 938, 1, 1, 2933.72, 134.2708, 9.295521, 3.996804, 7200, 0, 0), -- General Purpose Bunny JMF (Look 2 - Flying, Infinite AOI) (Area: Entryway of Time)
(@CGUID+10, 55091, 938, 1, 1, 2906.8, 165.8507, 8.637854, 3.717551, 7200, 0, 0), -- General Purpose Bunny JMF (Look 2 - Flying, Infinite AOI) (Area: Entryway of Time)
(@CGUID+11, 55091, 938, 1, 1, 2773.884, -60.75695, 7.072206, 1.396263, 7200, 0, 0), -- General Purpose Bunny JMF (Look 2 - Flying, Infinite AOI) (Area: Entryway of Time)
(@CGUID+12, 55091, 938, 1, 1, 2868.76, 186.7413, 9.546069, 4.433136, 7200, 0, 0), -- General Purpose Bunny JMF (Look 2 - Flying, Infinite AOI) (Area: Entryway of Time)
(@CGUID+13, 55091, 938, 1, 1, 2719.526, -46.42014, 18.46466, 0.9250245, 7200, 0, 0), -- General Purpose Bunny JMF (Look 2 - Flying, Infinite AOI) (Area: Entryway of Time)
(@CGUID+14, 55091, 938, 1, 1, 2676.548, -42.69271, 37.16312, 2.932153, 7200, 0, 0), -- General Purpose Bunny JMF (Look 2 - Flying, Infinite AOI) (Area: Entryway of Time)
(@CGUID+15, 55091, 938, 1, 1, 2770.514, 177.3073, 6.017135, 5.253441, 7200, 0, 0), -- General Purpose Bunny JMF (Look 2 - Flying, Infinite AOI) (Area: Entryway of Time)
(@CGUID+16, 55091, 938, 1, 1, 2677.364, 110.2535, 14.95626, 6.143559, 7200, 0, 0), -- General Purpose Bunny JMF (Look 2 - Flying, Infinite AOI) (Area: Entryway of Time)
(@CGUID+17, 55091, 938, 1, 1, 2689.147, 137.8125, 31.64796, 6.143559, 7200, 0, 0), -- General Purpose Bunny JMF (Look 2 - Flying, Infinite AOI) (Area: Entryway of Time)
(@CGUID+18, 55091, 938, 1, 1, 2655.057, 81.38715, 16.50716, 5.864306, 7200, 0, 0), -- General Purpose Bunny JMF (Look 2 - Flying, Infinite AOI) (Area: Entryway of Time)
(@CGUID+19, 55091, 938, 1, 1, 2629.02, 41.17361, 2.686977, 5.654867, 7200, 0, 0), -- General Purpose Bunny JMF (Look 2 - Flying, Infinite AOI) (Area: Entryway of Time)
(@CGUID+20, 55091, 938, 1, 1, 2890.764, -25.22917, 3.798275, 2.513274, 7200, 0, 0), -- General Purpose Bunny JMF (Look 2 - Flying, Infinite AOI) (Area: Entryway of Time)
(@CGUID+21, 55091, 938, 1, 1, 2651.076, -16.08681, 10.64194, 2.86234, 7200, 0, 0), -- General Purpose Bunny JMF (Look 2 - Flying, Infinite AOI) (Area: Entryway of Time)
(@CGUID+22, 55091, 938, 1, 1, 2822.475, 197.9219, 13.19713, 4.747295, 7200, 0, 0), -- General Purpose Bunny JMF (Look 2 - Flying, Infinite AOI) (Area: Entryway of Time)
(@CGUID+23, 55091, 938, 1, 1, 2824.921, -59.67361, 5.411689, 2.042035, 7200, 0, 0), -- General Purpose Bunny JMF (Look 2 - Flying, Infinite AOI) (Area: Entryway of Time)
(@CGUID+24, 57864, 938, 1, 1, 3702.581, -349.257, 106.3278, 1.169371, 7200, 0, 0), -- Alurmi (Area: Entryway of Time)
(@CGUID+25, 54507, 938, 1, 1, 3788.205, 1012.68, 57.54688, 4.939282, 7200, 0, 0), -- Time-Twisted Scourge Beast (Area: Entryway of Time)
(@CGUID+26, 54507, 938, 1, 1, 3854.542, 963.9059, 56.12851, 1.745667, 7200, 0, 0), -- Time-Twisted Scourge Beast (Area: Entryway of Time) (possible waypoints or random movement)
(@CGUID+27, 54507, 938, 1, 1, 3826.033, 1022.1, 58.12355, 1.967727, 7200, 0, 0), -- Time-Twisted Scourge Beast (Area: Entryway of Time) (possible waypoints or random movement)
(@CGUID+28, 54511, 938, 1, 1, 3822.923, 1029.402, 58.85215, 1.946648, 7200, 0, 0), -- Time-Twisted Geist (Area: Entryway of Time) (possible waypoints or random movement)
(@CGUID+29, 54511, 938, 1, 1, 3818.325, 1022.66, 58.03056, 1.981418, 7200, 0, 0), -- Time-Twisted Geist (Area: Entryway of Time) (possible waypoints or random movement)
(@CGUID+30, 54511, 938, 1, 1, 3821.394, 1015.643, 57.21499, 2.035005, 7200, 0, 0), -- Time-Twisted Geist (Area: Entryway of Time) (possible waypoints or random movement)
(@CGUID+31, 54511, 938, 1, 1, 3829.18, 1014.783, 57.44395, 2.002645, 7200, 0, 0), -- Time-Twisted Geist (Area: Entryway of Time) (possible waypoints or random movement)
(@CGUID+32, 54511, 938, 1, 1, 3833.958, 1021.161, 58.25896, 1.976007, 7200, 0, 0), -- Time-Twisted Geist (Area: Entryway of Time) (possible waypoints or random movement)
(@CGUID+33, 54511, 938, 1, 1, 3830.828, 1028.49, 58.81467, 1.95038, 7200, 0, 0), -- Time-Twisted Geist (Area: Entryway of Time) (possible waypoints or random movement)
(@CGUID+34, 54511, 938, 1, 1, 3781.892, 1059.702, 59.20729, 5.93333, 7200, 0, 0), -- Time-Twisted Geist (Area: Entryway of Time) (possible waypoints or random movement)
(@CGUID+35, 54511, 938, 1, 1, 3774.415, 1061.792, 59.74569, 5.948878, 7200, 0, 0), -- Time-Twisted Geist (Area: Entryway of Time) (possible waypoints or random movement)
(@CGUID+36, 54511, 938, 1, 1, 3787.396, 1065.179, 60.41672, 5.997395, 7200, 0, 0), -- Time-Twisted Geist (Area: Entryway of Time) (possible waypoints or random movement)
(@CGUID+37, 45439, 938, 1, 1, 3853.958, 1097.561, 72.11757, 0, 7200, 0, 0), -- Cockroach (Area: Entryway of Time)
(@CGUID+38, 45439, 938, 1, 1, 3798.285, 1126.731, 87.7555, 0, 7200, 0, 0), -- Cockroach (Area: Entryway of Time)
(@CGUID+39, 45439, 938, 1, 1, 3759.684, 1088.087, 67.79977, 0, 7200, 0, 0), -- Cockroach (Area: Entryway of Time)
(@CGUID+40, 54476, 938, 1, 1, 3825.167, 1085.719, 80.12058, 1.32645, 7200, 0, 0), -- Nozdormu (Area: Entryway of Time)
(@CGUID+41, 54507, 938, 1, 1, 3780.133, 1067.24, 60.97195, 6.00435, 7200, 0, 0), -- Time-Twisted Scourge Beast (Area: Entryway of Time) (possible waypoints or random movement)
(@CGUID+42, 54511, 938, 1, 1, 3785.409, 1072.748, 62.4463, 6.075071, 7200, 0, 0), -- Time-Twisted Geist (Area: Entryway of Time) (possible waypoints or random movement)
(@CGUID+43, 54511, 938, 1, 1, 3772.475, 1069.429, 61.77516, 6.005823, 7200, 0, 0), -- Time-Twisted Geist (Area: Entryway of Time) (possible waypoints or random movement)
(@CGUID+44, 54511, 938, 1, 1, 3778.182, 1074.96, 63.14545, 6.025056, 7200, 0, 0), -- Time-Twisted Geist (Area: Entryway of Time) (possible waypoints or random movement)
(@CGUID+45, 54517, 938, 1, 1, 3720.059, 991.9688, 111.0677, 0.6806784, 7200, 0, 0), -- Time-Twisted Shadowtalon (Area: Entryway of Time)
(@CGUID+46, 54474, 938, 1, 1, 3771.092, 981.9774, 79.80042, 4.572762, 7200, 0, 0), -- Fog of Time (Area: Entryway of Time)
(@CGUID+47, 54474, 938, 1, 1, 3789.517, 935.7986, 71.99344, 3.961897, 7200, 0, 0), -- Fog of Time (Area: Entryway of Time)
(@CGUID+48, 54517, 938, 1, 1, 3737.635, 1018.351, 116.0068, 0.3839724, 7200, 0, 0), -- Time-Twisted Shadowtalon (Area: Entryway of Time)
(@CGUID+49, 54517, 938, 1, 1, 3747.933, 986.5729, 125.2822, 1.186824, 7200, 0, 0), -- Time-Twisted Shadowtalon (Area: Entryway of Time)
(@CGUID+50, 54517, 938, 1, 1, 3760.353, 974.8021, 123.8759, 1.291544, 7200, 0, 0), -- Time-Twisted Shadowtalon (Area: Entryway of Time)
(@CGUID+51, 54517, 938, 1, 1, 3789.518, 1010.054, 58.59871, 1.884956, 7200, 0, 0), -- Time-Twisted Shadowtalon (Area: Entryway of Time)
(@CGUID+52, 54517, 938, 1, 1, 3789.015, 1015.965, 57.06284, 4.555309, 7200, 0, 0), -- Time-Twisted Shadowtalon (Area: Entryway of Time)
(@CGUID+53, 54517, 938, 1, 1, 3738.378, 991.8524, 102.3155, 5.77704, 7200, 0, 0), -- Time-Twisted Shadowtalon (Area: Entryway of Time)
(@CGUID+54, 54517, 938, 1, 1, 3767.959, 967.7118, 111.7643, 2.6529, 7200, 0, 0), -- Time-Twisted Shadowtalon (Area: Entryway of Time)
(@CGUID+55, 54474, 938, 1, 1, 3756.287, 1009.807, 72.96638, 3.961897, 7200, 0, 0), -- Fog of Time (Area: Entryway of Time)
(@CGUID+56, 54517, 938, 1, 1, 3741.388, 1015.883, 117.4884, 0.7137473, 7200, 0, 0), -- Time-Twisted Shadowtalon (Area: Entryway of Time)
(@CGUID+57, 54474, 938, 1, 1, 3796.064, 970.618, 78.02415, 3.961897, 7200, 0, 0), -- Fog of Time (Area: Entryway of Time)
(@CGUID+58, 54489, 938, 1, 1, 3716.504, 1064.241, 69.10103, 1.518436, 7200, 0, 0), -- Abomination (Area: Entryway of Time)
(@CGUID+59, 54486, 938, 1, 1, 3634.161, 964.757, 56.35557, 2.96706, 7200, 0, 0), -- Emberwyrm (Area: Entryway of Time)
(@CGUID+60, 54489, 938, 1, 1, 3731.792, 868.8698, 71.24645, 1.518436, 7200, 0, 0), -- Abomination (Area: Entryway of Time)
(@CGUID+61, 54488, 938, 1, 1, 3798.126, 971.309, 63.56563, 3.473205, 7200, 0, 0), -- Wailer (Area: Entryway of Time)
(@CGUID+62, 54488, 938, 1, 1, 3778.833, 988.0382, 62.93838, 3.961897, 7200, 0, 0), -- Wailer (Area: Entryway of Time)
(@CGUID+63, 54489, 938, 1, 1, 3810.179, 963.092, 58.29282, 1.518436, 7200, 0, 0), -- Abomination (Area: Entryway of Time)
(@CGUID+64, 54489, 938, 1, 1, 3842.502, 1058.717, 64.02889, 3.612832, 7200, 0, 0), -- Abomination (Area: Entryway of Time)
(@CGUID+65, 54488, 938, 1, 1, 3797.216, 933.4809, 58.82322, 2.844887, 7200, 0, 0), -- Wailer (Area: Entryway of Time)
(@CGUID+66, 54486, 938, 1, 1, 3889.984, 960.9549, 67.52457, 4.642576, 7200, 0, 0), -- Emberwyrm (Area: Entryway of Time)
(@CGUID+67, 54488, 938, 1, 1, 3757.925, 1015.898, 58.49316, 4.660029, 7200, 0, 0), -- Wailer (Area: Entryway of Time)
(@CGUID+68, 45439, 938, 1, 1, 3814.108, 996.1893, 56.01156, 0, 7200, 0, 0), -- Cockroach (Area: Ruby Dragonshrine)
(@CGUID+69, 54511, 938, 1, 1, 3785.134, 1015.476, 57.25569, 5.899213, 7200, 0, 0), -- Time-Twisted Geist (Area: Ruby Dragonshrine)
(@CGUID+70, 54511, 938, 1, 1, 3791.26, 1012.332, 57.21684, 3.193953, 7200, 0, 0), -- Time-Twisted Geist (Area: Ruby Dragonshrine)
(@CGUID+71, 54511, 938, 1, 1, 3786.392, 1010.743, 57.94833, 0.7330383, 7200, 0, 0), -- Time-Twisted Geist (Area: Ruby Dragonshrine)
(@CGUID+72, 54511, 938, 1, 1, 3845.396, 990.9022, 56.58239, 5.138388, 7200, 0, 0), -- Time-Twisted Geist (Area: Ruby Dragonshrine) (possible waypoints or random movement)
(@CGUID+73, 54511, 938, 1, 1, 3853.47, 989.874, 57.46763, 5.138481, 7200, 0, 0), -- Time-Twisted Geist (Area: Ruby Dragonshrine) (possible waypoints or random movement)
(@CGUID+74, 45439, 938, 1, 1, 3873.582, 988.6875, 59.06669, 0, 7200, 0, 0), -- Cockroach (Area: Ruby Dragonshrine)
(@CGUID+75, 45439, 938, 1, 1, 3772.628, 986.7153, 62.22981, 0, 7200, 0, 0), -- Cockroach (Area: Ruby Dragonshrine)
(@CGUID+76, 54511, 938, 1, 1, 3840.324, 985.3119, 55.90625, 5.138459, 7200, 0, 0), -- Time-Twisted Geist (Area: Ruby Dragonshrine) (possible waypoints or random movement)
(@CGUID+77, 54511, 938, 1, 1, 3843.631, 978.0272, 56.07776, 5.138459, 7200, 0, 0), -- Time-Twisted Geist (Area: Ruby Dragonshrine) (possible waypoints or random movement)
(@CGUID+78, 54511, 938, 1, 1, 3851.593, 977.2483, 57.44226, 5.138459, 7200, 0, 0), -- Time-Twisted Geist (Area: Ruby Dragonshrine) (possible waypoints or random movement)
(@CGUID+79, 54511, 938, 1, 1, 3856.248, 983.7542, 58.30567, 5.138459, 7200, 0, 0), -- Time-Twisted Geist (Area: Ruby Dragonshrine) (possible waypoints or random movement)
(@CGUID+80, 45439, 938, 1, 1, 3733.675, 1038.911, 64.56648, 0, 7200, 0, 0), -- Cockroach (Area: Ruby Dragonshrine)
(@CGUID+81, 45439, 938, 1, 1, 3829.966, 872.1736, 57.5489, 0, 7200, 0, 0), -- Cockroach (Area: Ruby Dragonshrine)
(@CGUID+82, 45439, 938, 1, 1, 3901.606, 889.3663, 68.4549, 0, 7200, 0, 0), -- Cockroach (Area: Ruby Dragonshrine)
(@CGUID+83, 45439, 938, 1, 1, 3759.512, 935.9566, 73.11757, 0, 7200, 0, 0), -- Cockroach (Area: Ruby Dragonshrine)
(@CGUID+84, 45439, 938, 1, 1, 3762.457, 897.5833, 58.31817, 0, 7200, 0, 0), -- Cockroach (Area: Ruby Dragonshrine)
(@CGUID+85, 45439, 938, 1, 1, 4342.79, 1311.722, 148.695, 0, 7200, 0, 0), -- Cockroach (Area: Ruby Dragonshrine)
(@CGUID+86, 45439, 938, 1, 1, 4386.134, 1277.319, 148.1504, 0, 7200, 0, 0), -- Cockroach (Area: Ruby Dragonshrine)
(@CGUID+87, 54751, 938, 1, 1, 4346.979, 1311.135, 148.1124, 4.537856, 7200, 0, 0), -- Nozdormu (Area: Ruby Dragonshrine)
(@CGUID+88, 54550, 938, 1, 1, 4337.755, 1323.099, 158.768, 1.349542, 7200, 0, 0), -- Undying Flame (Area: Ruby Dragonshrine) (possible waypoints or random movement)
(@CGUID+89, 54550, 938, 1, 1, 4378.667, 1320.882, 147.4111, 4.594938, 7200, 0, 0), -- Undying Flame (Area: Ruby Dragonshrine) (possible waypoints or random movement)
(@CGUID+90, 54550, 938, 1, 1, 4383.803, 1300.916, 147.7524, 3.704952, 7200, 0, 0), -- Undying Flame (Area: Ruby Dragonshrine) (possible waypoints or random movement)
(@CGUID+91, 54550, 938, 1, 1, 4388.885, 1305.299, 147.2145, 3.809317, 7200, 0, 0), -- Undying Flame (Area: Ruby Dragonshrine) (possible waypoints or random movement)
(@CGUID+92, 54550, 938, 1, 1, 4394.789, 1310.883, 146.5969, 4.627301, 7200, 0, 0), -- Undying Flame (Area: Ruby Dragonshrine) (possible waypoints or random movement)
(@CGUID+93, 54550, 938, 1, 1, 4395.653, 1302.625, 145.6003, 1.289814, 7200, 0, 0), -- Undying Flame (Area: Ruby Dragonshrine) (possible waypoints or random movement)
(@CGUID+94, 54550, 938, 1, 1, 4382.905, 1323.523, 146.8001, 2.09079, 7200, 0, 0), -- Undying Flame (Area: Ruby Dragonshrine) (possible waypoints or random movement)
(@CGUID+95, 54550, 938, 1, 1, 4385.851, 1333.502, 144.6166, 1.76532, 7200, 0, 0), -- Undying Flame (Area: Ruby Dragonshrine) (possible waypoints or random movement)
(@CGUID+96, 45439, 938, 1, 1, 4423.49, 1331.155, 144.114, 0, 7200, 0, 0), -- Cockroach (Area: Ruby Dragonshrine)
(@CGUID+97, 45439, 938, 1, 1, 4409.694, 1303.144, 148.8376, 0, 7200, 0, 0), -- Cockroach (Area: Ruby Dragonshrine)
(@CGUID+98, 54550, 938, 1, 1, 4402.901, 1317.337, 144.3971, 3.259044, 7200, 0, 0), -- Undying Flame (Area: Ruby Dragonshrine) (possible waypoints or random movement)
(@CGUID+99, 54550, 938, 1, 1, 4400.88, 1314.881, 144.2586, 4.717924, 7200, 0, 0), -- Undying Flame (Area: Ruby Dragonshrine) (possible waypoints or random movement)
(@CGUID+100, 45439, 938, 1, 1, 4342.189, 1337.795, 158.103, 0, 7200, 0, 0), -- Cockroach (Area: Ruby Dragonshrine)
(@CGUID+101, 45439, 938, 1, 1, 4350.655, 1339.974, 144.1165, 0, 7200, 0, 0), -- Cockroach (Area: Ruby Dragonshrine)
(@CGUID+102, 54550, 938, 1, 1, 4361.978, 1380.32, 131.3716, 1.096232, 7200, 0, 0), -- Undying Flame (Area: Ruby Dragonshrine) (possible waypoints or random movement)
(@CGUID+103, 54550, 938, 1, 1, 4383.672, 1372.14, 135.5706, 3.062595, 7200, 0, 0), -- Undying Flame (Area: Ruby Dragonshrine) (possible waypoints or random movement)
(@CGUID+104, 54550, 938, 1, 1, 4353.577, 1357.274, 139.5411, 5.090357, 7200, 0, 0), -- Undying Flame (Area: Ruby Dragonshrine) (possible waypoints or random movement)
(@CGUID+105, 54550, 938, 1, 1, 4382.029, 1343.446, 142.8006, 6.267562, 7200, 0, 0), -- Undying Flame (Area: Ruby Dragonshrine) (possible waypoints or random movement)
(@CGUID+106, 54550, 938, 1, 1, 4381.789, 1350.11, 141.3548, 5.120998, 7200, 0, 0), -- Undying Flame (Area: Ruby Dragonshrine) (possible waypoints or random movement)
(@CGUID+107, 54550, 938, 1, 1, 4395.028, 1358.301, 138.7062, 2.428731, 7200, 0, 0), -- Undying Flame (Area: Ruby Dragonshrine) (possible waypoints or random movement)
(@CGUID+108, 54550, 938, 1, 1, 4387.71, 1369.435, 136.7794, 2.735163, 7200, 0, 0), -- Undying Flame (Area: Ruby Dragonshrine) (possible waypoints or random movement)
(@CGUID+109, 54550, 938, 1, 1, 4326.149, 1334.685, 170.1983, 1.302938, 7200, 0, 0), -- Undying Flame (Area: Ruby Dragonshrine) (possible waypoints or random movement)
(@CGUID+110, 45439, 938, 1, 1, 4402.943, 1365.333, 136.3008, 0, 7200, 0, 0), -- Cockroach (Area: Ruby Dragonshrine)
(@CGUID+111, 54550, 938, 1, 1, 4408.001, 1338.223, 143.3904, 4.180806, 7200, 0, 0), -- Undying Flame (Area: Ruby Dragonshrine) (possible waypoints or random movement)
(@CGUID+112, 54550, 938, 1, 1, 4414.6, 1342.388, 143.0652, 1.99993, 7200, 0, 0), -- Undying Flame (Area: Ruby Dragonshrine) (possible waypoints or random movement)
(@CGUID+113, 54550, 938, 1, 1, 4409.926, 1360.531, 138.3254, 0.3266348, 7200, 0, 0), -- Undying Flame (Area: Ruby Dragonshrine) (possible waypoints or random movement)
(@CGUID+114, 54550, 938, 1, 1, 4406.081, 1372.297, 135.7777, 0.1606559, 7200, 0, 0), -- Undying Flame (Area: Ruby Dragonshrine) (possible waypoints or random movement)
(@CGUID+115, 54543, 938, 1, 1, 4394.689, 1305.934, 151.1577, 2.984513, 7200, 0, 0), -- Time-Twisted Drake (Area: Ruby Dragonshrine)
(@CGUID+116, 54552, 938, 1, 1, 4389.746, 1302.391, 147.9358, 2.635447, 7200, 0, 0), -- Time-Twisted Breaker (Area: Ruby Dragonshrine)
(@CGUID+117, 54553, 938, 1, 1, 4389.772, 1305.988, 147.8819, 2.75762, 7200, 0, 0), -- Time-Twisted Seer (Area: Ruby Dragonshrine)
(@CGUID+118, 54556, 938, 1, 1, 4328.203, 1265.259, 165.1421, 0, 7200, 0, 0), -- Volcano (Area: Ruby Dragonshrine)
(@CGUID+119, 54543, 938, 1, 1, 4361.014, 1329.404, 152.4848, 6.100525, 7200, 0, 0), -- Time-Twisted Drake (Area: Ruby Dragonshrine) (possible waypoints or random movement)
(@CGUID+120, 54552, 938, 1, 1, 4360.234, 1331.467, 146.4147, 2.67815, 7200, 0, 0), -- Time-Twisted Breaker (Area: Ruby Dragonshrine) (possible waypoints or random movement)
(@CGUID+121, 54553, 938, 1, 1, 4363.043, 1327.795, 146.184, 2.607674, 7200, 0, 0), -- Time-Twisted Seer (Area: Ruby Dragonshrine) (possible waypoints or random movement)
(@CGUID+122, 54556, 938, 1, 1, 4404.695, 1280.943, 157.635, 0, 7200, 0, 0), -- Volcano (Area: Ruby Dragonshrine)
(@CGUID+123, 54496, 938, 1, 1, 4379.835, 1410.281, 132.4122, 0, 7200, 0, 0), -- Rock Island (Area: Ruby Dragonshrine)
(@CGUID+124, 54496, 938, 1, 1, 4377.944, 1482.354, 132.3906, 0, 7200, 0, 0), -- Rock Island (Area: Ruby Dragonshrine)
(@CGUID+125, 54496, 938, 1, 1, 4409.184, 1445.623, 132.3694, 0, 7200, 0, 0), -- Rock Island (Area: Ruby Dragonshrine)
(@CGUID+126, 54496, 938, 1, 1, 4337.902, 1456.681, 132.3431, 0, 7200, 0, 0), -- Rock Island (Area: Ruby Dragonshrine)
(@CGUID+127, 54431, 938, 1, 1, 4380.664, 1482.352, 132.2782, 4.660029, 7200, 0, 0), -- Echo of Baine (Area: Ruby Dragonshrine) (possible waypoints or random movement)
(@CGUID+128, 54543, 938, 1, 1, 4416.879, 1379.339, 140.6653, 1.075679, 7200, 0, 0), -- Time-Twisted Drake (Area: Ruby Dragonshrine) (possible waypoints or random movement)
(@CGUID+129, 54552, 938, 1, 1, 4413.682, 1371.156, 136.6377, 1.075268, 7200, 0, 0), -- Time-Twisted Breaker (Area: Ruby Dragonshrine) (possible waypoints or random movement)
(@CGUID+130, 54553, 938, 1, 1, 4413.458, 1375.008, 135.672, 1.023173, 7200, 0, 0), -- Time-Twisted Seer (Area: Ruby Dragonshrine) (possible waypoints or random movement)
(@CGUID+131, 54543, 938, 1, 1, 4352.512, 1354.795, 146.6941, 6.143559, 7200, 0, 0), -- Time-Twisted Drake (Area: Obsidian Dragonshrine)
(@CGUID+132, 54552, 938, 1, 1, 4354.748, 1357.566, 139.3173, 5.637414, 7200, 0, 0), -- Time-Twisted Breaker (Area: Obsidian Dragonshrine)
(@CGUID+133, 54553, 938, 1, 1, 4351.11, 1360.583, 139.724, 5.61996, 7200, 0, 0), -- Time-Twisted Seer (Area: Obsidian Dragonshrine)
(@CGUID+134, 54550, 938, 1, 1, 4384.095, 1321.446, 147.0502, 0, 7200, 0, 0), -- Undying Flame (Area: Obsidian Dragonshrine) (possible waypoints or random movement)
(@CGUID+135, 54550, 938, 1, 1, 4321.848, 1351.694, 165.6882, 0, 7200, 0, 0), -- Undying Flame (Area: Obsidian Dragonshrine) (possible waypoints or random movement)
(@CGUID+136, 54550, 938, 1, 1, 4364.866, 1341.326, 142.5353, 0, 7200, 0, 0), -- Undying Flame (Area: Obsidian Dragonshrine) (possible waypoints or random movement)
(@CGUID+137, 54550, 938, 1, 1, 4397.944, 1335.347, 142.0354, 0, 7200, 0, 0), -- Undying Flame (Area: Obsidian Dragonshrine) (possible waypoints or random movement)
(@CGUID+138, 54550, 938, 1, 1, 4398.637, 1321.233, 144.9736, 0, 7200, 0, 0), -- Undying Flame (Area: Obsidian Dragonshrine) (possible waypoints or random movement)
(@CGUID+139, 54550, 938, 1, 1, 4394.835, 1347.113, 140.9327, 0, 7200, 0, 0), -- Undying Flame (Area: Obsidian Dragonshrine) (possible waypoints or random movement)
(@CGUID+140, 54556, 938, 1, 1, 4326.59, 1355.175, 162.0462, 0, 7200, 0, 0), -- Volcano (Area: Obsidian Dragonshrine)
(@CGUID+141, 54556, 938, 1, 1, 4437.101, 1353.821, 163.6857, 0, 7200, 0, 0), -- Volcano (Area: Obsidian Dragonshrine)
(@CGUID+142, 45439, 938, 1, 1, 4339.944, 1409.507, 133.8307, 0, 7200, 0, 0), -- Cockroach (Area: Obsidian Dragonshrine)
(@CGUID+143, 54550, 938, 1, 1, 4421.332, 1388.996, 132.4488, 1.128099, 7200, 0, 0), -- Undying Flame (Area: Obsidian Dragonshrine) (possible waypoints or random movement)
(@CGUID+144, 54550, 938, 1, 1, 4438.93, 1345.28, 171.3046, 4.785715, 7200, 0, 0), -- Undying Flame (Area: Obsidian Dragonshrine) (possible waypoints or random movement)
(@CGUID+145, 54550, 938, 1, 1, 4435.416, 1377.843, 135.7695, 1.570796, 7200, 0, 0), -- Undying Flame (Area: Obsidian Dragonshrine) (possible waypoints or random movement)
(@CGUID+146, 54550, 938, 1, 1, 4287.12, 1388.266, 188.4446, 0, 7200, 0, 0), -- Undying Flame (Area: Obsidian Dragonshrine) (possible waypoints or random movement)
(@CGUID+147, 45439, 938, 1, 1, 4428.346, 1402.547, 132.3557, 0, 7200, 0, 0), -- Cockroach (Area: Obsidian Dragonshrine)
(@CGUID+148, 54550, 938, 1, 1, 4453.048, 1381.699, 172.0069, 4.846554, 7200, 0, 0), -- Undying Flame (Area: Obsidian Dragonshrine) (possible waypoints or random movement)
(@CGUID+149, 45439, 938, 1, 1, 4444.255, 1421.899, 146.3931, 0, 7200, 0, 0), -- Cockroach (Area: Obsidian Dragonshrine)
(@CGUID+150, 45439, 938, 1, 1, 4443.146, 1458.203, 133.0238, 0, 7200, 0, 0), -- Cockroach (Area: Obsidian Dragonshrine)
(@CGUID+151, 45439, 938, 1, 1, 4425.683, 1492.208, 133.8816, 0, 7200, 0, 0), -- Cockroach (Area: Obsidian Dragonshrine)
(@CGUID+152, 45439, 938, 1, 1, 4302.61, 1488.701, 133.1618, 0, 7200, 0, 0), -- Cockroach (Area: Obsidian Dragonshrine)
(@CGUID+153, 54923, 938, 1, 1, 4088.726, -414.4115, 120.6957, 5.707227, 7200, 0, 0), -- Infinite Warden (Area: Entryway of Time) (possible waypoints or random movement)
(@CGUID+154, 54920, 938, 1, 1, 4085.556, -430.5104, 121.0706, 6.178465, 7200, 0, 0), -- Infinite Suppressor (Area: Entryway of Time) (possible waypoints or random movement)
(@CGUID+155, 54920, 938, 1, 1, 4104.933, -405.5556, 120.7335, 4.834562, 7200, 0, 0), -- Infinite Suppressor (Area: Entryway of Time) (possible waypoints or random movement)
(@CGUID+156, 54920, 938, 1, 1, 4061.675, -427.9494, 118.4165, 2.225128, 7200, 0, 0), -- Infinite Suppressor (Area: Entryway of Time) (possible waypoints or random movement)
(@CGUID+157, 54923, 938, 1, 1, 4052.15, -435.2483, 118.6089, 2.224639, 7200, 0, 0), -- Infinite Warden (Area: Entryway of Time) (possible waypoints or random movement)
(@CGUID+158, 54923, 938, 1, 1, 4056.913, -431.5988, 118.5574, 2.225082, 7200, 0, 0), -- Infinite Warden (Area: Entryway of Time) (possible waypoints or random movement)
(@CGUID+159, 54920, 938, 1, 1, 4047.388, -438.8977, 119.0892, 2.225073, 7200, 0, 0), -- Infinite Suppressor (Area: Entryway of Time) (possible waypoints or random movement)
(@CGUID+160, 54751, 938, 1, 1, 4031.427, -362.526, 121.9653, 5.811946, 7200, 0, 0), -- Nozdormu (Area: Entryway of Time) (possible waypoints or random movement)
(@CGUID+161, 54945, 938, 1, 1, 4058.69, -388.5995, 121.2118, 4.764887, 7200, 0, 0), -- Sandstorm (Area: Entryway of Time)
(@CGUID+162, 54945, 938, 1, 1, 4186.016, -379.7503, 119.9842, 4.666115, 7200, 0, 0), -- Sandstorm (Area: Entryway of Time)
(@CGUID+163, 54945, 938, 1, 1, 4181.452, -478.3177, 122.067, 4.666141, 7200, 0, 0), -- Sandstorm (Area: Entryway of Time)
(@CGUID+164, 54945, 938, 1, 1, 4063.8, -485.852, 122.508, 4.737252, 7200, 0, 0), -- Sandstorm (Area: Entryway of Time)
(@CGUID+165, 54945, 938, 1, 1, 4063.281, -476.4533, 122.3793, 4.767601, 7200, 0, 0), -- Sandstorm (Area: Entryway of Time)
(@CGUID+166, 54945, 938, 1, 1, 4191.197, -357.9666, 120.6841, 4.631589, 7200, 0, 0), -- Sandstorm (Area: Entryway of Time)
(@CGUID+167, 54945, 938, 1, 1, 4062.261, -458.0053, 122.1266, 4.767601, 7200, 0, 0), -- Sandstorm (Area: Entryway of Time)
(@CGUID+168, 54945, 938, 1, 1, 4186.163, -376.6237, 119.917, 4.666091, 7200, 0, 0), -- Sandstorm (Area: Entryway of Time)
(@CGUID+169, 54945, 938, 1, 1, 4060.002, -417.1299, 121.5667, 4.767601, 7200, 0, 0), -- Sandstorm (Area: Entryway of Time)
(@CGUID+170, 54923, 938, 1, 1, 4124.252, -407.8351, 122.1545, 4.13643, 7200, 0, 0), -- Infinite Warden (Area: Bronze Dragonshrine) (possible waypoints or random movement)
(@CGUID+171, 54945, 938, 1, 1, 4054.855, -324.0035, 120.2911, 4.767601, 7200, 0, 0), -- Sandstorm (Area: Bronze Dragonshrine)
(@CGUID+172, 54928, 938, 1, 1, 4110.196, -429.158, 136.6789, 2.338741, 7200, 0, 0), -- Hourglass of Time (Area: Bronze Dragonshrine)
(@CGUID+173, 54945, 938, 1, 1, 4059.775, -324.0035, 120.2911, 4.737252, 7200, 0, 0), -- Sandstorm (Area: Bronze Dragonshrine)
(@CGUID+174, 54945, 938, 1, 1, 4181.126, -336.349, 119.0671, 4.714683, 7200, 0, 0), -- Sandstorm (Area: Bronze Dragonshrine)
(@CGUID+175, 54945, 938, 1, 1, 4188.026, -336.4219, 119.0671, 4.666091, 7200, 0, 0), -- Sandstorm (Area: Bronze Dragonshrine)
(@CGUID+176, 54945, 938, 1, 1, 4054.855, -324.0035, 120.2911, 4.767601, 7200, 0, 0), -- Sandstorm (Area: Bronze Dragonshrine)
(@CGUID+177, 54945, 938, 1, 1, 4188.23, -331.8594, 119.0671, 4.666141, 7200, 0, 0), -- Sandstorm (Area: Bronze Dragonshrine)
(@CGUID+178, 54945, 938, 1, 1, 4192.948, -336.349, 120.4357, 4.631589, 7200, 0, 0), -- Sandstorm (Area: Bronze Dragonshrine)
(@CGUID+179, 54945, 938, 1, 1, 4054.855, -324.0035, 120.2911, 4.767601, 7200, 0, 0), -- Sandstorm (Area: Bronze Dragonshrine)
(@CGUID+180, 54945, 938, 1, 1, 4054.855, -324.0035, 120.2911, 4.767601, 7200, 0, 0), -- Sandstorm (Area: Bronze Dragonshrine)
(@CGUID+181, 54945, 938, 1, 1, 4188.026, -336.349, 119.0671, 4.666115, 7200, 0, 0), -- Sandstorm (Area: Bronze Dragonshrine)
(@CGUID+182, 54945, 938, 1, 1, 4188.026, -336.4219, 119.0671, 4.666091, 7200, 0, 0), -- Sandstorm (Area: Bronze Dragonshrine)
(@CGUID+183, 54945, 938, 1, 1, 4059.775, -324.0035, 120.2911, 4.737252, 7200, 0, 0), -- Sandstorm (Area: Bronze Dragonshrine)
(@CGUID+184, 54945, 938, 1, 1, 4055.06, -319.5174, 120.2911, 4.764887, 7200, 0, 0), -- Sandstorm (Area: Bronze Dragonshrine)
(@CGUID+185, 54945, 938, 1, 1, 4181.126, -336.349, 119.0671, 4.714683, 7200, 0, 0), -- Sandstorm (Area: Bronze Dragonshrine)
(@CGUID+186, 54945, 938, 1, 1, 4192.948, -336.349, 120.4357, 4.631589, 7200, 0, 0), -- Sandstorm (Area: Bronze Dragonshrine)
(@CGUID+187, 54945, 938, 1, 1, 4054.855, -324.0035, 120.2911, 4.767601, 7200, 0, 0), -- Sandstorm (Area: Bronze Dragonshrine)
(@CGUID+188, 54945, 938, 1, 1, 4054.855, -324.0035, 120.2911, 4.767601, 7200, 0, 0), -- Sandstorm (Area: Bronze Dragonshrine)
(@CGUID+189, 54945, 938, 1, 1, 4188.026, -336.4219, 119.0671, 4.666091, 7200, 0, 0), -- Sandstorm (Area: Bronze Dragonshrine)
(@CGUID+190, 54945, 938, 1, 1, 4188.23, -331.8594, 119.0671, 4.666141, 7200, 0, 0), -- Sandstorm (Area: Bronze Dragonshrine)
(@CGUID+191, 54945, 938, 1, 1, 4059.775, -324.0035, 120.2911, 4.737252, 7200, 0, 0), -- Sandstorm (Area: Bronze Dragonshrine)
(@CGUID+192, 54945, 938, 1, 1, 4054.855, -324.0035, 120.2911, 4.767601, 7200, 0, 0), -- Sandstorm (Area: Bronze Dragonshrine)
(@CGUID+193, 54945, 938, 1, 1, 4188.026, -336.349, 119.0671, 4.666115, 7200, 0, 0), -- Sandstorm (Area: Bronze Dragonshrine)
(@CGUID+194, 54945, 938, 1, 1, 4181.126, -336.349, 119.0671, 4.714683, 7200, 0, 0), -- Sandstorm (Area: Bronze Dragonshrine)
(@CGUID+195, 54945, 938, 1, 1, 4054.855, -324.0035, 120.2911, 4.767601, 7200, 0, 0), -- Sandstorm (Area: Bronze Dragonshrine)
(@CGUID+196, 54945, 938, 1, 1, 4192.948, -336.349, 120.4357, 4.631589, 7200, 0, 0), -- Sandstorm (Area: Bronze Dragonshrine)
(@CGUID+197, 54945, 938, 1, 1, 4188.026, -336.4219, 119.0671, 4.666091, 7200, 0, 0), -- Sandstorm (Area: Bronze Dragonshrine)
(@CGUID+198, 54945, 938, 1, 1, 4055.06, -319.5174, 120.2911, 4.764887, 7200, 0, 0), -- Sandstorm (Area: Bronze Dragonshrine)
(@CGUID+199, 54945, 938, 1, 1, 4054.855, -324.0035, 120.2911, 4.767601, 7200, 0, 0), -- Sandstorm (Area: Bronze Dragonshrine)
(@CGUID+200, 54945, 938, 1, 1, 4059.775, -324.0035, 120.2911, 4.737252, 7200, 0, 0), -- Sandstorm (Area: Bronze Dragonshrine) (possible waypoints or random movement)
(@CGUID+201, 54945, 938, 1, 1, 4054.855, -324.0035, 120.2911, 4.767601, 7200, 0, 0), -- Sandstorm (Area: Bronze Dragonshrine) (possible waypoints or random movement)
(@CGUID+202, 54945, 938, 1, 1, 4188.026, -336.4219, 119.0671, 4.666091, 7200, 0, 0), -- Sandstorm (Area: Bronze Dragonshrine) (possible waypoints or random movement)
(@CGUID+203, 54945, 938, 1, 1, 4192.948, -336.349, 120.4357, 4.631589, 7200, 0, 0), -- Sandstorm (Area: Bronze Dragonshrine) (possible waypoints or random movement)
(@CGUID+204, 54945, 938, 1, 1, 4181.126, -336.349, 119.0671, 4.714683, 7200, 0, 0), -- Sandstorm (Area: Bronze Dragonshrine) (possible waypoints or random movement)
(@CGUID+205, 54945, 938, 1, 1, 4188.026, -336.349, 119.0671, 4.666115, 7200, 0, 0), -- Sandstorm (Area: Bronze Dragonshrine) (possible waypoints or random movement)
(@CGUID+206, 54945, 938, 1, 1, 4054.855, -324.0035, 120.2911, 4.767601, 7200, 0, 0), -- Sandstorm (Area: Bronze Dragonshrine) (possible waypoints or random movement)
(@CGUID+207, 54945, 938, 1, 1, 4188.23, -331.8594, 119.0671, 4.666141, 7200, 0, 0), -- Sandstorm (Area: Bronze Dragonshrine) (possible waypoints or random movement)
(@CGUID+208, 54945, 938, 1, 1, 4054.855, -324.0035, 120.2911, 4.767601, 7200, 0, 0), -- Sandstorm (Area: Bronze Dragonshrine) (possible waypoints or random movement)
(@CGUID+209, 54945, 938, 1, 1, 4188.026, -336.4219, 119.0671, 4.666091, 7200, 0, 0), -- Sandstorm (Area: Bronze Dragonshrine) (possible waypoints or random movement)
(@CGUID+210, 54945, 938, 1, 1, 4054.855, -324.0035, 120.2911, 4.767601, 7200, 0, 0), -- Sandstorm (Area: Bronze Dragonshrine) (possible waypoints or random movement)
(@CGUID+211, 54945, 938, 1, 1, 4055.06, -319.5174, 120.2911, 2.443461, 7200, 0, 0), -- Sandstorm (Area: Bronze Dragonshrine) (possible waypoints or random movement)
(@CGUID+212, 54945, 938, 1, 1, 4059.775, -324.0035, 120.2911, 2.443461, 7200, 0, 0), -- Sandstorm (Area: Bronze Dragonshrine) (possible waypoints or random movement)
(@CGUID+213, 54945, 938, 1, 1, 4192.948, -336.349, 120.4357, 1.117013, 7200, 0, 0), -- Sandstorm (Area: Bronze Dragonshrine) (possible waypoints or random movement)
(@CGUID+214, 54945, 938, 1, 1, 4181.126, -336.349, 119.0671, 1.117013, 7200, 0, 0), -- Sandstorm (Area: Bronze Dragonshrine) (possible waypoints or random movement)
(@CGUID+215, 54945, 938, 1, 1, 4188.026, -336.349, 119.0671, 1.117013, 7200, 0, 0), -- Sandstorm (Area: Bronze Dragonshrine) (possible waypoints or random movement)
(@CGUID+216, 54945, 938, 1, 1, 4054.855, -324.0035, 120.2911, 2.443461, 7200, 0, 0), -- Sandstorm (Area: Bronze Dragonshrine) (possible waypoints or random movement)
(@CGUID+217, 54945, 938, 1, 1, 4188.026, -336.4219, 119.0671, 4.666091, 7200, 0, 0), -- Sandstorm (Area: Bronze Dragonshrine) (possible waypoints or random movement)
(@CGUID+218, 54945, 938, 1, 1, 4188.23, -331.8594, 119.0671, 1.117013, 7200, 0, 0), -- Sandstorm (Area: Bronze Dragonshrine) (possible waypoints or random movement)
(@CGUID+219, 54945, 938, 1, 1, 4054.855, -324.0035, 120.2911, 4.767601, 7200, 0, 0), -- Sandstorm (Area: Bronze Dragonshrine) (possible waypoints or random movement)
(@CGUID+220, 54945, 938, 1, 1, 4054.855, -324.0035, 120.2911, 2.443461, 7200, 0, 0), -- Sandstorm (Area: Bronze Dragonshrine) (possible waypoints or random movement)
(@CGUID+221, 54945, 938, 1, 1, 4192.948, -336.349, 120.4357, 4.631589, 7200, 0, 0), -- Sandstorm (Area: Bronze Dragonshrine)
(@CGUID+222, 54945, 938, 1, 1, 4059.775, -324.0035, 120.2911, 4.737252, 7200, 0, 0), -- Sandstorm (Area: Bronze Dragonshrine)
(@CGUID+223, 54945, 938, 1, 1, 4187.84, -340.4347, 119.1519, 4.666091, 7200, 0, 0), -- Sandstorm (Area: Bronze Dragonshrine)
(@CGUID+224, 45439, 938, 1, 1, 3047.869, 437.4809, 28.25405, 0, 7200, 0, 0), -- Cockroach (Area: Entryway of Time)
(@CGUID+225, 54687, 938, 1, 1, 3012.525, 478.9385, 27.47073, 4.73854, 7200, 0, 0), -- Time-Twisted Footman (Area: Entryway of Time) (possible waypoints or random movement)
(@CGUID+226, 54687, 938, 1, 1, 3012.497, 473.4843, 26.5366, 4.802999, 7200, 0, 0), -- Time-Twisted Footman (Area: Entryway of Time) (possible waypoints or random movement)
(@CGUID+227, 54690, 938, 1, 1, 3017.362, 482.1595, 28.22901, 4.94402, 7200, 0, 0), -- Time-Twisted Priest (Area: Entryway of Time) (possible waypoints or random movement)
(@CGUID+228, 54693, 938, 1, 1, 3011.99, 485.4381, 26.98243, 4.877747, 7200, 0, 0), -- Time-Twisted Rifleman (Area: Entryway of Time) (possible waypoints or random movement)
(@CGUID+229, 54691, 938, 1, 1, 3006.382, 478.9478, 24.99965, 4.800863, 7200, 0, 0), -- Time-Twisted Sorceress (Area: Entryway of Time) (possible waypoints or random movement)
(@CGUID+230, 54542, 938, 1, 1, 3034.321, 515.618, 21.60052, 0, 7200, 0, 0), -- Blink Target (Area: Entryway of Time)
(@CGUID+231, 54542, 938, 1, 1, 2999.208, 501.9774, 26.53789, 0, 7200, 0, 0), -- Blink Target (Area: Entryway of Time)
(@CGUID+232, 54542, 938, 1, 1, 3005.825, 523.7205, 28.17572, 0, 7200, 0, 0), -- Blink Target (Area: Entryway of Time)
(@CGUID+233, 54542, 938, 1, 1, 3016.827, 487.9844, 27.38586, 0, 7200, 0, 0), -- Blink Target (Area: Entryway of Time)
(@CGUID+234, 45439, 938, 1, 1, 2980.706, 497.7743, 27.10397, 0, 7200, 0, 0), -- Cockroach (Area: Entryway of Time)
(@CGUID+235, 54542, 938, 1, 1, 3050.788, 493.6111, 21.50989, 0, 7200, 0, 0), -- Blink Target (Area: Entryway of Time)
(@CGUID+236, 45439, 938, 1, 1, 3014.675, 450.0642, 26.31597, 0, 7200, 0, 0), -- Cockroach (Area: Entryway of Time)
(@CGUID+237, 45439, 938, 1, 1, 2989.401, 434.8333, 34.82639, 0, 7200, 0, 0), -- Cockroach (Area: Entryway of Time)
(@CGUID+238, 54867, 938, 1, 1, 3039.391, 515.3785, 21.54784, 3.159046, 7200, 0, 0), -- Image of Nozdormu (Area: Entryway of Time)
(@CGUID+239, 54542, 938, 1, 1, 3074.481, 467.2066, 21.83661, 0, 7200, 0, 0), -- Blink Target (Area: Entryway of Time)
(@CGUID+240, 54542, 938, 1, 1, 3078.087, 441.2361, 27.26732, 0, 7200, 0, 0), -- Blink Target (Area: Entryway of Time)
(@CGUID+241, 54542, 938, 1, 1, 3074.481, 467.2066, 21.83661, 0, 7200, 0, 0), -- Blink Target (Area: Entryway of Time)
(@CGUID+242, 45439, 938, 1, 1, 3115.684, 505.2326, 6.433718, 0, 7200, 0, 0), -- Cockroach (Area: Entryway of Time)
(@CGUID+243, 54687, 938, 1, 1, 3075.441, 470.7812, 21.54818, 5.000063, 7200, 0, 0), -- Time-Twisted Footman (Area: Entryway of Time) (possible waypoints or random movement)
(@CGUID+244, 54691, 938, 1, 1, 3079.425, 478.2716, 21.5247, 5.025282, 7200, 0, 0), -- Time-Twisted Sorceress (Area: Entryway of Time) (possible waypoints or random movement)
(@CGUID+245, 54687, 938, 1, 1, 3081.167, 472.5393, 21.5247, 5.00496, 7200, 0, 0), -- Time-Twisted Footman (Area: Entryway of Time) (possible waypoints or random movement)
(@CGUID+246, 54690, 938, 1, 1, 3073.711, 476.5207, 21.53275, 5.014402, 7200, 0, 0), -- Time-Twisted Priest (Area: Entryway of Time) (possible waypoints or random movement)
(@CGUID+247, 54687, 938, 1, 1, 3040.014, 566.7242, 24.34503, 2.455863, 7200, 0, 0), -- Time-Twisted Footman (Area: Entryway of Time) (possible waypoints or random movement)
(@CGUID+248, 54687, 938, 1, 1, 3037.822, 560.7614, 23.75398, 2.455863, 7200, 0, 0), -- Time-Twisted Footman (Area: Entryway of Time) (possible waypoints or random movement)
(@CGUID+249, 54693, 938, 1, 1, 3042.397, 557.0187, 22.4801, 2.455863, 7200, 0, 0), -- Time-Twisted Rifleman (Area: Entryway of Time) (possible waypoints or random movement)
(@CGUID+250, 54691, 938, 1, 1, 3046.032, 561.7988, 21.80891, 2.455495, 7200, 0, 0), -- Time-Twisted Sorceress (Area: Entryway of Time) (possible waypoints or random movement)
(@CGUID+251, 54542, 938, 1, 1, 3064.288, 592.5538, 26.04465, 0, 7200, 0, 0), -- Blink Target (Area: Entryway of Time)
(@CGUID+252, 54542, 938, 1, 1, 3023.108, 544.2031, 24.3756, 0, 7200, 0, 0), -- Blink Target (Area: Entryway of Time)
(@CGUID+253, 54542, 938, 1, 1, 3034.635, 571.1649, 27.98734, 0, 7200, 0, 0), -- Blink Target (Area: Entryway of Time)
(@CGUID+254, 54542, 938, 1, 1, 3059.043, 566.6476, 21.51219, 0, 7200, 0, 0), -- Blink Target (Area: Entryway of Time)
(@CGUID+255, 54542, 938, 1, 1, 3008.868, 563.3976, 26.75361, 0, 7200, 0, 0), -- Blink Target (Area: Entryway of Time)
(@CGUID+256, 54542, 938, 1, 1, 3046.601, 548.5955, 22.33627, 0, 7200, 0, 0), -- Blink Target (Area: Entryway of Time)
(@CGUID+257, 45439, 938, 1, 1, 3080.62, 555.1059, 20.76182, 0, 7200, 0, 0), -- Cockroach (Area: Entryway of Time)
(@CGUID+258, 54639, 938, 1, 1, 3044.612, 515.7483, 21.54332, 3.228859, 7200, 0, 0), -- Arcane Circle (Area: Entryway of Time)
(@CGUID+259, 54690, 938, 1, 1, 3135.964, 487.933, 21.52198, 1.465913, 7200, 0, 0), -- Time-Twisted Priest (Area: Azure Dragonshrine) (possible waypoints or random movement)
(@CGUID+260, 54542, 938, 1, 1, 3111.466, 459.4271, 22.01747, 0, 7200, 0, 0), -- Blink Target (Area: Azure Dragonshrine)
(@CGUID+261, 54542, 938, 1, 1, 3111.466, 459.4271, 22.01747, 0, 7200, 0, 0), -- Blink Target (Area: Azure Dragonshrine)
(@CGUID+262, 54687, 938, 1, 1, 3139.852, 556.5237, 21.17372, 3.567407, 7200, 0, 0), -- Time-Twisted Footman (Area: Azure Dragonshrine) (possible waypoints or random movement)
(@CGUID+263, 54542, 938, 1, 1, 3101.55, 599.8958, 28.65366, 0, 7200, 0, 0), -- Blink Target (Area: Azure Dragonshrine)
(@CGUID+264, 54687, 938, 1, 1, 3123.523, 556.6652, 21.39389, 2.412414, 7200, 0, 0), -- Time-Twisted Footman (Area: Azure Dragonshrine) (possible waypoints or random movement)
(@CGUID+265, 54690, 938, 1, 1, 3128.972, 549.0757, 21.09828, 2.937113, 7200, 0, 0), -- Time-Twisted Priest (Area: Azure Dragonshrine) (possible waypoints or random movement)
(@CGUID+266, 54693, 938, 1, 1, 3133.912, 552.4954, 21.49278, 3.327552, 7200, 0, 0), -- Time-Twisted Rifleman (Area: Azure Dragonshrine) (possible waypoints or random movement)
(@CGUID+267, 54691, 938, 1, 1, 3130.975, 559.4849, 20.93724, 2.563356, 7200, 0, 0), -- Time-Twisted Sorceress (Area: Azure Dragonshrine) (possible waypoints or random movement)
(@CGUID+268, 45439, 938, 1, 1, 3098.208, 621.882, 27.33134, 0, 7200, 0, 0), -- Cockroach (Area: Azure Dragonshrine)
(@CGUID+269, 54542, 938, 1, 1, 3130.356, 594.2864, 26.82118, 0, 7200, 0, 0), -- Blink Target (Area: Azure Dragonshrine)
(@CGUID+270, 45439, 938, 1, 1, 3130.898, 626.0052, 32.00659, 0, 7200, 0, 0), -- Cockroach (Area: Azure Dragonshrine)
(@CGUID+271, 54542, 938, 1, 1, 3146.885, 553.6077, 21.04269, 0, 7200, 0, 0), -- Blink Target (Area: Azure Dragonshrine)
(@CGUID+272, 54542, 938, 1, 1, 3159.581, 577.5799, 27.15213, 0, 7200, 0, 0), -- Blink Target (Area: Azure Dragonshrine)
(@CGUID+273, 54687, 938, 1, 1, 3145.61, 516.5521, 21.91367, 6.074775, 7200, 0, 0), -- Time-Twisted Footman (Area: Azure Dragonshrine) (possible waypoints or random movement)
(@CGUID+274, 54687, 938, 1, 1, 3156.199, 515.0608, 21.51218, 5.389875, 7200, 0, 0), -- Time-Twisted Footman (Area: Azure Dragonshrine) (possible waypoints or random movement)
(@CGUID+275, 54693, 938, 1, 1, 3150.956, 515.8978, 22.00641, 0.3866747, 7200, 0, 0), -- Time-Twisted Rifleman (Area: Azure Dragonshrine) (possible waypoints or random movement)
(@CGUID+276, 54691, 938, 1, 1, 3152.964, 510.0997, 22.46222, 5.110485, 7200, 0, 0), -- Time-Twisted Sorceress (Area: Azure Dragonshrine) (possible waypoints or random movement)
(@CGUID+277, 54542, 938, 1, 1, 3160.658, 524.1441, 21.06857, 0, 7200, 0, 0), -- Blink Target (Area: Azure Dragonshrine)
(@CGUID+278, 54542, 938, 1, 1, 3144.001, 461.9826, 23.62674, 0, 7200, 0, 0), -- Blink Target (Area: Azure Dragonshrine)
(@CGUID+279, 54542, 938, 1, 1, 3180.344, 517.2014, 27.81145, 0, 7200, 0, 0), -- Blink Target (Area: Azure Dragonshrine)
(@CGUID+280, 54542, 938, 1, 1, 3145.919, 492.4323, 20.66947, 0, 7200, 0, 0), -- Blink Target (Area: Azure Dragonshrine)
(@CGUID+281, 54542, 938, 1, 1, 3180.78, 549.0261, 26.33423, 0, 7200, 0, 0), -- Blink Target (Area: Azure Dragonshrine)
(@CGUID+282, 54542, 938, 1, 1, 3173.878, 492.3004, 26.97824, 0, 7200, 0, 0), -- Blink Target (Area: Azure Dragonshrine)
(@CGUID+283, 45439, 938, 1, 1, 3205.953, 555.5677, 31.21457, 0, 7200, 0, 0), -- Cockroach (Area: Azure Dragonshrine)
(@CGUID+284, 45439, 938, 1, 1, 3189.445, 450.2379, 25.06092, 0, 7200, 0, 0), -- Cockroach (Area: Azure Dragonshrine)
(@CGUID+285, 45439, 938, 1, 1, 3202.955, 489.8611, 24.96133, 0, 7200, 0, 0), -- Cockroach (Area: Azure Dragonshrine)
(@CGUID+286, 45439, 938, 1, 1, 3121.199, 417.5521, 25.70999, 0, 7200, 0, 0), -- Cockroach (Area: Azure Dragonshrine)
(@CGUID+287, 54445, 938, 1, 1, 3044.78, 515.7292, 21.54332, 3.124139, 7200, 0, 0), -- Echo of Jaina (Area: Azure Dragonshrine) (possible waypoints or random movement)
(@CGUID+288, 45439, 938, 1, 1, 2897.378, -1.197917, 1.697671, 0, 7200, 0, 0), -- Cockroach (Area: Entryway of Time)
(@CGUID+289, 45439, 938, 1, 1, 2930.512, 131.1042, 8.156324, 0, 7200, 0, 0), -- Cockroach (Area: Entryway of Time)
(@CGUID+290, 54700, 938, 1, 1, 2890.549, 8.982103, 1.431702, 3.47963, 7200, 0, 0), -- Time-Twisted Nightsaber (Area: Entryway of Time) (possible waypoints or random movement)
(@CGUID+291, 54688, 938, 1, 1, 2877.207, 64.87737, 0.8064503, 5.78898, 7200, 0, 0), -- Time-Twisted Nightsaber (Area: Entryway of Time) (possible waypoints or random movement)
(@CGUID+292, 54688, 938, 1, 1, 2871.965, 10.08328, 1.391066, 3.266917, 7200, 0, 0), -- Time-Twisted Nightsaber (Area: Entryway of Time) (possible waypoints or random movement)
(@CGUID+293, 54700, 938, 1, 1, 2918.813, 14.78109, 5.537943, 0.1572115, 7200, 0, 0), -- Time-Twisted Nightsaber (Area: Entryway of Time) (possible waypoints or random movement)
(@CGUID+294, 54700, 938, 1, 1, 2930.201, 126.1054, 7.408444, 1.616358, 7200, 0, 0), -- Time-Twisted Nightsaber (Area: Entryway of Time) (possible waypoints or random movement)
(@CGUID+295, 54699, 938, 1, 1, 2917.458, 129.998, 5.621768, 5.892525, 7200, 0, 0), -- Time-Twisted Nightsaber (Area: Entryway of Time) (possible waypoints or random movement)
(@CGUID+296, 54699, 938, 1, 1, 2926.456, 10.36992, 6.243418, 1.284837, 7200, 0, 0), -- Time-Twisted Nightsaber (Area: Entryway of Time) (possible waypoints or random movement)
(@CGUID+297, 54700, 938, 1, 1, 2921.483, 21.35352, 5.223431, 3.141593, 7200, 0, 0), -- Time-Twisted Nightsaber (Area: Entryway of Time) (possible waypoints or random movement)
(@CGUID+298, 54700, 938, 1, 1, 2893.814, 54.10377, 2.344442, 0.2958473, 7200, 0, 0), -- Time-Twisted Nightsaber (Area: Entryway of Time) (possible waypoints or random movement)
(@CGUID+299, 54699, 938, 1, 1, 2911.057, 106.8299, 4.427178, 0.5441046, 7200, 0, 0), -- Time-Twisted Nightsaber (Area: Entryway of Time) (possible waypoints or random movement)
(@CGUID+300, 54699, 938, 1, 1, 2903.494, 120.2561, 4.925302, 3.524332, 7200, 0, 0), -- Time-Twisted Nightsaber (Area: Entryway of Time) (possible waypoints or random movement)
(@CGUID+301, 54699, 938, 1, 1, 2893.173, 74.31601, 3.009377, 2.763072, 7200, 0, 0), -- Time-Twisted Nightsaber (Area: Entryway of Time) (possible waypoints or random movement)
(@CGUID+302, 54688, 938, 1, 1, 2905.007, 14.61499, 3.75001, 2.197492, 7200, 0, 0), -- Time-Twisted Nightsaber (Area: Entryway of Time) (possible waypoints or random movement)
(@CGUID+303, 54688, 938, 1, 1, 2931.388, 31.04004, 5.474375, 6.026958, 7200, 0, 0), -- Time-Twisted Nightsaber (Area: Entryway of Time) (possible waypoints or random movement)
(@CGUID+304, 45439, 938, 1, 1, 2953.248, 52.11806, 8.712854, 0, 7200, 0, 0), -- Cockroach (Area: Entryway of Time)
(@CGUID+305, 45439, 938, 1, 1, 2948.078, 95.89584, 7.11182, 0, 7200, 0, 0), -- Cockroach (Area: Entryway of Time)
(@CGUID+306, 54867, 938, 1, 1, 2941.339, 79.10416, 7.184312, 5.77704, 7200, 0, 0), -- Image of Nozdormu (Area: Entryway of Time)
(@CGUID+307, 54688, 938, 1, 1, 2894.964, 148.1297, 4.4568, 5.002406, 7200, 0, 0), -- Time-Twisted Nightsaber (Area: Entryway of Time) (possible waypoints or random movement)
(@CGUID+308, 54688, 938, 1, 1, 2900.545, 141.4685, 4.681003, 3.059701, 7200, 0, 0), -- Time-Twisted Nightsaber (Area: Entryway of Time) (possible waypoints or random movement)
(@CGUID+309, 54699, 938, 1, 1, 2905.844, 152.5096, 5.697238, 5.500022, 7200, 0, 0), -- Time-Twisted Nightsaber (Area: Entryway of Time) (possible waypoints or random movement)
(@CGUID+310, 54544, 938, 1, 1, 2829.267, 53.03125, 1.44508, 3.193953, 7200, 0, 0), -- Echo of Tyrande (Area: Entryway of Time) (possible waypoints or random movement)
(@CGUID+311, 54508, 938, 1, 1, 2903.263, 63.17882, 3.244905, 0, 7200, 0, 0), -- Pool of Moonlight (Area: Emerald Dragonshrine)
(@CGUID+312, 54688, 938, 1, 1, 2876.092, -8.153395, 1.995699, 1.279953, 7200, 0, 0), -- Time-Twisted Nightsaber (Area: Emerald Dragonshrine) (possible waypoints or random movement)
(@CGUID+313, 54688, 938, 1, 1, 2881.082, -4.2204, 2.08015, 5.60016, 7200, 0, 0), -- Time-Twisted Nightsaber (Area: Emerald Dragonshrine) (possible waypoints or random movement)
(@CGUID+314, 54688, 938, 1, 1, 2879.852, -26.89625, 3.093876, 1.305131, 7200, 0, 0), -- Time-Twisted Nightsaber (Area: Emerald Dragonshrine) (possible waypoints or random movement)
(@CGUID+315, 45439, 938, 1, 1, 2906.01, 164.8403, 8.273583, 0, 7200, 0, 0), -- Cockroach (Area: Emerald Dragonshrine)
(@CGUID+316, 54688, 938, 1, 1, 2885.016, 158.1319, 4.595623, 4.974188, 7200, 0, 0), -- Time-Twisted Nightsaber (Area: Emerald Dragonshrine) (possible waypoints or random movement)
(@CGUID+317, 54688, 938, 1, 1, 2897.712, 27.86285, 3.476184, 4.974188, 7200, 0, 0), -- Time-Twisted Nightsaber (Area: Emerald Dragonshrine) (possible waypoints or random movement)
(@CGUID+318, 54699, 938, 1, 1, 2870.348, 65.125, 1.343927, 4.974188, 7200, 0, 0), -- Time-Twisted Nightsaber (Area: Emerald Dragonshrine) (possible waypoints or random movement)
(@CGUID+319, 54699, 938, 1, 1, 2905.771, 96.85764, 4.095532, 4.974188, 7200, 0, 0), -- Time-Twisted Nightsaber (Area: Emerald Dragonshrine) (possible waypoints or random movement)
(@CGUID+320, 54688, 938, 1, 1, 2879.32, 41.52951, 1.417627, 4.974188, 7200, 0, 0), -- Time-Twisted Nightsaber (Area: Emerald Dragonshrine) (possible waypoints or random movement)
(@CGUID+321, 54688, 938, 1, 1, 2881.642, 87.38194, 1.361561, 4.974188, 7200, 0, 0), -- Time-Twisted Nightsaber (Area: Emerald Dragonshrine) (possible waypoints or random movement)
(@CGUID+322, 54700, 938, 1, 1, 2854.396, -21.52031, 2.130805, 1.893236, 7200, 0, 0), -- Time-Twisted Nightsaber (Area: Emerald Dragonshrine) (possible waypoints or random movement)
(@CGUID+323, 54700, 938, 1, 1, 2890.361, -32.66564, 3.715975, 2.434213, 7200, 0, 0), -- Time-Twisted Nightsaber (Area: Emerald Dragonshrine) (possible waypoints or random movement)
(@CGUID+324, 54699, 938, 1, 1, 2881.642, 87.38194, 1.361561, 4.974188, 7200, 0, 0), -- Time-Twisted Nightsaber (Area: Emerald Dragonshrine) (possible waypoints or random movement)
(@CGUID+325, 54700, 938, 1, 1, 2879.32, 41.52951, 1.417627, 4.974188, 7200, 0, 0), -- Time-Twisted Nightsaber (Area: Emerald Dragonshrine) (possible waypoints or random movement)
(@CGUID+326, 54688, 938, 1, 1, 2870.348, 65.125, 1.343927, 4.974188, 7200, 0, 0), -- Time-Twisted Nightsaber (Area: Emerald Dragonshrine) (possible waypoints or random movement)
(@CGUID+327, 54688, 938, 1, 1, 2897.712, 27.86285, 3.476184, 0.6677926, 7200, 0, 0), -- Time-Twisted Nightsaber (Area: Emerald Dragonshrine) (possible waypoints or random movement)
(@CGUID+328, 54688, 938, 1, 1, 2905.771, 96.85764, 4.095532, 4.735102, 7200, 0, 0), -- Time-Twisted Nightsaber (Area: Emerald Dragonshrine) (possible waypoints or random movement)
(@CGUID+329, 54688, 938, 1, 1, 2870.348, 65.125, 1.343927, 1.08408, 7200, 0, 0), -- Time-Twisted Nightsaber (Area: Emerald Dragonshrine) (possible waypoints or random movement)
(@CGUID+330, 54700, 938, 1, 1, 2881.642, 87.38194, 1.361561, 4.974188, 7200, 0, 0), -- Time-Twisted Nightsaber (Area: Emerald Dragonshrine) (possible waypoints or random movement)
(@CGUID+331, 54508, 938, 1, 1, 2862.831, 131.4618, 3.184362, 0, 7200, 0, 0), -- Pool of Moonlight (Area: Emerald Dragonshrine)
(@CGUID+332, 54699, 938, 1, 1, 2876.356, 119.0174, 2.918524, 4.974188, 7200, 0, 0), -- Time-Twisted Nightsaber (Area: Emerald Dragonshrine) (possible waypoints or random movement)
(@CGUID+333, 54688, 938, 1, 1, 2897.38, 148.9201, 4.408465, 4.974188, 7200, 0, 0), -- Time-Twisted Nightsaber (Area: Emerald Dragonshrine) (possible waypoints or random movement)
(@CGUID+334, 54512, 938, 1, 1, 2836.826, 124.4635, 0.6271116, 4.974188, 7200, 0, 0), -- Time-Twisted Sentinel (Area: Emerald Dragonshrine) (possible waypoints or random movement)
(@CGUID+335, 54688, 938, 1, 1, 2879.32, 41.52951, 1.417627, 4.974188, 7200, 0, 0), -- Time-Twisted Nightsaber (Area: Emerald Dragonshrine) (possible waypoints or random movement)
(@CGUID+336, 54688, 938, 1, 1, 2871.027, 167.5322, 4.294168, 5.316171, 7200, 0, 0), -- Time-Twisted Nightsaber (Area: Emerald Dragonshrine) (possible waypoints or random movement)
(@CGUID+337, 54688, 938, 1, 1, 2860.267, 170.8038, 4.166511, 4.974188, 7200, 0, 0), -- Time-Twisted Nightsaber (Area: Emerald Dragonshrine) (possible waypoints or random movement)
(@CGUID+338, 54688, 938, 1, 1, 2834.743, 156.9601, 2.439529, 4.974188, 7200, 0, 0), -- Time-Twisted Nightsaber (Area: Emerald Dragonshrine) (possible waypoints or random movement)
(@CGUID+339, 54512, 938, 1, 1, 2863.912, 169.8021, 4.367168, 4.974188, 7200, 0, 0), -- Time-Twisted Sentinel (Area: Emerald Dragonshrine) (possible waypoints or random movement)
(@CGUID+340, 54688, 938, 1, 1, 2797, 168.2257, 4.034916, 4.974188, 7200, 0, 0), -- Time-Twisted Nightsaber (Area: Emerald Dragonshrine) (possible waypoints or random movement)
(@CGUID+341, 54700, 938, 1, 1, 2845.623, 196.1389, 4.82303, 4.974188, 7200, 0, 0), -- Time-Twisted Nightsaber (Area: Emerald Dragonshrine) (possible waypoints or random movement)
(@CGUID+342, 54700, 938, 1, 1, 2824.792, 172.3976, 4.142595, 4.974188, 7200, 0, 0), -- Time-Twisted Nightsaber (Area: Emerald Dragonshrine) (possible waypoints or random movement)
(@CGUID+343, 54688, 938, 1, 1, 2827.241, 185.6927, 5.698616, 4.974188, 7200, 0, 0), -- Time-Twisted Nightsaber (Area: Emerald Dragonshrine) (possible waypoints or random movement)
(@CGUID+344, 45439, 938, 1, 1, 2846.268, 205.2465, 5.997411, 0, 7200, 0, 0), -- Cockroach (Area: Emerald Dragonshrine)
(@CGUID+345, 54699, 938, 1, 1, 2809.687, 180.7582, 4.344973, 0.9977052, 7200, 0, 0), -- Time-Twisted Nightsaber (Area: Emerald Dragonshrine) (possible waypoints or random movement)
(@CGUID+346, 54699, 938, 1, 1, 2855.99, 184.1007, 3.736753, 4.974188, 7200, 0, 0), -- Time-Twisted Nightsaber (Area: Emerald Dragonshrine) (possible waypoints or random movement)
(@CGUID+347, 54699, 938, 1, 1, 2777.531, 156.3291, 2.774603, 2.595975, 7200, 0, 0), -- Time-Twisted Nightsaber (Area: Emerald Dragonshrine) (possible waypoints or random movement)
(@CGUID+348, 45439, 938, 1, 1, 2781.782, 156.1302, 2.720279, 0, 7200, 0, 0), -- Cockroach (Area: Emerald Dragonshrine)
(@CGUID+349, 54688, 938, 1, 1, 2788.218, 183.434, 4.945911, 4.974188, 7200, 0, 0), -- Time-Twisted Nightsaber (Area: Emerald Dragonshrine) (possible waypoints or random movement)
(@CGUID+350, 54688, 938, 1, 1, 2768.51, 164.1354, 4.121473, 4.974188, 7200, 0, 0), -- Time-Twisted Nightsaber (Area: Emerald Dragonshrine) (possible waypoints or random movement)
(@CGUID+351, 54699, 938, 1, 1, 2897.38, 148.9201, 4.408465, 4.974188, 7200, 0, 0), -- Time-Twisted Nightsaber (Area: Emerald Dragonshrine) (possible waypoints or random movement)
(@CGUID+352, 54508, 938, 1, 1, 2756.571, 129.9705, 5.58215, 0, 7200, 0, 0), -- Pool of Moonlight (Area: Emerald Dragonshrine)
(@CGUID+353, 54699, 938, 1, 1, 2834.743, 156.9601, 2.439529, 4.974188, 7200, 0, 0), -- Time-Twisted Nightsaber (Area: Emerald Dragonshrine) (possible waypoints or random movement)
(@CGUID+354, 54512, 938, 1, 1, 2774.175, 99.97222, 3.273386, 4.974188, 7200, 0, 0), -- Time-Twisted Sentinel (Area: Emerald Dragonshrine) (possible waypoints or random movement)
(@CGUID+355, 54512, 938, 1, 1, 2787.063, 133.2483, 1.402271, 4.974188, 7200, 0, 0), -- Time-Twisted Sentinel (Area: Emerald Dragonshrine) (possible waypoints or random movement)
(@CGUID+356, 54512, 938, 1, 1, 2863.912, 169.8021, 4.367168, 4.974188, 7200, 0, 0), -- Time-Twisted Sentinel (Area: Emerald Dragonshrine) (possible waypoints or random movement)
(@CGUID+357, 54512, 938, 1, 1, 2836.826, 124.4635, 0.6271116, 4.974188, 7200, 0, 0), -- Time-Twisted Sentinel (Area: Emerald Dragonshrine) (possible waypoints or random movement)
(@CGUID+358, 54688, 938, 1, 1, 2876.356, 119.0174, 2.918524, 4.974188, 7200, 0, 0), -- Time-Twisted Nightsaber (Area: Emerald Dragonshrine) (possible waypoints or random movement)
(@CGUID+359, 54512, 938, 1, 1, 2747.99, 98.30035, 3.024549, 4.974188, 7200, 0, 0), -- Time-Twisted Sentinel (Area: Emerald Dragonshrine) (possible waypoints or random movement)
(@CGUID+360, 54699, 938, 1, 1, 2755.498, 159.1768, 6.101501, 5.908337, 7200, 0, 0), -- Time-Twisted Nightsaber (Area: Emerald Dragonshrine) (possible waypoints or random movement)
(@CGUID+361, 54512, 938, 1, 1, 2758.74, 155.5453, 5.262511, 4.075661, 7200, 0, 0), -- Time-Twisted Sentinel (Area: Emerald Dragonshrine) (possible waypoints or random movement)
(@CGUID+362, 45439, 938, 1, 1, 2713.168, 126.7986, 3.786028, 0, 7200, 0, 0), -- Cockroach (Area: Emerald Dragonshrine)
(@CGUID+363, 54688, 938, 1, 1, 2713.023, 107.1927, 0.4253367, 4.974188, 7200, 0, 0), -- Time-Twisted Nightsaber (Area: Emerald Dragonshrine) (possible waypoints or random movement)
(@CGUID+364, 54688, 938, 1, 1, 2714.803, 91.09896, 0.8118507, 4.974188, 7200, 0, 0), -- Time-Twisted Nightsaber (Area: Emerald Dragonshrine) (possible waypoints or random movement)
(@CGUID+365, 54699, 938, 1, 1, 2722.979, 123.1042, 4.244792, 4.974188, 7200, 0, 0), -- Time-Twisted Nightsaber (Area: Emerald Dragonshrine) (possible waypoints or random movement)
(@CGUID+366, 54512, 938, 1, 1, 2746.5, 126.2742, 5.689218, 6.279279, 7200, 0, 0), -- Time-Twisted Sentinel (Area: Emerald Dragonshrine)
(@CGUID+367, 54700, 938, 1, 1, 2684.824, 83.93056, 4.015292, 4.974188, 7200, 0, 0), -- Time-Twisted Nightsaber (Area: Emerald Dragonshrine) (possible waypoints or random movement)
(@CGUID+368, 54699, 938, 1, 1, 2694.959, 86.24306, 0.1856805, 4.974188, 7200, 0, 0), -- Time-Twisted Nightsaber (Area: Emerald Dragonshrine) (possible waypoints or random movement)
(@CGUID+369, 54699, 938, 1, 1, 2702.304, 97.58273, 0.6563449, 5.599932, 7200, 0, 0), -- Time-Twisted Nightsaber (Area: Emerald Dragonshrine) (possible waypoints or random movement)
(@CGUID+370, 54512, 938, 1, 1, 2765.09, 160.3542, 4.366852, 4.974188, 7200, 0, 0), -- Time-Twisted Sentinel (Area: Emerald Dragonshrine) (possible waypoints or random movement)
(@CGUID+371, 54512, 938, 1, 1, 2787.063, 133.2483, 1.402271, 4.974188, 7200, 0, 0), -- Time-Twisted Sentinel (Area: Emerald Dragonshrine) (possible waypoints or random movement)
(@CGUID+372, 54699, 938, 1, 1, 2669.792, 84.375, 4.675269, 0.9185855, 7200, 0, 0), -- Time-Twisted Nightsaber (Area: Emerald Dragonshrine) (possible waypoints or random movement)
(@CGUID+373, 54508, 938, 1, 1, 2695.441, 28.79688, 1.232396, 0, 7200, 0, 0), -- Pool of Moonlight (Area: Emerald Dragonshrine)
(@CGUID+374, 54512, 938, 1, 1, 2747.99, 98.30035, 3.024549, 4.974188, 7200, 0, 0), -- Time-Twisted Sentinel (Area: Emerald Dragonshrine) (possible waypoints or random movement)
(@CGUID+375, 54512, 938, 1, 1, 2774.175, 99.97222, 3.273386, 4.974188, 7200, 0, 0), -- Time-Twisted Sentinel (Area: Emerald Dragonshrine) (possible waypoints or random movement)
(@CGUID+376, 54512, 938, 1, 1, 2727.281, 125.3056, 5.011608, 4.974188, 7200, 0, 0), -- Time-Twisted Sentinel (Area: Emerald Dragonshrine) (possible waypoints or random movement)
(@CGUID+377, 54512, 938, 1, 1, 2722.884, 49.97917, -0.1323001, 4.974188, 7200, 0, 0), -- Time-Twisted Sentinel (Area: Emerald Dragonshrine) (possible waypoints or random movement)
(@CGUID+378, 54512, 938, 1, 1, 2730.962, 22.11793, -1.002109, 2.505324, 7200, 0, 0), -- Time-Twisted Sentinel (Area: Emerald Dragonshrine) (possible waypoints or random movement)
(@CGUID+379, 54701, 938, 1, 1, 2689.13, -0.9149306, 3.510846, 4.974188, 7200, 0, 0), -- Time-Twisted Huntress (Area: Emerald Dragonshrine) (possible waypoints or random movement)
(@CGUID+380, 45439, 938, 1, 1, 2661.268, 54.54514, 5.641131, 0, 7200, 0, 0), -- Cockroach (Area: Emerald Dragonshrine)
(@CGUID+381, 54700, 938, 1, 1, 2666.267, 37.73958, -0.472237, 4.974188, 7200, 0, 0), -- Time-Twisted Nightsaber (Area: Emerald Dragonshrine) (possible waypoints or random movement)
(@CGUID+382, 54512, 938, 1, 1, 2665.156, 33.33854, 0.3165532, 4.974188, 7200, 0, 0), -- Time-Twisted Sentinel (Area: Emerald Dragonshrine) (possible waypoints or random movement)
(@CGUID+383, 54701, 938, 1, 1, 2707.665, 5.693641, 3.138008, 3.92488, 7200, 0, 0), -- Time-Twisted Huntress (Area: Emerald Dragonshrine) (possible waypoints or random movement)
(@CGUID+384, 54688, 938, 1, 1, 2687.787, -24.27604, 5.316387, 4.974188, 7200, 0, 0), -- Time-Twisted Nightsaber (Area: Emerald Dragonshrine) (possible waypoints or random movement)
(@CGUID+385, 54699, 938, 1, 1, 2736.229, -34.64236, 5.900925, 4.974188, 7200, 0, 0), -- Time-Twisted Nightsaber (Area: Emerald Dragonshrine) (possible waypoints or random movement)
(@CGUID+386, 54700, 938, 1, 1, 2704.864, -35.09201, 6.952122, 4.974188, 7200, 0, 0), -- Time-Twisted Nightsaber (Area: Emerald Dragonshrine) (possible waypoints or random movement)
(@CGUID+387, 45439, 938, 1, 1, 2677.735, -8.578125, 2.138592, 0, 7200, 0, 0), -- Cockroach (Area: Emerald Dragonshrine)
(@CGUID+388, 54700, 938, 1, 1, 2745.056, -39.3125, 7.116392, 4.974188, 7200, 0, 0), -- Time-Twisted Nightsaber (Area: Emerald Dragonshrine) (possible waypoints or random movement)
(@CGUID+389, 54688, 938, 1, 1, 2725.351, -34.57813, 5.643472, 4.974188, 7200, 0, 0), -- Time-Twisted Nightsaber (Area: Emerald Dragonshrine) (possible waypoints or random movement)
(@CGUID+390, 54700, 938, 1, 1, 2697.783, -23.63435, 5.149828, 2.502354, 7200, 0, 0), -- Time-Twisted Nightsaber (Area: Emerald Dragonshrine) (possible waypoints or random movement)
(@CGUID+391, 54699, 938, 1, 1, 2655.847, 21.716, 0.9534067, 4.478293, 7200, 0, 0), -- Time-Twisted Nightsaber (Area: Emerald Dragonshrine) (possible waypoints or random movement)
(@CGUID+392, 54512, 938, 1, 1, 2722.884, 49.97917, -0.1323001, 4.974188, 7200, 0, 0), -- Time-Twisted Sentinel (Area: Emerald Dragonshrine) (possible waypoints or random movement)
(@CGUID+393, 54512, 938, 1, 1, 2665.156, 33.33854, 0.3165532, 6.177274, 7200, 0, 0), -- Time-Twisted Sentinel (Area: Emerald Dragonshrine)
(@CGUID+394, 54512, 938, 1, 1, 2727.71, 24.52257, -0.6110339, 3.676686, 7200, 0, 0), -- Time-Twisted Sentinel (Area: Emerald Dragonshrine)
(@CGUID+395, 54508, 938, 1, 1, 2792.818, 1.939236, 2.463279, 0, 7200, 0, 0), -- Pool of Moonlight (Area: Emerald Dragonshrine)
(@CGUID+396, 54701, 938, 1, 1, 2773.958, -18.99479, 1.107152, 4.974188, 7200, 0, 0), -- Time-Twisted Huntress (Area: Emerald Dragonshrine) (possible waypoints or random movement)
(@CGUID+397, 54701, 938, 1, 1, 2779.715, 26.71354, -0.7266212, 4.974188, 7200, 0, 0), -- Time-Twisted Huntress (Area: Emerald Dragonshrine) (possible waypoints or random movement)
(@CGUID+398, 54699, 938, 1, 1, 2757.942, -55.56114, 7.026494, 3.644343, 7200, 0, 0), -- Time-Twisted Nightsaber (Area: Emerald Dragonshrine) (possible waypoints or random movement)
(@CGUID+399, 54688, 938, 1, 1, 2773.182, -39.24636, 6.389653, 3.054822, 7200, 0, 0), -- Time-Twisted Nightsaber (Area: Emerald Dragonshrine) (possible waypoints or random movement)
(@CGUID+400, 54700, 938, 1, 1, 2771.088, -48.035, 7.21204, 4.899842, 7200, 0, 0), -- Time-Twisted Nightsaber (Area: Emerald Dragonshrine) (possible waypoints or random movement)
(@CGUID+401, 54700, 938, 1, 1, 2771.992, -65.07942, 6.83997, 0.8176046, 7200, 0, 0), -- Time-Twisted Nightsaber (Area: Emerald Dragonshrine) (possible waypoints or random movement)
(@CGUID+402, 54688, 938, 1, 1, 2787.608, -42.6926, 5.69727, 1.232745, 7200, 0, 0), -- Time-Twisted Nightsaber (Area: Emerald Dragonshrine) (possible waypoints or random movement)
(@CGUID+403, 45439, 938, 1, 1, 2798.29, -32.05208, 3.810286, 0, 7200, 0, 0), -- Cockroach (Area: Emerald Dragonshrine)
(@CGUID+404, 54700, 938, 1, 1, 2777.605, -76.43696, 7.591434, 1.358124, 7200, 0, 0), -- Time-Twisted Nightsaber (Area: Emerald Dragonshrine) (possible waypoints or random movement)
(@CGUID+405, 54699, 938, 1, 1, 2793.933, -39.39446, 4.792363, 2.827209, 7200, 0, 0), -- Time-Twisted Nightsaber (Area: Emerald Dragonshrine) (possible waypoints or random movement)
(@CGUID+406, 45439, 938, 1, 1, 2753.278, -62.60938, 6.549885, 0, 7200, 0, 0), -- Cockroach (Area: Emerald Dragonshrine)
(@CGUID+407, 54699, 938, 1, 1, 2786.324, -58.56347, 6.740497, 1.877407, 7200, 0, 0), -- Time-Twisted Nightsaber (Area: Emerald Dragonshrine) (possible waypoints or random movement)
(@CGUID+408, 54699, 938, 1, 1, 2809.683, -26.63077, 2.346785, 3.011521, 7200, 0, 0), -- Time-Twisted Nightsaber (Area: Emerald Dragonshrine) (possible waypoints or random movement)
(@CGUID+409, 54699, 938, 1, 1, 2823.907, -26.07928, 1.282883, 0.4313162, 7200, 0, 0), -- Time-Twisted Nightsaber (Area: Emerald Dragonshrine) (possible waypoints or random movement)
(@CGUID+410, 45439, 938, 1, 1, 2804.975, -33.32465, 3.559107, 0, 7200, 0, 0), -- Cockroach (Area: Emerald Dragonshrine)
(@CGUID+411, 54700, 938, 1, 1, 2818.125, -41.13229, 3.242442, 1.323143, 7200, 0, 0), -- Time-Twisted Nightsaber (Area: Emerald Dragonshrine) (possible waypoints or random movement)
(@CGUID+412, 54701, 938, 1, 1, 2813.217, -15.91172, 0.5285435, 2.761216, 7200, 0, 0), -- Time-Twisted Huntress (Area: Emerald Dragonshrine)
(@CGUID+413, 54701, 938, 1, 1, 2805.836, 13.13042, 0.8773961, 3.629253, 7200, 0, 0), -- Time-Twisted Huntress (Area: Emerald Dragonshrine)
(@CGUID+414, 54700, 938, 1, 1, 2799.21, -86.67188, 6.684208, 4.909635, 7200, 0, 0), -- Time-Twisted Nightsaber (Area: Emerald Dragonshrine) (possible waypoints or random movement)
(@CGUID+415, 45439, 938, 1, 1, 2788.528, -82.16666, 7.517465, 0, 7200, 0, 0), -- Cockroach (Area: Emerald Dragonshrine)
(@CGUID+416, 54688, 938, 1, 1, 2823.036, -60.16433, 5.560313, 4.028298, 7200, 0, 0), -- Time-Twisted Nightsaber (Area: Emerald Dragonshrine) (possible waypoints or random movement)
(@CGUID+417, 45439, 938, 1, 1, 2864.714, -30.1875, 2.623864, 0, 7200, 0, 0), -- Cockroach (Area: Emerald Dragonshrine)
(@CGUID+418, 54700, 938, 1, 1, 2820.474, -56.32288, 5.333594, 3.794668, 7200, 0, 0), -- Time-Twisted Nightsaber (Area: Emerald Dragonshrine) (possible waypoints or random movement)
(@CGUID+419, 54688, 938, 1, 1, 2850.479, -48.45367, 3.248695, 6.267012, 7200, 0, 0), -- Time-Twisted Nightsaber (Area: Emerald Dragonshrine) (possible waypoints or random movement)
(@CGUID+420, 54688, 938, 1, 1, 2845.164, -20.68618, 0.4942896, 1.35851, 7200, 0, 0), -- Time-Twisted Nightsaber (Area: Emerald Dragonshrine) (possible waypoints or random movement)
(@CGUID+421, 54699, 938, 1, 1, 2829.389, -63.1805, 5.14088, 3.364308, 7200, 0, 0), -- Time-Twisted Nightsaber (Area: Emerald Dragonshrine) (possible waypoints or random movement)
(@CGUID+422, 54688, 938, 1, 1, 2875.708, -63.69646, 5.4066, 4.185762, 7200, 0, 0), -- Time-Twisted Nightsaber (Area: Emerald Dragonshrine) (possible waypoints or random movement)
(@CGUID+423, 54688, 938, 1, 1, 2860.709, -71.03589, 3.611669, 0.1101908, 7200, 0, 0), -- Time-Twisted Nightsaber (Area: Emerald Dragonshrine) (possible waypoints or random movement)
(@CGUID+424, 54701, 938, 1, 1, 2779.715, 26.71354, -0.7266212, 4.974188, 7200, 0, 0), -- Time-Twisted Huntress (Area: Emerald Dragonshrine) (possible waypoints or random movement)
(@CGUID+425, 54701, 938, 1, 1, 2773.958, -18.99479, 1.107152, 0.8539028, 7200, 0, 0), -- Time-Twisted Huntress (Area: Emerald Dragonshrine)
(@CGUID+426, 45979, 938, 1, 1, 2829.167, 53.07639, 1.421112, 0, 7200, 0, 0); -- General Purpose Bunny JMF (Area: Emerald Dragonshrine)
