DELETE FROM `broadcast_text_locale` WHERE `locale` = 'deDE' AND `VerifiedBuild` > 0 AND `ID` IN (211463, 210350, 210349);
INSERT INTO `broadcast_text_locale` (`ID`, `locale`, `Text_lang`, `Text1_lang`, `VerifiedBuild`) VALUES
(211463, 'deDE', 'Die Verteidigung der Richterin bröckelt! Haltet ihn auf, solange wir können!', '', 39804),
(210350, 'deDE', '', 'Hört meinen Ruf und verzweifelt!', 39804),
(210349, 'deDE', '', 'Hört auf den Ruf der Bansheekönigin!', 39804);

UPDATE `hotfix_blob` SET `Blob` = 0x554B5F414144435F504F5055505F5445585400576F726C64206F66205761726372616674206973742065696E204F6E6C696E65737069656C2C20696E2064656D206D697420616E646572656E20537069656C65726E20696E74657261676965727420776972642E20426974746520736569656E2053696520766F727369636874696720756E64207465696C656E20536965204968726520706572736F6E656E62657A6F67656E656E20446174656E206D6974206E69656D616E64656D2C2064656E20536965206E69636874206B656E6E656E2E7C6E7C6E42697474652068616C74656E205369652073696368206175C39F657264656D20616E206469652042657374696D6D756E67656E207A756D204D697465696E616E64657220756E64206D656C64656E20536965206A65646520466F726D206465722042656CC3A473746967756E67206F646572204665686C76657268616C74656E2C20646173206461726175662061627A69656C742C20616E646572656E20537069656C65726E2064617320537069656C65726C65626E6973207A752076657264657262656E2C206D69742064656E204D656C64656F7074696F6E656E20696D20537069656C2E20556E73657265204D6974617262656974657220C3BC6265727072C3BC66656E2064616E6E20646965204765737072C3A46368737665726CC3A475666520756E64207A696568656E20646965206EC3B6746967656E204B6F6E73657175656E7A656E2E0001, `VerifiedBuild` = 39804 WHERE (`TableHash` = 3205218938) AND (`RecordId` = 44250) AND (`locale` = 'deDE');

DELETE FROM `hotfix_blob` WHERE `TableHash` = 3865974254 AND `RecordId` = 187917 AND `locale` = 'deDE';
DELETE FROM `hotfix_blob` WHERE `TableHash` = 3865974254 AND `RecordId` = 187863 AND `locale` = 'deDE';
DELETE FROM `hotfix_blob` WHERE `TableHash` = 3865974254 AND `RecordId` = 182247 AND `locale` = 'deDE';
DELETE FROM `hotfix_blob` WHERE `TableHash` = 3865974254 AND `RecordId` = 182246 AND `locale` = 'deDE';
DELETE FROM `hotfix_blob` WHERE `TableHash` = 3865974254 AND `RecordId` = 182245 AND `locale` = 'deDE';
DELETE FROM `hotfix_blob` WHERE `TableHash` = 3865974254 AND `RecordId` = 182244 AND `locale` = 'deDE';
DELETE FROM `hotfix_blob` WHERE `TableHash` = 3865974254 AND `RecordId` = 182243 AND `locale` = 'deDE';
DELETE FROM `hotfix_blob` WHERE `TableHash` = 3865974254 AND `RecordId` = 182242 AND `locale` = 'deDE';
DELETE FROM `hotfix_blob` WHERE `TableHash` = 3865974254 AND `RecordId` = 182241 AND `locale` = 'deDE';
DELETE FROM `hotfix_blob` WHERE `TableHash` = 3865974254 AND `RecordId` = 182229 AND `locale` = 'deDE';
DELETE FROM `hotfix_blob` WHERE `TableHash` = 3865974254 AND `RecordId` = 182228 AND `locale` = 'deDE';
DELETE FROM `hotfix_blob` WHERE `TableHash` = 3865974254 AND `RecordId` = 182227 AND `locale` = 'deDE';
DELETE FROM `hotfix_blob` WHERE `TableHash` = 3865974254 AND `RecordId` = 182226 AND `locale` = 'deDE';
DELETE FROM `hotfix_blob` WHERE `TableHash` = 3865974254 AND `RecordId` = 182225 AND `locale` = 'deDE';
DELETE FROM `hotfix_blob` WHERE `TableHash` = 3865974254 AND `RecordId` = 182224 AND `locale` = 'deDE';
DELETE FROM `hotfix_blob` WHERE `TableHash` = 3865974254 AND `RecordId` = 182223 AND `locale` = 'deDE';
DELETE FROM `hotfix_blob` WHERE `TableHash` = 3865974254 AND `RecordId` = 177203 AND `locale` = 'deDE';
DELETE FROM `hotfix_blob` WHERE `TableHash` = 3865974254 AND `RecordId` = 177202 AND `locale` = 'deDE';
DELETE FROM `hotfix_blob` WHERE `TableHash` = 3865974254 AND `RecordId` = 177201 AND `locale` = 'deDE';
DELETE FROM `hotfix_blob` WHERE `TableHash` = 3865974254 AND `RecordId` = 177200 AND `locale` = 'deDE';
DELETE FROM `hotfix_blob` WHERE `TableHash` = 3865974254 AND `RecordId` = 177199 AND `locale` = 'deDE';
DELETE FROM `hotfix_blob` WHERE `TableHash` = 3865974254 AND `RecordId` = 177198 AND `locale` = 'deDE';
DELETE FROM `hotfix_blob` WHERE `TableHash` = 3865974254 AND `RecordId` = 177197 AND `locale` = 'deDE';
DELETE FROM `hotfix_blob` WHERE `TableHash` = 3865974254 AND `RecordId` = 174303 AND `locale` = 'deDE';
DELETE FROM `hotfix_blob` WHERE `TableHash` = 3776013982 AND `RecordId` = 360832 AND `locale` = 'deDE';
DELETE FROM `hotfix_blob` WHERE `TableHash` = 3776013982 AND `RecordId` = 360829 AND `locale` = 'deDE';
DELETE FROM `hotfix_blob` WHERE `TableHash` = 3776013982 AND `RecordId` = 360749 AND `locale` = 'deDE';
DELETE FROM `hotfix_blob` WHERE `TableHash` = 3776013982 AND `RecordId` = 360592 AND `locale` = 'deDE';
DELETE FROM `hotfix_blob` WHERE `TableHash` = 3776013982 AND `RecordId` = 358693 AND `locale` = 'deDE';
DELETE FROM `hotfix_blob` WHERE `TableHash` = 3776013982 AND `RecordId` = 358692 AND `locale` = 'deDE';
DELETE FROM `hotfix_blob` WHERE `TableHash` = 3776013982 AND `RecordId` = 358518 AND `locale` = 'deDE';
DELETE FROM `hotfix_blob` WHERE `TableHash` = 3776013982 AND `RecordId` = 357073 AND `locale` = 'deDE';
DELETE FROM `hotfix_blob` WHERE `TableHash` = 3776013982 AND `RecordId` = 357069 AND `locale` = 'deDE';
DELETE FROM `hotfix_blob` WHERE `TableHash` = 3776013982 AND `RecordId` = 357062 AND `locale` = 'deDE';
DELETE FROM `hotfix_blob` WHERE `TableHash` = 3776013982 AND `RecordId` = 357058 AND `locale` = 'deDE';
DELETE FROM `hotfix_blob` WHERE `TableHash` = 3776013982 AND `RecordId` = 357052 AND `locale` = 'deDE';
DELETE FROM `hotfix_blob` WHERE `TableHash` = 3776013982 AND `RecordId` = 357049 AND `locale` = 'deDE';
DELETE FROM `hotfix_blob` WHERE `TableHash` = 3776013982 AND `RecordId` = 357034 AND `locale` = 'deDE';
DELETE FROM `hotfix_blob` WHERE `TableHash` = 3776013982 AND `RecordId` = 357031 AND `locale` = 'deDE';
DELETE FROM `hotfix_blob` WHERE `TableHash` = 3776013982 AND `RecordId` = 356593 AND `locale` = 'deDE';
DELETE FROM `hotfix_blob` WHERE `TableHash` = 3776013982 AND `RecordId` = 356248 AND `locale` = 'deDE';
DELETE FROM `hotfix_blob` WHERE `TableHash` = 3776013982 AND `RecordId` = 355741 AND `locale` = 'deDE';
DELETE FROM `hotfix_blob` WHERE `TableHash` = 3776013982 AND `RecordId` = 355721 AND `locale` = 'deDE';
DELETE FROM `hotfix_blob` WHERE `TableHash` = 3776013982 AND `RecordId` = 354098 AND `locale` = 'deDE';
DELETE FROM `hotfix_blob` WHERE `TableHash` = 3776013982 AND `RecordId` = 354058 AND `locale` = 'deDE';
DELETE FROM `hotfix_blob` WHERE `TableHash` = 3776013982 AND `RecordId` = 353524 AND `locale` = 'deDE';
DELETE FROM `hotfix_blob` WHERE `TableHash` = 3776013982 AND `RecordId` = 345482 AND `locale` = 'deDE';
DELETE FROM `hotfix_blob` WHERE `TableHash` = 3776013982 AND `RecordId` = 341724 AND `locale` = 'deDE';
DELETE FROM `hotfix_blob` WHERE `TableHash` = 3776013982 AND `RecordId` = 340433 AND `locale` = 'deDE';
DELETE FROM `hotfix_blob` WHERE `TableHash` = 3776013982 AND `RecordId` = 138083 AND `locale` = 'deDE';
DELETE FROM `hotfix_blob` WHERE `TableHash` = 3557796329 AND `RecordId` = 3223 AND `locale` = 'deDE';
DELETE FROM `hotfix_blob` WHERE `TableHash` = 3557796329 AND `RecordId` = 2477 AND `locale` = 'deDE';
DELETE FROM `hotfix_blob` WHERE `TableHash` = 3386943305 AND `RecordId` = 92453 AND `locale` = 'deDE';
DELETE FROM `hotfix_blob` WHERE `TableHash` = 3386291891 AND `RecordId` = 93030 AND `locale` = 'deDE';
DELETE FROM `hotfix_blob` WHERE `TableHash` = 3205218938 AND `RecordId` = 43120 AND `locale` = 'deDE';
DELETE FROM `hotfix_blob` WHERE `TableHash` = 3072882582 AND `RecordId` = 9878 AND `locale` = 'deDE';
DELETE FROM `hotfix_blob` WHERE `TableHash` = 3072882582 AND `RecordId` = 8001 AND `locale` = 'deDE';
DELETE FROM `hotfix_blob` WHERE `TableHash` = 3072882582 AND `RecordId` = 7998 AND `locale` = 'deDE';
DELETE FROM `hotfix_blob` WHERE `TableHash` = 3031818311 AND `RecordId` = 4138 AND `locale` = 'deDE';
DELETE FROM `hotfix_blob` WHERE `TableHash` = 3031818311 AND `RecordId` = 4137 AND `locale` = 'deDE';
DELETE FROM `hotfix_blob` WHERE `TableHash` = 2939349194 AND `RecordId` = 746 AND `locale` = 'deDE';
DELETE FROM `hotfix_blob` WHERE `TableHash` = 2939349194 AND `RecordId` = 744 AND `locale` = 'deDE';
DELETE FROM `hotfix_blob` WHERE `TableHash` = 2939349194 AND `RecordId` = 743 AND `locale` = 'deDE';
DELETE FROM `hotfix_blob` WHERE `TableHash` = 2381039112 AND `RecordId` = 3271 AND `locale` = 'deDE';
DELETE FROM `hotfix_blob` WHERE `TableHash` = 2299908982 AND `RecordId` = 560 AND `locale` = 'deDE';
DELETE FROM `hotfix_blob` WHERE `TableHash` = 1385971161 AND `RecordId` = 12023 AND `locale` = 'deDE';
DELETE FROM `hotfix_blob` WHERE `TableHash` = 1369604944 AND `RecordId` = 6963 AND `locale` = 'deDE';
DELETE FROM `hotfix_blob` WHERE `TableHash` = 1369604944 AND `RecordId` = 6960 AND `locale` = 'deDE';
DELETE FROM `hotfix_blob` WHERE `TableHash` = 368401261 AND `RecordId` = 5420 AND `locale` = 'deDE';
DELETE FROM `hotfix_blob` WHERE `TableHash` = 368401261 AND `RecordId` = 3271 AND `locale` = 'deDE';
DELETE FROM `hotfix_blob` WHERE `TableHash` = 336222293 AND `RecordId` = 8447 AND `locale` = 'deDE';
DELETE FROM `hotfix_blob` WHERE `TableHash` = 336222293 AND `RecordId` = 8446 AND `locale` = 'deDE';
DELETE FROM `hotfix_blob` WHERE `TableHash` = 336222293 AND `RecordId` = 8445 AND `locale` = 'deDE';
DELETE FROM `hotfix_blob` WHERE `TableHash` = 240389885 AND `RecordId` = 5952 AND `locale` = 'deDE';
DELETE FROM `hotfix_blob` WHERE `TableHash` = 48336690 AND `RecordId` = 39162 AND `locale` = 'deDE';
DELETE FROM `hotfix_blob` WHERE `TableHash` = 48336690 AND `RecordId` = 39161 AND `locale` = 'deDE';
INSERT INTO `hotfix_blob` (`TableHash`, `RecordId`, `locale`, `Blob`, `VerifiedBuild`) VALUES
(3865974254, 187917, 'deDE', 0x00000000, 39804),
(3865974254, 187863, 'deDE', 0x00000000, 39804),
(3865974254, 182247, 'deDE', 0x00000000, 39804),
(3865974254, 182246, 'deDE', 0x00000000, 39804),
(3865974254, 182245, 'deDE', 0x00000000, 39804),
(3865974254, 182244, 'deDE', 0x00000000, 39804),
(3865974254, 182243, 'deDE', 0x00000000, 39804),
(3865974254, 182242, 'deDE', 0x00000000, 39804),
(3865974254, 182241, 'deDE', 0x00000000, 39804),
(3865974254, 182229, 'deDE', 0x00000000, 39804),
(3865974254, 182228, 'deDE', 0x00000000, 39804),
(3865974254, 182227, 'deDE', 0x00000000, 39804),
(3865974254, 182226, 'deDE', 0x00000000, 39804),
(3865974254, 182225, 'deDE', 0x00000000, 39804),
(3865974254, 182224, 'deDE', 0x00000000, 39804),
(3865974254, 182223, 'deDE', 0x00000000, 39804),
(3865974254, 177203, 'deDE', 0x00000000, 39804),
(3865974254, 177202, 'deDE', 0x00000000, 39804),
(3865974254, 177201, 'deDE', 0x00000000, 39804),
(3865974254, 177200, 'deDE', 0x00000000, 39804),
(3865974254, 177199, 'deDE', 0x00000000, 39804),
(3865974254, 177198, 'deDE', 0x00000000, 39804),
(3865974254, 177197, 'deDE', 0x00000000, 39804),
(3865974254, 174303, 'deDE', 0x00000000, 39804),
(3776013982, 360832, 'deDE', 0x000000, 39804),
(3776013982, 360829, 'deDE', 0x0024407370656C6C646573633332333939390000, 39804),
(3776013982, 360749, 'deDE', 0x000000, 39804),
(3776013982, 360592, 'deDE', 0x000000, 39804),
(3776013982, 358693, 'deDE', 0x00457268C3B668742064656E206BC3B6727065726C696368656E205363686164656E20766F6E20537069656C657263686172616B746572656E20696E20646572204EC3A46865202464206C616E6720756D20247331252E2044696573657220456666656B74206973742073746170656C6261722E004BC3B6727065726C6963686572205363686164656E20756D202473312520657268C3B668742E00, 39804),
(3776013982, 358692, 'deDE', 0x00457268C3B668742064656E20536368617474656E7363686164656E20766F6E20537069656C657263686172616B746572656E20696E20646572204EC3A46865202464206C616E6720756D20247331252E2044696573657220456666656B74206973742073746170656C6261722E00536368617474656E7363686164656E20756D202473312520657268C3B668742E00, 39804),
(3776013982, 358518, 'deDE', 0x00426573636877C3B672742065696E20416262696C6420766F6E205875656E2C2064656D20576569C39F656E2054696765722C20646173202464206C616E6720626573746568656E20626C656962742E205875656E206772656966742045756572205072696DC3A4727A69656C20616E20756E64207472696666742033204765676E657220696E6E657268616C6220766F6E20243132333939364131204D657465726E20616C6C65202431323339393974312053656B2E206D6974205469676572626C69747A656E2C2064696520243132333939367331204E617475727363686164656E20766572757273616368656E2E0000, 39804),
(3776013982, 357073, 'deDE', 0x007C43464632306666323057656E6E204968722065696E656E204765676E657220616E6772656966742C2064656D20496872207A75766F72206E6F6368206B65696E656E205363686164656E207A75676566C3BC677420686162742C20776972642045756572205363686164656E202433353633363464206C616E6720756D20247B2473312F3130307D2E322520657268C3B668742E7C520000, 39804),
(3776013982, 357069, 'deDE', 0x007C43464632306666323057656E6E20496872206D696E64657374656E732024733225206D65687220476573756E6468656974206861627420616C732045756572205A69656C2C20776972642045756572205363686164656E20756D20247B2473312F3130307D2E312520657268C3B668742E7C520000, 39804),
(3776013982, 357062, 'deDE', 0x007C43464632306666323057656E6E204968722065696E656E204765676E657220616E6772656966742C2064656D20496872207A75766F72206E6F6368206B65696E656E205363686164656E207A75676566C3BC677420686162742C20776972642045756572205363686164656E202433353633363464206C616E6720756D20247B2473312F3130307D2E322520657268C3B668742E7C520000, 39804),
(3776013982, 357058, 'deDE', 0x007C43464632306666323057656E6E20496872206D696E64657374656E732024733225206D65687220476573756E6468656974206861627420616C732045756572205A69656C2C20776972642045756572205363686164656E20756D20247B2473312F3130307D2E312520657268C3B668742E7C520000, 39804),
(3776013982, 357052, 'deDE', 0x007C43464632306666323057656E6E204968722065696E656E204765676E657220616E6772656966742C2064656D20496872207A75766F72206E6F6368206B65696E656E205363686164656E207A75676566C3BC677420686162742C20776972642045756572205363686164656E202433353633363464206C616E6720756D20247B2473312F3130307D2E322520657268C3B668742E7C520000, 39804),
(3776013982, 357049, 'deDE', 0x007C43464632306666323057656E6E20496872206D696E64657374656E732024733225206D65687220476573756E6468656974206861627420616C732045756572205A69656C2C20776972642045756572205363686164656E20756D20247B2473312F3130307D2E312520657268C3B668742E7C520000, 39804),
(3776013982, 357034, 'deDE', 0x007C43464632306666323057656E6E204968722065696E656E204765676E657220616E6772656966742C2064656D20496872207A75766F72206E6F6368206B65696E656E205363686164656E207A75676566C3BC677420686162742C20776972642045756572205363686164656E202433353633363464206C616E6720756D20247B2473312F3130307D2E322520657268C3B668742E7C520000, 39804),
(3776013982, 357031, 'deDE', 0x007C43464632306666323057656E6E20496872206D696E64657374656E732024733225206D65687220476573756E6468656974206861627420616C732045756572205A69656C2C20776972642045756572205363686164656E20756D20247B2473312F3130307D2E312520657268C3B668742E7C520000, 39804),
(3776013982, 356593, 'deDE', 0x00456E746465636B742065696E652041756677657274756E672066C3BC722065696E207A7566C3A46C6C69676573204D656469756D2061757320457572656E204D656469656E206D697420646572206E6965647269677374656E20476567656E7374616E647373747566652066C3BC72204575726520616B7475656C6C65205370657A69616C6973696572756E672C20626973207A7520476567656E7374616E64737374756665203232362E0000, 39804),
(3776013982, 356248, 'deDE', 0x00456E746465636B742065696E652041756677657274756E672066C3BC722065696E207A7566C3A46C6C69676573204D656469756D2061757320457572656E204D656469656E206D697420646572206E6965647269677374656E20476567656E7374616E647373747566652066C3BC72204575726520616B7475656C6C65205370657A69616C6973696572756E672C20626973207A7520476567656E7374616E64737374756665203235322E0000, 39804),
(3776013982, 355741, 'deDE', 0x007C43464632306666323057656E6E204968722065696E656E204765676E657220616E6772656966742C2064656D20496872207A75766F72206E6F6368206B65696E656E205363686164656E207A75676566C3BC677420686162742C20776972642045756572205363686164656E202433353633363464206C616E6720756D20247B2473312F3130307D2E322520657268C3B668742E7C520000, 39804),
(3776013982, 355721, 'deDE', 0x007C43464632306666323057656E6E20496872206D696E64657374656E732024733225206D65687220476573756E6468656974206861627420616C732045756572205A69656C2C20776972642045756572205363686164656E20756D20247B2473312F3130307D2E322520657268C3B668742E7C520000, 39804),
(3776013982, 354098, 'deDE', 0x004269657465742064656D206B6F72746869616E69736368656E204B6C65696E746965722046757474657220616E2E0000, 39804),
(3776013982, 354058, 'deDE', 0x0057697266742065696E204C65636B65726C692C20756D206EC3A468657220616E2065696E2068756E677269676573206B6F72746869616E697363686573204B6C65696E7469657220686572616E7A756B6F6D6D656E210000, 39804),
(3776013982, 353524, 'deDE', 0x00004D6974205075727A656C6368656E732048696C6665206BC3B66E6E7420496872206469652053707572656E2066696E64656E2C20646965207A756D207665726D69737374656E2056756C70696E2066C3BC6872656E2E00, 39804),
(3776013982, 345482, 'deDE', 0x00456E746465636B742065696E652041756677657274756E672066C3BC722065696E207A7566C3A46C6C69676573204D656469756D2061757320457572656E204D656469656E206D697420646572206E6965647269677374656E20476567656E7374616E647373747566652066C3BC72204575726520616B7475656C6C65205370657A69616C6973696572756E672C20626973207A7520476567656E7374616E64737374756665203232362E0000, 39804),
(3776013982, 341724, 'deDE', 0x00274175736CC3B6736368656E27206861742065696E6520756D202473312520657268C3B6687465204368616E63652C20275261757265696627206175737A756CC3B673656E2C20756E6420274865756C656E64652042C3B665272065727A6575677420247B2433343137323573312F31307D2052756E656E6D616368742C2077C3A46872656E642027526175726569662720616B746976206973742E0000, 39804),
(3776013982, 340433, 'deDE', 0x005665726665696E6572746520416E696D61206475726368737472C3B66D74204575636820756E6420657268C3B6687420457572656E2076657275727361636874656E205363686164656E20736F776965204575726520686572766F726765727566656E65204865696C756E67202464206C616E6720756D20247331252E00566572757273616368746572205363686164656E20756D202473312520657268C3B668742E0D0A486572766F726765727566656E65204865696C756E6720756D202473322520657268C3B668742E00, 39804),
(3776013982, 138083, 'deDE', 0x004272696E67742064617320616B7475656C6C65205A69656C2064617A752C2064656E205A61756265726E64656E207A75206B6C6F6E656E2E0000, 39804),
(3557796329, 3223, 'deDE', 0x05000000E1E2000000009642DD000000, 39804),
(3557796329, 2477, 'deDE', 0x08000000D32D050000005842AB000000, 39804),
(3386943305, 92453, 'deDE', 0x00000000000000000E004C0100000000881048400000000000010200000000000001000000000000010000000000666B0100, 39804),
(3386291891, 93030, 'deDE', 0x456973656E6173740000557274756D20646573204B7269656765730000040400000028FE00000000000000000000000000000000803F0000803F0000803F0000803F000000000000000000000000, 39804),
(3205218938, 43120, 'deDE', 0x5350454C4C5F4641494C45445F435553544F4D5F4552524F525F35323900496872206861627420616C6C652045757265204D656469656E20766F6C6C7374C3A46E6469672061756667657765727465742066C3BC72204575726520616B7475656C6C65205370657A69616C6973696572756E672E0001, 39804),
(3072882582, 9878, 'deDE', 0xF50100000000C70C0000, 39804),
(3072882582, 8001, 'deDE', 0xA90100000000C70C0000, 39804),
(3072882582, 7998, 'deDE', 0x110005000000C70C0000, 39804),
(3031818311, 4138, 'deDE', 0x4C00360A670500C70C0000, 39804),
(3031818311, 4137, 'deDE', 0x1200370A670500C70C0000, 39804),
(2939349194, 746, 'deDE', 0x54617A61766573682C206465722056657268C3BC6C6C7465204D61726B7420284D7974686973636829004D7974686973636800020310016300000073008C4E01008909170000050100000000, 39804),
(2939349194, 744, 'deDE', 0x53616E6B74756D20646572204865727273636861667420284865726F6973636829004865726F697363680003020F0123000000E2008C4E010092090F00001E0000000000, 39804),
(2939349194, 743, 'deDE', 0x53616E6B74756D20646572204865727273636861667420284E6F726D616C29004E6F726D616C0003010F0123000000D5008C4E010092090E00001E0000000000, 39804),
(2381039112, 3271, 'deDE', 0x00C70C000000000000A70400005407000000000000000000000000000000, 39804),
(2299908982, 560, 'deDE', 0x0000000000, 39804),
(1385971161, 12023, 'deDE', 0x30020000C70C0000, 39804),
(1369604944, 6963, 'deDE', 0x000000000000000000000000000000000000000000000000331B0000FA9800000000162200000000000000002C010000EE02140200003A0B0000000000000000001218, 39804),
(1369604944, 6960, 'deDE', 0x000000000000000000000000000000000000000000000000301B0000210200000000162200000000000000002C010000EE021402000000000000000000000000001218, 39804),
(368401261, 5420, 'deDE', 0xFE4400000000000040170000000000000000000000000000, 39804),
(368401261, 3271, 'deDE', 0xFE4400000000000000000000000000000000000000000000, 39804),
(336222293, 8447, 'deDE', 0x00D000C70C0000, 39804),
(336222293, 8446, 'deDE', 0x001101C70C0000, 39804),
(336222293, 8445, 'deDE', 0x001300C70C0000, 39804),
(240389885, 5952, 'deDE', 0x004B0C00000000000001060000000000008E24010019000000000000000000000000000000000000000000000000000000, 39804),
(48336690, 39162, 'deDE', 0x0000000000000000000040400000C03F000090400000803F00000000000000000000000009000000000000000000000000000000FFFFFFFF00, 39804),
(48336690, 39161, 'deDE', 0x0000000000000000000040400000C03F000090400000803F0000000000000000000000000A000000000000000000000000000000FFFFFFFF00, 39804);

DELETE FROM `item_sparse_locale` WHERE `VerifiedBuild` > 0 AND `ID` = 136605 AND `locale` = 'deDE';

DELETE FROM `item_sparse_locale` WHERE `VerifiedBuild` > 0 AND `locale` = 'deDE' AND `ID` IN (187917, 187863, 182247, 182246, 182245, 182244, 182243, 182242, 182241, 182229, 182228, 182227, 182226, 182225, 182224, 182223, 177203, 177202, 177201, 177200, 177199, 177198, 177197, 174303);
INSERT INTO `item_sparse_locale` (`ID`, `locale`, `Description_lang`, `Display3_lang`, `Display2_lang`, `Display1_lang`, `Display_lang`, `VerifiedBuild`) VALUES
(187917, 'deDE', '', '', '', '', 'Tee des Wahnsinnigen Herzogs', 39804),
(187863, 'deDE', 'Der Schlüssel ist abwechselnd da... und nicht da. Es ist schwer, die Details auszumachen... oder zu erkennen, ob er wirklich real ist.', '', '', '', 'Ephemeraschlüssel', 39804),
(182247, 'deDE', '', '', '', '', 'Armschienen des obersten Taktikers', 39804),
(182246, 'deDE', '', '', '', '', 'Gürtung des obersten Taktikers', 39804),
(182245, 'deDE', '', '', '', '', 'Schiftung des obersten Taktikers', 39804),
(182244, 'deDE', '', '', '', '', 'Beinlinge des obersten Taktikers', 39804),
(182243, 'deDE', '', '', '', '', 'Stulpen des obersten Taktikers', 39804),
(182242, 'deDE', '', '', '', '', 'Sabatons des obersten Taktikers', 39804),
(182241, 'deDE', '', '', '', '', 'Halsberge des obersten Taktikers', 39804),
(182229, 'deDE', '', '', '', '', 'Armschützer des obersten Gespensts', 39804),
(182228, 'deDE', '', '', '', '', 'Gürtel des obersten Gespensts', 39804),
(182227, 'deDE', '', '', '', '', 'Schultern des obersten Gespensts', 39804),
(182226, 'deDE', '', '', '', '', 'Bundhosen des obersten Gespensts', 39804),
(182225, 'deDE', '', '', '', '', 'Würger des obersten Gespensts', 39804),
(182224, 'deDE', '', '', '', '', 'Stiefel des obersten Gespensts', 39804),
(182223, 'deDE', '', '', '', '', 'Wams des obersten Gespensts', 39804),
(177203, 'deDE', '', '', '', '', 'Gelenkbänder des harmonischen Bringers', 39804),
(177202, 'deDE', '', '', '', '', 'Gürtung des harmonischen Bringers', 39804),
(177201, 'deDE', '', '', '', '', 'Schultern des harmonischen Bringers', 39804),
(177200, 'deDE', '', '', '', '', 'Beinschützer des harmonischen Bringers', 39804),
(177199, 'deDE', '', '', '', '', 'Stulpen des harmonischen Bringers', 39804),
(177198, 'deDE', '', '', '', '', 'Kriegsstiefel des harmonischen Bringers', 39804),
(177197, 'deDE', '', '', '', '', 'Brustplatte des harmonischen Bringers', 39804),
(174303, 'deDE', '', '', '', '', 'Schnitzer des harmonischen Schmieds', 39804);

UPDATE `hotfix_optional_data` SET `VerifiedBuild` = 39804 WHERE (`TableHash` = 35137211) AND (`RecordId` = 212142) AND (`locale` = 'deDE') AND (`Key` = 3744420815);
UPDATE `hotfix_optional_data` SET `VerifiedBuild` = 39804 WHERE (`TableHash` = 35137211) AND (`RecordId` = 211262) AND (`locale` = 'deDE') AND (`Key` = 3744420815);
UPDATE `hotfix_optional_data` SET `VerifiedBuild` = 39804 WHERE (`TableHash` = 35137211) AND (`RecordId` = 210338) AND (`locale` = 'deDE') AND (`Key` = 3744420815);
UPDATE `hotfix_optional_data` SET `VerifiedBuild` = 39804 WHERE (`TableHash` = 35137211) AND (`RecordId` = 210336) AND (`locale` = 'deDE') AND (`Key` = 3744420815);
UPDATE `hotfix_optional_data` SET `VerifiedBuild` = 39804 WHERE (`TableHash` = 35137211) AND (`RecordId` = 209146) AND (`locale` = 'deDE') AND (`Key` = 3744420815);
UPDATE `hotfix_optional_data` SET `VerifiedBuild` = 39804 WHERE (`TableHash` = 35137211) AND (`RecordId` = 208310) AND (`locale` = 'deDE') AND (`Key` = 3744420815);

DELETE FROM `hotfix_optional_data` WHERE `TableHash` = 35137211 AND `RecordId` = 211463 AND `locale` = 'deDE' AND `Key` = 3744420815;
DELETE FROM `hotfix_optional_data` WHERE `TableHash` = 35137211 AND `RecordId` = 210350 AND `locale` = 'deDE' AND `Key` = 3744420815;
DELETE FROM `hotfix_optional_data` WHERE `TableHash` = 35137211 AND `RecordId` = 210349 AND `locale` = 'deDE' AND `Key` = 3744420815;
INSERT INTO `hotfix_optional_data` (`TableHash`, `RecordId`, `locale`, `Key`, `Data`, `VerifiedBuild`) VALUES
(35137211, 211463, 'deDE', 3744420815, 0xE3719A2F624734BDCAB701156984B57B535822E57DEC7856, 39804),
(35137211, 210350, 'deDE', 3744420815, 0xEBC4EAB4415C6E873443E6CE6DFA6B4FF9E7727BCF68EF40, 39804),
(35137211, 210349, 'deDE', 3744420815, 0x7D0E0331AE9D1AC630BE4399FA03641AC4C6EE75020B30D4, 39804);

DELETE FROM `item_search_name_locale` WHERE `VerifiedBuild` > 0 AND `locale` = 'deDE' AND `ID` IN (182247, 182246, 182245, 182244, 182243, 182242, 182241, 182229, 182228, 182227, 182226, 182225, 182224, 182223, 177203, 177202, 177201, 177200, 177199, 177198, 177197, 174303);
INSERT INTO `item_search_name_locale` (`ID`, `locale`, `Display_lang`, `VerifiedBuild`) VALUES
(182247, 'deDE', 'Armschienen des obersten Taktikers', 39804),
(182246, 'deDE', 'Gürtung des obersten Taktikers', 39804),
(182245, 'deDE', 'Schiftung des obersten Taktikers', 39804),
(182244, 'deDE', 'Beinlinge des obersten Taktikers', 39804),
(182243, 'deDE', 'Stulpen des obersten Taktikers', 39804),
(182242, 'deDE', 'Sabatons des obersten Taktikers', 39804),
(182241, 'deDE', 'Halsberge des obersten Taktikers', 39804),
(182229, 'deDE', 'Armschützer des obersten Gespensts', 39804),
(182228, 'deDE', 'Gürtel des obersten Gespensts', 39804),
(182227, 'deDE', 'Schultern des obersten Gespensts', 39804),
(182226, 'deDE', 'Bundhosen des obersten Gespensts', 39804),
(182225, 'deDE', 'Würger des obersten Gespensts', 39804),
(182224, 'deDE', 'Stiefel des obersten Gespensts', 39804),
(182223, 'deDE', 'Wams des obersten Gespensts', 39804),
(177203, 'deDE', 'Gelenkbänder des harmonischen Bringers', 39804),
(177202, 'deDE', 'Gürtung des harmonischen Bringers', 39804),
(177201, 'deDE', 'Schultern des harmonischen Bringers', 39804),
(177200, 'deDE', 'Beinschützer des harmonischen Bringers', 39804),
(177199, 'deDE', 'Stulpen des harmonischen Bringers', 39804),
(177198, 'deDE', 'Kriegsstiefel des harmonischen Bringers', 39804),
(177197, 'deDE', 'Brustplatte des harmonischen Bringers', 39804),
(174303, 'deDE', 'Schnitzer des harmonischen Schmieds', 39804);

DELETE FROM `map_locale` WHERE `VerifiedBuild` > 0 AND `locale` = 'deDE' AND `ID` IN (2450);
INSERT INTO `map_locale` (`ID`, `locale`, `MapName_lang`, `MapDescription0_lang`, `MapDescription1_lang`, `PvpShortDescription_lang`, `PvpLongDescription_lang`, `VerifiedBuild`) VALUES
(2450, 'deDE', 'Sanktum der Herrschaft', '', '', '', '', 39804);

UPDATE `scene_script_global_text` SET `Script` = 'SceneTimelineAddInputData([[9.0.1_[NLA]_Global_IGC]], {\r\n\t[\"_Director \"] = {\r\n\t\t[\"CustomScript\"] = {\r\n\t\t\t{[0.000] = {script=[[\r\n--scene:AddFadeRegionExcludedGameObject(202141)\r\n]]},},\r\n\t\t},\r\n\t\t[\"Camera\"] = {\r\n\t\t\t{[0.000] = {cameraModeID=1168, blendTime=0.000, position=[[9.0.1_[NLA]_Shot_1010_IGC\\_1010_Cam]], target=\"\", FOV=90.000, shotNumber=1010},},\r\n\t\t\t{[4.000] = {cameraModeID=1201, blendTime=0.000, position=[[9.0.1_[NLA]_Shot_1020_IGC\\_1020_Cam]], target=[[9.0.1_[NLA]_Shot_1020_IGC\\_1020_CTrgt]], FOV=45.000, shotNumber=1020},},\r\n\t\t\t{[6.533] = {cameraModeID=778, blendTime=0.000, position=[[9.0.1_[NLA]_Shot_1030_IGC\\_1030_Cam]], target=[[9.0.1_[NLA]_Shot_1030_IGC\\_1030_CamTarget]], FOV=60.000, shotNumber=1030},},\r\n\t\t\t{[9.000] = {cameraModeID=1168, blendTime=0.000, position=[[9.0.1_[NLA]_Shot_1040_IGC\\_1040_Cam]], target=\"\", FOV=35.000, shotNumber=1040},},\r\n\t\t\t{[14.170] = {cameraModeID=1168, blendTime=0.000, position=[[9.0.1_[NLA]_Shot_1050_IGC\\_1050_Cam]], target=\"\", FOV=70.000, shotNumber=1050},},\r\n\t\t\t{[23.137] = {cameraModeID=778, blendTime=0.000, position=[[9.0.1_[NLA]_Shot_1060_IGC\\_1060_Camera]], target=[[9.0.1_[NLA]_Shot_1060_IGC\\_1060_CameraTarget]], FOV=90.000, shotNumber=1060},},\r\n\t\t\t{[28.937] = {cameraModeID=776, blendTime=0.000, position=[[9.0.1_[NLA]_Shot_1070_IGC\\_1070_Camera]], target=[[9.0.1_[NLA]_Shot_1070_IGC\\_1070_CameraTarget]], FOV=80.000, shotNumber=1070},},\r\n\t\t\t{[33.470] = {cameraModeID=1168, blendTime=0.000, position=[[9.0.1_[NLA]_Shot_1080_IGC\\_1080_Camera]], target=\"\", FOV=80.000, shotNumber=1080},},\r\n\t\t},\r\n\t\t[\"ScreenEffect\"] = {\r\n\t\t\t{[\"props\"] = {screenEffectID=1142},\r\n\t\t\t [0.000] = {},\r\n\t\t\t [0.331] = {},},\r\n\t\t\t{[\"props\"] = {screenEffectID=1830},\r\n\t\t\t [4.000] = {},\r\n\t\t\t [19.531] = {},},\r\n\t\t\t{[\"props\"] = {screenEffectID=827},\r\n\t\t\t [40.999] = {},\r\n\t\t\t [41.929] = {},},\r\n\t\t},\r\n\t\t[\"PlayerCondition\"] = {\r\n\t\t\t{[0.000] = {condition=81017},},\r\n\t\t},\r\n\t\t[\"CameraShake\"] = {\r\n\t\t\t{[\"props\"] = {cameraEffectID=779, cameraShakeMultiplier=10.000, target=[[9.0.1_[NLA]_Shot_1070_IGC\\_1070_Camera]]},\r\n\t\t\t [29.684] = {},\r\n\t\t\t [30.684] = {},},\r\n\t\t\t{[\"props\"] = {cameraEffectID=779, cameraShakeMultiplier=5.000, target=[[9.0.1_[NLA]_Shot_1070_IGC\\_1070_Camera]]},\r\n\t\t\t [31.285] = {},\r\n\t\t\t [31.745] = {},},\r\n\t\t\t{[\"props\"] = {cameraEffectID=779, cameraShakeMultiplier=5.000, target=[[9.0.1_[NLA]_Shot_1070_IGC\\_1070_Camera]]},\r\n\t\t\t [32.820] = {},\r\n\t\t\t [33.470] = {},},\r\n\t\t\t{[\"props\"] = {cameraEffectID=779, cameraShakeMultiplier=1.000, target=[[9.0.1_[NLA]_Shot_1080_IGC\\_1080_Camera]]},\r\n\t\t\t [33.470] = {},\r\n\t\t\t [34.470] = {},},\r\n\t\t\t{[\"props\"] = {cameraEffectID=779, cameraShakeMultiplier=3.000, target=[[9.0.1_[NLA]_Shot_1080_IGC\\_1080_Camera]]},\r\n\t\t\t [37.413] = {},\r\n\t\t\t [38.013] = {},},\r\n\t\t\t{[\"props\"] = {cameraEffectID=779, cameraShakeMultiplier=3.000, target=[[9.0.1_[NLA]_Shot_1080_IGC\\_1080_Camera]]},\r\n\t\t\t [38.882] = {},\r\n\t\t\t [39.739] = {},},\r\n\t\t},\r\n\t\t[\"End\"] = {\r\n\t\t\t{[41.929] = {},},\r\n\t\t},\r\n\t},\r\n\t[\"_Director (short races)\"] = {\r\n\t\t[\"Camera\"] = {\r\n\t\t\t{[0.000] = {cameraModeID=1168, blendTime=0.000, position=[[9.0.1_[NLA]_Shot_1010_IGC\\_1010_Cam]], target=\"\", FOV=90.000, shotNumber=1010},},\r\n\t\t\t{[4.000] = {cameraModeID=1201, blendTime=0.000, position=[[9.0.1_[NLA]_Shot_1020_IGC\\_1020_Cam]], target=[[9.0.1_[NLA]_Shot_1020_IGC\\_1020_CTrgt_SmallRaces]], FOV=45.000, shotNumber=1020},},\r\n\t\t\t{[6.533] = {cameraModeID=778, blendTime=0.000, position=[[9.0.1_[NLA]_Shot_1030_IGC\\_1030_Cam]], target=[[9.0.1_[NLA]_Shot_1030_IGC\\_1030_CamTarget]], FOV=60.000, shotNumber=1030},},\r\n\t\t\t{[9.000] = {cameraModeID=1168, blendTime=0.000, position=[[9.0.1_[NLA]_Shot_1040_IGC\\_1040_Cam]], target=\"\", FOV=35.000, shotNumber=1040},},\r\n\t\t\t{[14.170] = {cameraModeID=1168, blendTime=0.000, position=[[9.0.1_[NLA]_Shot_1050_IGC\\_1050_Cam]], target=\"\", FOV=70.000, shotNumber=1050},},\r\n\t\t\t{[23.137] = {cameraModeID=778, blendTime=0.000, position=[[9.0.1_[NLA]_Shot_1060_IGC\\_1060_Camera]], ' WHERE (`ID` = 24869);

DELETE FROM `criteria_tree_locale` WHERE `VerifiedBuild` > 0 AND `locale` = 'deDE' AND `ID` IN (92566, 92561, 92560, 92559, 92558, 92556, 92555, 92554, 92553, 92552, 92551, 92550, 92549, 92548, 92547, 92546, 92545, 92544, 92543, 92542, 92541, 92540, 92539, 92538, 92537, 92536, 92535, 92534, 92533, 92530, 92529, 92528, 92527, 92526, 92525, 92524, 92523, 92522, 92521, 92520, 92519, 92518, 92517, 92516, 92515, 92514, 92513, 92512, 92511, 92510, 92509, 92508, 92507, 92506, 92505, 92504, 92503, 92502, 92501, 92500, 92499, 92498, 92497, 92496, 92495, 92494, 92493, 92492, 92491);
INSERT INTO `criteria_tree_locale` (`ID`, `locale`, `Description_lang`, `VerifiedBuild`) VALUES
(92566, 'deDE', '', 39804),
(92561, 'deDE', '', 39804),
(92560, 'deDE', '', 39804),
(92559, 'deDE', '', 39804),
(92558, 'deDE', '', 39804),
(92556, 'deDE', '', 39804),
(92555, 'deDE', '', 39804),
(92554, 'deDE', '', 39804),
(92553, 'deDE', '', 39804),
(92552, 'deDE', '', 39804),
(92551, 'deDE', '', 39804),
(92550, 'deDE', '', 39804),
(92549, 'deDE', '', 39804),
(92548, 'deDE', '', 39804),
(92547, 'deDE', '', 39804),
(92546, 'deDE', '', 39804),
(92545, 'deDE', '', 39804),
(92544, 'deDE', '', 39804),
(92543, 'deDE', '', 39804),
(92542, 'deDE', '', 39804),
(92541, 'deDE', '', 39804),
(92540, 'deDE', '', 39804),
(92539, 'deDE', '', 39804),
(92538, 'deDE', '', 39804),
(92537, 'deDE', '', 39804),
(92536, 'deDE', '', 39804),
(92535, 'deDE', '', 39804),
(92534, 'deDE', '', 39804),
(92533, 'deDE', '', 39804),
(92530, 'deDE', '', 39804),
(92529, 'deDE', '', 39804),
(92528, 'deDE', '', 39804),
(92527, 'deDE', '', 39804),
(92526, 'deDE', '', 39804),
(92525, 'deDE', '', 39804),
(92524, 'deDE', '', 39804),
(92523, 'deDE', '', 39804),
(92522, 'deDE', '', 39804),
(92521, 'deDE', '', 39804),
(92520, 'deDE', '', 39804),
(92519, 'deDE', '', 39804),
(92518, 'deDE', '', 39804),
(92517, 'deDE', '', 39804),
(92516, 'deDE', '', 39804),
(92515, 'deDE', '', 39804),
(92514, 'deDE', '', 39804),
(92513, 'deDE', '', 39804),
(92512, 'deDE', '', 39804),
(92511, 'deDE', '', 39804),
(92510, 'deDE', '', 39804),
(92509, 'deDE', '', 39804),
(92508, 'deDE', '', 39804),
(92507, 'deDE', '', 39804),
(92506, 'deDE', '', 39804),
(92505, 'deDE', '', 39804),
(92504, 'deDE', '', 39804),
(92503, 'deDE', '', 39804),
(92502, 'deDE', '', 39804),
(92501, 'deDE', '', 39804),
(92500, 'deDE', '', 39804),
(92499, 'deDE', '', 39804),
(92498, 'deDE', '', 39804),
(92497, 'deDE', '', 39804),
(92496, 'deDE', '', 39804),
(92495, 'deDE', '', 39804),
(92494, 'deDE', '', 39804),
(92493, 'deDE', '', 39804),
(92492, 'deDE', '', 39804),
(92491, 'deDE', '', 39804);

DELETE FROM `player_condition_locale` WHERE `VerifiedBuild` > 0 AND `locale` = 'deDE' AND `ID` IN (89249);
INSERT INTO `player_condition_locale` (`ID`, `locale`, `FailureDescription_lang`, `VerifiedBuild`) VALUES
(89249, 'deDE', '', 39804);

DELETE FROM `spell_name_locale` WHERE `VerifiedBuild` > 0 AND `locale` = 'deDE' AND `ID` IN (360832, 360829, 360749, 360592, 358693, 358692, 358518, 357073, 357069, 357062, 357058, 357052, 357049, 357034, 357031, 356593, 356248, 355741, 355721, 354098, 354058, 353524, 345482, 341724, 340433, 138083);
INSERT INTO `spell_name_locale` (`ID`, `locale`, `Name_lang`, `VerifiedBuild`) VALUES
(360832, 'deDE', 'Crackling Tiger Lightning Driver', 39804),
(360829, 'deDE', 'Ermächtigter Tigerblitz', 39804),
(360749, 'deDE', 'Kill Credit', 39804),
(360592, 'deDE', 'Spectral Feline', 39804),
(358693, 'deDE', 'Seelenwut', 39804),
(358692, 'deDE', 'Seelendunkelheit', 39804),
(358518, 'deDE', 'Xuen den Weißen Tiger beschwören', 39804),
(357073, 'deDE', 'Dräuender Splitter von Cor', 39804),
(357069, 'deDE', 'Dräuender Splitter von Bek', 39804),
(357062, 'deDE', 'Unheilvoller Splitter von Cor', 39804),
(357058, 'deDE', 'Unheilvoller Splitter von Bek', 39804),
(357052, 'deDE', 'Trostloser Splitter von Cor', 39804),
(357049, 'deDE', 'Trostloser Splitter von Bek', 39804),
(357034, 'deDE', 'Ominöser Splitter von Cor', 39804),
(357031, 'deDE', 'Ominöser Splitter von Bek', 39804),
(356593, 'deDE', 'Zerfallende Energie', 39804),
(356248, 'deDE', 'Bindung aus dem Jenseits', 39804),
(355741, 'deDE', 'Splitter von Cor', 39804),
(355721, 'deDE', 'Splitter von Bek', 39804),
(354098, 'deDE', 'Leckerli anbieten', 39804),
(354058, 'deDE', 'Leckerli', 39804),
(353524, 'deDE', 'Scharfäugig 2', 39804),
(345482, 'deDE', 'Ungebundene Realität', 39804),
(341724, 'deDE', 'Wut des eisigen Champions', 39804),
(340433, 'deDE', 'Gabe von Sündensturz', 39804),
(138083, 'deDE', 'Sturm, Erde und Feuer', 39804);

UPDATE `scene_script_text` SET `Script` = 'SceneTimelineAddInputData([[9.0.1_[NLA]_Global_IGC]], {\r\n\t[\"_Director \"] = {\r\n\t\t[\"CustomScript\"] = {\r\n\t\t\t{[0.000] = {script=[[\r\n--scene:AddFadeRegionExcludedGameObject(202141)\r\n]]},},\r\n\t\t},\r\n\t\t[\"Camera\"] = {\r\n\t\t\t{[0.000] = {cameraModeID=1168, blendTime=0.000, position=[[9.0.1_[NLA]_Shot_1010_IGC\\_1010_Cam]], target=\"\", FOV=90.000, shotNumber=1010},},\r\n\t\t\t{[4.000] = {cameraModeID=1201, blendTime=0.000, position=[[9.0.1_[NLA]_Shot_1020_IGC\\_1020_Cam]], target=[[9.0.1_[NLA]_Shot_1020_IGC\\_1020_CTrgt]], FOV=45.000, shotNumber=1020},},\r\n\t\t\t{[6.533] = {cameraModeID=778, blendTime=0.000, position=[[9.0.1_[NLA]_Shot_1030_IGC\\_1030_Cam]], target=[[9.0.1_[NLA]_Shot_1030_IGC\\_1030_CamTarget]], FOV=60.000, shotNumber=1030},},\r\n\t\t\t{[9.000] = {cameraModeID=1168, blendTime=0.000, position=[[9.0.1_[NLA]_Shot_1040_IGC\\_1040_Cam]], target=\"\", FOV=35.000, shotNumber=1040},},\r\n\t\t\t{[14.170] = {cameraModeID=1168, blendTime=0.000, position=[[9.0.1_[NLA]_Shot_1050_IGC\\_1050_Cam]], target=\"\", FOV=70.000, shotNumber=1050},},\r\n\t\t\t{[23.137] = {cameraModeID=778, blendTime=0.000, position=[[9.0.1_[NLA]_Shot_1060_IGC\\_1060_Camera]], target=[[9.0.1_[NLA]_Shot_1060_IGC\\_1060_CameraTarget]], FOV=90.000, shotNumber=1060},},\r\n\t\t\t{[28.937] = {cameraModeID=776, blendTime=0.000, position=[[9.0.1_[NLA]_Shot_1070_IGC\\_1070_Camera]], target=[[9.0.1_[NLA]_Shot_1070_IGC\\_1070_CameraTarget]], FOV=80.000, shotNumber=1070},},\r\n\t\t\t{[33.470] = {cameraModeID=1168, blendTime=0.000, position=[[9.0.1_[NLA]_Shot_1080_IGC\\_1080_Camera]], target=\"\", FOV=80.000, shotNumber=1080},},\r\n\t\t},\r\n\t\t[\"ScreenEffect\"] = {\r\n\t\t\t{[\"props\"] = {screenEffectID=1142},\r\n\t\t\t [0.000] = {},\r\n\t\t\t [0.331] = {},},\r\n\t\t\t{[\"props\"] = {screenEffectID=1830},\r\n\t\t\t [4.000] = {},\r\n\t\t\t [19.531] = {},},\r\n\t\t\t{[\"props\"] = {screenEffectID=827},\r\n\t\t\t [40.999] = {},\r\n\t\t\t [41.929] = {},},\r\n\t\t},\r\n\t\t[\"PlayerCondition\"] = {\r\n\t\t\t{[0.000] = {condition=81017},},\r\n\t\t},\r\n\t\t[\"CameraShake\"] = {\r\n\t\t\t{[\"props\"] = {cameraEffectID=779, cameraShakeMultiplier=10.000, target=[[9.0.1_[NLA]_Shot_1070_IGC\\_1070_Camera]]},\r\n\t\t\t [29.684] = {},\r\n\t\t\t [30.684] = {},},\r\n\t\t\t{[\"props\"] = {cameraEffectID=779, cameraShakeMultiplier=5.000, target=[[9.0.1_[NLA]_Shot_1070_IGC\\_1070_Camera]]},\r\n\t\t\t [31.285] = {},\r\n\t\t\t [31.745] = {},},\r\n\t\t\t{[\"props\"] = {cameraEffectID=779, cameraShakeMultiplier=5.000, target=[[9.0.1_[NLA]_Shot_1070_IGC\\_1070_Camera]]},\r\n\t\t\t [32.820] = {},\r\n\t\t\t [33.470] = {},},\r\n\t\t\t{[\"props\"] = {cameraEffectID=779, cameraShakeMultiplier=1.000, target=[[9.0.1_[NLA]_Shot_1080_IGC\\_1080_Camera]]},\r\n\t\t\t [33.470] = {},\r\n\t\t\t [34.470] = {},},\r\n\t\t\t{[\"props\"] = {cameraEffectID=779, cameraShakeMultiplier=3.000, target=[[9.0.1_[NLA]_Shot_1080_IGC\\_1080_Camera]]},\r\n\t\t\t [37.413] = {},\r\n\t\t\t [38.013] = {},},\r\n\t\t\t{[\"props\"] = {cameraEffectID=779, cameraShakeMultiplier=3.000, target=[[9.0.1_[NLA]_Shot_1080_IGC\\_1080_Camera]]},\r\n\t\t\t [38.882] = {},\r\n\t\t\t [39.739] = {},},\r\n\t\t},\r\n\t\t[\"End\"] = {\r\n\t\t\t{[41.929] = {},},\r\n\t\t},\r\n\t},\r\n\t[\"_Director (short races)\"] = {\r\n\t\t[\"Camera\"] = {\r\n\t\t\t{[0.000] = {cameraModeID=1168, blendTime=0.000, position=[[9.0.1_[NLA]_Shot_1010_IGC\\_1010_Cam]], target=\"\", FOV=90.000, shotNumber=1010},},\r\n\t\t\t{[4.000] = {cameraModeID=1201, blendTime=0.000, position=[[9.0.1_[NLA]_Shot_1020_IGC\\_1020_Cam]], target=[[9.0.1_[NLA]_Shot_1020_IGC\\_1020_CTrgt_SmallRaces]], FOV=45.000, shotNumber=1020},},\r\n\t\t\t{[6.533] = {cameraModeID=778, blendTime=0.000, position=[[9.0.1_[NLA]_Shot_1030_IGC\\_1030_Cam]], target=[[9.0.1_[NLA]_Shot_1030_IGC\\_1030_CamTarget]], FOV=60.000, shotNumber=1030},},\r\n\t\t\t{[9.000] = {cameraModeID=1168, blendTime=0.000, position=[[9.0.1_[NLA]_Shot_1040_IGC\\_1040_Cam]], target=\"\", FOV=35.000, shotNumber=1040},},\r\n\t\t\t{[14.170] = {cameraModeID=1168, blendTime=0.000, position=[[9.0.1_[NLA]_Shot_1050_IGC\\_1050_Cam]], target=\"\", FOV=70.000, shotNumber=1050},},\r\n\t\t\t{[23.137] = {cameraModeID=778, blendTime=0.000, position=[[9.0.1_[NLA]_Shot_1060_IGC\\_1060_Camera]], ' WHERE (`ID` = 24869);

UPDATE `faction_locale` SET `VerifiedBuild` = 39804 WHERE `VerifiedBuild` > 0 AND `locale` = 'deDE';
UPDATE `currency_types_locale` SET `VerifiedBuild` = 39804 WHERE `VerifiedBuild` > 0 AND `locale` = 'deDE';
UPDATE `item_name_description_locale` SET `VerifiedBuild` = 39804 WHERE `VerifiedBuild` > 0 AND `locale` = 'deDE';
UPDATE `gameobjects_locale` SET `VerifiedBuild` = 39804 WHERE `VerifiedBuild` > 0 AND `locale` = 'deDE';
UPDATE `hotfix_blob` SET `VerifiedBuild` = 39804 WHERE `VerifiedBuild` > 0 AND `locale` = 'deDE';
UPDATE `item_sparse_locale` SET `VerifiedBuild` = 39804 WHERE `VerifiedBuild` > 0 AND `locale` = 'deDE';
UPDATE `friendship_reputation_locale` SET `VerifiedBuild` = 39804 WHERE `VerifiedBuild` > 0 AND `locale` = 'deDE';
UPDATE `lfg_dungeons_locale` SET `VerifiedBuild` = 39804 WHERE `VerifiedBuild` > 0 AND `locale` = 'deDE';
UPDATE `mount_locale` SET `VerifiedBuild` = 39804 WHERE `VerifiedBuild` > 0 AND `locale` = 'deDE';
UPDATE `item_search_name_locale` SET `VerifiedBuild` = 39804 WHERE `VerifiedBuild` > 0 AND `locale` = 'deDE';
UPDATE `map_locale` SET `VerifiedBuild` = 39804 WHERE `VerifiedBuild` > 0 AND `locale` = 'deDE';
UPDATE `map_difficulty_locale` SET `VerifiedBuild` = 39804 WHERE `VerifiedBuild` > 0 AND `locale` = 'deDE';
UPDATE `achievement_locale` SET `VerifiedBuild` = 39804 WHERE `VerifiedBuild` > 0 AND `locale` = 'deDE';
UPDATE `area_table_locale` SET `VerifiedBuild` = 39804 WHERE `VerifiedBuild` > 0 AND `locale` = 'deDE';
UPDATE `criteria_tree_locale` SET `VerifiedBuild` = 39804 WHERE `VerifiedBuild` > 0 AND `locale` = 'deDE';
UPDATE `dungeon_encounter_locale` SET `VerifiedBuild` = 39804 WHERE `VerifiedBuild` > 0 AND `locale` = 'deDE';
UPDATE `adventure_journal_locale` SET `VerifiedBuild` = 39804 WHERE `VerifiedBuild` > 0 AND `locale` = 'deDE';
UPDATE `pvp_talent_locale` SET `VerifiedBuild` = 39804 WHERE `VerifiedBuild` > 0 AND `locale` = 'deDE';
UPDATE `player_condition_locale` SET `VerifiedBuild` = 39804 WHERE `VerifiedBuild` > 0 AND `locale` = 'deDE';
UPDATE `spell_name_locale` SET `VerifiedBuild` = 39804 WHERE `VerifiedBuild` > 0 AND `locale` = 'deDE';
UPDATE `toy_locale` SET `VerifiedBuild` = 39804 WHERE `VerifiedBuild` > 0 AND `locale` = 'deDE';
UPDATE `transmog_set_locale` SET `VerifiedBuild` = 39804 WHERE `VerifiedBuild` > 0 AND `locale` = 'deDE';
UPDATE `wmo_area_table_locale` SET `VerifiedBuild` = 39804 WHERE `VerifiedBuild` > 0 AND `locale` = 'deDE';
UPDATE `ui_map_locale` SET `VerifiedBuild` = 39804 WHERE `VerifiedBuild` > 0 AND `locale` = 'deDE';
UPDATE `broadcast_text_locale` SET `VerifiedBuild` = 39804 WHERE `locale` = 'deDE' AND `ID` IN (212589, 212227, 212142, 211907, 211262, 210756, 210419, 210338, 210336, 209648, 209146, 208310, 207999, 202525, 130831, 116249, 56587, 56586, 56585, 56582, 56581, 56312, 56277, 56276, 56270, 56269, 54347, 54338, 53929, 48182, 48181, 48180, 47584, 45365, 31716, 27048, 27046, 27043, 27042, 26970, 26969, 26968, 26967, 26966, 26965, 26964, 26963, 26956, 26936, 26798, 9875, 9874, 9872, 9870);
