-- Searing Gorge Ore 40 spawns pooled
SET @OGUID1   := 225050;
SET @OGUID2   := 225250;
SET @OGUID3   := 225450;
SET @POOL     := 51106;  -- 181 pooled
SET @LASTGUID := 180;
SET @MOTHER   := 5101;
SET @ACTIVE   := 40;     -- Max number of active spawns
SET @TIMER    := 30;     -- Respawn timer in seconds

DELETE FROM `gameobject` WHERE `guid` BETWEEN @OGUID1 AND @OGUID1+@LASTGUID;
DELETE FROM `gameobject` WHERE `guid` BETWEEN @OGUID2 AND @OGUID2+@LASTGUID;
DELETE FROM `gameobject` WHERE `guid` BETWEEN @OGUID3 AND @OGUID3+@LASTGUID;
INSERT INTO `gameobject` (`guid`, `id`, `map`, `spawnMask`, `phaseMask`, `phaseId`, `position_x`, `position_y`, `position_z`, `orientation`, `rotation0`, `rotation1`, `rotation2`, `rotation3`, `spawntimesecs`, `animprogress`, `state`) VALUES
-- Mithril Deposits
(@OGUID1+0, 2040, 0, 1, 1, 0, -6417.62, -1238.38, 180.939, 0, 0, 0, 0, 1, @TIMER, 255, 1), -- Mithril Deposit
(@OGUID1+1, 2040, 0, 1, 1, 0, -6606.49, -1225.1, 186.073, 0, 0, 0, 0, 1, @TIMER, 255, 1), -- Mithril Deposit
(@OGUID1+2, 2040, 0, 1, 1, 0, -6742.63, -1206.05, 181.448, 0, 0, 0, 0, 1, @TIMER, 255, 1), -- Mithril Deposit
(@OGUID1+3, 2040, 0, 1, 1, 0, -6600.28, -1260.83, 208.743, 0, 0, 0, 0, 1, @TIMER, 255, 1), -- Mithril Deposit
(@OGUID1+4, 2040, 0, 1, 1, 0, -6627.98, -1313.6, 262.159, 3.281239, 0, 0, 0, 1, @TIMER, 255, 1), -- Mithril Deposit
(@OGUID1+5, 2040, 0, 1, 1, 0, -6767.49, -1145.42, 187.195, 0, 0, 0, 0, 1, @TIMER, 255, 1), -- Mithril Deposit
(@OGUID1+6, 2040, 0, 1, 1, 0, -7072.38, -1160.82, 260.331, 3.281239, 0, 0, 0, 1, @TIMER, 255, 1), -- Mithril Deposit
(@OGUID1+7, 2040, 0, 1, 1, 0, -6894.49, -1518.85, 194.662, 3.281239, 0, 0, 0, 1, @TIMER, 255, 1), -- Mithril Deposit
(@OGUID1+8, 2040, 0, 1, 1, 0, -6870.35, -1410.85, 172.118, 3.281239, 0, 0, 0, 1, @TIMER, 255, 1), -- Mithril Deposit
(@OGUID1+9, 2040, 0, 1, 1, 0, -7078.33, -1749.68, 253.914, 3.281239, 0, 0, 0, 1, @TIMER, 255, 1), -- Mithril Deposit
(@OGUID1+10, 2040, 0, 1, 1, 0, -7265.51, -1744, 264.766, 3.281239, 0, 0, 0, 1, @TIMER, 255, 1), -- Mithril Deposit
(@OGUID1+11, 2040, 0, 1, 1, 0, -7254.58, -1633.94, 275.327, 3.281239, 0, 0, 0, 1, @TIMER, 255, 1), -- Mithril Deposit
(@OGUID1+12, 2040, 0, 1, 1, 0, -7264.73, -1821.77, 289.728, 3.281239, 0, 0, 0, 1, @TIMER, 255, 1), -- Mithril Deposit
(@OGUID1+13, 2040, 0, 1, 1, 0, -7217.71, -1461.04, 250.178, 3.281239, 0, 0, 0, 1, @TIMER, 255, 1), -- Mithril Deposit
(@OGUID1+14, 2040, 0, 1, 1, 0, -7052, -1618.22, 253.055, 3.281239, 0, 0, 0, 1, @TIMER, 255, 1), -- Mithril Deposit
(@OGUID1+15, 2040, 0, 1, 1, 0, -6654.38, -1818.2, 258.082, 3.281239, 0, 0, 0, 1, @TIMER, 255, 1), -- Mithril Deposit
(@OGUID1+16, 2040, 0, 1, 1, 0, -6636.97, -1722.16, 265.226, 3.281239, 0, 0, 0, 1, @TIMER, 255, 1), -- Mithril Deposit
(@OGUID1+17, 2040, 0, 1, 1, 0, -6579.07, -1661.24, 289.705, 3.281239, 0, 0, 0, 1, @TIMER, 255, 1), -- Mithril Deposit
(@OGUID1+18, 2040, 0, 1, 1, 0, -6619.39, -1527.73, 271.064, 3.281239, 0, 0, 0, 1, @TIMER, 255, 1), -- Mithril Deposit
(@OGUID1+19, 2040, 0, 1, 1, 0, -6629.51, -1491.8, 166.843, 0, 0, 0, 0, 1, @TIMER, 255, 1), -- Mithril Deposit
(@OGUID1+20, 2040, 0, 1, 1, 0, -6691.07, -1428.7, 170.375, 0, 0, 0, 0, 1, @TIMER, 255, 1), -- Mithril Deposit
(@OGUID1+21, 2040, 0, 1, 1, 0, -6822.65, -1432.6, 161.664, 3.281239, 0, 0, 0, 1, @TIMER, 255, 1), -- Mithril Deposit
(@OGUID1+22, 2040, 0, 1, 1, 0, -6528.67, -1302.38, 200.94, 0, 0, 0, 0, 1, @TIMER, 255, 1), -- Mithril Deposit
(@OGUID1+23, 2040, 0, 1, 1, 0, -6543.65, -1390.16, 152.81, 0, 0, 0, 0, 1, @TIMER, 255, 1), -- Mithril Deposit
(@OGUID1+24, 2040, 0, 1, 1, 0, -7307.36, -1093.27, 284.153, 3.281239, 0, 0, 0, 1, @TIMER, 255, 1), -- Mithril Deposit
(@OGUID1+25, 2040, 0, 1, 1, 0, -7316.72, -989.984, 276.018, 3.281239, 0, 0, 0, 1, @TIMER, 255, 1), -- Mithril Deposit
(@OGUID1+26, 2040, 0, 1, 1, 0, -7199.64, -926.361, 273.946, 3.281239, 0, 0, 0, 1, @TIMER, 255, 1), -- Mithril Deposit
(@OGUID1+27, 2040, 0, 1, 1, 0, -7241.88, -884.837, 293.02, 3.281239, 0, 0, 0, 1, @TIMER, 255, 1), -- Mithril Deposit
(@OGUID1+28, 2040, 0, 1, 1, 0, -7104.21, -962.661, 263.84, 3.281239, 0, 0, 0, 1, @TIMER, 255, 1), -- Mithril Deposit
(@OGUID1+29, 2040, 0, 1, 1, 0, -7027.09, -961.49, 261.553, 3.281239, 0, 0, 0, 1, @TIMER, 255, 1), -- Mithril Deposit
(@OGUID1+30, 2040, 0, 1, 1, 0, -6869.7, -867.519, 257.824, 3.281239, 0, 0, 0, 1, @TIMER, 255, 1), -- Mithril Deposit
(@OGUID1+31, 2040, 0, 1, 1, 0, -6753.45, -843.783, 251.723, 3.281239, 0, 0, 0, 1, @TIMER, 255, 1), -- Mithril Deposit
(@OGUID1+32, 2040, 0, 1, 1, 0, -6580.8, -898.722, 269.117, 3.281239, 0, 0, 0, 1, @TIMER, 255, 1), -- Mithril Deposit
(@OGUID1+33, 2040, 0, 1, 1, 0, -6547.77, -925.002, 304.316, 3.281239, 0, 0, 0, 1, @TIMER, 255, 1), -- Mithril Deposit
(@OGUID1+34, 2040, 0, 1, 1, 0, -6617.34, -1167.11, 185.495, 0, 0, 0, 0, 1, @TIMER, 255, 1), -- Mithril Deposit
(@OGUID1+35, 2040, 0, 1, 1, 0, -6592.21, -1133.65, 274.553, 3.281239, 0, 0, 0, 1, @TIMER, 255, 1), -- Mithril Deposit
(@OGUID1+36, 2040, 0, 1, 1, 0, -6328.6, -1938.45, 271.039, 3.281239, 0, 0, 0, 1, @TIMER, 255, 1), -- Mithril Deposit
(@OGUID1+37, 2040, 0, 1, 1, 0, -6796.01, -1880.75, 247.662, 3.281239, 0, 0, 0, 1, @TIMER, 255, 1), -- Mithril Deposit
(@OGUID1+38, 2040, 0, 1, 1, 0, -6620.93, -1730.02, 257.37, 3.281239, 0, 0, 0, 1, @TIMER, 255, 1), -- Mithril Deposit
(@OGUID1+39, 2040, 0, 1, 1, 0, -7317.89, -1743.18, 276.583, 3.281239, 0, 0, 0, 1, @TIMER, 255, 1), -- Mithril Deposit
(@OGUID1+40, 2040, 0, 1, 1, 0, -6868.43, -1474.97, 193.132, 3.281239, 0, 0, 0, 1, @TIMER, 255, 1), -- Mithril Deposit
(@OGUID1+41, 2040, 0, 1, 1, 0, -7164.64, -952.578, 270.137, 3.281239, 0, 0, 0, 1, @TIMER, 255, 1), -- Mithril Deposit
(@OGUID1+42, 2040, 0, 1, 1, 0, -6580.13, -1504.88, 288.79, 3.281239, 0, 0, 0, 1, @TIMER, 255, 1), -- Mithril Deposit
(@OGUID1+43, 2040, 0, 1, 1, 0, -6629.64, -1461.1, 168.423, 0, 0, 0, 0, 1, @TIMER, 255, 1), -- Mithril Deposit
(@OGUID1+44, 2040, 0, 1, 1, 0, -6483.06, -1470.92, 148.367, 0, 0, 0, 0, 1, @TIMER, 255, 1), -- Mithril Deposit
(@OGUID1+45, 2040, 0, 1, 1, 0, -6562.39, -1433.08, 162.896, 0, 0, 0, 0, 1, @TIMER, 255, 1), -- Mithril Deposit
(@OGUID1+46, 2040, 0, 1, 1, 0, -6769.66, -1387.65, 195.499, 0, 0, 0, 0, 1, @TIMER, 255, 1), -- Mithril Deposit
(@OGUID1+47, 2040, 0, 1, 1, 0, -6834.51, -1406.38, 170.296, 3.281239, 0, 0, 0, 1, @TIMER, 255, 1), -- Mithril Deposit
(@OGUID1+48, 2040, 0, 1, 1, 0, -6646.95, -1333.32, 252.091, 3.281239, 0, 0, 0, 1, @TIMER, 255, 1), -- Mithril Deposit
(@OGUID1+49, 2040, 0, 1, 1, 0, -6477.61, -1335.78, 212.107, 0, 0, 0, 0, 1, @TIMER, 255, 1), -- Mithril Deposit
(@OGUID1+50, 2040, 0, 1, 1, 0, -6560.37, -1281.84, 208.96, 0, 0, 0, 0, 1, @TIMER, 255, 1), -- Mithril Deposit
(@OGUID1+51, 2040, 0, 1, 1, 0, -7226.93, -1306.87, 265.459, 3.281239, 0, 0, 0, 1, @TIMER, 255, 1), -- Mithril Deposit
(@OGUID1+52, 2040, 0, 1, 1, 0, -7249.64, -1236.07, 285.303, 3.281239, 0, 0, 0, 1, @TIMER, 255, 1), -- Mithril Deposit
(@OGUID1+53, 2040, 0, 1, 1, 0, -6735.2, -1257.4, 183.609, 0, 0, 0, 0, 1, @TIMER, 255, 1), -- Mithril Deposit
(@OGUID1+54, 2040, 0, 1, 1, 0, -6575.27, -1244.58, 188.777, 0, 0, 0, 0, 1, @TIMER, 255, 1), -- Mithril Deposit
(@OGUID1+55, 2040, 0, 1, 1, 0, -6597.19, -1226.1, 276.611, 3.281239, 0, 0, 0, 1, @TIMER, 255, 1), -- Mithril Deposit
(@OGUID1+56, 2040, 0, 1, 1, 0, -6524.94, -1271.49, 134.57, 0, 0, 0, 0, 1, @TIMER, 255, 1), -- Mithril Deposit
(@OGUID1+57, 2040, 0, 1, 1, 0, -6408.4, -1313.78, 130.917, 0, 0, 0, 0, 1, @TIMER, 255, 1), -- Mithril Deposit
(@OGUID1+58, 2040, 0, 1, 1, 0, -6689.38, -1190.45, 181.918, 0, 0, 0, 0, 1, @TIMER, 255, 1), -- Mithril Deposit
(@OGUID1+59, 2040, 0, 1, 1, 0, -6872.78, -1223.03, 177.063, 0, 0, 0, 0, 1, @TIMER, 255, 1), -- Mithril Deposit
(@OGUID1+60, 2040, 0, 1, 1, 0, -7085.75, -1140.06, 265.877, 3.281239, 0, 0, 0, 1, @TIMER, 255, 1), -- Mithril Deposit
(@OGUID1+61, 2040, 0, 1, 1, 0, -6568.67, -1151.36, 185.571, 0, 0, 0, 0, 1, @TIMER, 255, 1), -- Mithril Deposit
(@OGUID1+62, 2040, 0, 1, 1, 0, -6619.57, -1147.57, 257.459, 3.281239, 0, 0, 0, 1, @TIMER, 255, 1), -- Mithril Deposit
(@OGUID1+63, 2040, 0, 1, 1, 0, -6721.49, -1150.43, 185.572, 0, 0, 0, 0, 1, @TIMER, 255, 1), -- Mithril Deposit
(@OGUID1+64, 2040, 0, 1, 1, 0, -7286.46, -1091.85, 291.484, 3.281239, 0, 0, 0, 1, @TIMER, 255, 1), -- Mithril Deposit
(@OGUID1+65, 2040, 0, 1, 1, 0, -7265.99, -988.465, 264.909, 3.281239, 0, 0, 0, 1, @TIMER, 255, 1), -- Mithril Deposit
(@OGUID1+66, 2040, 0, 1, 1, 0, -7076.29, -984.934, 253.668, 3.281239, 0, 0, 0, 1, @TIMER, 255, 1), -- Mithril Deposit
(@OGUID1+67, 2040, 0, 1, 1, 0, -6933.99, -908.196, 245.834, 3.281239, 0, 0, 0, 1, @TIMER, 255, 1), -- Mithril Deposit
(@OGUID1+68, 2040, 0, 1, 1, 0, -6596.36, -918.196, 253.091, 3.281239, 0, 0, 0, 1, @TIMER, 255, 1), -- Mithril Deposit
(@OGUID1+69, 2040, 0, 1, 1, 0, -6447.55, -954.719, 338.174, 3.281239, 0, 0, 0, 1, @TIMER, 255, 1), -- Mithril Deposit
(@OGUID1+70, 2040, 0, 1, 1, 0, -6834.05, -867.363, 254.325, 3.281239, 0, 0, 0, 1, @TIMER, 255, 1), -- Mithril Deposit
(@OGUID1+71, 2040, 0, 1, 1, 0, -7211.8, -798.564, 315.572, 3.281239, 0, 0, 0, 1, @TIMER, 255, 1), -- Mithril Deposit
(@OGUID1+72, 2040, 0, 1, 1, 0, -6573.24, -1153.04, 288.479, 3.281239, 0, 0, 0, 1, @TIMER, 255, 1), -- Mithril Deposit
(@OGUID1+73, 2040, 0, 1, 1, 0, -6584.83, -1195.93, 286.858, 3.281239, 0, 0, 0, 1, @TIMER, 255, 1), -- Mithril Deposit
(@OGUID1+74, 2040, 0, 1, 1, 0, -6478.01, -1211.6, 180.23, 0, 0, 0, 0, 1, @TIMER, 255, 1), -- Mithril Deposit
(@OGUID1+75, 2040, 0, 1, 1, 0, -6753.83, -1111.16, 185.571, 0, 0, 0, 0, 1, @TIMER, 255, 1), -- Mithril Deposit
(@OGUID1+76, 2040, 0, 1, 1, 0, -6590.48, -964.997, 249.032, 3.281239, 0, 0, 0, 1, @TIMER, 255, 1), -- Mithril Deposit
(@OGUID1+77, 2040, 0, 1, 1, 0, -7185.12, -1365.44, 271.359, 3.281239, 0, 0, 0, 1, @TIMER, 255, 1), -- Mithril Deposit
(@OGUID1+78, 2040, 0, 1, 1, 0, -6904.93, -880.873, 249.974, 3.281239, 0, 0, 0, 1, @TIMER, 255, 1), -- Mithril Deposit
(@OGUID1+79, 2040, 0, 1, 1, 0, -7036.65, -994.33, 246.153, 3.281239, 0, 0, 0, 1, @TIMER, 255, 1), -- Mithril Deposit
(@OGUID1+80, 2040, 0, 1, 1, 0, -7288.09, -999.427, 270.604, 3.281239, 0, 0, 0, 1, @TIMER, 255, 1), -- Mithril Deposit
(@OGUID1+81, 2040, 0, 1, 1, 0, -7261.47, -912.295, 289.798, 3.281239, 0, 0, 0, 1, @TIMER, 255, 1), -- Mithril Deposit
(@OGUID1+82, 2040, 0, 1, 1, 0, -7236.22, -1611.03, 274.86, 3.281239, 0, 0, 0, 1, @TIMER, 255, 1), -- Mithril Deposit
(@OGUID1+83, 2040, 0, 1, 1, 0, -6597.98, -1818.36, 253.837, 3.281239, 0, 0, 0, 1, @TIMER, 255, 1), -- Mithril Deposit
(@OGUID1+84, 2040, 0, 1, 1, 0, -6577.4, -1560.52, 288.696, 3.281239, 0, 0, 0, 1, @TIMER, 255, 1), -- Mithril Deposit
(@OGUID1+85, 2040, 0, 1, 1, 0, -6731.75, -1525.41, 193.87, 3.281239, 0, 0, 0, 1, @TIMER, 255, 1), -- Mithril Deposit
(@OGUID1+86, 2040, 0, 1, 1, 0, -6625.57, -1445.75, 265.401, 3.281239, 0, 0, 0, 1, @TIMER, 255, 1), -- Mithril Deposit
(@OGUID1+87, 2040, 0, 1, 1, 0, -6720.17, -1395.5, 183.775, 0, 0, 0, 0, 1, @TIMER, 255, 1), -- Mithril Deposit
(@OGUID1+88, 2040, 0, 1, 1, 0, -6621.8, -1261.47, 209.278, 0, 0, 0, 0, 1, @TIMER, 255, 1), -- Mithril Deposit
(@OGUID1+89, 2040, 0, 1, 1, 0, -6628.44, -1285.56, 263.977, 3.281239, 0, 0, 0, 1, @TIMER, 255, 1), -- Mithril Deposit
(@OGUID1+90, 2040, 0, 1, 1, 0, -6781.61, -1169.38, 190.934, 0, 0, 0, 0, 1, @TIMER, 255, 1), -- Mithril Deposit
(@OGUID1+91, 2040, 0, 1, 1, 0, -6534.99, -872.384, 311.686, 3.281239, 0, 0, 0, 1, @TIMER, 255, 1), -- Mithril Deposit
(@OGUID1+92, 2040, 0, 1, 1, 0, -6487.96, -920.802, 335.621, 3.281239, 0, 0, 0, 1, @TIMER, 255, 1), -- Mithril Deposit
(@OGUID1+93, 2040, 0, 1, 1, 0, -6513.78, -1927, 254.51, 3.281239, 0, 0, 0, 1, @TIMER, 255, 1), -- Mithril Deposit
(@OGUID1+94, 2040, 0, 1, 1, 0, -7128.42, -944.76, 274.793, 3.281239, 0, 0, 0, 1, @TIMER, 255, 1), -- Mithril Deposit
(@OGUID1+95, 2040, 0, 1, 1, 0, -7223.79, -1545.94, 269.5, 3.281239, 0, 0, 0, 1, @TIMER, 255, 1), -- Mithril Deposit
(@OGUID1+96, 2040, 0, 1, 1, 0, -7249.41, -1718.33, 252.033, 3.281239, 0, 0, 0, 1, @TIMER, 255, 1), -- Mithril Deposit
(@OGUID1+97, 2040, 0, 1, 1, 0, -7045.76, -1772.09, 264.774, 3.281239, 0, 0, 0, 1, @TIMER, 255, 1), -- Mithril Deposit
(@OGUID1+98, 2040, 0, 1, 1, 0, -6640.29, -1468.36, 258.271, 3.281239, 0, 0, 0, 1, @TIMER, 255, 1), -- Mithril Deposit
(@OGUID1+99, 2040, 0, 1, 1, 0, -7323.27, -1122.15, 302.323, 3.281239, 0, 0, 0, 1, @TIMER, 255, 1), -- Mithril Deposit
(@OGUID1+100, 2040, 0, 1, 1, 0, -7176.46, -1922.85, 328.853, 3.281239, 0, 0, 0, 1, @TIMER, 255, 1), -- Mithril Deposit
(@OGUID1+101, 2040, 0, 1, 1, 0, -6606.75, -1311.94, 208.743, 0, 0, 0, 0, 1, @TIMER, 255, 1), -- Mithril Deposit
(@OGUID1+102, 2040, 0, 1, 1, 0, -6562.23, -899.677, 288.792, 3.281239, 0, 0, 0, 1, @TIMER, 255, 1), -- Mithril Deposit
(@OGUID1+103, 2040, 0, 1, 1, 0, -6536.31, -792.344, 310.799, 3.281239, 0, 0, 0, 1, @TIMER, 255, 1), -- Mithril Deposit
(@OGUID1+104, 2040, 0, 1, 1, 0, -7262.04, -964.191, 256.22, 3.281239, 0, 0, 0, 1, @TIMER, 255, 1), -- Mithril Deposit
(@OGUID1+105, 2040, 0, 1, 1, 0, -7249.42, -1193.04, 278.139, 3.281239, 0, 0, 0, 1, @TIMER, 255, 1), -- Mithril Deposit
(@OGUID1+106, 2040, 0, 1, 1, 0, -7099.85, -1151.84, 280.329, 3.281239, 0, 0, 0, 1, @TIMER, 255, 1), -- Mithril Deposit
(@OGUID1+107, 2040, 0, 1, 1, 0, -6758.46, -1477.84, 183.28, 3.281239, 0, 0, 0, 1, @TIMER, 255, 1), -- Mithril Deposit
(@OGUID1+108, 2040, 0, 1, 1, 0, -7159.18, -911.642, 288.411, 3.281239, 0, 0, 0, 1, @TIMER, 255, 1), -- Mithril Deposit
(@OGUID1+109, 2040, 0, 1, 1, 0, -6830.46, -1865.45, 254.365, 3.281239, 0, 0, 0, 1, @TIMER, 255, 1), -- Mithril Deposit
(@OGUID1+110, 2040, 0, 1, 1, 0, -6539.99, -1196.04, 184.931, 0, 0, 0, 0, 1, @TIMER, 255, 1), -- Mithril Deposit
(@OGUID1+111, 2040, 0, 1, 1, 0, -6720.33, -1105.85, 185.571, 0, 0, 0, 0, 1, @TIMER, 255, 1), -- Mithril Deposit
(@OGUID1+112, 2040, 0, 1, 1, 0, -6581.23, -1227.02, 289.033, 3.281239, 0, 0, 0, 1, @TIMER, 255, 1), -- Mithril Deposit
(@OGUID1+113, 2040, 0, 1, 1, 0, -6553.46, -800.958, 309.957, 3.281239, 0, 0, 0, 1, @TIMER, 255, 1), -- Mithril Deposit
(@OGUID1+114, 2040, 0, 1, 1, 0, -6727.37, -832.097, 249.667, 3.281239, 0, 0, 0, 1, @TIMER, 255, 1), -- Mithril Deposit
(@OGUID1+115, 2040, 0, 1, 1, 0, -6756, -1420.5, 212.537, 0, 0, 0, 0, 1, @TIMER, 255, 1), -- Mithril Deposit
(@OGUID1+116, 2040, 0, 1, 1, 0, -6812.7, -1472.4, 177.249, 3.281239, 0, 0, 0, 1, @TIMER, 255, 1), -- Mithril Deposit
(@OGUID1+117, 2040, 0, 1, 1, 0, -6824.5, -1528.59, 196.531, 3.281239, 0, 0, 0, 1, @TIMER, 255, 1), -- Mithril Deposit
(@OGUID1+118, 2040, 0, 1, 1, 0, -6650.23, -1753.35, 258.911, 3.281239, 0, 0, 0, 1, @TIMER, 255, 1), -- Mithril Deposit
(@OGUID1+119, 2040, 0, 1, 1, 0, -6573.25, -1593.36, 287.662, 3.281239, 0, 0, 0, 1, @TIMER, 255, 1), -- Mithril Deposit
(@OGUID1+120, 2040, 0, 1, 1, 0, -6737.46, -1686.65, 219.101, 3.281239, 0, 0, 0, 1, @TIMER, 255, 1), -- Mithril Deposit
(@OGUID1+121, 2040, 0, 1, 1, 0, -6630.12, -1384.24, 265.842, 3.281239, 0, 0, 0, 1, @TIMER, 255, 1), -- Mithril Deposit
(@OGUID1+122, 2040, 0, 1, 1, 0, -6504.71, -900.618, 324.146, 3.281239, 0, 0, 0, 1, @TIMER, 255, 1), -- Mithril Deposit
(@OGUID1+123, 2040, 0, 1, 1, 0, -7005.53, -979.491, 252.179, 3.281239, 0, 0, 0, 1, @TIMER, 255, 1), -- Mithril Deposit
(@OGUID1+124, 2040, 0, 1, 1, 0, -7267.8, -1173.43, 296.307, 3.281239, 0, 0, 0, 1, @TIMER, 255, 1), -- Mithril Deposit
(@OGUID1+125, 2040, 0, 1, 1, 0, -7154.91, -1162.24, 265.623, 3.281239, 0, 0, 0, 1, @TIMER, 255, 1), -- Mithril Deposit
(@OGUID1+126, 2040, 0, 1, 1, 0, -6581.27, -1622.69, 287.618, 3.281239, 0, 0, 0, 1, @TIMER, 255, 1), -- Mithril Deposit
(@OGUID1+127, 2040, 0, 1, 1, 0, -6520.18, -1442.09, 152.181, 0, 0, 0, 0, 1, @TIMER, 255, 1), -- Mithril Deposit
(@OGUID1+128, 2040, 0, 1, 1, 0, -7092.31, -1604.11, 260.79, 3.281239, 0, 0, 0, 1, @TIMER, 255, 1), -- Mithril Deposit
(@OGUID1+129, 2040, 0, 1, 1, 0, -6744.16, -1363.97, 192.417, 0, 0, 0, 0, 1, @TIMER, 255, 1), -- Mithril Deposit
(@OGUID1+130, 2040, 0, 1, 1, 0, -6462.19, -919.726, 337.537, 3.281239, 0, 0, 0, 1, @TIMER, 255, 1), -- Mithril Deposit
(@OGUID1+131, 2040, 0, 1, 1, 0, -7224.66, -911.795, 288.925, 3.281239, 0, 0, 0, 1, @TIMER, 255, 1), -- Mithril Deposit
(@OGUID1+132, 2040, 0, 1, 1, 0, -6429.74, -1352.42, 140.75, 0, 0, 0, 0, 1, @TIMER, 255, 1), -- Mithril Deposit
(@OGUID1+133, 2040, 0, 1, 1, 0, -6925.93, -1378.3, 174.134, 3.281239, 0, 0, 0, 1, @TIMER, 255, 1), -- Mithril Deposit
(@OGUID1+134, 2040, 0, 1, 1, 0, -7223.71, -845.351, 305.391, 3.281239, 0, 0, 0, 1, @TIMER, 255, 1), -- Mithril Deposit
(@OGUID1+135, 2040, 0, 1, 1, 0, -7162.67, -1782.33, 271.553, 3.281239, 0, 0, 0, 1, @TIMER, 255, 1), -- Mithril Deposit
(@OGUID1+136, 2040, 0, 1, 1, 0, -7073.27, -1582.56, 250.696, 3.281239, 0, 0, 0, 1, @TIMER, 255, 1), -- Mithril Deposit
(@OGUID1+137, 2040, 0, 1, 1, 0, -6616.02, -1171.89, 272.083, 3.281239, 0, 0, 0, 1, @TIMER, 255, 1), -- Mithril Deposit
(@OGUID1+138, 2040, 0, 1, 1, 0, -6652.39, -1293.41, 208.489, 0, 0, 0, 0, 1, @TIMER, 255, 1), -- Mithril Deposit
(@OGUID1+139, 2040, 0, 1, 1, 0, -6675.17, -1458.4, 168.998, 0, 0, 0, 0, 1, @TIMER, 255, 1), -- Mithril Deposit
(@OGUID1+140, 2040, 0, 1, 1, 0, -6843.08, -1515.78, 207.441, 3.281239, 0, 0, 0, 1, @TIMER, 255, 1), -- Mithril Deposit
(@OGUID1+141, 2040, 0, 1, 1, 0, -6358.78, -1913.45, 278.264, 3.281239, 0, 0, 0, 1, @TIMER, 255, 1), -- Mithril Deposit
(@OGUID1+142, 2040, 0, 1, 1, 0, -6646.74, -1185.1, 183.42, 0, 0, 0, 0, 1, @TIMER, 255, 1), -- Mithril Deposit
(@OGUID1+143, 2040, 0, 1, 1, 0, -7243.68, -1147.81, 275.096, 3.281239, 0, 0, 0, 1, @TIMER, 255, 1), -- Mithril Deposit
(@OGUID1+144, 2040, 0, 1, 1, 0, -6515.6, -982.557, 344.37, 3.281239, 0, 0, 0, 1, @TIMER, 255, 1), -- Mithril Deposit
(@OGUID1+145, 2040, 0, 1, 1, 0, -7238.16, -1572.51, 269.256, 3.281239, 0, 0, 0, 1, @TIMER, 255, 1), -- Mithril Deposit
(@OGUID1+146, 2040, 0, 1, 1, 0, -6626.94, -1227.07, 264.763, 3.281239, 0, 0, 0, 1, @TIMER, 255, 1), -- Mithril Deposit
(@OGUID1+147, 2040, 0, 1, 1, 0, -6751.72, -1888.64, 251.486, 3.281239, 0, 0, 0, 1, @TIMER, 255, 1), -- Mithril Deposit
(@OGUID1+148, 2040, 0, 1, 1, 0, -6968.66, -977.276, 248.942, 3.281239, 0, 0, 0, 1, @TIMER, 255, 1), -- Mithril Deposit
(@OGUID1+149, 2040, 0, 1, 1, 0, -6477.04, -1351.39, 133.995, 0, 0, 0, 0, 1, @TIMER, 255, 1), -- Mithril Deposit
(@OGUID1+150, 2040, 0, 1, 1, 0, -6724.71, -1406.28, 214.61, 0, 0, 0, 0, 1, @TIMER, 255, 1), -- Mithril Deposit
(@OGUID1+151, 2040, 0, 1, 1, 0, -6801.31, -1643.2, 194.17, 3.281239, 0, 0, 0, 1, @TIMER, 255, 1), -- Mithril Deposit
(@OGUID1+152, 2040, 0, 1, 1, 0, -6701.77, -1843.1, 256.211, 3.281239, 0, 0, 0, 1, @TIMER, 255, 1), -- Mithril Deposit
(@OGUID1+153, 2040, 0, 1, 1, 0, -7091.31, -1587.45, 259.578, 3.281239, 0, 0, 0, 1, @TIMER, 255, 1), -- Mithril Deposit
(@OGUID1+154, 2040, 0, 1, 1, 0, -6557.45, -1619.38, 293.157, 3.281239, 0, 0, 0, 1, @TIMER, 255, 1), -- Mithril Deposit
(@OGUID1+155, 2040, 0, 1, 1, 0, -6484.88, -828.059, 327.886, 3.281239, 0, 0, 0, 1, @TIMER, 255, 1), -- Mithril Deposit
(@OGUID1+156, 2040, 0, 1, 1, 0, -7203.2, -897.295, 291.078, 3.281239, 0, 0, 0, 1, @TIMER, 255, 1), -- Mithril Deposit
(@OGUID1+157, 2040, 0, 1, 1, 0, -6805.83, -1164.07, 192.204, 0, 0, 0, 0, 1, @TIMER, 255, 1), -- Mithril Deposit
(@OGUID1+158, 2040, 0, 1, 1, 0, -7217.91, -1815.23, 284.836, 3.281239, 0, 0, 0, 1, @TIMER, 255, 1), -- Mithril Deposit
(@OGUID1+159, 2040, 0, 1, 1, 0, -6574.92, -775.816, 303.851, 3.281239, 0, 0, 0, 1, @TIMER, 255, 1), -- Mithril Deposit
(@OGUID1+160, 2040, 0, 1, 1, 0, -7316.72, -989.984, 276.018, 3.281239, 0, 0, 0, 1, @TIMER, 255, 1), -- Mithril Deposit
(@OGUID1+161, 2040, 0, 1, 1, 0, -6553.13, -1572.48, 311.529, 3.281239, 0, 0, 0, 1, @TIMER, 255, 1), -- Mithril Deposit
(@OGUID1+162, 2040, 0, 1, 1, 0, -6705.99, -1679.16, 220.545, 3.281239, 0, 0, 0, 1, @TIMER, 255, 1), -- Mithril Deposit
(@OGUID1+163, 2040, 0, 1, 1, 0, -7109.18, -1780.49, 267.89, 3.281239, 0, 0, 0, 1, @TIMER, 255, 1), -- Mithril Deposit
(@OGUID1+164, 2040, 0, 1, 1, 0, -6811.48, -864.104, 248.936, 3.281239, 0, 0, 0, 1, @TIMER, 255, 1), -- Mithril Deposit
(@OGUID1+165, 2040, 0, 1, 1, 0, -6627.28, -1504.18, 264.914, 3.281239, 0, 0, 0, 1, @TIMER, 255, 1), -- Mithril Deposit
(@OGUID1+166, 2040, 0, 1, 1, 0, -6756.68, -1189.45, 185.431, 0, 0, 0, 0, 1, @TIMER, 255, 1), -- Mithril Deposit
(@OGUID1+167, 2040, 0, 1, 1, 0, -6585.39, -1529.13, 283.609, 3.281239, 0, 0, 0, 1, @TIMER, 255, 1), -- Mithril Deposit
(@OGUID1+168, 2040, 0, 1, 1, 0, -6612.35, -784.12, 300.661, 3.281239, 0, 0, 0, 1, @TIMER, 255, 1), -- Mithril Deposit
(@OGUID1+169, 2040, 0, 1, 1, 0, -7249.01, -1671.35, 258.892, 3.281239, 0, 0, 0, 1, @TIMER, 255, 1), -- Mithril Deposit
(@OGUID1+170, 2040, 0, 1, 1, 0, -7103.3, -916.076, 287.573, 3.281239, 0, 0, 0, 1, @TIMER, 255, 1), -- Mithril Deposit
(@OGUID1+171, 2040, 0, 1, 1, 0, -6591.58, -1487.07, 166.544, 0, 0, 0, 0, 1, @TIMER, 255, 1), -- Mithril Deposit
(@OGUID1+172, 2040, 0, 1, 1, 0, -6849.41, -1363.91, 171.216, 3.281239, 0, 0, 0, 1, @TIMER, 255, 1), -- Mithril Deposit
(@OGUID1+173, 2040, 0, 1, 1, 0, -6422.6, -1300.52, 180.939, 0, 0, 0, 0, 1, @TIMER, 255, 1), -- Mithril Deposit
(@OGUID1+174, 2040, 0, 1, 1, 0, -6467.16, -1391.23, 142.949, 0, 0, 0, 0, 1, @TIMER, 255, 1), -- Mithril Deposit
(@OGUID1+175, 2040, 0, 1, 1, 0, -6858.44, -1174.68, 186.228, 0, 0, 0, 0, 1, @TIMER, 255, 1), -- Mithril Deposit
(@OGUID1+176, 2040, 0, 1, 1, 0, -6658.64, -1497.75, 168.105, 0, 0, 0, 0, 1, @TIMER, 255, 1), -- Mithril Deposit
(@OGUID1+177, 2040, 0, 1, 1, 0, -6725.21, -1211.01, 181.447, 0, 0, 0, 0, 1, @TIMER, 255, 1), -- Mithril Deposit
(@OGUID1+178, 2040, 0, 1, 1, 0, -6447.56, -1459.3, 146.774, 0, 0, 0, 0, 1, @TIMER, 255, 1), -- Mithril Deposit
(@OGUID1+179, 2040, 0, 1, 1, 0, -6385.57, -1359.09, 134.421, 0, 0, 0, 0, 1, @TIMER, 255, 1), -- Mithril Deposit
(@OGUID1+180, 2040, 0, 1, 1, 0, -6590.18, -1718.47, 250.648, 3.281239, 0, 0, 0, 1, @TIMER, 255, 1), -- Mithril Deposit
-- Truesilver Deposits
(@OGUID2+0, 2047, 0, 1, 1, 0, -6417.62, -1238.38, 180.939, 0, 0, 0, 0, 1, @TIMER, 255, 1), -- Truesilver Deposit
(@OGUID2+1, 2047, 0, 1, 1, 0, -6606.49, -1225.1, 186.073, 0, 0, 0, 0, 1, @TIMER, 255, 1), -- Truesilver Deposit
(@OGUID2+2, 2047, 0, 1, 1, 0, -6742.63, -1206.05, 181.448, 0, 0, 0, 0, 1, @TIMER, 255, 1), -- Truesilver Deposit
(@OGUID2+3, 2047, 0, 1, 1, 0, -6600.28, -1260.83, 208.743, 0, 0, 0, 0, 1, @TIMER, 255, 1), -- Truesilver Deposit
(@OGUID2+4, 2047, 0, 1, 1, 0, -6627.98, -1313.6, 262.159, 3.281239, 0, 0, 0, 1, @TIMER, 255, 1), -- Truesilver Deposit
(@OGUID2+5, 2047, 0, 1, 1, 0, -6767.49, -1145.42, 187.195, 0, 0, 0, 0, 1, @TIMER, 255, 1), -- Truesilver Deposit
(@OGUID2+6, 2047, 0, 1, 1, 0, -7072.38, -1160.82, 260.331, 3.281239, 0, 0, 0, 1, @TIMER, 255, 1), -- Truesilver Deposit
(@OGUID2+7, 2047, 0, 1, 1, 0, -6894.49, -1518.85, 194.662, 3.281239, 0, 0, 0, 1, @TIMER, 255, 1), -- Truesilver Deposit
(@OGUID2+8, 2047, 0, 1, 1, 0, -6870.35, -1410.85, 172.118, 3.281239, 0, 0, 0, 1, @TIMER, 255, 1), -- Truesilver Deposit
(@OGUID2+9, 2047, 0, 1, 1, 0, -7078.33, -1749.68, 253.914, 3.281239, 0, 0, 0, 1, @TIMER, 255, 1), -- Truesilver Deposit
(@OGUID2+10, 2047, 0, 1, 1, 0, -7265.51, -1744, 264.766, 3.281239, 0, 0, 0, 1, @TIMER, 255, 1), -- Truesilver Deposit
(@OGUID2+11, 2047, 0, 1, 1, 0, -7254.58, -1633.94, 275.327, 3.281239, 0, 0, 0, 1, @TIMER, 255, 1), -- Truesilver Deposit
(@OGUID2+12, 2047, 0, 1, 1, 0, -7264.73, -1821.77, 289.728, 3.281239, 0, 0, 0, 1, @TIMER, 255, 1), -- Truesilver Deposit
(@OGUID2+13, 2047, 0, 1, 1, 0, -7217.71, -1461.04, 250.178, 3.281239, 0, 0, 0, 1, @TIMER, 255, 1), -- Truesilver Deposit
(@OGUID2+14, 2047, 0, 1, 1, 0, -7052, -1618.22, 253.055, 3.281239, 0, 0, 0, 1, @TIMER, 255, 1), -- Truesilver Deposit
(@OGUID2+15, 2047, 0, 1, 1, 0, -6654.38, -1818.2, 258.082, 3.281239, 0, 0, 0, 1, @TIMER, 255, 1), -- Truesilver Deposit
(@OGUID2+16, 2047, 0, 1, 1, 0, -6636.97, -1722.16, 265.226, 3.281239, 0, 0, 0, 1, @TIMER, 255, 1), -- Truesilver Deposit
(@OGUID2+17, 2047, 0, 1, 1, 0, -6579.07, -1661.24, 289.705, 3.281239, 0, 0, 0, 1, @TIMER, 255, 1), -- Truesilver Deposit
(@OGUID2+18, 2047, 0, 1, 1, 0, -6619.39, -1527.73, 271.064, 3.281239, 0, 0, 0, 1, @TIMER, 255, 1), -- Truesilver Deposit
(@OGUID2+19, 2047, 0, 1, 1, 0, -6629.51, -1491.8, 166.843, 0, 0, 0, 0, 1, @TIMER, 255, 1), -- Truesilver Deposit
(@OGUID2+20, 2047, 0, 1, 1, 0, -6691.07, -1428.7, 170.375, 0, 0, 0, 0, 1, @TIMER, 255, 1), -- Truesilver Deposit
(@OGUID2+21, 2047, 0, 1, 1, 0, -6822.65, -1432.6, 161.664, 3.281239, 0, 0, 0, 1, @TIMER, 255, 1), -- Truesilver Deposit
(@OGUID2+22, 2047, 0, 1, 1, 0, -6528.67, -1302.38, 200.94, 0, 0, 0, 0, 1, @TIMER, 255, 1), -- Truesilver Deposit
(@OGUID2+23, 2047, 0, 1, 1, 0, -6543.65, -1390.16, 152.81, 0, 0, 0, 0, 1, @TIMER, 255, 1), -- Truesilver Deposit
(@OGUID2+24, 2047, 0, 1, 1, 0, -7307.36, -1093.27, 284.153, 3.281239, 0, 0, 0, 1, @TIMER, 255, 1), -- Truesilver Deposit
(@OGUID2+25, 2047, 0, 1, 1, 0, -7316.72, -989.984, 276.018, 3.281239, 0, 0, 0, 1, @TIMER, 255, 1), -- Truesilver Deposit
(@OGUID2+26, 2047, 0, 1, 1, 0, -7199.64, -926.361, 273.946, 3.281239, 0, 0, 0, 1, @TIMER, 255, 1), -- Truesilver Deposit
(@OGUID2+27, 2047, 0, 1, 1, 0, -7241.88, -884.837, 293.02, 3.281239, 0, 0, 0, 1, @TIMER, 255, 1), -- Truesilver Deposit
(@OGUID2+28, 2047, 0, 1, 1, 0, -7104.21, -962.661, 263.84, 3.281239, 0, 0, 0, 1, @TIMER, 255, 1), -- Truesilver Deposit
(@OGUID2+29, 2047, 0, 1, 1, 0, -7027.09, -961.49, 261.553, 3.281239, 0, 0, 0, 1, @TIMER, 255, 1), -- Truesilver Deposit
(@OGUID2+30, 2047, 0, 1, 1, 0, -6869.7, -867.519, 257.824, 3.281239, 0, 0, 0, 1, @TIMER, 255, 1), -- Truesilver Deposit
(@OGUID2+31, 2047, 0, 1, 1, 0, -6753.45, -843.783, 251.723, 3.281239, 0, 0, 0, 1, @TIMER, 255, 1), -- Truesilver Deposit
(@OGUID2+32, 2047, 0, 1, 1, 0, -6580.8, -898.722, 269.117, 3.281239, 0, 0, 0, 1, @TIMER, 255, 1), -- Truesilver Deposit
(@OGUID2+33, 2047, 0, 1, 1, 0, -6547.77, -925.002, 304.316, 3.281239, 0, 0, 0, 1, @TIMER, 255, 1), -- Truesilver Deposit
(@OGUID2+34, 2047, 0, 1, 1, 0, -6617.34, -1167.11, 185.495, 0, 0, 0, 0, 1, @TIMER, 255, 1), -- Truesilver Deposit
(@OGUID2+35, 2047, 0, 1, 1, 0, -6592.21, -1133.65, 274.553, 3.281239, 0, 0, 0, 1, @TIMER, 255, 1), -- Truesilver Deposit
(@OGUID2+36, 2047, 0, 1, 1, 0, -6328.6, -1938.45, 271.039, 3.281239, 0, 0, 0, 1, @TIMER, 255, 1), -- Truesilver Deposit
(@OGUID2+37, 2047, 0, 1, 1, 0, -6796.01, -1880.75, 247.662, 3.281239, 0, 0, 0, 1, @TIMER, 255, 1), -- Truesilver Deposit
(@OGUID2+38, 2047, 0, 1, 1, 0, -6620.93, -1730.02, 257.37, 3.281239, 0, 0, 0, 1, @TIMER, 255, 1), -- Truesilver Deposit
(@OGUID2+39, 2047, 0, 1, 1, 0, -7317.89, -1743.18, 276.583, 3.281239, 0, 0, 0, 1, @TIMER, 255, 1), -- Truesilver Deposit
(@OGUID2+40, 2047, 0, 1, 1, 0, -6868.43, -1474.97, 193.132, 3.281239, 0, 0, 0, 1, @TIMER, 255, 1), -- Truesilver Deposit
(@OGUID2+41, 2047, 0, 1, 1, 0, -7164.64, -952.578, 270.137, 3.281239, 0, 0, 0, 1, @TIMER, 255, 1), -- Truesilver Deposit
(@OGUID2+42, 2047, 0, 1, 1, 0, -6580.13, -1504.88, 288.79, 3.281239, 0, 0, 0, 1, @TIMER, 255, 1), -- Truesilver Deposit
(@OGUID2+43, 2047, 0, 1, 1, 0, -6629.64, -1461.1, 168.423, 0, 0, 0, 0, 1, @TIMER, 255, 1), -- Truesilver Deposit
(@OGUID2+44, 2047, 0, 1, 1, 0, -6483.06, -1470.92, 148.367, 0, 0, 0, 0, 1, @TIMER, 255, 1), -- Truesilver Deposit
(@OGUID2+45, 2047, 0, 1, 1, 0, -6562.39, -1433.08, 162.896, 0, 0, 0, 0, 1, @TIMER, 255, 1), -- Truesilver Deposit
(@OGUID2+46, 2047, 0, 1, 1, 0, -6769.66, -1387.65, 195.499, 0, 0, 0, 0, 1, @TIMER, 255, 1), -- Truesilver Deposit
(@OGUID2+47, 2047, 0, 1, 1, 0, -6834.51, -1406.38, 170.296, 3.281239, 0, 0, 0, 1, @TIMER, 255, 1), -- Truesilver Deposit
(@OGUID2+48, 2047, 0, 1, 1, 0, -6646.95, -1333.32, 252.091, 3.281239, 0, 0, 0, 1, @TIMER, 255, 1), -- Truesilver Deposit
(@OGUID2+49, 2047, 0, 1, 1, 0, -6477.61, -1335.78, 212.107, 0, 0, 0, 0, 1, @TIMER, 255, 1), -- Truesilver Deposit
(@OGUID2+50, 2047, 0, 1, 1, 0, -6560.37, -1281.84, 208.96, 0, 0, 0, 0, 1, @TIMER, 255, 1), -- Truesilver Deposit
(@OGUID2+51, 2047, 0, 1, 1, 0, -7226.93, -1306.87, 265.459, 3.281239, 0, 0, 0, 1, @TIMER, 255, 1), -- Truesilver Deposit
(@OGUID2+52, 2047, 0, 1, 1, 0, -7249.64, -1236.07, 285.303, 3.281239, 0, 0, 0, 1, @TIMER, 255, 1), -- Truesilver Deposit
(@OGUID2+53, 2047, 0, 1, 1, 0, -6735.2, -1257.4, 183.609, 0, 0, 0, 0, 1, @TIMER, 255, 1), -- Truesilver Deposit
(@OGUID2+54, 2047, 0, 1, 1, 0, -6575.27, -1244.58, 188.777, 0, 0, 0, 0, 1, @TIMER, 255, 1), -- Truesilver Deposit
(@OGUID2+55, 2047, 0, 1, 1, 0, -6597.19, -1226.1, 276.611, 3.281239, 0, 0, 0, 1, @TIMER, 255, 1), -- Truesilver Deposit
(@OGUID2+56, 2047, 0, 1, 1, 0, -6524.94, -1271.49, 134.57, 0, 0, 0, 0, 1, @TIMER, 255, 1), -- Truesilver Deposit
(@OGUID2+57, 2047, 0, 1, 1, 0, -6408.4, -1313.78, 130.917, 0, 0, 0, 0, 1, @TIMER, 255, 1), -- Truesilver Deposit
(@OGUID2+58, 2047, 0, 1, 1, 0, -6689.38, -1190.45, 181.918, 0, 0, 0, 0, 1, @TIMER, 255, 1), -- Truesilver Deposit
(@OGUID2+59, 2047, 0, 1, 1, 0, -6872.78, -1223.03, 177.063, 0, 0, 0, 0, 1, @TIMER, 255, 1), -- Truesilver Deposit
(@OGUID2+60, 2047, 0, 1, 1, 0, -7085.75, -1140.06, 265.877, 3.281239, 0, 0, 0, 1, @TIMER, 255, 1), -- Truesilver Deposit
(@OGUID2+61, 2047, 0, 1, 1, 0, -6568.67, -1151.36, 185.571, 0, 0, 0, 0, 1, @TIMER, 255, 1), -- Truesilver Deposit
(@OGUID2+62, 2047, 0, 1, 1, 0, -6619.57, -1147.57, 257.459, 3.281239, 0, 0, 0, 1, @TIMER, 255, 1), -- Truesilver Deposit
(@OGUID2+63, 2047, 0, 1, 1, 0, -6721.49, -1150.43, 185.572, 0, 0, 0, 0, 1, @TIMER, 255, 1), -- Truesilver Deposit
(@OGUID2+64, 2047, 0, 1, 1, 0, -7286.46, -1091.85, 291.484, 3.281239, 0, 0, 0, 1, @TIMER, 255, 1), -- Truesilver Deposit
(@OGUID2+65, 2047, 0, 1, 1, 0, -7265.99, -988.465, 264.909, 3.281239, 0, 0, 0, 1, @TIMER, 255, 1), -- Truesilver Deposit
(@OGUID2+66, 2047, 0, 1, 1, 0, -7076.29, -984.934, 253.668, 3.281239, 0, 0, 0, 1, @TIMER, 255, 1), -- Truesilver Deposit
(@OGUID2+67, 2047, 0, 1, 1, 0, -6933.99, -908.196, 245.834, 3.281239, 0, 0, 0, 1, @TIMER, 255, 1), -- Truesilver Deposit
(@OGUID2+68, 2047, 0, 1, 1, 0, -6596.36, -918.196, 253.091, 3.281239, 0, 0, 0, 1, @TIMER, 255, 1), -- Truesilver Deposit
(@OGUID2+69, 2047, 0, 1, 1, 0, -6447.55, -954.719, 338.174, 3.281239, 0, 0, 0, 1, @TIMER, 255, 1), -- Truesilver Deposit
(@OGUID2+70, 2047, 0, 1, 1, 0, -6834.05, -867.363, 254.325, 3.281239, 0, 0, 0, 1, @TIMER, 255, 1), -- Truesilver Deposit
(@OGUID2+71, 2047, 0, 1, 1, 0, -7211.8, -798.564, 315.572, 3.281239, 0, 0, 0, 1, @TIMER, 255, 1), -- Truesilver Deposit
(@OGUID2+72, 2047, 0, 1, 1, 0, -6573.24, -1153.04, 288.479, 3.281239, 0, 0, 0, 1, @TIMER, 255, 1), -- Truesilver Deposit
(@OGUID2+73, 2047, 0, 1, 1, 0, -6584.83, -1195.93, 286.858, 3.281239, 0, 0, 0, 1, @TIMER, 255, 1), -- Truesilver Deposit
(@OGUID2+74, 2047, 0, 1, 1, 0, -6478.01, -1211.6, 180.23, 0, 0, 0, 0, 1, @TIMER, 255, 1), -- Truesilver Deposit
(@OGUID2+75, 2047, 0, 1, 1, 0, -6753.83, -1111.16, 185.571, 0, 0, 0, 0, 1, @TIMER, 255, 1), -- Truesilver Deposit
(@OGUID2+76, 2047, 0, 1, 1, 0, -6590.48, -964.997, 249.032, 3.281239, 0, 0, 0, 1, @TIMER, 255, 1), -- Truesilver Deposit
(@OGUID2+77, 2047, 0, 1, 1, 0, -7185.12, -1365.44, 271.359, 3.281239, 0, 0, 0, 1, @TIMER, 255, 1), -- Truesilver Deposit
(@OGUID2+78, 2047, 0, 1, 1, 0, -6904.93, -880.873, 249.974, 3.281239, 0, 0, 0, 1, @TIMER, 255, 1), -- Truesilver Deposit
(@OGUID2+79, 2047, 0, 1, 1, 0, -7036.65, -994.33, 246.153, 3.281239, 0, 0, 0, 1, @TIMER, 255, 1), -- Truesilver Deposit
(@OGUID2+80, 2047, 0, 1, 1, 0, -7288.09, -999.427, 270.604, 3.281239, 0, 0, 0, 1, @TIMER, 255, 1), -- Truesilver Deposit
(@OGUID2+81, 2047, 0, 1, 1, 0, -7261.47, -912.295, 289.798, 3.281239, 0, 0, 0, 1, @TIMER, 255, 1), -- Truesilver Deposit
(@OGUID2+82, 2047, 0, 1, 1, 0, -7236.22, -1611.03, 274.86, 3.281239, 0, 0, 0, 1, @TIMER, 255, 1), -- Truesilver Deposit
(@OGUID2+83, 2047, 0, 1, 1, 0, -6597.98, -1818.36, 253.837, 3.281239, 0, 0, 0, 1, @TIMER, 255, 1), -- Truesilver Deposit
(@OGUID2+84, 2047, 0, 1, 1, 0, -6577.4, -1560.52, 288.696, 3.281239, 0, 0, 0, 1, @TIMER, 255, 1), -- Truesilver Deposit
(@OGUID2+85, 2047, 0, 1, 1, 0, -6731.75, -1525.41, 193.87, 3.281239, 0, 0, 0, 1, @TIMER, 255, 1), -- Truesilver Deposit
(@OGUID2+86, 2047, 0, 1, 1, 0, -6625.57, -1445.75, 265.401, 3.281239, 0, 0, 0, 1, @TIMER, 255, 1), -- Truesilver Deposit
(@OGUID2+87, 2047, 0, 1, 1, 0, -6720.17, -1395.5, 183.775, 0, 0, 0, 0, 1, @TIMER, 255, 1), -- Truesilver Deposit
(@OGUID2+88, 2047, 0, 1, 1, 0, -6621.8, -1261.47, 209.278, 0, 0, 0, 0, 1, @TIMER, 255, 1), -- Truesilver Deposit
(@OGUID2+89, 2047, 0, 1, 1, 0, -6628.44, -1285.56, 263.977, 3.281239, 0, 0, 0, 1, @TIMER, 255, 1), -- Truesilver Deposit
(@OGUID2+90, 2047, 0, 1, 1, 0, -6781.61, -1169.38, 190.934, 0, 0, 0, 0, 1, @TIMER, 255, 1), -- Truesilver Deposit
(@OGUID2+91, 2047, 0, 1, 1, 0, -6534.99, -872.384, 311.686, 3.281239, 0, 0, 0, 1, @TIMER, 255, 1), -- Truesilver Deposit
(@OGUID2+92, 2047, 0, 1, 1, 0, -6487.96, -920.802, 335.621, 3.281239, 0, 0, 0, 1, @TIMER, 255, 1), -- Truesilver Deposit
(@OGUID2+93, 2047, 0, 1, 1, 0, -6513.78, -1927, 254.51, 3.281239, 0, 0, 0, 1, @TIMER, 255, 1), -- Truesilver Deposit
(@OGUID2+94, 2047, 0, 1, 1, 0, -7128.42, -944.76, 274.793, 3.281239, 0, 0, 0, 1, @TIMER, 255, 1), -- Truesilver Deposit
(@OGUID2+95, 2047, 0, 1, 1, 0, -7223.79, -1545.94, 269.5, 3.281239, 0, 0, 0, 1, @TIMER, 255, 1), -- Truesilver Deposit
(@OGUID2+96, 2047, 0, 1, 1, 0, -7249.41, -1718.33, 252.033, 3.281239, 0, 0, 0, 1, @TIMER, 255, 1), -- Truesilver Deposit
(@OGUID2+97, 2047, 0, 1, 1, 0, -7045.76, -1772.09, 264.774, 3.281239, 0, 0, 0, 1, @TIMER, 255, 1), -- Truesilver Deposit
(@OGUID2+98, 2047, 0, 1, 1, 0, -6640.29, -1468.36, 258.271, 3.281239, 0, 0, 0, 1, @TIMER, 255, 1), -- Truesilver Deposit
(@OGUID2+99, 2047, 0, 1, 1, 0, -7323.27, -1122.15, 302.323, 3.281239, 0, 0, 0, 1, @TIMER, 255, 1), -- Truesilver Deposit
(@OGUID2+100, 2047, 0, 1, 1, 0, -7176.46, -1922.85, 328.853, 3.281239, 0, 0, 0, 1, @TIMER, 255, 1), -- Truesilver Deposit
(@OGUID2+101, 2047, 0, 1, 1, 0, -6606.75, -1311.94, 208.743, 0, 0, 0, 0, 1, @TIMER, 255, 1), -- Truesilver Deposit
(@OGUID2+102, 2047, 0, 1, 1, 0, -6562.23, -899.677, 288.792, 3.281239, 0, 0, 0, 1, @TIMER, 255, 1), -- Truesilver Deposit
(@OGUID2+103, 2047, 0, 1, 1, 0, -6536.31, -792.344, 310.799, 3.281239, 0, 0, 0, 1, @TIMER, 255, 1), -- Truesilver Deposit
(@OGUID2+104, 2047, 0, 1, 1, 0, -7262.04, -964.191, 256.22, 3.281239, 0, 0, 0, 1, @TIMER, 255, 1), -- Truesilver Deposit
(@OGUID2+105, 2047, 0, 1, 1, 0, -7249.42, -1193.04, 278.139, 3.281239, 0, 0, 0, 1, @TIMER, 255, 1), -- Truesilver Deposit
(@OGUID2+106, 2047, 0, 1, 1, 0, -7099.85, -1151.84, 280.329, 3.281239, 0, 0, 0, 1, @TIMER, 255, 1), -- Truesilver Deposit
(@OGUID2+107, 2047, 0, 1, 1, 0, -6758.46, -1477.84, 183.28, 3.281239, 0, 0, 0, 1, @TIMER, 255, 1), -- Truesilver Deposit
(@OGUID2+108, 2047, 0, 1, 1, 0, -7159.18, -911.642, 288.411, 3.281239, 0, 0, 0, 1, @TIMER, 255, 1), -- Truesilver Deposit
(@OGUID2+109, 2047, 0, 1, 1, 0, -6830.46, -1865.45, 254.365, 3.281239, 0, 0, 0, 1, @TIMER, 255, 1), -- Truesilver Deposit
(@OGUID2+110, 2047, 0, 1, 1, 0, -6539.99, -1196.04, 184.931, 0, 0, 0, 0, 1, @TIMER, 255, 1), -- Truesilver Deposit
(@OGUID2+111, 2047, 0, 1, 1, 0, -6720.33, -1105.85, 185.571, 0, 0, 0, 0, 1, @TIMER, 255, 1), -- Truesilver Deposit
(@OGUID2+112, 2047, 0, 1, 1, 0, -6581.23, -1227.02, 289.033, 3.281239, 0, 0, 0, 1, @TIMER, 255, 1), -- Truesilver Deposit
(@OGUID2+113, 2047, 0, 1, 1, 0, -6553.46, -800.958, 309.957, 3.281239, 0, 0, 0, 1, @TIMER, 255, 1), -- Truesilver Deposit
(@OGUID2+114, 2047, 0, 1, 1, 0, -6727.37, -832.097, 249.667, 3.281239, 0, 0, 0, 1, @TIMER, 255, 1), -- Truesilver Deposit
(@OGUID2+115, 2047, 0, 1, 1, 0, -6756, -1420.5, 212.537, 0, 0, 0, 0, 1, @TIMER, 255, 1), -- Truesilver Deposit
(@OGUID2+116, 2047, 0, 1, 1, 0, -6812.7, -1472.4, 177.249, 3.281239, 0, 0, 0, 1, @TIMER, 255, 1), -- Truesilver Deposit
(@OGUID2+117, 2047, 0, 1, 1, 0, -6824.5, -1528.59, 196.531, 3.281239, 0, 0, 0, 1, @TIMER, 255, 1), -- Truesilver Deposit
(@OGUID2+118, 2047, 0, 1, 1, 0, -6650.23, -1753.35, 258.911, 3.281239, 0, 0, 0, 1, @TIMER, 255, 1), -- Truesilver Deposit
(@OGUID2+119, 2047, 0, 1, 1, 0, -6573.25, -1593.36, 287.662, 3.281239, 0, 0, 0, 1, @TIMER, 255, 1), -- Truesilver Deposit
(@OGUID2+120, 2047, 0, 1, 1, 0, -6737.46, -1686.65, 219.101, 3.281239, 0, 0, 0, 1, @TIMER, 255, 1), -- Truesilver Deposit
(@OGUID2+121, 2047, 0, 1, 1, 0, -6630.12, -1384.24, 265.842, 3.281239, 0, 0, 0, 1, @TIMER, 255, 1), -- Truesilver Deposit
(@OGUID2+122, 2047, 0, 1, 1, 0, -6504.71, -900.618, 324.146, 3.281239, 0, 0, 0, 1, @TIMER, 255, 1), -- Truesilver Deposit
(@OGUID2+123, 2047, 0, 1, 1, 0, -7005.53, -979.491, 252.179, 3.281239, 0, 0, 0, 1, @TIMER, 255, 1), -- Truesilver Deposit
(@OGUID2+124, 2047, 0, 1, 1, 0, -7267.8, -1173.43, 296.307, 3.281239, 0, 0, 0, 1, @TIMER, 255, 1), -- Truesilver Deposit
(@OGUID2+125, 2047, 0, 1, 1, 0, -7154.91, -1162.24, 265.623, 3.281239, 0, 0, 0, 1, @TIMER, 255, 1), -- Truesilver Deposit
(@OGUID2+126, 2047, 0, 1, 1, 0, -6581.27, -1622.69, 287.618, 3.281239, 0, 0, 0, 1, @TIMER, 255, 1), -- Truesilver Deposit
(@OGUID2+127, 2047, 0, 1, 1, 0, -6520.18, -1442.09, 152.181, 0, 0, 0, 0, 1, @TIMER, 255, 1), -- Truesilver Deposit
(@OGUID2+128, 2047, 0, 1, 1, 0, -7092.31, -1604.11, 260.79, 3.281239, 0, 0, 0, 1, @TIMER, 255, 1), -- Truesilver Deposit
(@OGUID2+129, 2047, 0, 1, 1, 0, -6744.16, -1363.97, 192.417, 0, 0, 0, 0, 1, @TIMER, 255, 1), -- Truesilver Deposit
(@OGUID2+130, 2047, 0, 1, 1, 0, -6462.19, -919.726, 337.537, 3.281239, 0, 0, 0, 1, @TIMER, 255, 1), -- Truesilver Deposit
(@OGUID2+131, 2047, 0, 1, 1, 0, -7224.66, -911.795, 288.925, 3.281239, 0, 0, 0, 1, @TIMER, 255, 1), -- Truesilver Deposit
(@OGUID2+132, 2047, 0, 1, 1, 0, -6429.74, -1352.42, 140.75, 0, 0, 0, 0, 1, @TIMER, 255, 1), -- Truesilver Deposit
(@OGUID2+133, 2047, 0, 1, 1, 0, -6925.93, -1378.3, 174.134, 3.281239, 0, 0, 0, 1, @TIMER, 255, 1), -- Truesilver Deposit
(@OGUID2+134, 2047, 0, 1, 1, 0, -7223.71, -845.351, 305.391, 3.281239, 0, 0, 0, 1, @TIMER, 255, 1), -- Truesilver Deposit
(@OGUID2+135, 2047, 0, 1, 1, 0, -7162.67, -1782.33, 271.553, 3.281239, 0, 0, 0, 1, @TIMER, 255, 1), -- Truesilver Deposit
(@OGUID2+136, 2047, 0, 1, 1, 0, -7073.27, -1582.56, 250.696, 3.281239, 0, 0, 0, 1, @TIMER, 255, 1), -- Truesilver Deposit
(@OGUID2+137, 2047, 0, 1, 1, 0, -6616.02, -1171.89, 272.083, 3.281239, 0, 0, 0, 1, @TIMER, 255, 1), -- Truesilver Deposit
(@OGUID2+138, 2047, 0, 1, 1, 0, -6652.39, -1293.41, 208.489, 0, 0, 0, 0, 1, @TIMER, 255, 1), -- Truesilver Deposit
(@OGUID2+139, 2047, 0, 1, 1, 0, -6675.17, -1458.4, 168.998, 0, 0, 0, 0, 1, @TIMER, 255, 1), -- Truesilver Deposit
(@OGUID2+140, 2047, 0, 1, 1, 0, -6843.08, -1515.78, 207.441, 3.281239, 0, 0, 0, 1, @TIMER, 255, 1), -- Truesilver Deposit
(@OGUID2+141, 2047, 0, 1, 1, 0, -6358.78, -1913.45, 278.264, 3.281239, 0, 0, 0, 1, @TIMER, 255, 1), -- Truesilver Deposit
(@OGUID2+142, 2047, 0, 1, 1, 0, -6646.74, -1185.1, 183.42, 0, 0, 0, 0, 1, @TIMER, 255, 1), -- Truesilver Deposit
(@OGUID2+143, 2047, 0, 1, 1, 0, -7243.68, -1147.81, 275.096, 3.281239, 0, 0, 0, 1, @TIMER, 255, 1), -- Truesilver Deposit
(@OGUID2+144, 2047, 0, 1, 1, 0, -6515.6, -982.557, 344.37, 3.281239, 0, 0, 0, 1, @TIMER, 255, 1), -- Truesilver Deposit
(@OGUID2+145, 2047, 0, 1, 1, 0, -7238.16, -1572.51, 269.256, 3.281239, 0, 0, 0, 1, @TIMER, 255, 1), -- Truesilver Deposit
(@OGUID2+146, 2047, 0, 1, 1, 0, -6626.94, -1227.07, 264.763, 3.281239, 0, 0, 0, 1, @TIMER, 255, 1), -- Truesilver Deposit
(@OGUID2+147, 2047, 0, 1, 1, 0, -6751.72, -1888.64, 251.486, 3.281239, 0, 0, 0, 1, @TIMER, 255, 1), -- Truesilver Deposit
(@OGUID2+148, 2047, 0, 1, 1, 0, -6968.66, -977.276, 248.942, 3.281239, 0, 0, 0, 1, @TIMER, 255, 1), -- Truesilver Deposit
(@OGUID2+149, 2047, 0, 1, 1, 0, -6477.04, -1351.39, 133.995, 0, 0, 0, 0, 1, @TIMER, 255, 1), -- Truesilver Deposit
(@OGUID2+150, 2047, 0, 1, 1, 0, -6724.71, -1406.28, 214.61, 0, 0, 0, 0, 1, @TIMER, 255, 1), -- Truesilver Deposit
(@OGUID2+151, 2047, 0, 1, 1, 0, -6801.31, -1643.2, 194.17, 3.281239, 0, 0, 0, 1, @TIMER, 255, 1), -- Truesilver Deposit
(@OGUID2+152, 2047, 0, 1, 1, 0, -6701.77, -1843.1, 256.211, 3.281239, 0, 0, 0, 1, @TIMER, 255, 1), -- Truesilver Deposit
(@OGUID2+153, 2047, 0, 1, 1, 0, -7091.31, -1587.45, 259.578, 3.281239, 0, 0, 0, 1, @TIMER, 255, 1), -- Truesilver Deposit
(@OGUID2+154, 2047, 0, 1, 1, 0, -6557.45, -1619.38, 293.157, 3.281239, 0, 0, 0, 1, @TIMER, 255, 1), -- Truesilver Deposit
(@OGUID2+155, 2047, 0, 1, 1, 0, -6484.88, -828.059, 327.886, 3.281239, 0, 0, 0, 1, @TIMER, 255, 1), -- Truesilver Deposit
(@OGUID2+156, 2047, 0, 1, 1, 0, -7203.2, -897.295, 291.078, 3.281239, 0, 0, 0, 1, @TIMER, 255, 1), -- Truesilver Deposit
(@OGUID2+157, 2047, 0, 1, 1, 0, -6805.83, -1164.07, 192.204, 0, 0, 0, 0, 1, @TIMER, 255, 1), -- Truesilver Deposit
(@OGUID2+158, 2047, 0, 1, 1, 0, -7217.91, -1815.23, 284.836, 3.281239, 0, 0, 0, 1, @TIMER, 255, 1), -- Truesilver Deposit
(@OGUID2+159, 2047, 0, 1, 1, 0, -6574.92, -775.816, 303.851, 3.281239, 0, 0, 0, 1, @TIMER, 255, 1), -- Truesilver Deposit
(@OGUID2+160, 2047, 0, 1, 1, 0, -7316.72, -989.984, 276.018, 3.281239, 0, 0, 0, 1, @TIMER, 255, 1), -- Truesilver Deposit
(@OGUID2+161, 2047, 0, 1, 1, 0, -6553.13, -1572.48, 311.529, 3.281239, 0, 0, 0, 1, @TIMER, 255, 1), -- Truesilver Deposit
(@OGUID2+162, 2047, 0, 1, 1, 0, -6705.99, -1679.16, 220.545, 3.281239, 0, 0, 0, 1, @TIMER, 255, 1), -- Truesilver Deposit
(@OGUID2+163, 2047, 0, 1, 1, 0, -7109.18, -1780.49, 267.89, 3.281239, 0, 0, 0, 1, @TIMER, 255, 1), -- Truesilver Deposit
(@OGUID2+164, 2047, 0, 1, 1, 0, -6811.48, -864.104, 248.936, 3.281239, 0, 0, 0, 1, @TIMER, 255, 1), -- Truesilver Deposit
(@OGUID2+165, 2047, 0, 1, 1, 0, -6627.28, -1504.18, 264.914, 3.281239, 0, 0, 0, 1, @TIMER, 255, 1), -- Truesilver Deposit
(@OGUID2+166, 2047, 0, 1, 1, 0, -6756.68, -1189.45, 185.431, 0, 0, 0, 0, 1, @TIMER, 255, 1), -- Truesilver Deposit
(@OGUID2+167, 2047, 0, 1, 1, 0, -6585.39, -1529.13, 283.609, 3.281239, 0, 0, 0, 1, @TIMER, 255, 1), -- Truesilver Deposit
(@OGUID2+168, 2047, 0, 1, 1, 0, -6612.35, -784.12, 300.661, 3.281239, 0, 0, 0, 1, @TIMER, 255, 1), -- Truesilver Deposit
(@OGUID2+169, 2047, 0, 1, 1, 0, -7249.01, -1671.35, 258.892, 3.281239, 0, 0, 0, 1, @TIMER, 255, 1), -- Truesilver Deposit
(@OGUID2+170, 2047, 0, 1, 1, 0, -7103.3, -916.076, 287.573, 3.281239, 0, 0, 0, 1, @TIMER, 255, 1), -- Truesilver Deposit
(@OGUID2+171, 2047, 0, 1, 1, 0, -6591.58, -1487.07, 166.544, 0, 0, 0, 0, 1, @TIMER, 255, 1), -- Truesilver Deposit
(@OGUID2+172, 2047, 0, 1, 1, 0, -6849.41, -1363.91, 171.216, 3.281239, 0, 0, 0, 1, @TIMER, 255, 1), -- Truesilver Deposit
(@OGUID2+173, 2047, 0, 1, 1, 0, -6422.6, -1300.52, 180.939, 0, 0, 0, 0, 1, @TIMER, 255, 1), -- Truesilver Deposit
(@OGUID2+174, 2047, 0, 1, 1, 0, -6467.16, -1391.23, 142.949, 0, 0, 0, 0, 1, @TIMER, 255, 1), -- Truesilver Deposit
(@OGUID2+175, 2047, 0, 1, 1, 0, -6858.44, -1174.68, 186.228, 0, 0, 0, 0, 1, @TIMER, 255, 1), -- Truesilver Deposit
(@OGUID2+176, 2047, 0, 1, 1, 0, -6658.64, -1497.75, 168.105, 0, 0, 0, 0, 1, @TIMER, 255, 1), -- Truesilver Deposit
(@OGUID2+177, 2047, 0, 1, 1, 0, -6725.21, -1211.01, 181.447, 0, 0, 0, 0, 1, @TIMER, 255, 1), -- Truesilver Deposit
(@OGUID2+178, 2047, 0, 1, 1, 0, -6447.56, -1459.3, 146.774, 0, 0, 0, 0, 1, @TIMER, 255, 1), -- Truesilver Deposit
(@OGUID2+179, 2047, 0, 1, 1, 0, -6385.57, -1359.09, 134.421, 0, 0, 0, 0, 1, @TIMER, 255, 1), -- Truesilver Deposit
(@OGUID2+180, 2047, 0, 1, 1, 0, -6590.18, -1718.47, 250.648, 3.281239, 0, 0, 0, 1, @TIMER, 255, 1), -- Truesilver Deposit
-- Gold Veins
(@OGUID3+0, 1734, 0, 1, 1, 0, -6417.62, -1238.38, 180.939, 0, 0, 0, 0, 1, @TIMER, 255, 1), -- Gold Vein
(@OGUID3+1, 1734, 0, 1, 1, 0, -6606.49, -1225.1, 186.073, 0, 0, 0, 0, 1, @TIMER, 255, 1), -- Gold Vein
(@OGUID3+2, 1734, 0, 1, 1, 0, -6742.63, -1206.05, 181.448, 0, 0, 0, 0, 1, @TIMER, 255, 1), -- Gold Vein
(@OGUID3+3, 1734, 0, 1, 1, 0, -6600.28, -1260.83, 208.743, 0, 0, 0, 0, 1, @TIMER, 255, 1), -- Gold Vein
(@OGUID3+4, 1734, 0, 1, 1, 0, -6627.98, -1313.6, 262.159, 3.281239, 0, 0, 0, 1, @TIMER, 255, 1), -- Gold Vein
(@OGUID3+5, 1734, 0, 1, 1, 0, -6767.49, -1145.42, 187.195, 0, 0, 0, 0, 1, @TIMER, 255, 1), -- Gold Vein
(@OGUID3+6, 1734, 0, 1, 1, 0, -7072.38, -1160.82, 260.331, 3.281239, 0, 0, 0, 1, @TIMER, 255, 1), -- Gold Vein
(@OGUID3+7, 1734, 0, 1, 1, 0, -6894.49, -1518.85, 194.662, 3.281239, 0, 0, 0, 1, @TIMER, 255, 1), -- Gold Vein
(@OGUID3+8, 1734, 0, 1, 1, 0, -6870.35, -1410.85, 172.118, 3.281239, 0, 0, 0, 1, @TIMER, 255, 1), -- Gold Vein
(@OGUID3+9, 1734, 0, 1, 1, 0, -7078.33, -1749.68, 253.914, 3.281239, 0, 0, 0, 1, @TIMER, 255, 1), -- Gold Vein
(@OGUID3+10, 1734, 0, 1, 1, 0, -7265.51, -1744, 264.766, 3.281239, 0, 0, 0, 1, @TIMER, 255, 1), -- Gold Vein
(@OGUID3+11, 1734, 0, 1, 1, 0, -7254.58, -1633.94, 275.327, 3.281239, 0, 0, 0, 1, @TIMER, 255, 1), -- Gold Vein
(@OGUID3+12, 1734, 0, 1, 1, 0, -7264.73, -1821.77, 289.728, 3.281239, 0, 0, 0, 1, @TIMER, 255, 1), -- Gold Vein
(@OGUID3+13, 1734, 0, 1, 1, 0, -7217.71, -1461.04, 250.178, 3.281239, 0, 0, 0, 1, @TIMER, 255, 1), -- Gold Vein
(@OGUID3+14, 1734, 0, 1, 1, 0, -7052, -1618.22, 253.055, 3.281239, 0, 0, 0, 1, @TIMER, 255, 1), -- Gold Vein
(@OGUID3+15, 1734, 0, 1, 1, 0, -6654.38, -1818.2, 258.082, 3.281239, 0, 0, 0, 1, @TIMER, 255, 1), -- Gold Vein
(@OGUID3+16, 1734, 0, 1, 1, 0, -6636.97, -1722.16, 265.226, 3.281239, 0, 0, 0, 1, @TIMER, 255, 1), -- Gold Vein
(@OGUID3+17, 1734, 0, 1, 1, 0, -6579.07, -1661.24, 289.705, 3.281239, 0, 0, 0, 1, @TIMER, 255, 1), -- Gold Vein
(@OGUID3+18, 1734, 0, 1, 1, 0, -6619.39, -1527.73, 271.064, 3.281239, 0, 0, 0, 1, @TIMER, 255, 1), -- Gold Vein
(@OGUID3+19, 1734, 0, 1, 1, 0, -6629.51, -1491.8, 166.843, 0, 0, 0, 0, 1, @TIMER, 255, 1), -- Gold Vein
(@OGUID3+20, 1734, 0, 1, 1, 0, -6691.07, -1428.7, 170.375, 0, 0, 0, 0, 1, @TIMER, 255, 1), -- Gold Vein
(@OGUID3+21, 1734, 0, 1, 1, 0, -6822.65, -1432.6, 161.664, 3.281239, 0, 0, 0, 1, @TIMER, 255, 1), -- Gold Vein
(@OGUID3+22, 1734, 0, 1, 1, 0, -6528.67, -1302.38, 200.94, 0, 0, 0, 0, 1, @TIMER, 255, 1), -- Gold Vein
(@OGUID3+23, 1734, 0, 1, 1, 0, -6543.65, -1390.16, 152.81, 0, 0, 0, 0, 1, @TIMER, 255, 1), -- Gold Vein
(@OGUID3+24, 1734, 0, 1, 1, 0, -7307.36, -1093.27, 284.153, 3.281239, 0, 0, 0, 1, @TIMER, 255, 1), -- Gold Vein
(@OGUID3+25, 1734, 0, 1, 1, 0, -7316.72, -989.984, 276.018, 3.281239, 0, 0, 0, 1, @TIMER, 255, 1), -- Gold Vein
(@OGUID3+26, 1734, 0, 1, 1, 0, -7199.64, -926.361, 273.946, 3.281239, 0, 0, 0, 1, @TIMER, 255, 1), -- Gold Vein
(@OGUID3+27, 1734, 0, 1, 1, 0, -7241.88, -884.837, 293.02, 3.281239, 0, 0, 0, 1, @TIMER, 255, 1), -- Gold Vein
(@OGUID3+28, 1734, 0, 1, 1, 0, -7104.21, -962.661, 263.84, 3.281239, 0, 0, 0, 1, @TIMER, 255, 1), -- Gold Vein
(@OGUID3+29, 1734, 0, 1, 1, 0, -7027.09, -961.49, 261.553, 3.281239, 0, 0, 0, 1, @TIMER, 255, 1), -- Gold Vein
(@OGUID3+30, 1734, 0, 1, 1, 0, -6869.7, -867.519, 257.824, 3.281239, 0, 0, 0, 1, @TIMER, 255, 1), -- Gold Vein
(@OGUID3+31, 1734, 0, 1, 1, 0, -6753.45, -843.783, 251.723, 3.281239, 0, 0, 0, 1, @TIMER, 255, 1), -- Gold Vein
(@OGUID3+32, 1734, 0, 1, 1, 0, -6580.8, -898.722, 269.117, 3.281239, 0, 0, 0, 1, @TIMER, 255, 1), -- Gold Vein
(@OGUID3+33, 1734, 0, 1, 1, 0, -6547.77, -925.002, 304.316, 3.281239, 0, 0, 0, 1, @TIMER, 255, 1), -- Gold Vein
(@OGUID3+34, 1734, 0, 1, 1, 0, -6617.34, -1167.11, 185.495, 0, 0, 0, 0, 1, @TIMER, 255, 1), -- Gold Vein
(@OGUID3+35, 1734, 0, 1, 1, 0, -6592.21, -1133.65, 274.553, 3.281239, 0, 0, 0, 1, @TIMER, 255, 1), -- Gold Vein
(@OGUID3+36, 1734, 0, 1, 1, 0, -6328.6, -1938.45, 271.039, 3.281239, 0, 0, 0, 1, @TIMER, 255, 1), -- Gold Vein
(@OGUID3+37, 1734, 0, 1, 1, 0, -6796.01, -1880.75, 247.662, 3.281239, 0, 0, 0, 1, @TIMER, 255, 1), -- Gold Vein
(@OGUID3+38, 1734, 0, 1, 1, 0, -6620.93, -1730.02, 257.37, 3.281239, 0, 0, 0, 1, @TIMER, 255, 1), -- Gold Vein
(@OGUID3+39, 1734, 0, 1, 1, 0, -7317.89, -1743.18, 276.583, 3.281239, 0, 0, 0, 1, @TIMER, 255, 1), -- Gold Vein
(@OGUID3+40, 1734, 0, 1, 1, 0, -6868.43, -1474.97, 193.132, 3.281239, 0, 0, 0, 1, @TIMER, 255, 1), -- Gold Vein
(@OGUID3+41, 1734, 0, 1, 1, 0, -7164.64, -952.578, 270.137, 3.281239, 0, 0, 0, 1, @TIMER, 255, 1), -- Gold Vein
(@OGUID3+42, 1734, 0, 1, 1, 0, -6580.13, -1504.88, 288.79, 3.281239, 0, 0, 0, 1, @TIMER, 255, 1), -- Gold Vein
(@OGUID3+43, 1734, 0, 1, 1, 0, -6629.64, -1461.1, 168.423, 0, 0, 0, 0, 1, @TIMER, 255, 1), -- Gold Vein
(@OGUID3+44, 1734, 0, 1, 1, 0, -6483.06, -1470.92, 148.367, 0, 0, 0, 0, 1, @TIMER, 255, 1), -- Gold Vein
(@OGUID3+45, 1734, 0, 1, 1, 0, -6562.39, -1433.08, 162.896, 0, 0, 0, 0, 1, @TIMER, 255, 1), -- Gold Vein
(@OGUID3+46, 1734, 0, 1, 1, 0, -6769.66, -1387.65, 195.499, 0, 0, 0, 0, 1, @TIMER, 255, 1), -- Gold Vein
(@OGUID3+47, 1734, 0, 1, 1, 0, -6834.51, -1406.38, 170.296, 3.281239, 0, 0, 0, 1, @TIMER, 255, 1), -- Gold Vein
(@OGUID3+48, 1734, 0, 1, 1, 0, -6646.95, -1333.32, 252.091, 3.281239, 0, 0, 0, 1, @TIMER, 255, 1), -- Gold Vein
(@OGUID3+49, 1734, 0, 1, 1, 0, -6477.61, -1335.78, 212.107, 0, 0, 0, 0, 1, @TIMER, 255, 1), -- Gold Vein
(@OGUID3+50, 1734, 0, 1, 1, 0, -6560.37, -1281.84, 208.96, 0, 0, 0, 0, 1, @TIMER, 255, 1), -- Gold Vein
(@OGUID3+51, 1734, 0, 1, 1, 0, -7226.93, -1306.87, 265.459, 3.281239, 0, 0, 0, 1, @TIMER, 255, 1), -- Gold Vein
(@OGUID3+52, 1734, 0, 1, 1, 0, -7249.64, -1236.07, 285.303, 3.281239, 0, 0, 0, 1, @TIMER, 255, 1), -- Gold Vein
(@OGUID3+53, 1734, 0, 1, 1, 0, -6735.2, -1257.4, 183.609, 0, 0, 0, 0, 1, @TIMER, 255, 1), -- Gold Vein
(@OGUID3+54, 1734, 0, 1, 1, 0, -6575.27, -1244.58, 188.777, 0, 0, 0, 0, 1, @TIMER, 255, 1), -- Gold Vein
(@OGUID3+55, 1734, 0, 1, 1, 0, -6597.19, -1226.1, 276.611, 3.281239, 0, 0, 0, 1, @TIMER, 255, 1), -- Gold Vein
(@OGUID3+56, 1734, 0, 1, 1, 0, -6524.94, -1271.49, 134.57, 0, 0, 0, 0, 1, @TIMER, 255, 1), -- Gold Vein
(@OGUID3+57, 1734, 0, 1, 1, 0, -6408.4, -1313.78, 130.917, 0, 0, 0, 0, 1, @TIMER, 255, 1), -- Gold Vein
(@OGUID3+58, 1734, 0, 1, 1, 0, -6689.38, -1190.45, 181.918, 0, 0, 0, 0, 1, @TIMER, 255, 1), -- Gold Vein
(@OGUID3+59, 1734, 0, 1, 1, 0, -6872.78, -1223.03, 177.063, 0, 0, 0, 0, 1, @TIMER, 255, 1), -- Gold Vein
(@OGUID3+60, 1734, 0, 1, 1, 0, -7085.75, -1140.06, 265.877, 3.281239, 0, 0, 0, 1, @TIMER, 255, 1), -- Gold Vein
(@OGUID3+61, 1734, 0, 1, 1, 0, -6568.67, -1151.36, 185.571, 0, 0, 0, 0, 1, @TIMER, 255, 1), -- Gold Vein
(@OGUID3+62, 1734, 0, 1, 1, 0, -6619.57, -1147.57, 257.459, 3.281239, 0, 0, 0, 1, @TIMER, 255, 1), -- Gold Vein
(@OGUID3+63, 1734, 0, 1, 1, 0, -6721.49, -1150.43, 185.572, 0, 0, 0, 0, 1, @TIMER, 255, 1), -- Gold Vein
(@OGUID3+64, 1734, 0, 1, 1, 0, -7286.46, -1091.85, 291.484, 3.281239, 0, 0, 0, 1, @TIMER, 255, 1), -- Gold Vein
(@OGUID3+65, 1734, 0, 1, 1, 0, -7265.99, -988.465, 264.909, 3.281239, 0, 0, 0, 1, @TIMER, 255, 1), -- Gold Vein
(@OGUID3+66, 1734, 0, 1, 1, 0, -7076.29, -984.934, 253.668, 3.281239, 0, 0, 0, 1, @TIMER, 255, 1), -- Gold Vein
(@OGUID3+67, 1734, 0, 1, 1, 0, -6933.99, -908.196, 245.834, 3.281239, 0, 0, 0, 1, @TIMER, 255, 1), -- Gold Vein
(@OGUID3+68, 1734, 0, 1, 1, 0, -6596.36, -918.196, 253.091, 3.281239, 0, 0, 0, 1, @TIMER, 255, 1), -- Gold Vein
(@OGUID3+69, 1734, 0, 1, 1, 0, -6447.55, -954.719, 338.174, 3.281239, 0, 0, 0, 1, @TIMER, 255, 1), -- Gold Vein
(@OGUID3+70, 1734, 0, 1, 1, 0, -6834.05, -867.363, 254.325, 3.281239, 0, 0, 0, 1, @TIMER, 255, 1), -- Gold Vein
(@OGUID3+71, 1734, 0, 1, 1, 0, -7211.8, -798.564, 315.572, 3.281239, 0, 0, 0, 1, @TIMER, 255, 1), -- Gold Vein
(@OGUID3+72, 1734, 0, 1, 1, 0, -6573.24, -1153.04, 288.479, 3.281239, 0, 0, 0, 1, @TIMER, 255, 1), -- Gold Vein
(@OGUID3+73, 1734, 0, 1, 1, 0, -6584.83, -1195.93, 286.858, 3.281239, 0, 0, 0, 1, @TIMER, 255, 1), -- Gold Vein
(@OGUID3+74, 1734, 0, 1, 1, 0, -6478.01, -1211.6, 180.23, 0, 0, 0, 0, 1, @TIMER, 255, 1), -- Gold Vein
(@OGUID3+75, 1734, 0, 1, 1, 0, -6753.83, -1111.16, 185.571, 0, 0, 0, 0, 1, @TIMER, 255, 1), -- Gold Vein
(@OGUID3+76, 1734, 0, 1, 1, 0, -6590.48, -964.997, 249.032, 3.281239, 0, 0, 0, 1, @TIMER, 255, 1), -- Gold Vein
(@OGUID3+77, 1734, 0, 1, 1, 0, -7185.12, -1365.44, 271.359, 3.281239, 0, 0, 0, 1, @TIMER, 255, 1), -- Gold Vein
(@OGUID3+78, 1734, 0, 1, 1, 0, -6904.93, -880.873, 249.974, 3.281239, 0, 0, 0, 1, @TIMER, 255, 1), -- Gold Vein
(@OGUID3+79, 1734, 0, 1, 1, 0, -7036.65, -994.33, 246.153, 3.281239, 0, 0, 0, 1, @TIMER, 255, 1), -- Gold Vein
(@OGUID3+80, 1734, 0, 1, 1, 0, -7288.09, -999.427, 270.604, 3.281239, 0, 0, 0, 1, @TIMER, 255, 1), -- Gold Vein
(@OGUID3+81, 1734, 0, 1, 1, 0, -7261.47, -912.295, 289.798, 3.281239, 0, 0, 0, 1, @TIMER, 255, 1), -- Gold Vein
(@OGUID3+82, 1734, 0, 1, 1, 0, -7236.22, -1611.03, 274.86, 3.281239, 0, 0, 0, 1, @TIMER, 255, 1), -- Gold Vein
(@OGUID3+83, 1734, 0, 1, 1, 0, -6597.98, -1818.36, 253.837, 3.281239, 0, 0, 0, 1, @TIMER, 255, 1), -- Gold Vein
(@OGUID3+84, 1734, 0, 1, 1, 0, -6577.4, -1560.52, 288.696, 3.281239, 0, 0, 0, 1, @TIMER, 255, 1), -- Gold Vein
(@OGUID3+85, 1734, 0, 1, 1, 0, -6731.75, -1525.41, 193.87, 3.281239, 0, 0, 0, 1, @TIMER, 255, 1), -- Gold Vein
(@OGUID3+86, 1734, 0, 1, 1, 0, -6625.57, -1445.75, 265.401, 3.281239, 0, 0, 0, 1, @TIMER, 255, 1), -- Gold Vein
(@OGUID3+87, 1734, 0, 1, 1, 0, -6720.17, -1395.5, 183.775, 0, 0, 0, 0, 1, @TIMER, 255, 1), -- Gold Vein
(@OGUID3+88, 1734, 0, 1, 1, 0, -6621.8, -1261.47, 209.278, 0, 0, 0, 0, 1, @TIMER, 255, 1), -- Gold Vein
(@OGUID3+89, 1734, 0, 1, 1, 0, -6628.44, -1285.56, 263.977, 3.281239, 0, 0, 0, 1, @TIMER, 255, 1), -- Gold Vein
(@OGUID3+90, 1734, 0, 1, 1, 0, -6781.61, -1169.38, 190.934, 0, 0, 0, 0, 1, @TIMER, 255, 1), -- Gold Vein
(@OGUID3+91, 1734, 0, 1, 1, 0, -6534.99, -872.384, 311.686, 3.281239, 0, 0, 0, 1, @TIMER, 255, 1), -- Gold Vein
(@OGUID3+92, 1734, 0, 1, 1, 0, -6487.96, -920.802, 335.621, 3.281239, 0, 0, 0, 1, @TIMER, 255, 1), -- Gold Vein
(@OGUID3+93, 1734, 0, 1, 1, 0, -6513.78, -1927, 254.51, 3.281239, 0, 0, 0, 1, @TIMER, 255, 1), -- Gold Vein
(@OGUID3+94, 1734, 0, 1, 1, 0, -7128.42, -944.76, 274.793, 3.281239, 0, 0, 0, 1, @TIMER, 255, 1), -- Gold Vein
(@OGUID3+95, 1734, 0, 1, 1, 0, -7223.79, -1545.94, 269.5, 3.281239, 0, 0, 0, 1, @TIMER, 255, 1), -- Gold Vein
(@OGUID3+96, 1734, 0, 1, 1, 0, -7249.41, -1718.33, 252.033, 3.281239, 0, 0, 0, 1, @TIMER, 255, 1), -- Gold Vein
(@OGUID3+97, 1734, 0, 1, 1, 0, -7045.76, -1772.09, 264.774, 3.281239, 0, 0, 0, 1, @TIMER, 255, 1), -- Gold Vein
(@OGUID3+98, 1734, 0, 1, 1, 0, -6640.29, -1468.36, 258.271, 3.281239, 0, 0, 0, 1, @TIMER, 255, 1), -- Gold Vein
(@OGUID3+99, 1734, 0, 1, 1, 0, -7323.27, -1122.15, 302.323, 3.281239, 0, 0, 0, 1, @TIMER, 255, 1), -- Gold Vein
(@OGUID3+100, 1734, 0, 1, 1, 0, -7176.46, -1922.85, 328.853, 3.281239, 0, 0, 0, 1, @TIMER, 255, 1), -- Gold Vein
(@OGUID3+101, 1734, 0, 1, 1, 0, -6606.75, -1311.94, 208.743, 0, 0, 0, 0, 1, @TIMER, 255, 1), -- Gold Vein
(@OGUID3+102, 1734, 0, 1, 1, 0, -6562.23, -899.677, 288.792, 3.281239, 0, 0, 0, 1, @TIMER, 255, 1), -- Gold Vein
(@OGUID3+103, 1734, 0, 1, 1, 0, -6536.31, -792.344, 310.799, 3.281239, 0, 0, 0, 1, @TIMER, 255, 1), -- Gold Vein
(@OGUID3+104, 1734, 0, 1, 1, 0, -7262.04, -964.191, 256.22, 3.281239, 0, 0, 0, 1, @TIMER, 255, 1), -- Gold Vein
(@OGUID3+105, 1734, 0, 1, 1, 0, -7249.42, -1193.04, 278.139, 3.281239, 0, 0, 0, 1, @TIMER, 255, 1), -- Gold Vein
(@OGUID3+106, 1734, 0, 1, 1, 0, -7099.85, -1151.84, 280.329, 3.281239, 0, 0, 0, 1, @TIMER, 255, 1), -- Gold Vein
(@OGUID3+107, 1734, 0, 1, 1, 0, -6758.46, -1477.84, 183.28, 3.281239, 0, 0, 0, 1, @TIMER, 255, 1), -- Gold Vein
(@OGUID3+108, 1734, 0, 1, 1, 0, -7159.18, -911.642, 288.411, 3.281239, 0, 0, 0, 1, @TIMER, 255, 1), -- Gold Vein
(@OGUID3+109, 1734, 0, 1, 1, 0, -6830.46, -1865.45, 254.365, 3.281239, 0, 0, 0, 1, @TIMER, 255, 1), -- Gold Vein
(@OGUID3+110, 1734, 0, 1, 1, 0, -6539.99, -1196.04, 184.931, 0, 0, 0, 0, 1, @TIMER, 255, 1), -- Gold Vein
(@OGUID3+111, 1734, 0, 1, 1, 0, -6720.33, -1105.85, 185.571, 0, 0, 0, 0, 1, @TIMER, 255, 1), -- Gold Vein
(@OGUID3+112, 1734, 0, 1, 1, 0, -6581.23, -1227.02, 289.033, 3.281239, 0, 0, 0, 1, @TIMER, 255, 1), -- Gold Vein
(@OGUID3+113, 1734, 0, 1, 1, 0, -6553.46, -800.958, 309.957, 3.281239, 0, 0, 0, 1, @TIMER, 255, 1), -- Gold Vein
(@OGUID3+114, 1734, 0, 1, 1, 0, -6727.37, -832.097, 249.667, 3.281239, 0, 0, 0, 1, @TIMER, 255, 1), -- Gold Vein
(@OGUID3+115, 1734, 0, 1, 1, 0, -6756, -1420.5, 212.537, 0, 0, 0, 0, 1, @TIMER, 255, 1), -- Gold Vein
(@OGUID3+116, 1734, 0, 1, 1, 0, -6812.7, -1472.4, 177.249, 3.281239, 0, 0, 0, 1, @TIMER, 255, 1), -- Gold Vein
(@OGUID3+117, 1734, 0, 1, 1, 0, -6824.5, -1528.59, 196.531, 3.281239, 0, 0, 0, 1, @TIMER, 255, 1), -- Gold Vein
(@OGUID3+118, 1734, 0, 1, 1, 0, -6650.23, -1753.35, 258.911, 3.281239, 0, 0, 0, 1, @TIMER, 255, 1), -- Gold Vein
(@OGUID3+119, 1734, 0, 1, 1, 0, -6573.25, -1593.36, 287.662, 3.281239, 0, 0, 0, 1, @TIMER, 255, 1), -- Gold Vein
(@OGUID3+120, 1734, 0, 1, 1, 0, -6737.46, -1686.65, 219.101, 3.281239, 0, 0, 0, 1, @TIMER, 255, 1), -- Gold Vein
(@OGUID3+121, 1734, 0, 1, 1, 0, -6630.12, -1384.24, 265.842, 3.281239, 0, 0, 0, 1, @TIMER, 255, 1), -- Gold Vein
(@OGUID3+122, 1734, 0, 1, 1, 0, -6504.71, -900.618, 324.146, 3.281239, 0, 0, 0, 1, @TIMER, 255, 1), -- Gold Vein
(@OGUID3+123, 1734, 0, 1, 1, 0, -7005.53, -979.491, 252.179, 3.281239, 0, 0, 0, 1, @TIMER, 255, 1), -- Gold Vein
(@OGUID3+124, 1734, 0, 1, 1, 0, -7267.8, -1173.43, 296.307, 3.281239, 0, 0, 0, 1, @TIMER, 255, 1), -- Gold Vein
(@OGUID3+125, 1734, 0, 1, 1, 0, -7154.91, -1162.24, 265.623, 3.281239, 0, 0, 0, 1, @TIMER, 255, 1), -- Gold Vein
(@OGUID3+126, 1734, 0, 1, 1, 0, -6581.27, -1622.69, 287.618, 3.281239, 0, 0, 0, 1, @TIMER, 255, 1), -- Gold Vein
(@OGUID3+127, 1734, 0, 1, 1, 0, -6520.18, -1442.09, 152.181, 0, 0, 0, 0, 1, @TIMER, 255, 1), -- Gold Vein
(@OGUID3+128, 1734, 0, 1, 1, 0, -7092.31, -1604.11, 260.79, 3.281239, 0, 0, 0, 1, @TIMER, 255, 1), -- Gold Vein
(@OGUID3+129, 1734, 0, 1, 1, 0, -6744.16, -1363.97, 192.417, 0, 0, 0, 0, 1, @TIMER, 255, 1), -- Gold Vein
(@OGUID3+130, 1734, 0, 1, 1, 0, -6462.19, -919.726, 337.537, 3.281239, 0, 0, 0, 1, @TIMER, 255, 1), -- Gold Vein
(@OGUID3+131, 1734, 0, 1, 1, 0, -7224.66, -911.795, 288.925, 3.281239, 0, 0, 0, 1, @TIMER, 255, 1), -- Gold Vein
(@OGUID3+132, 1734, 0, 1, 1, 0, -6429.74, -1352.42, 140.75, 0, 0, 0, 0, 1, @TIMER, 255, 1), -- Gold Vein
(@OGUID3+133, 1734, 0, 1, 1, 0, -6925.93, -1378.3, 174.134, 3.281239, 0, 0, 0, 1, @TIMER, 255, 1), -- Gold Vein
(@OGUID3+134, 1734, 0, 1, 1, 0, -7223.71, -845.351, 305.391, 3.281239, 0, 0, 0, 1, @TIMER, 255, 1), -- Gold Vein
(@OGUID3+135, 1734, 0, 1, 1, 0, -7162.67, -1782.33, 271.553, 3.281239, 0, 0, 0, 1, @TIMER, 255, 1), -- Gold Vein
(@OGUID3+136, 1734, 0, 1, 1, 0, -7073.27, -1582.56, 250.696, 3.281239, 0, 0, 0, 1, @TIMER, 255, 1), -- Gold Vein
(@OGUID3+137, 1734, 0, 1, 1, 0, -6616.02, -1171.89, 272.083, 3.281239, 0, 0, 0, 1, @TIMER, 255, 1), -- Gold Vein
(@OGUID3+138, 1734, 0, 1, 1, 0, -6652.39, -1293.41, 208.489, 0, 0, 0, 0, 1, @TIMER, 255, 1), -- Gold Vein
(@OGUID3+139, 1734, 0, 1, 1, 0, -6675.17, -1458.4, 168.998, 0, 0, 0, 0, 1, @TIMER, 255, 1), -- Gold Vein
(@OGUID3+140, 1734, 0, 1, 1, 0, -6843.08, -1515.78, 207.441, 3.281239, 0, 0, 0, 1, @TIMER, 255, 1), -- Gold Vein
(@OGUID3+141, 1734, 0, 1, 1, 0, -6358.78, -1913.45, 278.264, 3.281239, 0, 0, 0, 1, @TIMER, 255, 1), -- Gold Vein
(@OGUID3+142, 1734, 0, 1, 1, 0, -6646.74, -1185.1, 183.42, 0, 0, 0, 0, 1, @TIMER, 255, 1), -- Gold Vein
(@OGUID3+143, 1734, 0, 1, 1, 0, -7243.68, -1147.81, 275.096, 3.281239, 0, 0, 0, 1, @TIMER, 255, 1), -- Gold Vein
(@OGUID3+144, 1734, 0, 1, 1, 0, -6515.6, -982.557, 344.37, 3.281239, 0, 0, 0, 1, @TIMER, 255, 1), -- Gold Vein
(@OGUID3+145, 1734, 0, 1, 1, 0, -7238.16, -1572.51, 269.256, 3.281239, 0, 0, 0, 1, @TIMER, 255, 1), -- Gold Vein
(@OGUID3+146, 1734, 0, 1, 1, 0, -6626.94, -1227.07, 264.763, 3.281239, 0, 0, 0, 1, @TIMER, 255, 1), -- Gold Vein
(@OGUID3+147, 1734, 0, 1, 1, 0, -6751.72, -1888.64, 251.486, 3.281239, 0, 0, 0, 1, @TIMER, 255, 1), -- Gold Vein
(@OGUID3+148, 1734, 0, 1, 1, 0, -6968.66, -977.276, 248.942, 3.281239, 0, 0, 0, 1, @TIMER, 255, 1), -- Gold Vein
(@OGUID3+149, 1734, 0, 1, 1, 0, -6477.04, -1351.39, 133.995, 0, 0, 0, 0, 1, @TIMER, 255, 1), -- Gold Vein
(@OGUID3+150, 1734, 0, 1, 1, 0, -6724.71, -1406.28, 214.61, 0, 0, 0, 0, 1, @TIMER, 255, 1), -- Gold Vein
(@OGUID3+151, 1734, 0, 1, 1, 0, -6801.31, -1643.2, 194.17, 3.281239, 0, 0, 0, 1, @TIMER, 255, 1), -- Gold Vein
(@OGUID3+152, 1734, 0, 1, 1, 0, -6701.77, -1843.1, 256.211, 3.281239, 0, 0, 0, 1, @TIMER, 255, 1), -- Gold Vein
(@OGUID3+153, 1734, 0, 1, 1, 0, -7091.31, -1587.45, 259.578, 3.281239, 0, 0, 0, 1, @TIMER, 255, 1), -- Gold Vein
(@OGUID3+154, 1734, 0, 1, 1, 0, -6557.45, -1619.38, 293.157, 3.281239, 0, 0, 0, 1, @TIMER, 255, 1), -- Gold Vein
(@OGUID3+155, 1734, 0, 1, 1, 0, -6484.88, -828.059, 327.886, 3.281239, 0, 0, 0, 1, @TIMER, 255, 1), -- Gold Vein
(@OGUID3+156, 1734, 0, 1, 1, 0, -7203.2, -897.295, 291.078, 3.281239, 0, 0, 0, 1, @TIMER, 255, 1), -- Gold Vein
(@OGUID3+157, 1734, 0, 1, 1, 0, -6805.83, -1164.07, 192.204, 0, 0, 0, 0, 1, @TIMER, 255, 1), -- Gold Vein
(@OGUID3+158, 1734, 0, 1, 1, 0, -7217.91, -1815.23, 284.836, 3.281239, 0, 0, 0, 1, @TIMER, 255, 1), -- Gold Vein
(@OGUID3+159, 1734, 0, 1, 1, 0, -6574.92, -775.816, 303.851, 3.281239, 0, 0, 0, 1, @TIMER, 255, 1), -- Gold Vein
(@OGUID3+160, 1734, 0, 1, 1, 0, -7316.72, -989.984, 276.018, 3.281239, 0, 0, 0, 1, @TIMER, 255, 1), -- Gold Vein
(@OGUID3+161, 1734, 0, 1, 1, 0, -6553.13, -1572.48, 311.529, 3.281239, 0, 0, 0, 1, @TIMER, 255, 1), -- Gold Vein
(@OGUID3+162, 1734, 0, 1, 1, 0, -6705.99, -1679.16, 220.545, 3.281239, 0, 0, 0, 1, @TIMER, 255, 1), -- Gold Vein
(@OGUID3+163, 1734, 0, 1, 1, 0, -7109.18, -1780.49, 267.89, 3.281239, 0, 0, 0, 1, @TIMER, 255, 1), -- Gold Vein
(@OGUID3+164, 1734, 0, 1, 1, 0, -6811.48, -864.104, 248.936, 3.281239, 0, 0, 0, 1, @TIMER, 255, 1), -- Gold Vein
(@OGUID3+165, 1734, 0, 1, 1, 0, -6627.28, -1504.18, 264.914, 3.281239, 0, 0, 0, 1, @TIMER, 255, 1), -- Gold Vein
(@OGUID3+166, 1734, 0, 1, 1, 0, -6756.68, -1189.45, 185.431, 0, 0, 0, 0, 1, @TIMER, 255, 1), -- Gold Vein
(@OGUID3+167, 1734, 0, 1, 1, 0, -6585.39, -1529.13, 283.609, 3.281239, 0, 0, 0, 1, @TIMER, 255, 1), -- Gold Vein
(@OGUID3+168, 1734, 0, 1, 1, 0, -6612.35, -784.12, 300.661, 3.281239, 0, 0, 0, 1, @TIMER, 255, 1), -- Gold Vein
(@OGUID3+169, 1734, 0, 1, 1, 0, -7249.01, -1671.35, 258.892, 3.281239, 0, 0, 0, 1, @TIMER, 255, 1), -- Gold Vein
(@OGUID3+170, 1734, 0, 1, 1, 0, -7103.3, -916.076, 287.573, 3.281239, 0, 0, 0, 1, @TIMER, 255, 1), -- Gold Vein
(@OGUID3+171, 1734, 0, 1, 1, 0, -6591.58, -1487.07, 166.544, 0, 0, 0, 0, 1, @TIMER, 255, 1), -- Gold Vein
(@OGUID3+172, 1734, 0, 1, 1, 0, -6849.41, -1363.91, 171.216, 3.281239, 0, 0, 0, 1, @TIMER, 255, 1), -- Gold Vein
(@OGUID3+173, 1734, 0, 1, 1, 0, -6422.6, -1300.52, 180.939, 0, 0, 0, 0, 1, @TIMER, 255, 1), -- Gold Vein
(@OGUID3+174, 1734, 0, 1, 1, 0, -6467.16, -1391.23, 142.949, 0, 0, 0, 0, 1, @TIMER, 255, 1), -- Gold Vein
(@OGUID3+175, 1734, 0, 1, 1, 0, -6858.44, -1174.68, 186.228, 0, 0, 0, 0, 1, @TIMER, 255, 1), -- Gold Vein
(@OGUID3+176, 1734, 0, 1, 1, 0, -6658.64, -1497.75, 168.105, 0, 0, 0, 0, 1, @TIMER, 255, 1), -- Gold Vein
(@OGUID3+177, 1734, 0, 1, 1, 0, -6725.21, -1211.01, 181.447, 0, 0, 0, 0, 1, @TIMER, 255, 1), -- Gold Vein
(@OGUID3+178, 1734, 0, 1, 1, 0, -6447.56, -1459.3, 146.774, 0, 0, 0, 0, 1, @TIMER, 255, 1), -- Gold Vein
(@OGUID3+179, 1734, 0, 1, 1, 0, -6385.57, -1359.09, 134.421, 0, 0, 0, 0, 1, @TIMER, 255, 1), -- Gold Vein
(@OGUID3+180, 1734, 0, 1, 1, 0, -6590.18, -1718.47, 250.648, 3.281239, 0, 0, 0, 1, @TIMER, 255, 1); -- Gold Vein

-- Add mother pool to pool template
DELETE FROM `pool_template` WHERE `entry`=@MOTHER;
INSERT INTO `pool_template` (`entry`,`max_limit`,`description`) VALUES
(@MOTHER,@ACTIVE, 'Searing Gorge Ore Mother pool');

-- Pool Ore Spawnpoints
DELETE FROM `pool_gameobject` WHERE `guid` BETWEEN @OGUID1 AND @OGUID1+@LASTGUID;
DELETE FROM `pool_gameobject` WHERE `guid` BETWEEN @OGUID2 AND @OGUID2+@LASTGUID;
DELETE FROM `pool_gameobject` WHERE `guid` BETWEEN @OGUID3 AND @OGUID3+@LASTGUID;
INSERT INTO `pool_gameobject` (`guid`,`pool_entry`,`chance`,`description`) VALUES
(@OGUID1+0,@POOL+0,80, 'Mithril Deposit'),
(@OGUID2+0,@POOL+0,10, 'Truesilver Deposit'),
(@OGUID3+0,@POOL+0,10, 'Gold Vein'),
(@OGUID1+1,@POOL+1,80, 'Mithril Deposit'),
(@OGUID2+1,@POOL+1,10, 'Truesilver Deposit'),
(@OGUID3+1,@POOL+1,10, 'Gold Vein'),
(@OGUID1+2,@POOL+2,80, 'Mithril Deposit'),
(@OGUID2+2,@POOL+2,10, 'Truesilver Deposit'),
(@OGUID3+2,@POOL+2,10, 'Gold Vein'),
(@OGUID1+3,@POOL+3,80, 'Mithril Deposit'),
(@OGUID2+3,@POOL+3,10, 'Truesilver Deposit'),
(@OGUID3+3,@POOL+3,10, 'Gold Vein'),
(@OGUID1+4,@POOL+4,80, 'Mithril Deposit'),
(@OGUID2+4,@POOL+4,10, 'Truesilver Deposit'),
(@OGUID3+4,@POOL+4,10, 'Gold Vein'),
(@OGUID1+5,@POOL+5,80, 'Mithril Deposit'),
(@OGUID2+5,@POOL+5,10, 'Truesilver Deposit'),
(@OGUID3+5,@POOL+5,10, 'Gold Vein'),
(@OGUID1+6,@POOL+6,80, 'Mithril Deposit'),
(@OGUID2+6,@POOL+6,10, 'Truesilver Deposit'),
(@OGUID3+6,@POOL+6,10, 'Gold Vein'),
(@OGUID1+7,@POOL+7,80, 'Mithril Deposit'),
(@OGUID2+7,@POOL+7,10, 'Truesilver Deposit'),
(@OGUID3+7,@POOL+7,10, 'Gold Vein'),
(@OGUID1+8,@POOL+8,80, 'Mithril Deposit'),
(@OGUID2+8,@POOL+8,10, 'Truesilver Deposit'),
(@OGUID3+8,@POOL+8,10, 'Gold Vein'),
(@OGUID1+9,@POOL+9,80, 'Mithril Deposit'),
(@OGUID2+9,@POOL+9,10, 'Truesilver Deposit'),
(@OGUID3+9,@POOL+9,10, 'Gold Vein'),
(@OGUID1+10,@POOL+10,80, 'Mithril Deposit'),
(@OGUID2+10,@POOL+10,10, 'Truesilver Deposit'),
(@OGUID3+10,@POOL+10,10, 'Gold Vein'),
(@OGUID1+11,@POOL+11,80, 'Mithril Deposit'),
(@OGUID2+11,@POOL+11,10, 'Truesilver Deposit'),
(@OGUID3+11,@POOL+11,10, 'Gold Vein'),
(@OGUID1+12,@POOL+12,80, 'Mithril Deposit'),
(@OGUID2+12,@POOL+12,10, 'Truesilver Deposit'),
(@OGUID3+12,@POOL+12,10, 'Gold Vein'),
(@OGUID1+13,@POOL+13,80, 'Mithril Deposit'),
(@OGUID2+13,@POOL+13,10, 'Truesilver Deposit'),
(@OGUID3+13,@POOL+13,10, 'Gold Vein'),
(@OGUID1+14,@POOL+14,80, 'Mithril Deposit'),
(@OGUID2+14,@POOL+14,10, 'Truesilver Deposit'),
(@OGUID3+14,@POOL+14,10, 'Gold Vein'),
(@OGUID1+15,@POOL+15,80, 'Mithril Deposit'),
(@OGUID2+15,@POOL+15,10, 'Truesilver Deposit'),
(@OGUID3+15,@POOL+15,10, 'Gold Vein'),
(@OGUID1+16,@POOL+16,80, 'Mithril Deposit'),
(@OGUID2+16,@POOL+16,10, 'Truesilver Deposit'),
(@OGUID3+16,@POOL+16,10, 'Gold Vein'),
(@OGUID1+17,@POOL+17,80, 'Mithril Deposit'),
(@OGUID2+17,@POOL+17,10, 'Truesilver Deposit'),
(@OGUID3+17,@POOL+17,10, 'Gold Vein'),
(@OGUID1+18,@POOL+18,80, 'Mithril Deposit'),
(@OGUID2+18,@POOL+18,10, 'Truesilver Deposit'),
(@OGUID3+18,@POOL+18,10, 'Gold Vein'),
(@OGUID1+19,@POOL+19,80, 'Mithril Deposit'),
(@OGUID2+19,@POOL+19,10, 'Truesilver Deposit'),
(@OGUID3+19,@POOL+19,10, 'Gold Vein'),
(@OGUID1+20,@POOL+20,80, 'Mithril Deposit'),
(@OGUID2+20,@POOL+20,10, 'Truesilver Deposit'),
(@OGUID3+20,@POOL+20,10, 'Gold Vein'),
(@OGUID1+21,@POOL+21,80, 'Mithril Deposit'),
(@OGUID2+21,@POOL+21,10, 'Truesilver Deposit'),
(@OGUID3+21,@POOL+21,10, 'Gold Vein'),
(@OGUID1+22,@POOL+22,80, 'Mithril Deposit'),
(@OGUID2+22,@POOL+22,10, 'Truesilver Deposit'),
(@OGUID3+22,@POOL+22,10, 'Gold Vein'),
(@OGUID1+23,@POOL+23,80, 'Mithril Deposit'),
(@OGUID2+23,@POOL+23,10, 'Truesilver Deposit'),
(@OGUID3+23,@POOL+23,10, 'Gold Vein'),
(@OGUID1+24,@POOL+24,80, 'Mithril Deposit'),
(@OGUID2+24,@POOL+24,10, 'Truesilver Deposit'),
(@OGUID3+24,@POOL+24,10, 'Gold Vein'),
(@OGUID1+25,@POOL+25,80, 'Mithril Deposit'),
(@OGUID2+25,@POOL+25,10, 'Truesilver Deposit'),
(@OGUID3+25,@POOL+25,10, 'Gold Vein'),
(@OGUID1+26,@POOL+26,80, 'Mithril Deposit'),
(@OGUID2+26,@POOL+26,10, 'Truesilver Deposit'),
(@OGUID3+26,@POOL+26,10, 'Gold Vein'),
(@OGUID1+27,@POOL+27,80, 'Mithril Deposit'),
(@OGUID2+27,@POOL+27,10, 'Truesilver Deposit'),
(@OGUID3+27,@POOL+27,10, 'Gold Vein'),
(@OGUID1+28,@POOL+28,80, 'Mithril Deposit'),
(@OGUID2+28,@POOL+28,10, 'Truesilver Deposit'),
(@OGUID3+28,@POOL+28,10, 'Gold Vein'),
(@OGUID1+29,@POOL+29,80, 'Mithril Deposit'),
(@OGUID2+29,@POOL+29,10, 'Truesilver Deposit'),
(@OGUID3+29,@POOL+29,10, 'Gold Vein'),
(@OGUID1+30,@POOL+30,80, 'Mithril Deposit'),
(@OGUID2+30,@POOL+30,10, 'Truesilver Deposit'),
(@OGUID3+30,@POOL+30,10, 'Gold Vein'),
(@OGUID1+31,@POOL+31,80, 'Mithril Deposit'),
(@OGUID2+31,@POOL+31,10, 'Truesilver Deposit'),
(@OGUID3+31,@POOL+31,10, 'Gold Vein'),
(@OGUID1+32,@POOL+32,80, 'Mithril Deposit'),
(@OGUID2+32,@POOL+32,10, 'Truesilver Deposit'),
(@OGUID3+32,@POOL+32,10, 'Gold Vein'),
(@OGUID1+33,@POOL+33,80, 'Mithril Deposit'),
(@OGUID2+33,@POOL+33,10, 'Truesilver Deposit'),
(@OGUID3+33,@POOL+33,10, 'Gold Vein'),
(@OGUID1+34,@POOL+34,80, 'Mithril Deposit'),
(@OGUID2+34,@POOL+34,10, 'Truesilver Deposit'),
(@OGUID3+34,@POOL+34,10, 'Gold Vein'),
(@OGUID1+35,@POOL+35,80, 'Mithril Deposit'),
(@OGUID2+35,@POOL+35,10, 'Truesilver Deposit'),
(@OGUID3+35,@POOL+35,10, 'Gold Vein'),
(@OGUID1+36,@POOL+36,80, 'Mithril Deposit'),
(@OGUID2+36,@POOL+36,10, 'Truesilver Deposit'),
(@OGUID3+36,@POOL+36,10, 'Gold Vein'),
(@OGUID1+37,@POOL+37,80, 'Mithril Deposit'),
(@OGUID2+37,@POOL+37,10, 'Truesilver Deposit'),
(@OGUID3+37,@POOL+37,10, 'Gold Vein'),
(@OGUID1+38,@POOL+38,80, 'Mithril Deposit'),
(@OGUID2+38,@POOL+38,10, 'Truesilver Deposit'),
(@OGUID3+38,@POOL+38,10, 'Gold Vein'),
(@OGUID1+39,@POOL+39,80, 'Mithril Deposit'),
(@OGUID2+39,@POOL+39,10, 'Truesilver Deposit'),
(@OGUID3+39,@POOL+39,10, 'Gold Vein'),
(@OGUID1+40,@POOL+40,80, 'Mithril Deposit'),
(@OGUID2+40,@POOL+40,10, 'Truesilver Deposit'),
(@OGUID3+40,@POOL+40,10, 'Gold Vein'),
(@OGUID1+41,@POOL+41,80, 'Mithril Deposit'),
(@OGUID2+41,@POOL+41,10, 'Truesilver Deposit'),
(@OGUID3+41,@POOL+41,10, 'Gold Vein'),
(@OGUID1+42,@POOL+42,80, 'Mithril Deposit'),
(@OGUID2+42,@POOL+42,10, 'Truesilver Deposit'),
(@OGUID3+42,@POOL+42,10, 'Gold Vein'),
(@OGUID1+43,@POOL+43,80, 'Mithril Deposit'),
(@OGUID2+43,@POOL+43,10, 'Truesilver Deposit'),
(@OGUID3+43,@POOL+43,10, 'Gold Vein'),
(@OGUID1+44,@POOL+44,80, 'Mithril Deposit'),
(@OGUID2+44,@POOL+44,10, 'Truesilver Deposit'),
(@OGUID3+44,@POOL+44,10, 'Gold Vein'),
(@OGUID1+45,@POOL+45,80, 'Mithril Deposit'),
(@OGUID2+45,@POOL+45,10, 'Truesilver Deposit'),
(@OGUID3+45,@POOL+45,10, 'Gold Vein'),
(@OGUID1+46,@POOL+46,80, 'Mithril Deposit'),
(@OGUID2+46,@POOL+46,10, 'Truesilver Deposit'),
(@OGUID3+46,@POOL+46,10, 'Gold Vein'),
(@OGUID1+47,@POOL+47,80, 'Mithril Deposit'),
(@OGUID2+47,@POOL+47,10, 'Truesilver Deposit'),
(@OGUID3+47,@POOL+47,10, 'Gold Vein'),
(@OGUID1+48,@POOL+48,80, 'Mithril Deposit'),
(@OGUID2+48,@POOL+48,10, 'Truesilver Deposit'),
(@OGUID3+48,@POOL+48,10, 'Gold Vein'),
(@OGUID1+49,@POOL+49,80, 'Mithril Deposit'),
(@OGUID2+49,@POOL+49,10, 'Truesilver Deposit'),
(@OGUID3+49,@POOL+49,10, 'Gold Vein'),
(@OGUID1+50,@POOL+50,80, 'Mithril Deposit'),
(@OGUID2+50,@POOL+50,10, 'Truesilver Deposit'),
(@OGUID3+50,@POOL+50,10, 'Gold Vein'),
(@OGUID1+51,@POOL+51,80, 'Mithril Deposit'),
(@OGUID2+51,@POOL+51,10, 'Truesilver Deposit'),
(@OGUID3+51,@POOL+51,10, 'Gold Vein'),
(@OGUID1+52,@POOL+52,80, 'Mithril Deposit'),
(@OGUID2+52,@POOL+52,10, 'Truesilver Deposit'),
(@OGUID3+52,@POOL+52,10, 'Gold Vein'),
(@OGUID1+53,@POOL+53,80, 'Mithril Deposit'),
(@OGUID2+53,@POOL+53,10, 'Truesilver Deposit'),
(@OGUID3+53,@POOL+53,10, 'Gold Vein'),
(@OGUID1+54,@POOL+54,80, 'Mithril Deposit'),
(@OGUID2+54,@POOL+54,10, 'Truesilver Deposit'),
(@OGUID3+54,@POOL+54,10, 'Gold Vein'),
(@OGUID1+55,@POOL+55,80, 'Mithril Deposit'),
(@OGUID2+55,@POOL+55,10, 'Truesilver Deposit'),
(@OGUID3+55,@POOL+55,10, 'Gold Vein'),
(@OGUID1+56,@POOL+56,80, 'Mithril Deposit'),
(@OGUID2+56,@POOL+56,10, 'Truesilver Deposit'),
(@OGUID3+56,@POOL+56,10, 'Gold Vein'),
(@OGUID1+57,@POOL+57,80, 'Mithril Deposit'),
(@OGUID2+57,@POOL+57,10, 'Truesilver Deposit'),
(@OGUID3+57,@POOL+57,10, 'Gold Vein'),
(@OGUID1+58,@POOL+58,80, 'Mithril Deposit'),
(@OGUID2+58,@POOL+58,10, 'Truesilver Deposit'),
(@OGUID3+58,@POOL+58,10, 'Gold Vein'),
(@OGUID1+59,@POOL+59,80, 'Mithril Deposit'),
(@OGUID2+59,@POOL+59,10, 'Truesilver Deposit'),
(@OGUID3+59,@POOL+59,10, 'Gold Vein'),
(@OGUID1+60,@POOL+60,80, 'Mithril Deposit'),
(@OGUID2+60,@POOL+60,10, 'Truesilver Deposit'),
(@OGUID3+60,@POOL+60,10, 'Gold Vein'),
(@OGUID1+61,@POOL+61,80, 'Mithril Deposit'),
(@OGUID2+61,@POOL+61,10, 'Truesilver Deposit'),
(@OGUID3+61,@POOL+61,10, 'Gold Vein'),
(@OGUID1+62,@POOL+62,80, 'Mithril Deposit'),
(@OGUID2+62,@POOL+62,10, 'Truesilver Deposit'),
(@OGUID3+62,@POOL+62,10, 'Gold Vein'),
(@OGUID1+63,@POOL+63,80, 'Mithril Deposit'),
(@OGUID2+63,@POOL+63,10, 'Truesilver Deposit'),
(@OGUID3+63,@POOL+63,10, 'Gold Vein'),
(@OGUID1+64,@POOL+64,80, 'Mithril Deposit'),
(@OGUID2+64,@POOL+64,10, 'Truesilver Deposit'),
(@OGUID3+64,@POOL+64,10, 'Gold Vein'),
(@OGUID1+65,@POOL+65,80, 'Mithril Deposit'),
(@OGUID2+65,@POOL+65,10, 'Truesilver Deposit'),
(@OGUID3+65,@POOL+65,10, 'Gold Vein'),
(@OGUID1+66,@POOL+66,80, 'Mithril Deposit'),
(@OGUID2+66,@POOL+66,10, 'Truesilver Deposit'),
(@OGUID3+66,@POOL+66,10, 'Gold Vein'),
(@OGUID1+67,@POOL+67,80, 'Mithril Deposit'),
(@OGUID2+67,@POOL+67,10, 'Truesilver Deposit'),
(@OGUID3+67,@POOL+67,10, 'Gold Vein'),
(@OGUID1+68,@POOL+68,80, 'Mithril Deposit'),
(@OGUID2+68,@POOL+68,10, 'Truesilver Deposit'),
(@OGUID3+68,@POOL+68,10, 'Gold Vein'),
(@OGUID1+69,@POOL+69,80, 'Mithril Deposit'),
(@OGUID2+69,@POOL+69,10, 'Truesilver Deposit'),
(@OGUID3+69,@POOL+69,10, 'Gold Vein'),
(@OGUID1+70,@POOL+70,80, 'Mithril Deposit'),
(@OGUID2+70,@POOL+70,10, 'Truesilver Deposit'),
(@OGUID3+70,@POOL+70,10, 'Gold Vein'),
(@OGUID1+71,@POOL+71,80, 'Mithril Deposit'),
(@OGUID2+71,@POOL+71,10, 'Truesilver Deposit'),
(@OGUID3+71,@POOL+71,10, 'Gold Vein'),
(@OGUID1+72,@POOL+72,80, 'Mithril Deposit'),
(@OGUID2+72,@POOL+72,10, 'Truesilver Deposit'),
(@OGUID3+72,@POOL+72,10, 'Gold Vein'),
(@OGUID1+73,@POOL+73,80, 'Mithril Deposit'),
(@OGUID2+73,@POOL+73,10, 'Truesilver Deposit'),
(@OGUID3+73,@POOL+73,10, 'Gold Vein'),
(@OGUID1+74,@POOL+74,80, 'Mithril Deposit'),
(@OGUID2+74,@POOL+74,10, 'Truesilver Deposit'),
(@OGUID3+74,@POOL+74,10, 'Gold Vein'),
(@OGUID1+75,@POOL+75,80, 'Mithril Deposit'),
(@OGUID2+75,@POOL+75,10, 'Truesilver Deposit'),
(@OGUID3+75,@POOL+75,10, 'Gold Vein'),
(@OGUID1+76,@POOL+76,80, 'Mithril Deposit'),
(@OGUID2+76,@POOL+76,10, 'Truesilver Deposit'),
(@OGUID3+76,@POOL+76,10, 'Gold Vein'),
(@OGUID1+77,@POOL+77,80, 'Mithril Deposit'),
(@OGUID2+77,@POOL+77,10, 'Truesilver Deposit'),
(@OGUID3+77,@POOL+77,10, 'Gold Vein'),
(@OGUID1+78,@POOL+78,80, 'Mithril Deposit'),
(@OGUID2+78,@POOL+78,10, 'Truesilver Deposit'),
(@OGUID3+78,@POOL+78,10, 'Gold Vein'),
(@OGUID1+79,@POOL+79,80, 'Mithril Deposit'),
(@OGUID2+79,@POOL+79,10, 'Truesilver Deposit'),
(@OGUID3+79,@POOL+79,10, 'Gold Vein'),
(@OGUID1+80,@POOL+80,80, 'Mithril Deposit'),
(@OGUID2+80,@POOL+80,10, 'Truesilver Deposit'),
(@OGUID3+80,@POOL+80,10, 'Gold Vein'),
(@OGUID1+81,@POOL+81,80, 'Mithril Deposit'),
(@OGUID2+81,@POOL+81,10, 'Truesilver Deposit'),
(@OGUID3+81,@POOL+81,10, 'Gold Vein'),
(@OGUID1+82,@POOL+82,80, 'Mithril Deposit'),
(@OGUID2+82,@POOL+82,10, 'Truesilver Deposit'),
(@OGUID3+82,@POOL+82,10, 'Gold Vein'),
(@OGUID1+83,@POOL+83,80, 'Mithril Deposit'),
(@OGUID2+83,@POOL+83,10, 'Truesilver Deposit'),
(@OGUID3+83,@POOL+83,10, 'Gold Vein'),
(@OGUID1+84,@POOL+84,80, 'Mithril Deposit'),
(@OGUID2+84,@POOL+84,10, 'Truesilver Deposit'),
(@OGUID3+84,@POOL+84,10, 'Gold Vein'),
(@OGUID1+85,@POOL+85,80, 'Mithril Deposit'),
(@OGUID2+85,@POOL+85,10, 'Truesilver Deposit'),
(@OGUID3+85,@POOL+85,10, 'Gold Vein'),
(@OGUID1+86,@POOL+86,80, 'Mithril Deposit'),
(@OGUID2+86,@POOL+86,10, 'Truesilver Deposit'),
(@OGUID3+86,@POOL+86,10, 'Gold Vein'),
(@OGUID1+87,@POOL+87,80, 'Mithril Deposit'),
(@OGUID2+87,@POOL+87,10, 'Truesilver Deposit'),
(@OGUID3+87,@POOL+87,10, 'Gold Vein'),
(@OGUID1+88,@POOL+88,80, 'Mithril Deposit'),
(@OGUID2+88,@POOL+88,10, 'Truesilver Deposit'),
(@OGUID3+88,@POOL+88,10, 'Gold Vein'),
(@OGUID1+89,@POOL+89,80, 'Mithril Deposit'),
(@OGUID2+89,@POOL+89,10, 'Truesilver Deposit'),
(@OGUID3+89,@POOL+89,10, 'Gold Vein'),
(@OGUID1+90,@POOL+90,80, 'Mithril Deposit'),
(@OGUID2+90,@POOL+90,10, 'Truesilver Deposit'),
(@OGUID3+90,@POOL+90,10, 'Gold Vein'),
(@OGUID1+91,@POOL+91,80, 'Mithril Deposit'),
(@OGUID2+91,@POOL+91,10, 'Truesilver Deposit'),
(@OGUID3+91,@POOL+91,10, 'Gold Vein'),
(@OGUID1+92,@POOL+92,80, 'Mithril Deposit'),
(@OGUID2+92,@POOL+92,10, 'Truesilver Deposit'),
(@OGUID3+92,@POOL+92,10, 'Gold Vein'),
(@OGUID1+93,@POOL+93,80, 'Mithril Deposit'),
(@OGUID2+93,@POOL+93,10, 'Truesilver Deposit'),
(@OGUID3+93,@POOL+93,10, 'Gold Vein'),
(@OGUID1+94,@POOL+94,80, 'Mithril Deposit'),
(@OGUID2+94,@POOL+94,10, 'Truesilver Deposit'),
(@OGUID3+94,@POOL+94,10, 'Gold Vein'),
(@OGUID1+95,@POOL+95,80, 'Mithril Deposit'),
(@OGUID2+95,@POOL+95,10, 'Truesilver Deposit'),
(@OGUID3+95,@POOL+95,10, 'Gold Vein'),
(@OGUID1+96,@POOL+96,80, 'Mithril Deposit'),
(@OGUID2+96,@POOL+96,10, 'Truesilver Deposit'),
(@OGUID3+96,@POOL+96,10, 'Gold Vein'),
(@OGUID1+97,@POOL+97,80, 'Mithril Deposit'),
(@OGUID2+97,@POOL+97,10, 'Truesilver Deposit'),
(@OGUID3+97,@POOL+97,10, 'Gold Vein'),
(@OGUID1+98,@POOL+98,80, 'Mithril Deposit'),
(@OGUID2+98,@POOL+98,10, 'Truesilver Deposit'),
(@OGUID3+98,@POOL+98,10, 'Gold Vein'),
(@OGUID1+99,@POOL+99,80, 'Mithril Deposit'),
(@OGUID2+99,@POOL+99,10, 'Truesilver Deposit'),
(@OGUID3+99,@POOL+99,10, 'Gold Vein'),
(@OGUID1+100,@POOL+100,80, 'Mithril Deposit'),
(@OGUID2+100,@POOL+100,10, 'Truesilver Deposit'),
(@OGUID3+100,@POOL+100,10, 'Gold Vein'),
(@OGUID1+101,@POOL+101,80, 'Mithril Deposit'),
(@OGUID2+101,@POOL+101,10, 'Truesilver Deposit'),
(@OGUID3+101,@POOL+101,10, 'Gold Vein'),
(@OGUID1+102,@POOL+102,80, 'Mithril Deposit'),
(@OGUID2+102,@POOL+102,10, 'Truesilver Deposit'),
(@OGUID3+102,@POOL+102,10, 'Gold Vein'),
(@OGUID1+103,@POOL+103,80, 'Mithril Deposit'),
(@OGUID2+103,@POOL+103,10, 'Truesilver Deposit'),
(@OGUID3+103,@POOL+103,10, 'Gold Vein'),
(@OGUID1+104,@POOL+104,80, 'Mithril Deposit'),
(@OGUID2+104,@POOL+104,10, 'Truesilver Deposit'),
(@OGUID3+104,@POOL+104,10, 'Gold Vein'),
(@OGUID1+105,@POOL+105,80, 'Mithril Deposit'),
(@OGUID2+105,@POOL+105,10, 'Truesilver Deposit'),
(@OGUID3+105,@POOL+105,10, 'Gold Vein'),
(@OGUID1+106,@POOL+106,80, 'Mithril Deposit'),
(@OGUID2+106,@POOL+106,10, 'Truesilver Deposit'),
(@OGUID3+106,@POOL+106,10, 'Gold Vein'),
(@OGUID1+107,@POOL+107,80, 'Mithril Deposit'),
(@OGUID2+107,@POOL+107,10, 'Truesilver Deposit'),
(@OGUID3+107,@POOL+107,10, 'Gold Vein'),
(@OGUID1+108,@POOL+108,80, 'Mithril Deposit'),
(@OGUID2+108,@POOL+108,10, 'Truesilver Deposit'),
(@OGUID3+108,@POOL+108,10, 'Gold Vein'),
(@OGUID1+109,@POOL+109,80, 'Mithril Deposit'),
(@OGUID2+109,@POOL+109,10, 'Truesilver Deposit'),
(@OGUID3+109,@POOL+109,10, 'Gold Vein'),
(@OGUID1+110,@POOL+110,80, 'Mithril Deposit'),
(@OGUID2+110,@POOL+110,10, 'Truesilver Deposit'),
(@OGUID3+110,@POOL+110,10, 'Gold Vein'),
(@OGUID1+111,@POOL+111,80, 'Mithril Deposit'),
(@OGUID2+111,@POOL+111,10, 'Truesilver Deposit'),
(@OGUID3+111,@POOL+111,10, 'Gold Vein'),
(@OGUID1+112,@POOL+112,80, 'Mithril Deposit'),
(@OGUID2+112,@POOL+112,10, 'Truesilver Deposit'),
(@OGUID3+112,@POOL+112,10, 'Gold Vein'),
(@OGUID1+113,@POOL+113,80, 'Mithril Deposit'),
(@OGUID2+113,@POOL+113,10, 'Truesilver Deposit'),
(@OGUID3+113,@POOL+113,10, 'Gold Vein'),
(@OGUID1+114,@POOL+114,80, 'Mithril Deposit'),
(@OGUID2+114,@POOL+114,10, 'Truesilver Deposit'),
(@OGUID3+114,@POOL+114,10, 'Gold Vein'),
(@OGUID1+115,@POOL+115,80, 'Mithril Deposit'),
(@OGUID2+115,@POOL+115,10, 'Truesilver Deposit'),
(@OGUID3+115,@POOL+115,10, 'Gold Vein'),
(@OGUID1+116,@POOL+116,80, 'Mithril Deposit'),
(@OGUID2+116,@POOL+116,10, 'Truesilver Deposit'),
(@OGUID3+116,@POOL+116,10, 'Gold Vein'),
(@OGUID1+117,@POOL+117,80, 'Mithril Deposit'),
(@OGUID2+117,@POOL+117,10, 'Truesilver Deposit'),
(@OGUID3+117,@POOL+117,10, 'Gold Vein'),
(@OGUID1+118,@POOL+118,80, 'Mithril Deposit'),
(@OGUID2+118,@POOL+118,10, 'Truesilver Deposit'),
(@OGUID3+118,@POOL+118,10, 'Gold Vein'),
(@OGUID1+119,@POOL+119,80, 'Mithril Deposit'),
(@OGUID2+119,@POOL+119,10, 'Truesilver Deposit'),
(@OGUID3+119,@POOL+119,10, 'Gold Vein'),
(@OGUID1+120,@POOL+120,80, 'Mithril Deposit'),
(@OGUID2+120,@POOL+120,10, 'Truesilver Deposit'),
(@OGUID3+120,@POOL+120,10, 'Gold Vein'),
(@OGUID1+121,@POOL+121,80, 'Mithril Deposit'),
(@OGUID2+121,@POOL+121,10, 'Truesilver Deposit'),
(@OGUID3+121,@POOL+121,10, 'Gold Vein'),
(@OGUID1+122,@POOL+122,80, 'Mithril Deposit'),
(@OGUID2+122,@POOL+122,10, 'Truesilver Deposit'),
(@OGUID3+122,@POOL+122,10, 'Gold Vein'),
(@OGUID1+123,@POOL+123,80, 'Mithril Deposit'),
(@OGUID2+123,@POOL+123,10, 'Truesilver Deposit'),
(@OGUID3+123,@POOL+123,10, 'Gold Vein'),
(@OGUID1+124,@POOL+124,80, 'Mithril Deposit'),
(@OGUID2+124,@POOL+124,10, 'Truesilver Deposit'),
(@OGUID3+124,@POOL+124,10, 'Gold Vein'),
(@OGUID1+125,@POOL+125,80, 'Mithril Deposit'),
(@OGUID2+125,@POOL+125,10, 'Truesilver Deposit'),
(@OGUID3+125,@POOL+125,10, 'Gold Vein'),
(@OGUID1+126,@POOL+126,80, 'Mithril Deposit'),
(@OGUID2+126,@POOL+126,10, 'Truesilver Deposit'),
(@OGUID3+126,@POOL+126,10, 'Gold Vein'),
(@OGUID1+127,@POOL+127,80, 'Mithril Deposit'),
(@OGUID2+127,@POOL+127,10, 'Truesilver Deposit'),
(@OGUID3+127,@POOL+127,10, 'Gold Vein'),
(@OGUID1+128,@POOL+128,80, 'Mithril Deposit'),
(@OGUID2+128,@POOL+128,10, 'Truesilver Deposit'),
(@OGUID3+128,@POOL+128,10, 'Gold Vein'),
(@OGUID1+129,@POOL+129,80, 'Mithril Deposit'),
(@OGUID2+129,@POOL+129,10, 'Truesilver Deposit'),
(@OGUID3+129,@POOL+129,10, 'Gold Vein'),
(@OGUID1+130,@POOL+130,80, 'Mithril Deposit'),
(@OGUID2+130,@POOL+130,10, 'Truesilver Deposit'),
(@OGUID3+130,@POOL+130,10, 'Gold Vein'),
(@OGUID1+131,@POOL+131,80, 'Mithril Deposit'),
(@OGUID2+131,@POOL+131,10, 'Truesilver Deposit'),
(@OGUID3+131,@POOL+131,10, 'Gold Vein'),
(@OGUID1+132,@POOL+132,80, 'Mithril Deposit'),
(@OGUID2+132,@POOL+132,10, 'Truesilver Deposit'),
(@OGUID3+132,@POOL+132,10, 'Gold Vein'),
(@OGUID1+133,@POOL+133,80, 'Mithril Deposit'),
(@OGUID2+133,@POOL+133,10, 'Truesilver Deposit'),
(@OGUID3+133,@POOL+133,10, 'Gold Vein'),
(@OGUID1+134,@POOL+134,80, 'Mithril Deposit'),
(@OGUID2+134,@POOL+134,10, 'Truesilver Deposit'),
(@OGUID3+134,@POOL+134,10, 'Gold Vein'),
(@OGUID1+135,@POOL+135,80, 'Mithril Deposit'),
(@OGUID2+135,@POOL+135,10, 'Truesilver Deposit'),
(@OGUID3+135,@POOL+135,10, 'Gold Vein'),
(@OGUID1+136,@POOL+136,80, 'Mithril Deposit'),
(@OGUID2+136,@POOL+136,10, 'Truesilver Deposit'),
(@OGUID3+136,@POOL+136,10, 'Gold Vein'),
(@OGUID1+137,@POOL+137,80, 'Mithril Deposit'),
(@OGUID2+137,@POOL+137,10, 'Truesilver Deposit'),
(@OGUID3+137,@POOL+137,10, 'Gold Vein'),
(@OGUID1+138,@POOL+138,80, 'Mithril Deposit'),
(@OGUID2+138,@POOL+138,10, 'Truesilver Deposit'),
(@OGUID3+138,@POOL+138,10, 'Gold Vein'),
(@OGUID1+139,@POOL+139,80, 'Mithril Deposit'),
(@OGUID2+139,@POOL+139,10, 'Truesilver Deposit'),
(@OGUID3+139,@POOL+139,10, 'Gold Vein'),
(@OGUID1+140,@POOL+140,80, 'Mithril Deposit'),
(@OGUID2+140,@POOL+140,10, 'Truesilver Deposit'),
(@OGUID3+140,@POOL+140,10, 'Gold Vein'),
(@OGUID1+141,@POOL+141,80, 'Mithril Deposit'),
(@OGUID2+141,@POOL+141,10, 'Truesilver Deposit'),
(@OGUID3+141,@POOL+141,10, 'Gold Vein'),
(@OGUID1+142,@POOL+142,80, 'Mithril Deposit'),
(@OGUID2+142,@POOL+142,10, 'Truesilver Deposit'),
(@OGUID3+142,@POOL+142,10, 'Gold Vein'),
(@OGUID1+143,@POOL+143,80, 'Mithril Deposit'),
(@OGUID2+143,@POOL+143,10, 'Truesilver Deposit'),
(@OGUID3+143,@POOL+143,10, 'Gold Vein'),
(@OGUID1+144,@POOL+144,80, 'Mithril Deposit'),
(@OGUID2+144,@POOL+144,10, 'Truesilver Deposit'),
(@OGUID3+144,@POOL+144,10, 'Gold Vein'),
(@OGUID1+145,@POOL+145,80, 'Mithril Deposit'),
(@OGUID2+145,@POOL+145,10, 'Truesilver Deposit'),
(@OGUID3+145,@POOL+145,10, 'Gold Vein'),
(@OGUID1+146,@POOL+146,80, 'Mithril Deposit'),
(@OGUID2+146,@POOL+146,10, 'Truesilver Deposit'),
(@OGUID3+146,@POOL+146,10, 'Gold Vein'),
(@OGUID1+147,@POOL+147,80, 'Mithril Deposit'),
(@OGUID2+147,@POOL+147,10, 'Truesilver Deposit'),
(@OGUID3+147,@POOL+147,10, 'Gold Vein'),
(@OGUID1+148,@POOL+148,80, 'Mithril Deposit'),
(@OGUID2+148,@POOL+148,10, 'Truesilver Deposit'),
(@OGUID3+148,@POOL+148,10, 'Gold Vein'),
(@OGUID1+149,@POOL+149,80, 'Mithril Deposit'),
(@OGUID2+149,@POOL+149,10, 'Truesilver Deposit'),
(@OGUID3+149,@POOL+149,10, 'Gold Vein'),
(@OGUID1+150,@POOL+150,80, 'Mithril Deposit'),
(@OGUID2+150,@POOL+150,10, 'Truesilver Deposit'),
(@OGUID3+150,@POOL+150,10, 'Gold Vein'),
(@OGUID1+151,@POOL+151,80, 'Mithril Deposit'),
(@OGUID2+151,@POOL+151,10, 'Truesilver Deposit'),
(@OGUID3+151,@POOL+151,10, 'Gold Vein'),
(@OGUID1+152,@POOL+152,80, 'Mithril Deposit'),
(@OGUID2+152,@POOL+152,10, 'Truesilver Deposit'),
(@OGUID3+152,@POOL+152,10, 'Gold Vein'),
(@OGUID1+153,@POOL+153,80, 'Mithril Deposit'),
(@OGUID2+153,@POOL+153,10, 'Truesilver Deposit'),
(@OGUID3+153,@POOL+153,10, 'Gold Vein'),
(@OGUID1+154,@POOL+154,80, 'Mithril Deposit'),
(@OGUID2+154,@POOL+154,10, 'Truesilver Deposit'),
(@OGUID3+154,@POOL+154,10, 'Gold Vein'),
(@OGUID1+155,@POOL+155,80, 'Mithril Deposit'),
(@OGUID2+155,@POOL+155,10, 'Truesilver Deposit'),
(@OGUID3+155,@POOL+155,10, 'Gold Vein'),
(@OGUID1+156,@POOL+156,80, 'Mithril Deposit'),
(@OGUID2+156,@POOL+156,10, 'Truesilver Deposit'),
(@OGUID3+156,@POOL+156,10, 'Gold Vein'),
(@OGUID1+157,@POOL+157,80, 'Mithril Deposit'),
(@OGUID2+157,@POOL+157,10, 'Truesilver Deposit'),
(@OGUID3+157,@POOL+157,10, 'Gold Vein'),
(@OGUID1+158,@POOL+158,80, 'Mithril Deposit'),
(@OGUID2+158,@POOL+158,10, 'Truesilver Deposit'),
(@OGUID3+158,@POOL+158,10, 'Gold Vein'),
(@OGUID1+159,@POOL+159,80, 'Mithril Deposit'),
(@OGUID2+159,@POOL+159,10, 'Truesilver Deposit'),
(@OGUID3+159,@POOL+159,10, 'Gold Vein'),
(@OGUID1+160,@POOL+160,80, 'Mithril Deposit'),
(@OGUID2+160,@POOL+160,10, 'Truesilver Deposit'),
(@OGUID3+160,@POOL+160,10, 'Gold Vein'),
(@OGUID1+161,@POOL+161,80, 'Mithril Deposit'),
(@OGUID2+161,@POOL+161,10, 'Truesilver Deposit'),
(@OGUID3+161,@POOL+161,10, 'Gold Vein'),
(@OGUID1+162,@POOL+162,80, 'Mithril Deposit'),
(@OGUID2+162,@POOL+162,10, 'Truesilver Deposit'),
(@OGUID3+162,@POOL+162,10, 'Gold Vein'),
(@OGUID1+163,@POOL+163,80, 'Mithril Deposit'),
(@OGUID2+163,@POOL+163,10, 'Truesilver Deposit'),
(@OGUID3+163,@POOL+163,10, 'Gold Vein'),
(@OGUID1+164,@POOL+164,80, 'Mithril Deposit'),
(@OGUID2+164,@POOL+164,10, 'Truesilver Deposit'),
(@OGUID3+164,@POOL+164,10, 'Gold Vein'),
(@OGUID1+165,@POOL+165,80, 'Mithril Deposit'),
(@OGUID2+165,@POOL+165,10, 'Truesilver Deposit'),
(@OGUID3+165,@POOL+165,10, 'Gold Vein'),
(@OGUID1+166,@POOL+166,80, 'Mithril Deposit'),
(@OGUID2+166,@POOL+166,10, 'Truesilver Deposit'),
(@OGUID3+166,@POOL+166,10, 'Gold Vein'),
(@OGUID1+167,@POOL+167,80, 'Mithril Deposit'),
(@OGUID2+167,@POOL+167,10, 'Truesilver Deposit'),
(@OGUID3+167,@POOL+167,10, 'Gold Vein'),
(@OGUID1+168,@POOL+168,80, 'Mithril Deposit'),
(@OGUID2+168,@POOL+168,10, 'Truesilver Deposit'),
(@OGUID3+168,@POOL+168,10, 'Gold Vein'),
(@OGUID1+169,@POOL+169,80, 'Mithril Deposit'),
(@OGUID2+169,@POOL+169,10, 'Truesilver Deposit'),
(@OGUID3+169,@POOL+169,10, 'Gold Vein'),
(@OGUID1+170,@POOL+170,80, 'Mithril Deposit'),
(@OGUID2+170,@POOL+170,10, 'Truesilver Deposit'),
(@OGUID3+170,@POOL+170,10, 'Gold Vein'),
(@OGUID1+171,@POOL+171,80, 'Mithril Deposit'),
(@OGUID2+171,@POOL+171,10, 'Truesilver Deposit'),
(@OGUID3+171,@POOL+171,10, 'Gold Vein'),
(@OGUID1+172,@POOL+172,80, 'Mithril Deposit'),
(@OGUID2+172,@POOL+172,10, 'Truesilver Deposit'),
(@OGUID3+172,@POOL+172,10, 'Gold Vein'),
(@OGUID1+173,@POOL+173,80, 'Mithril Deposit'),
(@OGUID2+173,@POOL+173,10, 'Truesilver Deposit'),
(@OGUID3+173,@POOL+173,10, 'Gold Vein'),
(@OGUID1+174,@POOL+174,80, 'Mithril Deposit'),
(@OGUID2+174,@POOL+174,10, 'Truesilver Deposit'),
(@OGUID3+174,@POOL+174,10, 'Gold Vein'),
(@OGUID1+175,@POOL+175,80, 'Mithril Deposit'),
(@OGUID2+175,@POOL+175,10, 'Truesilver Deposit'),
(@OGUID3+175,@POOL+175,10, 'Gold Vein'),
(@OGUID1+176,@POOL+176,80, 'Mithril Deposit'),
(@OGUID2+176,@POOL+176,10, 'Truesilver Deposit'),
(@OGUID3+176,@POOL+176,10, 'Gold Vein'),
(@OGUID1+177,@POOL+177,80, 'Mithril Deposit'),
(@OGUID2+177,@POOL+177,10, 'Truesilver Deposit'),
(@OGUID3+177,@POOL+177,10, 'Gold Vein'),
(@OGUID1+178,@POOL+178,80, 'Mithril Deposit'),
(@OGUID2+178,@POOL+178,10, 'Truesilver Deposit'),
(@OGUID3+178,@POOL+178,10, 'Gold Vein'),
(@OGUID1+179,@POOL+179,80, 'Mithril Deposit'),
(@OGUID2+179,@POOL+179,10, 'Truesilver Deposit'),
(@OGUID3+179,@POOL+179,10, 'Gold Vein'),
(@OGUID1+180,@POOL+180,80, 'Mithril Deposit'),
(@OGUID2+180,@POOL+180,10, 'Truesilver Deposit'),
(@OGUID3+180,@POOL+180,10, 'Gold Vein');

-- Add each pool to pool template
DELETE FROM `pool_template` WHERE `entry` BETWEEN @POOL AND @POOL+@LASTGUID;
INSERT INTO `pool_template` (`entry`,`max_limit`,`description`) VALUES
(@POOL+0,1, 'Searing Gorge Ore Spawnpoint'),
(@POOL+1,1, 'Searing Gorge Ore Spawnpoint'),
(@POOL+2,1, 'Searing Gorge Ore Spawnpoint'),
(@POOL+3,1, 'Searing Gorge Ore Spawnpoint'),
(@POOL+4,1, 'Searing Gorge Ore Spawnpoint'),
(@POOL+5,1, 'Searing Gorge Ore Spawnpoint'),
(@POOL+6,1, 'Searing Gorge Ore Spawnpoint'),
(@POOL+7,1, 'Searing Gorge Ore Spawnpoint'),
(@POOL+8,1, 'Searing Gorge Ore Spawnpoint'),
(@POOL+9,1, 'Searing Gorge Ore Spawnpoint'),
(@POOL+10,1, 'Searing Gorge Ore Spawnpoint'),
(@POOL+11,1, 'Searing Gorge Ore Spawnpoint'),
(@POOL+12,1, 'Searing Gorge Ore Spawnpoint'),
(@POOL+13,1, 'Searing Gorge Ore Spawnpoint'),
(@POOL+14,1, 'Searing Gorge Ore Spawnpoint'),
(@POOL+15,1, 'Searing Gorge Ore Spawnpoint'),
(@POOL+16,1, 'Searing Gorge Ore Spawnpoint'),
(@POOL+17,1, 'Searing Gorge Ore Spawnpoint'),
(@POOL+18,1, 'Searing Gorge Ore Spawnpoint'),
(@POOL+19,1, 'Searing Gorge Ore Spawnpoint'),
(@POOL+20,1, 'Searing Gorge Ore Spawnpoint'),
(@POOL+21,1, 'Searing Gorge Ore Spawnpoint'),
(@POOL+22,1, 'Searing Gorge Ore Spawnpoint'),
(@POOL+23,1, 'Searing Gorge Ore Spawnpoint'),
(@POOL+24,1, 'Searing Gorge Ore Spawnpoint'),
(@POOL+25,1, 'Searing Gorge Ore Spawnpoint'),
(@POOL+26,1, 'Searing Gorge Ore Spawnpoint'),
(@POOL+27,1, 'Searing Gorge Ore Spawnpoint'),
(@POOL+28,1, 'Searing Gorge Ore Spawnpoint'),
(@POOL+29,1, 'Searing Gorge Ore Spawnpoint'),
(@POOL+30,1, 'Searing Gorge Ore Spawnpoint'),
(@POOL+31,1, 'Searing Gorge Ore Spawnpoint'),
(@POOL+32,1, 'Searing Gorge Ore Spawnpoint'),
(@POOL+33,1, 'Searing Gorge Ore Spawnpoint'),
(@POOL+34,1, 'Searing Gorge Ore Spawnpoint'),
(@POOL+35,1, 'Searing Gorge Ore Spawnpoint'),
(@POOL+36,1, 'Searing Gorge Ore Spawnpoint'),
(@POOL+37,1, 'Searing Gorge Ore Spawnpoint'),
(@POOL+38,1, 'Searing Gorge Ore Spawnpoint'),
(@POOL+39,1, 'Searing Gorge Ore Spawnpoint'),
(@POOL+40,1, 'Searing Gorge Ore Spawnpoint'),
(@POOL+41,1, 'Searing Gorge Ore Spawnpoint'),
(@POOL+42,1, 'Searing Gorge Ore Spawnpoint'),
(@POOL+43,1, 'Searing Gorge Ore Spawnpoint'),
(@POOL+44,1, 'Searing Gorge Ore Spawnpoint'),
(@POOL+45,1, 'Searing Gorge Ore Spawnpoint'),
(@POOL+46,1, 'Searing Gorge Ore Spawnpoint'),
(@POOL+47,1, 'Searing Gorge Ore Spawnpoint'),
(@POOL+48,1, 'Searing Gorge Ore Spawnpoint'),
(@POOL+49,1, 'Searing Gorge Ore Spawnpoint'),
(@POOL+50,1, 'Searing Gorge Ore Spawnpoint'),
(@POOL+51,1, 'Searing Gorge Ore Spawnpoint'),
(@POOL+52,1, 'Searing Gorge Ore Spawnpoint'),
(@POOL+53,1, 'Searing Gorge Ore Spawnpoint'),
(@POOL+54,1, 'Searing Gorge Ore Spawnpoint'),
(@POOL+55,1, 'Searing Gorge Ore Spawnpoint'),
(@POOL+56,1, 'Searing Gorge Ore Spawnpoint'),
(@POOL+57,1, 'Searing Gorge Ore Spawnpoint'),
(@POOL+58,1, 'Searing Gorge Ore Spawnpoint'),
(@POOL+59,1, 'Searing Gorge Ore Spawnpoint'),
(@POOL+60,1, 'Searing Gorge Ore Spawnpoint'),
(@POOL+61,1, 'Searing Gorge Ore Spawnpoint'),
(@POOL+62,1, 'Searing Gorge Ore Spawnpoint'),
(@POOL+63,1, 'Searing Gorge Ore Spawnpoint'),
(@POOL+64,1, 'Searing Gorge Ore Spawnpoint'),
(@POOL+65,1, 'Searing Gorge Ore Spawnpoint'),
(@POOL+66,1, 'Searing Gorge Ore Spawnpoint'),
(@POOL+67,1, 'Searing Gorge Ore Spawnpoint'),
(@POOL+68,1, 'Searing Gorge Ore Spawnpoint'),
(@POOL+69,1, 'Searing Gorge Ore Spawnpoint'),
(@POOL+70,1, 'Searing Gorge Ore Spawnpoint'),
(@POOL+71,1, 'Searing Gorge Ore Spawnpoint'),
(@POOL+72,1, 'Searing Gorge Ore Spawnpoint'),
(@POOL+73,1, 'Searing Gorge Ore Spawnpoint'),
(@POOL+74,1, 'Searing Gorge Ore Spawnpoint'),
(@POOL+75,1, 'Searing Gorge Ore Spawnpoint'),
(@POOL+76,1, 'Searing Gorge Ore Spawnpoint'),
(@POOL+77,1, 'Searing Gorge Ore Spawnpoint'),
(@POOL+78,1, 'Searing Gorge Ore Spawnpoint'),
(@POOL+79,1, 'Searing Gorge Ore Spawnpoint'),
(@POOL+80,1, 'Searing Gorge Ore Spawnpoint'),
(@POOL+81,1, 'Searing Gorge Ore Spawnpoint'),
(@POOL+82,1, 'Searing Gorge Ore Spawnpoint'),
(@POOL+83,1, 'Searing Gorge Ore Spawnpoint'),
(@POOL+84,1, 'Searing Gorge Ore Spawnpoint'),
(@POOL+85,1, 'Searing Gorge Ore Spawnpoint'),
(@POOL+86,1, 'Searing Gorge Ore Spawnpoint'),
(@POOL+87,1, 'Searing Gorge Ore Spawnpoint'),
(@POOL+88,1, 'Searing Gorge Ore Spawnpoint'),
(@POOL+89,1, 'Searing Gorge Ore Spawnpoint'),
(@POOL+90,1, 'Searing Gorge Ore Spawnpoint'),
(@POOL+91,1, 'Searing Gorge Ore Spawnpoint'),
(@POOL+92,1, 'Searing Gorge Ore Spawnpoint'),
(@POOL+93,1, 'Searing Gorge Ore Spawnpoint'),
(@POOL+94,1, 'Searing Gorge Ore Spawnpoint'),
(@POOL+95,1, 'Searing Gorge Ore Spawnpoint'),
(@POOL+96,1, 'Searing Gorge Ore Spawnpoint'),
(@POOL+97,1, 'Searing Gorge Ore Spawnpoint'),
(@POOL+98,1, 'Searing Gorge Ore Spawnpoint'),
(@POOL+99,1, 'Searing Gorge Ore Spawnpoint'),
(@POOL+100,1, 'Searing Gorge Ore Spawnpoint'),
(@POOL+101,1, 'Searing Gorge Ore Spawnpoint'),
(@POOL+102,1, 'Searing Gorge Ore Spawnpoint'),
(@POOL+103,1, 'Searing Gorge Ore Spawnpoint'),
(@POOL+104,1, 'Searing Gorge Ore Spawnpoint'),
(@POOL+105,1, 'Searing Gorge Ore Spawnpoint'),
(@POOL+106,1, 'Searing Gorge Ore Spawnpoint'),
(@POOL+107,1, 'Searing Gorge Ore Spawnpoint'),
(@POOL+108,1, 'Searing Gorge Ore Spawnpoint'),
(@POOL+109,1, 'Searing Gorge Ore Spawnpoint'),
(@POOL+110,1, 'Searing Gorge Ore Spawnpoint'),
(@POOL+111,1, 'Searing Gorge Ore Spawnpoint'),
(@POOL+112,1, 'Searing Gorge Ore Spawnpoint'),
(@POOL+113,1, 'Searing Gorge Ore Spawnpoint'),
(@POOL+114,1, 'Searing Gorge Ore Spawnpoint'),
(@POOL+115,1, 'Searing Gorge Ore Spawnpoint'),
(@POOL+116,1, 'Searing Gorge Ore Spawnpoint'),
(@POOL+117,1, 'Searing Gorge Ore Spawnpoint'),
(@POOL+118,1, 'Searing Gorge Ore Spawnpoint'),
(@POOL+119,1, 'Searing Gorge Ore Spawnpoint'),
(@POOL+120,1, 'Searing Gorge Ore Spawnpoint'),
(@POOL+121,1, 'Searing Gorge Ore Spawnpoint'),
(@POOL+122,1, 'Searing Gorge Ore Spawnpoint'),
(@POOL+123,1, 'Searing Gorge Ore Spawnpoint'),
(@POOL+124,1, 'Searing Gorge Ore Spawnpoint'),
(@POOL+125,1, 'Searing Gorge Ore Spawnpoint'),
(@POOL+126,1, 'Searing Gorge Ore Spawnpoint'),
(@POOL+127,1, 'Searing Gorge Ore Spawnpoint'),
(@POOL+128,1, 'Searing Gorge Ore Spawnpoint'),
(@POOL+129,1, 'Searing Gorge Ore Spawnpoint'),
(@POOL+130,1, 'Searing Gorge Ore Spawnpoint'),
(@POOL+131,1, 'Searing Gorge Ore Spawnpoint'),
(@POOL+132,1, 'Searing Gorge Ore Spawnpoint'),
(@POOL+133,1, 'Searing Gorge Ore Spawnpoint'),
(@POOL+134,1, 'Searing Gorge Ore Spawnpoint'),
(@POOL+135,1, 'Searing Gorge Ore Spawnpoint'),
(@POOL+136,1, 'Searing Gorge Ore Spawnpoint'),
(@POOL+137,1, 'Searing Gorge Ore Spawnpoint'),
(@POOL+138,1, 'Searing Gorge Ore Spawnpoint'),
(@POOL+139,1, 'Searing Gorge Ore Spawnpoint'),
(@POOL+140,1, 'Searing Gorge Ore Spawnpoint'),
(@POOL+141,1, 'Searing Gorge Ore Spawnpoint'),
(@POOL+142,1, 'Searing Gorge Ore Spawnpoint'),
(@POOL+143,1, 'Searing Gorge Ore Spawnpoint'),
(@POOL+144,1, 'Searing Gorge Ore Spawnpoint'),
(@POOL+145,1, 'Searing Gorge Ore Spawnpoint'),
(@POOL+146,1, 'Searing Gorge Ore Spawnpoint'),
(@POOL+147,1, 'Searing Gorge Ore Spawnpoint'),
(@POOL+148,1, 'Searing Gorge Ore Spawnpoint'),
(@POOL+149,1, 'Searing Gorge Ore Spawnpoint'),
(@POOL+150,1, 'Searing Gorge Ore Spawnpoint'),
(@POOL+151,1, 'Searing Gorge Ore Spawnpoint'),
(@POOL+152,1, 'Searing Gorge Ore Spawnpoint'),
(@POOL+153,1, 'Searing Gorge Ore Spawnpoint'),
(@POOL+154,1, 'Searing Gorge Ore Spawnpoint'),
(@POOL+155,1, 'Searing Gorge Ore Spawnpoint'),
(@POOL+156,1, 'Searing Gorge Ore Spawnpoint'),
(@POOL+157,1, 'Searing Gorge Ore Spawnpoint'),
(@POOL+158,1, 'Searing Gorge Ore Spawnpoint'),
(@POOL+159,1, 'Searing Gorge Ore Spawnpoint'),
(@POOL+160,1, 'Searing Gorge Ore Spawnpoint'),
(@POOL+161,1, 'Searing Gorge Ore Spawnpoint'),
(@POOL+162,1, 'Searing Gorge Ore Spawnpoint'),
(@POOL+163,1, 'Searing Gorge Ore Spawnpoint'),
(@POOL+164,1, 'Searing Gorge Ore Spawnpoint'),
(@POOL+165,1, 'Searing Gorge Ore Spawnpoint'),
(@POOL+166,1, 'Searing Gorge Ore Spawnpoint'),
(@POOL+167,1, 'Searing Gorge Ore Spawnpoint'),
(@POOL+168,1, 'Searing Gorge Ore Spawnpoint'),
(@POOL+169,1, 'Searing Gorge Ore Spawnpoint'),
(@POOL+170,1, 'Searing Gorge Ore Spawnpoint'),
(@POOL+171,1, 'Searing Gorge Ore Spawnpoint'),
(@POOL+172,1, 'Searing Gorge Ore Spawnpoint'),
(@POOL+173,1, 'Searing Gorge Ore Spawnpoint'),
(@POOL+174,1, 'Searing Gorge Ore Spawnpoint'),
(@POOL+175,1, 'Searing Gorge Ore Spawnpoint'),
(@POOL+176,1, 'Searing Gorge Ore Spawnpoint'),
(@POOL+177,1, 'Searing Gorge Ore Spawnpoint'),
(@POOL+178,1, 'Searing Gorge Ore Spawnpoint'),
(@POOL+179,1, 'Searing Gorge Ore Spawnpoint'),
(@POOL+180,1, 'Searing Gorge Ore Spawnpoint');

-- Add each pool to pool_pool
DELETE FROM `pool_pool` WHERE `pool_id` BETWEEN @POOL AND @POOL+@LASTGUID;
INSERT INTO `pool_pool` (`pool_id`,`mother_pool`,`chance`,`description`) VALUES
(@POOL+0,@MOTHER,0, 'Searing Gorge Ore Spawnpoint'),
(@POOL+1,@MOTHER,0, 'Searing Gorge Ore Spawnpoint'),
(@POOL+2,@MOTHER,0, 'Searing Gorge Ore Spawnpoint'),
(@POOL+3,@MOTHER,0, 'Searing Gorge Ore Spawnpoint'),
(@POOL+4,@MOTHER,0, 'Searing Gorge Ore Spawnpoint'),
(@POOL+5,@MOTHER,0, 'Searing Gorge Ore Spawnpoint'),
(@POOL+6,@MOTHER,0, 'Searing Gorge Ore Spawnpoint'),
(@POOL+7,@MOTHER,0, 'Searing Gorge Ore Spawnpoint'),
(@POOL+8,@MOTHER,0, 'Searing Gorge Ore Spawnpoint'),
(@POOL+9,@MOTHER,0, 'Searing Gorge Ore Spawnpoint'),
(@POOL+10,@MOTHER,0, 'Searing Gorge Ore Spawnpoint'),
(@POOL+11,@MOTHER,0, 'Searing Gorge Ore Spawnpoint'),
(@POOL+12,@MOTHER,0, 'Searing Gorge Ore Spawnpoint'),
(@POOL+13,@MOTHER,0, 'Searing Gorge Ore Spawnpoint'),
(@POOL+14,@MOTHER,0, 'Searing Gorge Ore Spawnpoint'),
(@POOL+15,@MOTHER,0, 'Searing Gorge Ore Spawnpoint'),
(@POOL+16,@MOTHER,0, 'Searing Gorge Ore Spawnpoint'),
(@POOL+17,@MOTHER,0, 'Searing Gorge Ore Spawnpoint'),
(@POOL+18,@MOTHER,0, 'Searing Gorge Ore Spawnpoint'),
(@POOL+19,@MOTHER,0, 'Searing Gorge Ore Spawnpoint'),
(@POOL+20,@MOTHER,0, 'Searing Gorge Ore Spawnpoint'),
(@POOL+21,@MOTHER,0, 'Searing Gorge Ore Spawnpoint'),
(@POOL+22,@MOTHER,0, 'Searing Gorge Ore Spawnpoint'),
(@POOL+23,@MOTHER,0, 'Searing Gorge Ore Spawnpoint'),
(@POOL+24,@MOTHER,0, 'Searing Gorge Ore Spawnpoint'),
(@POOL+25,@MOTHER,0, 'Searing Gorge Ore Spawnpoint'),
(@POOL+26,@MOTHER,0, 'Searing Gorge Ore Spawnpoint'),
(@POOL+27,@MOTHER,0, 'Searing Gorge Ore Spawnpoint'),
(@POOL+28,@MOTHER,0, 'Searing Gorge Ore Spawnpoint'),
(@POOL+29,@MOTHER,0, 'Searing Gorge Ore Spawnpoint'),
(@POOL+30,@MOTHER,0, 'Searing Gorge Ore Spawnpoint'),
(@POOL+31,@MOTHER,0, 'Searing Gorge Ore Spawnpoint'),
(@POOL+32,@MOTHER,0, 'Searing Gorge Ore Spawnpoint'),
(@POOL+33,@MOTHER,0, 'Searing Gorge Ore Spawnpoint'),
(@POOL+34,@MOTHER,0, 'Searing Gorge Ore Spawnpoint'),
(@POOL+35,@MOTHER,0, 'Searing Gorge Ore Spawnpoint'),
(@POOL+36,@MOTHER,0, 'Searing Gorge Ore Spawnpoint'),
(@POOL+37,@MOTHER,0, 'Searing Gorge Ore Spawnpoint'),
(@POOL+38,@MOTHER,0, 'Searing Gorge Ore Spawnpoint'),
(@POOL+39,@MOTHER,0, 'Searing Gorge Ore Spawnpoint'),
(@POOL+40,@MOTHER,0, 'Searing Gorge Ore Spawnpoint'),
(@POOL+41,@MOTHER,0, 'Searing Gorge Ore Spawnpoint'),
(@POOL+42,@MOTHER,0, 'Searing Gorge Ore Spawnpoint'),
(@POOL+43,@MOTHER,0, 'Searing Gorge Ore Spawnpoint'),
(@POOL+44,@MOTHER,0, 'Searing Gorge Ore Spawnpoint'),
(@POOL+45,@MOTHER,0, 'Searing Gorge Ore Spawnpoint'),
(@POOL+46,@MOTHER,0, 'Searing Gorge Ore Spawnpoint'),
(@POOL+47,@MOTHER,0, 'Searing Gorge Ore Spawnpoint'),
(@POOL+48,@MOTHER,0, 'Searing Gorge Ore Spawnpoint'),
(@POOL+49,@MOTHER,0, 'Searing Gorge Ore Spawnpoint'),
(@POOL+50,@MOTHER,0, 'Searing Gorge Ore Spawnpoint'),
(@POOL+51,@MOTHER,0, 'Searing Gorge Ore Spawnpoint'),
(@POOL+52,@MOTHER,0, 'Searing Gorge Ore Spawnpoint'),
(@POOL+53,@MOTHER,0, 'Searing Gorge Ore Spawnpoint'),
(@POOL+54,@MOTHER,0, 'Searing Gorge Ore Spawnpoint'),
(@POOL+55,@MOTHER,0, 'Searing Gorge Ore Spawnpoint'),
(@POOL+56,@MOTHER,0, 'Searing Gorge Ore Spawnpoint'),
(@POOL+57,@MOTHER,0, 'Searing Gorge Ore Spawnpoint'),
(@POOL+58,@MOTHER,0, 'Searing Gorge Ore Spawnpoint'),
(@POOL+59,@MOTHER,0, 'Searing Gorge Ore Spawnpoint'),
(@POOL+60,@MOTHER,0, 'Searing Gorge Ore Spawnpoint'),
(@POOL+61,@MOTHER,0, 'Searing Gorge Ore Spawnpoint'),
(@POOL+62,@MOTHER,0, 'Searing Gorge Ore Spawnpoint'),
(@POOL+63,@MOTHER,0, 'Searing Gorge Ore Spawnpoint'),
(@POOL+64,@MOTHER,0, 'Searing Gorge Ore Spawnpoint'),
(@POOL+65,@MOTHER,0, 'Searing Gorge Ore Spawnpoint'),
(@POOL+66,@MOTHER,0, 'Searing Gorge Ore Spawnpoint'),
(@POOL+67,@MOTHER,0, 'Searing Gorge Ore Spawnpoint'),
(@POOL+68,@MOTHER,0, 'Searing Gorge Ore Spawnpoint'),
(@POOL+69,@MOTHER,0, 'Searing Gorge Ore Spawnpoint'),
(@POOL+70,@MOTHER,0, 'Searing Gorge Ore Spawnpoint'),
(@POOL+71,@MOTHER,0, 'Searing Gorge Ore Spawnpoint'),
(@POOL+72,@MOTHER,0, 'Searing Gorge Ore Spawnpoint'),
(@POOL+73,@MOTHER,0, 'Searing Gorge Ore Spawnpoint'),
(@POOL+74,@MOTHER,0, 'Searing Gorge Ore Spawnpoint'),
(@POOL+75,@MOTHER,0, 'Searing Gorge Ore Spawnpoint'),
(@POOL+76,@MOTHER,0, 'Searing Gorge Ore Spawnpoint'),
(@POOL+77,@MOTHER,0, 'Searing Gorge Ore Spawnpoint'),
(@POOL+78,@MOTHER,0, 'Searing Gorge Ore Spawnpoint'),
(@POOL+79,@MOTHER,0, 'Searing Gorge Ore Spawnpoint'),
(@POOL+80,@MOTHER,0, 'Searing Gorge Ore Spawnpoint'),
(@POOL+81,@MOTHER,0, 'Searing Gorge Ore Spawnpoint'),
(@POOL+82,@MOTHER,0, 'Searing Gorge Ore Spawnpoint'),
(@POOL+83,@MOTHER,0, 'Searing Gorge Ore Spawnpoint'),
(@POOL+84,@MOTHER,0, 'Searing Gorge Ore Spawnpoint'),
(@POOL+85,@MOTHER,0, 'Searing Gorge Ore Spawnpoint'),
(@POOL+86,@MOTHER,0, 'Searing Gorge Ore Spawnpoint'),
(@POOL+87,@MOTHER,0, 'Searing Gorge Ore Spawnpoint'),
(@POOL+88,@MOTHER,0, 'Searing Gorge Ore Spawnpoint'),
(@POOL+89,@MOTHER,0, 'Searing Gorge Ore Spawnpoint'),
(@POOL+90,@MOTHER,0, 'Searing Gorge Ore Spawnpoint'),
(@POOL+91,@MOTHER,0, 'Searing Gorge Ore Spawnpoint'),
(@POOL+92,@MOTHER,0, 'Searing Gorge Ore Spawnpoint'),
(@POOL+93,@MOTHER,0, 'Searing Gorge Ore Spawnpoint'),
(@POOL+94,@MOTHER,0, 'Searing Gorge Ore Spawnpoint'),
(@POOL+95,@MOTHER,0, 'Searing Gorge Ore Spawnpoint'),
(@POOL+96,@MOTHER,0, 'Searing Gorge Ore Spawnpoint'),
(@POOL+97,@MOTHER,0, 'Searing Gorge Ore Spawnpoint'),
(@POOL+98,@MOTHER,0, 'Searing Gorge Ore Spawnpoint'),
(@POOL+99,@MOTHER,0, 'Searing Gorge Ore Spawnpoint'),
(@POOL+100,@MOTHER,0, 'Searing Gorge Ore Spawnpoint'),
(@POOL+101,@MOTHER,0, 'Searing Gorge Ore Spawnpoint'),
(@POOL+102,@MOTHER,0, 'Searing Gorge Ore Spawnpoint'),
(@POOL+103,@MOTHER,0, 'Searing Gorge Ore Spawnpoint'),
(@POOL+104,@MOTHER,0, 'Searing Gorge Ore Spawnpoint'),
(@POOL+105,@MOTHER,0, 'Searing Gorge Ore Spawnpoint'),
(@POOL+106,@MOTHER,0, 'Searing Gorge Ore Spawnpoint'),
(@POOL+107,@MOTHER,0, 'Searing Gorge Ore Spawnpoint'),
(@POOL+108,@MOTHER,0, 'Searing Gorge Ore Spawnpoint'),
(@POOL+109,@MOTHER,0, 'Searing Gorge Ore Spawnpoint'),
(@POOL+110,@MOTHER,0, 'Searing Gorge Ore Spawnpoint'),
(@POOL+111,@MOTHER,0, 'Searing Gorge Ore Spawnpoint'),
(@POOL+112,@MOTHER,0, 'Searing Gorge Ore Spawnpoint'),
(@POOL+113,@MOTHER,0, 'Searing Gorge Ore Spawnpoint'),
(@POOL+114,@MOTHER,0, 'Searing Gorge Ore Spawnpoint'),
(@POOL+115,@MOTHER,0, 'Searing Gorge Ore Spawnpoint'),
(@POOL+116,@MOTHER,0, 'Searing Gorge Ore Spawnpoint'),
(@POOL+117,@MOTHER,0, 'Searing Gorge Ore Spawnpoint'),
(@POOL+118,@MOTHER,0, 'Searing Gorge Ore Spawnpoint'),
(@POOL+119,@MOTHER,0, 'Searing Gorge Ore Spawnpoint'),
(@POOL+120,@MOTHER,0, 'Searing Gorge Ore Spawnpoint'),
(@POOL+121,@MOTHER,0, 'Searing Gorge Ore Spawnpoint'),
(@POOL+122,@MOTHER,0, 'Searing Gorge Ore Spawnpoint'),
(@POOL+123,@MOTHER,0, 'Searing Gorge Ore Spawnpoint'),
(@POOL+124,@MOTHER,0, 'Searing Gorge Ore Spawnpoint'),
(@POOL+125,@MOTHER,0, 'Searing Gorge Ore Spawnpoint'),
(@POOL+126,@MOTHER,0, 'Searing Gorge Ore Spawnpoint'),
(@POOL+127,@MOTHER,0, 'Searing Gorge Ore Spawnpoint'),
(@POOL+128,@MOTHER,0, 'Searing Gorge Ore Spawnpoint'),
(@POOL+129,@MOTHER,0, 'Searing Gorge Ore Spawnpoint'),
(@POOL+130,@MOTHER,0, 'Searing Gorge Ore Spawnpoint'),
(@POOL+131,@MOTHER,0, 'Searing Gorge Ore Spawnpoint'),
(@POOL+132,@MOTHER,0, 'Searing Gorge Ore Spawnpoint'),
(@POOL+133,@MOTHER,0, 'Searing Gorge Ore Spawnpoint'),
(@POOL+134,@MOTHER,0, 'Searing Gorge Ore Spawnpoint'),
(@POOL+135,@MOTHER,0, 'Searing Gorge Ore Spawnpoint'),
(@POOL+136,@MOTHER,0, 'Searing Gorge Ore Spawnpoint'),
(@POOL+137,@MOTHER,0, 'Searing Gorge Ore Spawnpoint'),
(@POOL+138,@MOTHER,0, 'Searing Gorge Ore Spawnpoint'),
(@POOL+139,@MOTHER,0, 'Searing Gorge Ore Spawnpoint'),
(@POOL+140,@MOTHER,0, 'Searing Gorge Ore Spawnpoint'),
(@POOL+141,@MOTHER,0, 'Searing Gorge Ore Spawnpoint'),
(@POOL+142,@MOTHER,0, 'Searing Gorge Ore Spawnpoint'),
(@POOL+143,@MOTHER,0, 'Searing Gorge Ore Spawnpoint'),
(@POOL+144,@MOTHER,0, 'Searing Gorge Ore Spawnpoint'),
(@POOL+145,@MOTHER,0, 'Searing Gorge Ore Spawnpoint'),
(@POOL+146,@MOTHER,0, 'Searing Gorge Ore Spawnpoint'),
(@POOL+147,@MOTHER,0, 'Searing Gorge Ore Spawnpoint'),
(@POOL+148,@MOTHER,0, 'Searing Gorge Ore Spawnpoint'),
(@POOL+149,@MOTHER,0, 'Searing Gorge Ore Spawnpoint'),
(@POOL+150,@MOTHER,0, 'Searing Gorge Ore Spawnpoint'),
(@POOL+151,@MOTHER,0, 'Searing Gorge Ore Spawnpoint'),
(@POOL+152,@MOTHER,0, 'Searing Gorge Ore Spawnpoint'),
(@POOL+153,@MOTHER,0, 'Searing Gorge Ore Spawnpoint'),
(@POOL+154,@MOTHER,0, 'Searing Gorge Ore Spawnpoint'),
(@POOL+155,@MOTHER,0, 'Searing Gorge Ore Spawnpoint'),
(@POOL+156,@MOTHER,0, 'Searing Gorge Ore Spawnpoint'),
(@POOL+157,@MOTHER,0, 'Searing Gorge Ore Spawnpoint'),
(@POOL+158,@MOTHER,0, 'Searing Gorge Ore Spawnpoint'),
(@POOL+159,@MOTHER,0, 'Searing Gorge Ore Spawnpoint'),
(@POOL+160,@MOTHER,0, 'Searing Gorge Ore Spawnpoint'),
(@POOL+161,@MOTHER,0, 'Searing Gorge Ore Spawnpoint'),
(@POOL+162,@MOTHER,0, 'Searing Gorge Ore Spawnpoint'),
(@POOL+163,@MOTHER,0, 'Searing Gorge Ore Spawnpoint'),
(@POOL+164,@MOTHER,0, 'Searing Gorge Ore Spawnpoint'),
(@POOL+165,@MOTHER,0, 'Searing Gorge Ore Spawnpoint'),
(@POOL+166,@MOTHER,0, 'Searing Gorge Ore Spawnpoint'),
(@POOL+167,@MOTHER,0, 'Searing Gorge Ore Spawnpoint'),
(@POOL+168,@MOTHER,0, 'Searing Gorge Ore Spawnpoint'),
(@POOL+169,@MOTHER,0, 'Searing Gorge Ore Spawnpoint'),
(@POOL+170,@MOTHER,0, 'Searing Gorge Ore Spawnpoint'),
(@POOL+171,@MOTHER,0, 'Searing Gorge Ore Spawnpoint'),
(@POOL+172,@MOTHER,0, 'Searing Gorge Ore Spawnpoint'),
(@POOL+173,@MOTHER,0, 'Searing Gorge Ore Spawnpoint'),
(@POOL+174,@MOTHER,0, 'Searing Gorge Ore Spawnpoint'),
(@POOL+175,@MOTHER,0, 'Searing Gorge Ore Spawnpoint'),
(@POOL+176,@MOTHER,0, 'Searing Gorge Ore Spawnpoint'),
(@POOL+177,@MOTHER,0, 'Searing Gorge Ore Spawnpoint'),
(@POOL+178,@MOTHER,0, 'Searing Gorge Ore Spawnpoint'),
(@POOL+179,@MOTHER,0, 'Searing Gorge Ore Spawnpoint'),
(@POOL+180,@MOTHER,0, 'Searing Gorge Ore Spawnpoint');
