-- Gameobject
REPLACE INTO `gameobject_template` (`entry`, `type`, `displayId`, `name`, `IconName`, `castBarCaption`, `unk1`, `faction`, `flags`, `size`, `questItem1`, `questItem2`, `questItem3`, `questItem4`, `questItem5`, `questItem6`, `data0`, `data1`, `data2`, `data3`, `data4`, `data5`, `data6`, `data7`, `data8`, `data9`, `data10`, `data11`, `data12`, `data13`, `data14`, `data15`, `data16`, `data17`, `data18`, `data19`, `data20`, `data21`, `data22`, `data23`, `data24`, `data25`, `data26`, `data27`, `data28`, `data29`, `data30`, `data31`, `unkInt32`, `AIName`, `ScriptName`, `WDBVerified`) VALUES 
(211626, 10, 2770, 'Nullification Barrier', '', '', '', 0, 0, 2, 0, 0, 0, 0, 0, 0, 86, 0, 0, 3000, 0, 1, 0, 0, 0, 0, 115811, 0, 0, 0, 0, 0, 0, 0, 0, 0, 0, 0, 16311, 1, 0, 0, 0, 0, 0, 0, 0, 0, 0, '', 'go_cancel', 16048),
(211628, 10, 10401, 'Shroud of Reversal', '', '', '', 0, 0, 2, 0, 0, 0, 0, 0, 0, 86, 0, 0, 3000, 0, 1, 0, 0, 0, 0, 115972, 0, 0, 0, 0, 0, 0, 0, 0, 0, 0, 0, 16311, 1, 0, 0, 0, 0, 0, 0, 0, 0, 0, '', 'go_inversion', 16048),
(211650, 10, 8504, 'Celestial Control Console', '', '', '', 0, 0, 3, 0, 0, 0, 0, 0, 0, 0, 0, 0, 3000, 0, 0, 0, 0, 0, 0, 0, 0, 0, 0, 0, 0, 0, 0, 0, 0, 0, 0, 0, 0, 0, 0, 0, 0, 0, 0, 0, 0, 0, '', 'go_celestial_control_console', 16048),
(213245, 0, 11639, 'Doodad_Mogu_Statue_MoguShanVaults002', '', '', '', 0, 48, 35.7236, 0, 0, 0, 0, 0, 0, 0, 0, 0, 0, 0, 0, 0, 0, 0, 1, 0, 0, 0, 0, 0, 0, 0, 0, 0, 0, 0, 0, 0, 0, 0, 0, 0, 0, 0, 0, 0, 0, 0, '', '', 16048),
(213246, 0, 11640, 'Doodad_Mogu_Statue_MoguShanVaults001', '', '', '', 0, 48, 35.7236, 0, 0, 0, 0, 0, 0, 0, 0, 0, 0, 0, 0, 0, 0, 0, 1, 0, 0, 0, 0, 0, 0, 0, 0, 0, 0, 0, 0, 0, 0, 0, 0, 0, 0, 0, 0, 0, 0, 0, '', '', 16048),
(213247, 0, 11641, 'Doodad_Mogu_Statue_MoguShanVaults004', '', '', '', 0, 48, 35.7236, 0, 0, 0, 0, 0, 0, 0, 0, 0, 0, 0, 0, 0, 0, 0, 1, 0, 0, 0, 0, 0, 0, 0, 0, 0, 0, 0, 0, 0, 0, 0, 0, 0, 0, 0, 0, 0, 0, 0, '', '', 16048),
(213248, 0, 11642, 'Doodad_Mogu_Statue_MoguShanVaults003', '', '', '', 0, 48, 35.7236, 0, 0, 0, 0, 0, 0, 0, 0, 0, 0, 0, 0, 0, 0, 0, 1, 0, 0, 0, 0, 0, 0, 0, 0, 0, 0, 0, 0, 0, 0, 0, 0, 0, 0, 0, 0, 0, 0, 0, '', '', 16048),
(213506, 0, 12098, 'Energy drives the Titans', '', '', '', 0, 0, 1, 0, 0, 0, 0, 0, 0, 0, 0, 0, 0, 0, 0, 0, 0, 0, 0, 0, 0, 0, 0, 0, 0, 0, 0, 0, 0, 0, 0, 0, 0, 0, 0, 0, 0, 0, 0, 0, 0, 0, '', '', 16048),
(213526, 5, 12107, 'MOGU_TITAN_PLATFORM.MDX', '', '', '', 0, 0, 1.3, 0, 0, 0, 0, 0, 0, 0, 0, 0, 0, 0, 0, 0, 0, 0, 0, 0, 0, 0, 0, 0, 0, 0, 0, 0, 0, 0, 0, 0, 0, 0, 0, 0, 0, 0, 0, 0, 0, 0, '', '', 15595),
(213527, 0, 12108, 'Energy ring of the Titans', '', '', '', 0, 0, 1.03624, 0, 0, 0, 0, 0, 0, 0, 0, 0, 0, 0, 0, 0, 0, 0, 0, 0, 0, 0, 0, 0, 0, 0, 0, 0, 0, 0, 0, 0, 0, 0, 0, 0, 0, 0, 0, 0, 0, 0, '', '', 16048),
(213528, 0, 12108, 'Energy ring of the Titans', '', '', '', 0, 0, 1.03624, 0, 0, 0, 0, 0, 0, 0, 0, 0, 0, 0, 0, 0, 0, 0, 0, 0, 0, 0, 0, 0, 0, 0, 0, 0, 0, 0, 0, 0, 0, 0, 0, 0, 0, 0, 0, 0, 0, 0, '', '', 16048),
(213529, 0, 12108, 'Energy ring of the Titans', '', '', '', 0, 0, 1.03624, 0, 0, 0, 0, 0, 0, 0, 0, 0, 0, 0, 0, 0, 0, 0, 0, 0, 0, 0, 0, 0, 0, 0, 0, 0, 0, 0, 0, 0, 0, 0, 0, 0, 0, 0, 0, 0, 0, 0, '', '', 16048),
(213937, 0, 12273, 'Rune energy mogu', '', '', '', 0, 0, 4.3282, 0, 0, 0, 0, 0, 0, 0, 0, 0, 0, 0, 0, 0, 0, 0, 0, 0, 0, 0, 0, 0, 0, 0, 0, 0, 0, 0, 0, 0, 0, 0, 0, 0, 0, 0, 0, 0, 0, 0, '', '', 16048),
(213938, 0, 12273, 'Rune energy mogu', '', '', '', 0, 0, 4.3282, 0, 0, 0, 0, 0, 0, 0, 0, 0, 0, 0, 0, 0, 0, 0, 0, 0, 0, 0, 0, 0, 0, 0, 0, 0, 0, 0, 0, 0, 0, 0, 0, 0, 0, 0, 0, 0, 0, 0, '', '', 16048),
(213939, 0, 12273, 'Rune energy mogu', '', '', '', 0, 0, 4.3282, 0, 0, 0, 0, 0, 0, 0, 0, 0, 0, 0, 0, 0, 0, 0, 0, 0, 0, 0, 0, 0, 0, 0, 0, 0, 0, 0, 0, 0, 0, 0, 0, 0, 0, 0, 0, 0, 0, 0, '', '', 16048),
(213940, 0, 12273, 'Rune energy mogu', '', '', '', 0, 0, 4.3282, 0, 0, 0, 0, 0, 0, 0, 0, 0, 0, 0, 0, 0, 0, 0, 0, 0, 0, 0, 0, 0, 0, 0, 0, 0, 0, 0, 0, 0, 0, 0, 0, 0, 0, 0, 0, 0, 0, 0, '', '', 16048),
(213941, 0, 12273, 'Rune energy mogu', '', '', '', 0, 0, 4.3282, 0, 0, 0, 0, 0, 0, 0, 0, 0, 0, 0, 0, 0, 0, 0, 0, 0, 0, 0, 0, 0, 0, 0, 0, 0, 0, 0, 0, 0, 0, 0, 0, 0, 0, 0, 0, 0, 0, 0, '', '', 16048),
(213942, 0, 12273, 'Rune energy mogu', '', '', '', 0, 0, 4.3282, 0, 0, 0, 0, 0, 0, 0, 0, 0, 0, 0, 0, 0, 0, 0, 0, 0, 0, 0, 0, 0, 0, 0, 0, 0, 0, 0, 0, 0, 0, 0, 0, 0, 0, 0, 0, 0, 0, 0, '', '', 16048),
(213943, 0, 12273, 'Rune energy mogu', '', '', '', 0, 0, 4.3282, 0, 0, 0, 0, 0, 0, 0, 0, 0, 0, 0, 0, 0, 0, 0, 0, 0, 0, 0, 0, 0, 0, 0, 0, 0, 0, 0, 0, 0, 0, 0, 0, 0, 0, 0, 0, 0, 0, 0, '', '', 16048),
(213944, 0, 12273, 'Rune energy mogu', '', '', '', 0, 0, 4.3282, 0, 0, 0, 0, 0, 0, 0, 0, 0, 0, 0, 0, 0, 0, 0, 0, 0, 0, 0, 0, 0, 0, 0, 0, 0, 0, 0, 0, 0, 0, 0, 0, 0, 0, 0, 0, 0, 0, 0, '', '', 16048),
(213945, 0, 12273, 'Rune energy mogu', '', '', '', 0, 0, 4.3282, 0, 0, 0, 0, 0, 0, 0, 0, 0, 0, 0, 0, 0, 0, 0, 0, 0, 0, 0, 0, 0, 0, 0, 0, 0, 0, 0, 0, 0, 0, 0, 0, 0, 0, 0, 0, 0, 0, 0, '', '', 16048),
(213946, 0, 12273, 'Rune energy mogu', '', '', '', 0, 0, 4.3282, 0, 0, 0, 0, 0, 0, 0, 0, 0, 0, 0, 0, 0, 0, 0, 0, 0, 0, 0, 0, 0, 0, 0, 0, 0, 0, 0, 0, 0, 0, 0, 0, 0, 0, 0, 0, 0, 0, 0, '', '', 16048),
(213947, 0, 12273, 'Rune energy mogu', '', '', '', 0, 0, 4.3282, 0, 0, 0, 0, 0, 0, 0, 0, 0, 0, 0, 0, 0, 0, 0, 0, 0, 0, 0, 0, 0, 0, 0, 0, 0, 0, 0, 0, 0, 0, 0, 0, 0, 0, 0, 0, 0, 0, 0, '', '', 16048),
(213948, 0, 12273, 'Rune energy mogu', '', '', '', 0, 0, 4.3282, 0, 0, 0, 0, 0, 0, 0, 0, 0, 0, 0, 0, 0, 0, 0, 0, 0, 0, 0, 0, 0, 0, 0, 0, 0, 0, 0, 0, 0, 0, 0, 0, 0, 0, 0, 0, 0, 0, 0, '', '', 16048),
(213949, 0, 12273, 'Rune energy mogu', '', '', '', 0, 0, 4.3282, 0, 0, 0, 0, 0, 0, 0, 0, 0, 0, 0, 0, 0, 0, 0, 0, 0, 0, 0, 0, 0, 0, 0, 0, 0, 0, 0, 0, 0, 0, 0, 0, 0, 0, 0, 0, 0, 0, 0, '', '', 16048),
(213950, 0, 12273, 'Rune energy mogu', '', '', '', 0, 0, 4.3282, 0, 0, 0, 0, 0, 0, 0, 0, 0, 0, 0, 0, 0, 0, 0, 0, 0, 0, 0, 0, 0, 0, 0, 0, 0, 0, 0, 0, 0, 0, 0, 0, 0, 0, 0, 0, 0, 0, 0, '', '', 16048),
(213951, 0, 12273, 'Rune energy mogu', '', '', '', 0, 0, 4.3282, 0, 0, 0, 0, 0, 0, 0, 0, 0, 0, 0, 0, 0, 0, 0, 0, 0, 0, 0, 0, 0, 0, 0, 0, 0, 0, 0, 0, 0, 0, 0, 0, 0, 0, 0, 0, 0, 0, 0, '', '', 16048),
(213952, 0, 12273, 'Rune energy mogu', '', '', '', 0, 0, 4.3282, 0, 0, 0, 0, 0, 0, 0, 0, 0, 0, 0, 0, 0, 0, 0, 0, 0, 0, 0, 0, 0, 0, 0, 0, 0, 0, 0, 0, 0, 0, 0, 0, 0, 0, 0, 0, 0, 0, 0, '', '', 16048),
(213953, 0, 12273, 'Rune energy mogu', '', '', '', 0, 0, 4.3282, 0, 0, 0, 0, 0, 0, 0, 0, 0, 0, 0, 0, 0, 0, 0, 0, 0, 0, 0, 0, 0, 0, 0, 0, 0, 0, 0, 0, 0, 0, 0, 0, 0, 0, 0, 0, 0, 0, 0, '', '', 16048),
(213954, 0, 12273, 'Rune energy mogu', '', '', '', 0, 0, 4.3282, 0, 0, 0, 0, 0, 0, 0, 0, 0, 0, 0, 0, 0, 0, 0, 0, 0, 0, 0, 0, 0, 0, 0, 0, 0, 0, 0, 0, 0, 0, 0, 0, 0, 0, 0, 0, 0, 0, 0, '', '', 16048),
(213955, 0, 12273, 'Rune energy mogu', '', '', '', 0, 0, 4.3282, 0, 0, 0, 0, 0, 0, 0, 0, 0, 0, 0, 0, 0, 0, 0, 0, 0, 0, 0, 0, 0, 0, 0, 0, 0, 0, 0, 0, 0, 0, 0, 0, 0, 0, 0, 0, 0, 0, 0, '', '', 16048),
(214412, 0, 12427, 'nimble door', '', '', '', 0, 0, 1, 0, 0, 0, 0, 0, 0, 1, 0, 0, 0, 0, 0, 1, 0, 0, 0, 0, 0, 0, 0, 0, 0, 0, 0, 0, 0, 0, 0, 0, 0, 0, 0, 0, 0, 0, 0, 0, 0, 0, '', '', 16048),
(214441, 31, 11469, 'Instance Portal (Raid 4 Difficulties)', '', '', '', 0, 0, 2, 0, 0, 0, 0, 0, 0, 2, 216, 217, 216, 217, 11471, 0, 6, 0, 0, 0, 0, 0, 0, 0, 0, 0, 0, 0, 0, 0, 0, 0, 0, 0, 0, 0, 0, 0, 0, 0, 0, 0, '', '', 16048),
(214452, 0, 12271, 'Door Feng', '', '', '', 0, 52, 1, 0, 0, 0, 0, 0, 0, 1, 0, 0, 0, 0, 0, 0, 0, 0, 1, 0, 0, 0, 0, 0, 0, 0, 0, 0, 0, 0, 0, 0, 0, 0, 0, 0, 0, 0, 0, 0, 0, 0, '', '', 16048),
(214497, 0, 12271, 'door of stone guard', '', '', '', 0, 52, 0.8, 0, 0, 0, 0, 0, 0, 1, 0, 0, 0, 0, 0, 0, 0, 0, 0, 0, 0, 0, 0, 0, 0, 0, 0, 0, 0, 0, 0, 0, 0, 0, 0, 0, 0, 0, 0, 0, 0, 0, '', '', 16048),
(214696, 0, 12632, 'Old mogu door', '', '', '', 0, 52, 1.08707, 0, 0, 0, 0, 0, 0, 0, 0, 0, 0, 0, 0, 0, 0, 0, 0, 0, 0, 0, 0, 0, 0, 0, 0, 0, 0, 0, 0, 0, 0, 0, 0, 0, 0, 0, 0, 0, 0, 0, '', '', 16048),
(215114, 0, 11003, 'Wind wall', '', '', '', 0, 0, 0.75, 0, 0, 0, 0, 0, 0, 1, 0, 0, 0, 0, 0, 1, 0, 0, 0, 0, 0, 0, 0, 0, 0, 0, 0, 0, 0, 0, 0, 0, 0, 0, 0, 0, 0, 0, 0, 0, 0, 0, '', '', 16048);

-- Creatures
REPLACE INTO `creature_template` (`entry`, `difficulty_entry_1`, `difficulty_entry_2`, `difficulty_entry_3`, `difficulty_entry_4`, `difficulty_entry_5`, `difficulty_entry_6`, `difficulty_entry_7`, `difficulty_entry_8`, `difficulty_entry_9`, `difficulty_entry_10`, `KillCredit1`, `KillCredit2`, `modelid1`, `modelid2`, `modelid3`, `modelid4`, `name`, `subname`, `IconName`, `gossip_menu_id`, `minlevel`, `maxlevel`, `exp`, `exp_unk`, `faction_A`, `faction_H`, `npcflag`, `speed_walk`, `speed_run`, `speed_fly`, `scale`, `rank`, `mindmg`, `maxdmg`, `dmgschool`, `attackpower`, `dmg_multiplier`, `baseattacktime`, `rangeattacktime`, `unit_class`, `unit_flags`, `unit_flags2`, `dynamicflags`, `family`, `trainer_type`, `trainer_spell`, `trainer_class`, `trainer_race`, `minrangedmg`, `maxrangedmg`, `rangedattackpower`, `type`, `type_flags`, `type_flags2`, `lootid`, `pickpocketloot`, `skinloot`, `resistance1`, `resistance2`, `resistance3`, `resistance4`, `resistance5`, `resistance6`, `spell1`, `spell2`, `spell3`, `spell4`, `spell5`, `spell6`, `spell7`, `spell8`, `PetSpellDataId`, `VehicleId`, `mingold`, `maxgold`, `AIName`, `MovementType`, `InhabitType`, `HoverHeight`, `Health_mod`, `Mana_mod`, `Mana_mod_extra`, `Armor_mod`, `RacialLeader`, `questItem1`, `questItem2`, `questItem3`, `questItem4`, `questItem5`, `questItem6`, `movementId`, `RegenHealth`, `equipment_id`, `mechanic_immune_mask`, `flags_extra`, `ScriptName`, `WDBVerified`) VALUES 
(54020, 0, 0, 0, 0, 0, 0, 0, 0, 0, 0, 0, 0, 31174, 11686, 0, 0, 'General Purpose Bunny JMF (Look 2 - Flying, Huge AOI)', '', '', 0, 1, 1, 4, 0, 35, 35, 0, 1, 1.14286, 1.14286, 1, 0, 1, 2, 0, 0, 4, 2000, 2000, 1, 33554432, 33556480, 0, 0, 0, 0, 0, 0, 1, 2, 0, 10, 1024, 0, 0, 0, 0, 0, 0, 0, 0, 0, 0, 0, 0, 0, 0, 0, 0, 0, 0, 0, 0, 0, 0, '', 0, 3, 1, 1, 1, 1, 1, 0, 0, 0, 0, 0, 0, 0, 0, 1, 0, 0, 0, '', 16048),
(55091, 0, 0, 0, 0, 0, 0, 0, 0, 0, 0, 0, 0, 31174, 11686, 0, 0, 'General Purpose Bunny JMF (Look 2 - Flying, Infinite AOI)', '', '', 0, 1, 1, 4, 0, 35, 35, 0, 1, 1.14286, 1.14286, 1, 0, 0, 0, 0, 0, 4, 2000, 2000, 1, 33554432, 33556480, 0, 0, 0, 0, 0, 0, 0, 0, 0, 10, 1024, 0, 0, 0, 0, 0, 0, 0, 0, 0, 0, 0, 0, 0, 0, 0, 0, 0, 0, 0, 0, 0, 0, '', 0, 3, 1, 1, 1, 1, 1, 0, 0, 0, 0, 0, 0, 0, 0, 1, 0, 0, 0, '', 16048),
(59481, 0, 0, 0, 0, 0, 0, 59484, 0, 0, 0, 0, 0, 11686, 11686, 25942, 0, 'World Trigger', '', '', 0, 85, 85, 4, 0, 16, 16, 0, 0.4, 1.14286, 1.14286, 1, 0, 5431, 6428, 0, 20753, 4, 5000, 2000, 2, 33554496, 2048, 0, 0, 0, 0, 0, 0, 0, 0, 0, 10, 1091568704, 0, 0, 0, 0, 0, 0, 0, 0, 0, 0, 114400, 0, 0, 0, 0, 0, 0, 0, 0, 0, 0, 0, '', 0, 3, 1, 9, 7, 1, 1, 0, 0, 0, 0, 0, 0, 0, 122, 1, 0, 0, 128, '', 16048),
(59677, 0, 0, 0, 0, 0, 0, 59681, 0, 0, 0, 0, 0, 31174, 11686, 0, 0, 'General Purpose Bunny JMF (Look 2, Flying)', '', '', 0, 1, 1, 4, 0, 35, 35, 0, 1, 1.14286, 1.14286, 1, 0, 0, 0, 0, 0, 4, 2000, 2000, 1, 33554432, 0, 0, 0, 0, 0, 0, 0, 0, 0, 0, 10, 1024, 0, 0, 0, 0, 0, 0, 0, 0, 0, 0, 0, 0, 0, 0, 0, 0, 0, 0, 0, 0, 0, 0, '', 0, 3, 1, 1, 1, 1, 1, 0, 0, 0, 0, 0, 0, 0, 0, 1, 0, 0, 0, '', 16048),
(59915, 0, 0, 0, 0, 0, 0, 59916, 0, 0, 0, 0, 0, 42644, 0, 0, 0, 'Jasper Guardian', '', '', 0, 93, 93, 4, 0, 16, 16, 0, 1.6, 1.71429, 1.14286, 1, 3, 0, 0, 0, 0, 4, 2000, 2000, 4, 0, 0, 0, 0, 0, 0, 0, 0, 0, 0, 0, 1, 4, 1, 59915, 0, 0, 0, 0, 0, 0, 0, 0, 26662, 130395, 115843, 116038, 125206, 115745, 115828, 0, 0, 2115, 0, 0, '', 0, 3, 1, 300, 1, 1, 1, 0, 0, 0, 0, 0, 0, 0, 167, 1, 0, 769638399, 1, 'boss_generic_guardian', 16048),
(60009, 0, 0, 0, 0, 0, 0, 60041, 0, 0, 0, 0, 0, 41192, 0, 0, 0, 'Feng the Accursed', 'KeeperÃ‚Â ofÃ‚Â ChampionÃ‚Â Spirits', '', 0, 93, 93, 4, 0, 14, 14, 0, 1.6, 1.42857, 1.14286, 1, 3, 5174, 12574, 0, 62114, 4, 2000, 2000, 2, 32832, 0, 0, 0, 0, 0, 0, 0, 0, 0, 0, 6, 270532716, 0, 60009, 0, 0, 0, 0, 0, 0, 0, 0, 116577, 116417, 116574, 116576, 0, 116364, 26662, 118783, 0, 2149, 3100000, 3200000, '', 0, 3, 1, 350, 100, 1, 1, 0, 0, 0, 0, 0, 0, 0, 150, 1, 0, 769638399, 0, 'boss_feng', 16048),
(60043, 0, 0, 0, 0, 0, 0, 60044, 0, 0, 0, 0, 0, 41894, 0, 0, 0, 'Jade Guardian', '', '', 0, 93, 93, 4, 0, 16, 16, 0, 1.6, 1.71429, 1.14286, 1, 3, 0, 0, 0, 0, 4, 2000, 2000, 4, 0, 0, 0, 0, 0, 0, 0, 0, 0, 0, 0, 1, 4, 1, 60043, 0, 0, 0, 0, 0, 0, 0, 0, 26662, 115842, 116008, 116223, 125206, 115745, 115827, 0, 0, 2114, 2600000, 2700000, '', 0, 3, 1, 300, 1, 1, 1, 0, 0, 0, 0, 0, 0, 0, 167, 1, 0, 769638399, 1, 'boss_generic_guardian', 16048),
(60047, 0, 0, 0, 0, 0, 0, 60048, 0, 0, 0, 0, 0, 41892, 0, 0, 0, 'Amethyst Guardian', '', '', 0, 93, 93, 4, 0, 16, 16, 0, 1.6, 1.71429, 1.14286, 1, 3, 120000, 150000, 0, 0, 4, 2000, 2000, 4, 0, 0, 0, 0, 0, 0, 0, 0, 0, 0, 0, 1, 4, 1, 60047, 0, 0, 0, 0, 0, 0, 0, 0, 115844, 116060, 130774, 26662, 125206, 115745, 115829, 0, 0, 2116, 0, 0, '', 0, 3, 1, 300, 1, 1, 1, 0, 0, 0, 0, 0, 0, 0, 167, 1, 0, 769638399, 1, 'boss_amethyst', 16048),
(60051, 0, 0, 0, 0, 0, 0, 60052, 0, 0, 0, 0, 0, 41893, 0, 0, 0, 'Cobalt Guardian', '', '', 0, 93, 93, 4, 0, 16, 16, 0, 1.6, 1.71429, 1.14286, 1, 3, 0, 0, 0, 0, 4, 2000, 2000, 4, 0, 0, 0, 0, 0, 0, 0, 0, 0, 0, 0, 1, 4, 1, 60051, 0, 0, 0, 0, 0, 0, 0, 0, 26662, 115840, 115861, 125206, 115745, 115771, 0, 0, 0, 2113, 3000000, 3100000, '', 0, 3, 1, 300, 1, 1, 1, 0, 0, 0, 0, 0, 0, 0, 167, 1, 0, 769638399, 1, 'boss_generic_guardian', 16048),
(60089, 0, 0, 0, 0, 0, 0, 60091, 0, 0, 0, 0, 0, 169, 11686, 0, 0, 'Stone Guard Controller', '', '', 0, 93, 93, 4, 0, 14, 14, 0, 1, 1.14286, 1.14286, 1, 1, 5174, 12574, 0, 62114, 4, 2000, 2000, 1, 33554432, 0, 0, 0, 0, 0, 0, 0, 0, 0, 0, 10, 40, 8, 0, 0, 0, 0, 0, 0, 0, 0, 0, 0, 0, 0, 0, 0, 0, 0, 0, 0, 0, 0, 0, '', 0, 3, 1, 1, 1, 1, 1, 0, 0, 0, 0, 0, 0, 0, 0, 1, 0, 0, 0, 'boss_stone_guard_controler', 16048),
(60143, 0, 0, 0, 0, 0, 0, 60144, 0, 0, 0, 0, 0, 41256, 0, 0, 0, 'Gara\'jal the Spiritbinder', '', '', 0, 93, 93, 4, 0, 14, 14, 0, 3.2, 2, 1.14286, 1, 1, 5174, 12574, 0, 62114, 4, 1500, 2000, 1, 0, 0, 0, 0, 0, 0, 0, 0, 0, 0, 0, 7, 4, 0, 60143, 0, 0, 0, 0, 0, 0, 0, 0, 116272, 118469, 117752, 116174, 122151, 0, 0, 0, 0, 2132, 3000000, 3100000, '', 0, 3, 1, 1000, 1, 1, 1, 0, 0, 0, 0, 0, 0, 0, 187, 1, 0, 769638399, 0, 'boss_garajal', 16048),
(60375, 0, 0, 0, 0, 0, 0, 60377, 0, 0, 0, 0, 0, 43091, 0, 0, 0, 'Zandalari Skullcharger', '', '', 0, 92, 92, 4, 0, 16, 16, 0, 1, 1.14286, 1.14286, 1, 1, 4750, 11118, 0, 55538, 4, 2000, 2000, 1, 0, 0, 0, 0, 0, 0, 0, 0, 0, 0, 0, 7, 2097224, 0, 60375, 0, 0, 0, 0, 0, 0, 0, 0, 122219, 116607, 116606, 0, 0, 0, 0, 0, 0, 154, 11000, 12000, '', 0, 3, 1, 12, 1, 1, 1, 0, 0, 0, 0, 0, 0, 0, 0, 1, 0, 0, 0, '', 16048),
(60381, 0, 0, 0, 0, 0, 0, 60417, 0, 0, 0, 0, 0, 41379, 41380, 0, 0, 'Zandalari Infiltrator', '', '', 0, 92, 92, 4, 0, 16, 16, 0, 1.6, 1.71429, 1.14286, 1, 1, 4750, 11118, 0, 55538, 4, 2000, 2000, 1, 0, 0, 0, 0, 0, 0, 0, 0, 0, 0, 0, 7, 2097224, 0, 60381, 0, 0, 0, 0, 0, 0, 0, 0, 0, 116595, 116596, 0, 0, 0, 0, 0, 0, 0, 11000, 12000, '', 0, 3, 1, 10, 1, 1, 1, 0, 0, 0, 0, 0, 0, 0, 167, 1, 0, 0, 0, '', 16048),
(60385, 0, 0, 0, 0, 0, 0, 60419, 0, 0, 0, 0, 0, 41385, 0, 0, 0, 'Zandalari War Wyvern', '', '', 0, 92, 92, 4, 0, 16, 16, 0, 1, 1.14286, 1.14286, 1, 1, 4750, 11118, 0, 55538, 4, 2000, 2000, 1, 256, 0, 0, 0, 0, 0, 0, 0, 0, 0, 0, 1, 0, 0, 0, 0, 0, 0, 0, 0, 0, 0, 0, 0, 0, 0, 0, 0, 0, 0, 0, 0, 2448, 0, 0, '', 0, 3, 1, 1, 1, 1, 1, 0, 0, 0, 0, 0, 0, 0, 0, 1, 0, 0, 0, '', 16048),
(60397, 0, 0, 0, 0, 0, 0, 0, 0, 0, 0, 0, 0, 41389, 0, 0, 0, 'Emperor\'s Strength', '', '', 0, 92, 92, 4, 0, 16, 16, 0, 0.888888, 1.42857, 1.14286, 1, 1, 4750, 11118, 0, 55538, 4, 2000, 2000, 1, 33536, 0, 0, 0, 0, 0, 0, 0, 0, 0, 0, 7, 2097224, 0, 0, 0, 0, 0, 0, 0, 0, 0, 0, 0, 0, 0, 0, 0, 0, 0, 0, 0, 0, 0, 0, '', 0, 3, 1, 10, 1, 1, 1, 0, 0, 0, 0, 0, 0, 0, 144, 1, 0, 0, 0, '', 16048),
(60398, 0, 0, 0, 0, 0, 0, 0, 0, 0, 0, 0, 0, 41390, 0, 0, 0, 'Emperor\'s Courage', '', '', 0, 92, 92, 4, 0, 16, 16, 0, 2.4, 0.857143, 1.14286, 1, 1, 4750, 11118, 0, 55538, 4, 2000, 2000, 1, 33536, 0, 0, 0, 0, 0, 0, 0, 0, 0, 0, 7, 2097224, 0, 0, 0, 0, 0, 0, 0, 0, 0, 0, 116778, 117485, 0, 0, 0, 0, 0, 0, 0, 0, 0, 0, '', 0, 3, 1, 4.4, 1, 1, 1, 0, 0, 0, 0, 0, 0, 0, 106, 1, 0, 0, 0, '', 16048),
(60400, 0, 0, 0, 0, 0, 0, 0, 0, 0, 0, 0, 0, 41392, 0, 0, 0, 'Jan-xi', 'Emperor\'s OpenÂ Hand', '', 0, 93, 93, 4, 0, 35, 35, 0, 1, 1.14286, 1.14286, 1, 1, 0, 0, 0, 0, 2, 2000, 2000, 1, 0, 0, 0, 0, 0, 0, 0, 0, 0, 0, 0, 7, 2097260, 1, 0, 0, 0, 0, 0, 0, 0, 0, 0, 116969, 0, 0, 0, 0, 0, 0, 0, 0, 0, 0, 0, '', 0, 3, 1, 9312, 0.001902, 1, 1, 0, 0, 0, 0, 0, 0, 0, 156, 1, 0, 769638399, 0, 'boss_jin_qin_xi', 16048),
(60402, 0, 0, 0, 0, 0, 0, 60439, 0, 0, 0, 0, 0, 41393, 41394, 0, 0, 'Zandalari Fire-Dancer', '', '', 0, 92, 92, 4, 0, 16, 16, 0, 1.6, 1.71429, 1.14286, 1, 1, 4750, 11118, 0, 55538, 4, 2000, 2000, 8, 32768, 0, 0, 0, 0, 0, 0, 0, 0, 0, 0, 7, 2097224, 0, 60402, 0, 0, 0, 0, 0, 0, 0, 0, 116592, 117241, 15228, 120670, 0, 0, 0, 0, 0, 0, 11000, 12000, '', 0, 3, 1, 8, 1, 1, 1, 0, 0, 0, 0, 0, 0, 0, 167, 1, 0, 0, 0, '', 16048),
(60410, 0, 0, 0, 0, 0, 0, 60453, 0, 0, 0, 0, 0, 41399, 0, 0, 0, 'Elegon', '', '', 0, 93, 93, 4, 0, 14, 14, 0, 1.2, 1, 1.14286, 1, 1, 5174, 12574, 0, 62114, 4, 1500, 2000, 1, 33024, 0, 0, 0, 0, 0, 0, 0, 0, 0, 0, 9, 2097260, 0, 60410, 0, 0, 0, 0, 0, 0, 0, 0, 0, 117960, 119387, 119360, 124967, 119358, 127362, 117954, 0, 0, 0, 0, '', 0, 4, 1, 675, 1, 1, 1, 0, 0, 0, 0, 0, 0, 0, 501, 1, 0, 769638399, 0, 'boss_elegon', 16048),
(60512, 0, 0, 0, 0, 0, 0, 0, 0, 0, 0, 0, 0, 41320, 41321, 41322, 39314, 'Spirit Totem', '', '', 0, 1, 1, 4, 0, 35, 35, 0, 1, 1.14286, 1.14286, 1, 1, 0, 0, 0, 0, 2, 2000, 2000, 1, 0, 0, 0, 0, 0, 0, 0, 0, 0, 0, 0, 11, 1074790400, 6, 0, 0, 0, 0, 0, 0, 0, 0, 0, 0, 0, 0, 0, 0, 0, 0, 0, 0, 0, 0, 0, '', 0, 4, 1, 10, 1, 1, 1, 0, 0, 0, 0, 0, 0, 0, 122, 1, 0, 0, 0, 'mob_spirit_totem_intro', 16048),
(60513, 0, 0, 0, 0, 0, 0, 60517, 0, 0, 0, 0, 0, 27824, 39910, 0, 0, 'Spirit Totem', '', '', 0, 1, 92, 4, 0, 35, 35, 0, 1, 0.448799, 1.14286, 1, 1, 0, 0, 0, 0, 4, 2000, 2000, 1, 0, 0, 0, 0, 0, 0, 0, 0, 0, 0, 0, 11, 1048592, 6, 0, 0, 0, 0, 0, 0, 0, 0, 0, 0, 0, 0, 0, 0, 0, 0, 0, 0, 0, 0, 0, '', 0, 4, 1, 10, 1, 1, 1, 0, 0, 0, 0, 0, 0, 0, 122, 1, 0, 0, 0, 'mob_spirit_totem_intro', 16048),
(60558, 0, 0, 0, 0, 0, 0, 60563, 0, 0, 0, 0, 0, 41486, 0, 0, 0, 'Zandalari Spirit', '', '', 0, 92, 92, 4, 0, 16, 16, 0, 1, 1.14286, 1.14286, 1, 1, 4750, 11118, 0, 55538, 4, 2000, 2000, 1, 256, 0, 0, 0, 0, 0, 0, 0, 0, 0, 0, 6, 0, 0, 0, 0, 0, 0, 0, 0, 0, 0, 0, 0, 0, 0, 0, 0, 0, 0, 0, 0, 0, 0, 0, '', 0, 3, 1, 1, 1, 1, 1, 0, 0, 0, 0, 0, 0, 0, 0, 1, 0, 0, 0, '', 16048),
(60559, 0, 0, 0, 0, 0, 0, 60577, 0, 0, 0, 0, 0, 41487, 0, 0, 0, 'Zandalari Spirit', '', '', 0, 92, 92, 4, 0, 16, 16, 0, 1, 1.14286, 1.14286, 1, 1, 4750, 11118, 0, 55538, 4, 2000, 2000, 1, 256, 0, 0, 0, 0, 0, 0, 0, 0, 0, 0, 6, 0, 0, 0, 0, 0, 0, 0, 0, 0, 0, 0, 0, 0, 0, 0, 0, 0, 0, 0, 0, 0, 0, 0, '', 0, 3, 1, 1, 1, 1, 1, 0, 0, 0, 0, 0, 0, 0, 0, 1, 0, 0, 0, '', 16048),
(60576, 0, 0, 0, 0, 0, 0, 60584, 0, 0, 0, 0, 0, 40607, 0, 0, 0, 'Stone Quilen', '', '', 0, 91, 91, 4, 0, 16, 16, 0, 1.6, 1.42857, 1.14286, 1, 1, 4326, 9662, 0, 48962, 4, 2000, 2000, 1, 0, 0, 0, 46, 0, 0, 0, 0, 0, 0, 0, 1, 0, 0, 60576, 0, 0, 0, 0, 0, 0, 0, 0, 116990, 116980, 116982, 116974, 116977, 116970, 0, 0, 0, 0, 0, 0, '', 0, 3, 1, 5, 1, 1, 1, 0, 0, 0, 0, 0, 0, 0, 150, 1, 0, 0, 0, '', 16048),
(60776, 0, 0, 0, 0, 0, 0, 60778, 0, 0, 0, 0, 0, 43367, 0, 0, 0, 'Empyreal Focus', '', '', 0, 90, 90, 4, 0, 14, 14, 0, 1, 1, 1.14286, 1, 1, 0, 0, 0, 0, 4, 2000, 2000, 1, 33554432, 0, 0, 0, 0, 0, 0, 0, 0, 0, 0, 9, 64, 0, 0, 0, 0, 0, 0, 0, 0, 0, 0, 116598, 0, 116989, 0, 0, 0, 0, 0, 0, 0, 0, 0, '', 0, 3, 1, 3.5, 1, 1, 1, 0, 0, 0, 0, 0, 0, 0, 0, 1, 0, 0, 0, 'mob_empyreal_focus', 16048),
(60960, 0, 0, 0, 0, 0, 0, 60961, 0, 0, 0, 0, 0, 11686, 11686, 0, 0, 'Core Target Stalker', '', '', 0, 90, 90, 4, 0, 14, 14, 0, 1, 1.14286, 1.14286, 1, 1, 0, 0, 0, 0, 4, 2000, 2000, 1, 33554688, 0, 0, 0, 0, 0, 0, 0, 0, 0, 0, 10, 1024, 0, 0, 0, 0, 0, 0, 0, 0, 0, 0, 0, 0, 0, 0, 0, 0, 0, 0, 0, 0, 0, 0, '', 0, 3, 1, 10, 1, 1, 1, 0, 0, 0, 0, 0, 0, 0, 0, 1, 0, 0, 128, '', 16048),
(60984, 0, 0, 0, 0, 0, 0, 60987, 0, 0, 0, 0, 0, 1126, 11686, 0, 0, 'Controller', '', '', 0, 92, 92, 4, 0, 14, 14, 0, 2, 0.714286, 1.14286, 1, 0, 4750, 11118, 0, 55538, 4, 2000, 2000, 1, 33554432, 0, 0, 0, 0, 0, 0, 0, 0, 0, 0, 10, 1024, 0, 0, 0, 0, 0, 0, 0, 0, 0, 0, 0, 0, 0, 0, 0, 0, 0, 0, 0, 0, 0, 0, '', 0, 3, 1, 2, 1, 1, 1, 0, 0, 0, 0, 0, 0, 0, 94, 1, 0, 0, 128, 'boss_spirit_kings_controler', 16048),
(61131, 0, 0, 0, 0, 0, 0, 61135, 0, 0, 0, 0, 0, 41841, 0, 0, 0, 'Mogu\'shan Secret-Keeper', '', '', 0, 92, 92, 4, 0, 14, 14, 0, 0.888888, 0.952381, 1.14286, 1, 1, 0, 0, 0, 0, 4, 2000, 2000, 2, 32832, 0, 0, 0, 0, 0, 0, 0, 0, 0, 0, 6, 2097224, 0, 61131, 0, 0, 0, 0, 0, 0, 0, 0, 118552, 118529, 0, 0, 0, 0, 0, 0, 0, 0, 11000, 12000, '', 0, 3, 1, 30, 1, 1, 1, 0, 0, 0, 0, 0, 0, 0, 0, 1, 0, 0, 0, '', 16048),
(61139, 0, 0, 0, 0, 0, 0, 61144, 0, 0, 0, 0, 0, 41852, 0, 0, 0, 'Shan-xi Watershaper', '', '', 0, 90, 90, 4, 0, 190, 190, 0, 1, 0.992063, 1.14286, 1, 1, 3997, 7691, 0, 40904, 4, 2000, 2000, 2, 32768, 0, 0, 0, 0, 0, 0, 0, 0, 0, 0, 6, 2097224, 0, 0, 0, 0, 0, 0, 0, 0, 0, 0, 0, 0, 0, 0, 0, 0, 0, 0, 0, 0, 0, 0, '', 0, 3, 1, 5, 1, 1, 1, 0, 0, 0, 0, 0, 0, 0, 0, 1, 0, 0, 0, '', 16048),
(61250, 0, 0, 0, 0, 0, 0, 61262, 0, 0, 0, 0, 0, 40138, 0, 0, 0, 'Sorcerer Mogu', '', '', 0, 92, 92, 4, 0, 35, 35, 0, 0.888888, 1.42857, 1.14286, 1, 1, 5174, 12574, 0, 62114, 4, 1500, 2000, 2, 0, 0, 0, 0, 0, 0, 0, 0, 0, 0, 0, 7, 270534760, 0, 61250, 0, 0, 0, 0, 0, 0, 0, 0, 119365, 0, 0, 0, 0, 0, 0, 0, 0, 0, 11000, 12000, '', 0, 3, 1, 8, 1, 1, 1, 0, 0, 0, 0, 0, 0, 0, 144, 1, 0, 0, 0, 'mob_sorcerer_mogu', 16048),
(61330, 0, 0, 0, 0, 0, 0, 61331, 0, 0, 0, 0, 0, 14501, 0, 0, 0, 'Energy Vortex Stalker', '', '', 0, 90, 90, 4, 0, 2191, 2191, 0, 1, 1.14286, 1.14286, 1, 1, 0, 0, 0, 0, 4, 2000, 2000, 1, 33555200, 0, 0, 0, 0, 0, 0, 0, 0, 0, 0, 9, 0, 0, 0, 0, 0, 0, 0, 0, 0, 0, 0, 0, 0, 0, 0, 0, 0, 0, 0, 0, 0, 0, 0, '', 0, 3, 1, 10, 1, 1, 1, 0, 0, 0, 0, 0, 0, 0, 0, 1, 0, 0, 0, '', 16048),
(61334, 0, 0, 0, 0, 0, 0, 61335, 0, 0, 0, 0, 0, 41965, 0, 0, 0, 'Cursed Mogu Sculpture', '', '', 0, 90, 90, 4, 0, 16, 16, 0, 0.888888, 0.952381, 1.14286, 1, 1, 3997, 7691, 0, 40904, 4, 2000, 2000, 2, 0, 0, 0, 0, 0, 0, 0, 0, 0, 0, 0, 6, 0, 0, 61334, 0, 0, 0, 0, 0, 0, 0, 0, 121087, 121224, 0, 0, 0, 0, 0, 0, 0, 0, 10000, 11000, '', 0, 3, 1, 25, 1, 1, 1, 0, 0, 0, 0, 0, 0, 0, 0, 1, 0, 0, 0, 'mob_cursed_mogu_sculture', 16048),
(61341, 0, 0, 0, 0, 0, 0, 61351, 0, 0, 0, 0, 0, 42555, 0, 0, 0, 'Mounted Mogu', '', '', 0, 92, 92, 4, 0, 35, 35, 0, 0.888888, 1.42857, 1.14286, 1, 1, 4750, 11118, 0, 55538, 4, 4000, 2000, 1, 0, 0, 0, 0, 0, 0, 0, 0, 0, 0, 0, 7, 270534760, 0, 61341, 0, 0, 0, 0, 0, 0, 0, 0, 119514, 0, 0, 0, 0, 0, 0, 0, 0, 0, 11000, 12000, '', 0, 3, 1, 10, 10, 1, 1, 0, 0, 0, 0, 0, 0, 0, 144, 1, 0, 0, 0, 'mob_mounted_mogu', 16048),
(61345, 0, 0, 0, 0, 0, 0, 61353, 0, 0, 0, 0, 0, 41498, 0, 0, 0, 'Mogu Archer', '', '', 0, 92, 92, 4, 0, 35, 35, 0, 0.888888, 1.42857, 1.14286, 1, 1, 4750, 11118, 0, 55538, 4, 1500, 2000, 1, 0, 0, 0, 0, 0, 0, 0, 0, 0, 0, 0, 7, 270534760, 0, 61345, 0, 0, 0, 0, 0, 0, 0, 0, 119524, 0, 0, 0, 0, 0, 0, 0, 0, 0, 11000, 12000, '', 0, 3, 1, 8, 1, 1, 1, 0, 0, 0, 0, 0, 0, 0, 144, 1, 0, 0, 0, 'mob_mogu_archer', 16048),
(61347, 0, 0, 0, 0, 0, 0, 61388, 0, 0, 0, 0, 0, 41498, 0, 0, 0, 'Kingsguard', '', '', 0, 92, 92, 4, 0, 35, 35, 0, 0.888888, 1.42857, 1.14286, 1, 1, 4750, 11118, 0, 55538, 4, 1500, 2000, 1, 0, 0, 0, 0, 0, 0, 0, 0, 0, 0, 0, 7, 270534760, 0, 61347, 0, 0, 0, 0, 0, 0, 0, 0, 119629, 119630, 0, 0, 0, 0, 0, 0, 0, 0, 11000, 12000, '', 0, 3, 1, 8, 10, 1, 1, 0, 0, 0, 0, 0, 0, 0, 144, 1, 0, 0, 0, 'mob_kingsguard', 16048),
(61352, 0, 0, 0, 0, 0, 0, 61393, 0, 0, 0, 0, 0, 1126, 11686, 0, 0, 'Story Time', '', '', 0, 92, 92, 4, 0, 14, 14, 0, 2, 0.714286, 1.14286, 1, 0, 4750, 11118, 0, 55538, 4, 2000, 2000, 1, 33554432, 0, 0, 0, 0, 0, 0, 0, 0, 0, 0, 10, 1024, 0, 0, 0, 0, 0, 0, 0, 0, 0, 0, 0, 0, 0, 0, 0, 0, 0, 0, 0, 0, 0, 0, '', 0, 3, 1, 2, 1, 1, 1, 0, 0, 0, 0, 0, 0, 0, 94, 1, 0, 0, 128, '', 16048),
(61421, 0, 0, 0, 0, 0, 0, 61422, 0, 0, 0, 0, 0, 41566, 0, 0, 0, 'Zian of the Endless Shadow', 'SorcererÃ‚Â King', '', 0, 93, 93, 4, 0, 35, 35, 0, 0.888888, 1.42857, 1.14286, 1, 1, 5174, 12574, 0, 62114, 4, 1500, 2000, 2, 0, 0, 0, 0, 0, 0, 0, 0, 0, 0, 0, 10, 2097260, 0, 61421, 0, 0, 0, 0, 0, 0, 0, 0, 117685, 0, 0, 0, 0, 0, 0, 0, 0, 0, 0, 0, '', 0, 3, 1, 80, 100, 1, 1, 0, 0, 0, 0, 0, 0, 0, 144, 1, 0, 0, 0, 'mob_zian', 16048),
(61423, 0, 0, 0, 0, 0, 0, 61424, 0, 0, 0, 0, 0, 41812, 0, 0, 0, 'Qiang the Merciless', 'WarlordÃ‚Â King', '', 0, 93, 93, 4, 0, 35, 35, 0, 0.888888, 1.42857, 1.14286, 1, 1, 5174, 12574, 0, 62114, 4, 4000, 2000, 1, 0, 0, 0, 0, 0, 0, 0, 0, 0, 0, 0, 10, 270532716, 0, 61423, 0, 0, 0, 0, 0, 0, 0, 0, 119521, 0, 0, 0, 0, 0, 0, 0, 0, 0, 0, 0, '', 0, 3, 1, 80, 1, 1, 1, 0, 0, 0, 0, 0, 0, 0, 144, 1, 0, 0, 0, 'mob_qiang', 16048),
(61427, 0, 0, 0, 0, 0, 0, 61428, 0, 0, 0, 0, 0, 41565, 0, 0, 0, 'Subetai the Swift', 'BanditÃ‚Â King', '', 0, 93, 93, 4, 0, 35, 35, 0, 0.888888, 1.42857, 1.14286, 1, 1, 5174, 12574, 0, 62114, 4, 1500, 2000, 1, 0, 0, 0, 0, 0, 0, 0, 0, 0, 0, 0, 10, 2097260, 0, 61427, 0, 0, 0, 0, 0, 0, 0, 0, 119554, 119552, 119553, 0, 0, 0, 0, 0, 0, 0, 0, 0, '', 0, 3, 1, 80, 1, 1, 1, 0, 0, 0, 0, 0, 0, 0, 144, 1, 0, 0, 0, 'mob_subetai', 16048),
(61429, 0, 0, 0, 0, 0, 0, 61430, 0, 0, 0, 0, 0, 41813, 0, 0, 0, 'Meng the Demented', 'MadÃ‚Â King', '', 0, 93, 93, 4, 0, 35, 35, 0, 0.888888, 1.42857, 1.14286, 1, 1, 0, 0, 0, 0, 4, 1500, 2000, 4, 0, 0, 0, 0, 0, 0, 0, 0, 0, 0, 0, 10, 2097260, 0, 61429, 0, 0, 0, 0, 0, 0, 0, 0, 0, 0, 0, 0, 0, 0, 0, 0, 0, 2166, 0, 0, '', 0, 3, 1, 80, 1, 1, 1, 0, 0, 0, 0, 0, 0, 0, 144, 1, 0, 0, 0, 'mob_meng', 16048),
(61989, 0, 0, 0, 0, 0, 0, 61990, 0, 0, 0, 0, 0, 42328, 0, 0, 0, 'Cursed Mogu Sculpture', '', '', 0, 90, 90, 4, 0, 16, 16, 0, 0.888888, 0.952381, 1.14286, 1, 1, 3997, 7691, 0, 40904, 4, 2000, 2000, 2, 0, 0, 0, 0, 0, 0, 0, 0, 0, 0, 0, 6, 0, 0, 61989, 0, 0, 0, 0, 0, 0, 0, 0, 121245, 121247, 121229, 0, 0, 0, 0, 0, 0, 0, 10000, 11000, '', 0, 3, 1, 15, 1, 1, 1, 0, 0, 0, 0, 0, 0, 0, 0, 1, 0, 0, 0, 'mob_cursed_mogu_sculture', 16048),
(62004, 0, 0, 0, 0, 0, 0, 62006, 0, 0, 0, 0, 0, 1126, 31379, 25942, 0, 'Ghost Essence', '', '', 0, 85, 85, 4, 0, 16, 16, 0, 0.4, 1.14286, 1.14286, 1, 0, 0, 0, 0, 0, 4, 5000, 2000, 2, 33554496, 0, 0, 0, 0, 0, 0, 0, 0, 0, 0, 10, 1091568704, 0, 0, 0, 0, 0, 0, 0, 0, 0, 0, 0, 0, 0, 0, 0, 0, 0, 0, 0, 2223, 0, 0, '', 0, 4, 1, 9, 7, 1, 1, 0, 0, 0, 0, 0, 0, 0, 122, 1, 0, 0, 128, '', 16048),
(64061, 0, 0, 0, 0, 0, 0, 0, 0, 0, 0, 0, 0, 43677, 0, 0, 0, 'Mogu\'shan Warden', '', '', 0, 92, 92, 4, 0, 16, 16, 0, 1.6, 1.71429, 1.14286, 1, 1, 0, 0, 0, 0, 4, 2000, 2000, 2, 32832, 0, 0, 0, 0, 0, 0, 0, 0, 0, 0, 6, 2097224, 0, 64061, 0, 0, 0, 0, 0, 0, 0, 0, 126955, 126958, 126970, 0, 0, 0, 0, 0, 0, 0, 11000, 12000, '', 0, 3, 1, 30, 1, 1, 1, 0, 0, 0, 0, 0, 0, 0, 167, 1, 0, 0, 0, '', 16048),
(64063, 0, 0, 0, 0, 0, 0, 0, 0, 0, 0, 0, 0, 43678, 0, 0, 0, 'Mogu\'shan Arcanist', '', '', 0, 92, 92, 4, 0, 16, 16, 0, 0.888888, 0.952381, 1.14286, 1, 1, 0, 0, 0, 0, 4, 2000, 2000, 2, 32832, 0, 0, 0, 0, 0, 0, 0, 0, 0, 0, 6, 2097224, 0, 64063, 0, 0, 0, 0, 0, 0, 0, 0, 126973, 0, 0, 0, 0, 0, 0, 0, 0, 0, 11000, 12000, '', 0, 3, 1, 18, 1, 1, 1, 0, 0, 0, 0, 0, 0, 0, 0, 1, 0, 0, 0, '', 16048),
(64068, 0, 0, 0, 0, 0, 0, 0, 0, 0, 0, 0, 0, 43679, 0, 0, 0, 'Mogu\'shan Engine Keeper', '', '', 0, 92, 92, 4, 0, 16, 16, 0, 0.888888, 0.952381, 1.14286, 1, 1, 0, 0, 0, 0, 4, 2000, 2000, 2, 32832, 0, 0, 0, 0, 0, 0, 0, 0, 0, 0, 6, 2097224, 0, 64068, 0, 0, 0, 0, 0, 0, 0, 0, 126980, 126985, 0, 0, 0, 0, 0, 0, 0, 0, 11000, 12000, '', 0, 3, 1, 32, 1, 1, 1, 0, 0, 0, 0, 0, 0, 0, 0, 1, 0, 0, 0, '', 16048),
(64183, 0, 0, 0, 0, 0, 0, 64190, 0, 0, 0, 0, 0, 41155, 0, 0, 0, 'Enormous Stone Quilen', '', '', 0, 91, 91, 4, 0, 16, 16, 0, 1, 1.42857, 1.14286, 1, 1, 4326, 9662, 0, 48962, 4, 2000, 2000, 1, 0, 0, 0, 128, 0, 0, 0, 0, 0, 0, 0, 1, 0, 0, 64183, 0, 0, 0, 0, 0, 0, 0, 0, 125096, 125092, 0, 0, 0, 0, 0, 0, 0, 0, 0, 0, '', 0, 3, 1, 20, 1, 1, 1, 0, 0, 0, 0, 0, 0, 0, 150, 1, 0, 0, 0, 'mob_enormous_stone_quilen', 16048),
(64529, 0, 0, 0, 0, 0, 0, 64539, 0, 0, 0, 0, 0, 27401, 27401, 0, 0, 'Mogu Runes (Horizontal Visual)', '', '', 0, 93, 93, 4, 0, 35, 35, 16777216, 1, 1.14286, 1.14286, 1, 0, 5174, 12574, 0, 62114, 4, 2000, 2000, 1, 33554688, 0, 0, 0, 0, 0, 0, 0, 0, 0, 0, 9, 1074790400, 6, 0, 0, 0, 0, 0, 0, 0, 0, 0, 0, 0, 0, 0, 0, 0, 0, 0, 0, 0, 0, 0, '', 0, 4, 1, 1, 1, 1, 1, 0, 0, 0, 0, 0, 0, 0, 0, 1, 0, 0, 0, '', 16048),
(64600, 0, 0, 0, 0, 0, 0, 64624, 0, 0, 0, 0, 0, 27401, 27401, 0, 0, 'Mogu Runes (Vertical Visual)', '', '', 0, 93, 93, 4, 0, 35, 35, 16777216, 1, 1.14286, 1.14286, 1, 0, 5174, 12574, 0, 62114, 4, 2000, 2000, 1, 33554688, 0, 0, 0, 0, 0, 0, 0, 0, 0, 0, 9, 1074790400, 6, 0, 0, 0, 0, 0, 0, 0, 0, 0, 0, 0, 0, 0, 0, 0, 0, 0, 0, 0, 0, 0, '', 0, 4, 1, 1, 1, 1, 1, 0, 0, 0, 0, 0, 0, 0, 0, 1, 0, 0, 0, '', 16048),
(64947, 0, 0, 0, 0, 0, 0, 64963, 0, 0, 0, 0, 0, 43677, 0, 0, 0, 'Mogu\'shan Warden', '', '', 0, 92, 92, 4, 0, 16, 16, 0, 1.6, 1.71429, 1.14286, 1, 1, 0, 0, 0, 0, 4, 2000, 2000, 2, 32832, 0, 0, 0, 0, 0, 0, 0, 0, 0, 0, 6, 2097224, 0, 64947, 0, 0, 0, 0, 0, 0, 0, 0, 126955, 126958, 126970, 0, 0, 0, 0, 0, 0, 0, 11000, 12000, '', 0, 3, 1, 30, 1, 1, 1, 0, 0, 0, 0, 0, 0, 0, 167, 1, 0, 0, 0, '', 16048),
(65227, 0, 0, 0, 0, 0, 0, 65230, 0, 0, 0, 0, 0, 27401, 27401, 0, 0, 'Mogu Runes (Pitch Forward 120) DNT', '', '', 0, 93, 93, 4, 0, 35, 35, 16777216, 1, 1.14286, 1.14286, 1, 0, 5174, 12574, 0, 62114, 4, 2000, 2000, 1, 33554688, 0, 0, 0, 0, 0, 0, 0, 0, 0, 0, 9, 1074790400, 6, 0, 0, 0, 0, 0, 0, 0, 0, 0, 0, 0, 0, 0, 0, 0, 0, 0, 0, 0, 0, 0, '', 0, 4, 1, 1, 1, 1, 1, 0, 0, 0, 0, 0, 0, 0, 0, 1, 0, 0, 0, '', 16048),
(65293, 0, 0, 0, 0, 0, 0, 65296, 0, 0, 0, 0, 0, 43849, 0, 0, 0, 'Infinite Energy', '', '', 0, 90, 90, 4, 0, 35, 35, 0, 2.4, 1.28571, 1.14286, 1, 0, 0, 0, 0, 0, 4, 2000, 2000, 1, 33554432, 0, 0, 0, 0, 0, 0, 0, 0, 0, 0, 9, 0, 0, 0, 0, 0, 0, 0, 0, 0, 0, 0, 0, 0, 0, 0, 0, 0, 0, 0, 0, 0, 0, 0, '', 0, 4, 3, 1.2, 1, 1, 1, 0, 0, 0, 0, 0, 0, 0, 136, 1, 0, 0, 0, 'mob_infinite_energy', 16048),
(65297, 0, 0, 0, 0, 0, 0, 65299, 0, 0, 0, 0, 0, 1126, 11686, 0, 0, 'Invisible Stalker', '', '', 0, 1, 1, 4, 0, 35, 35, 0, 1, 1.14286, 1.14286, 1, 0, 0, 0, 0, 0, 4, 2000, 2000, 1, 33555200, 0, 0, 0, 0, 0, 0, 0, 0, 0, 0, 10, 1024, 0, 0, 0, 0, 0, 0, 0, 0, 0, 0, 0, 0, 0, 0, 0, 0, 0, 0, 0, 0, 0, 0, '', 0, 3, 1, 1, 1, 1, 1, 0, 0, 0, 0, 0, 0, 0, 0, 1, 0, 0, 128, '', 16048),
(65343, 0, 0, 0, 0, 0, 0, 65345, 0, 0, 0, 0, 0, 43897, 43898, 43899, 0, 'Bone Spider', '', '', 0, 1, 1, 4, 0, 31, 31, 0, 1, 0.857143, 1.14286, 1, 0, 0, 0, 0, 0, 4, 2000, 2000, 1, 32768, 0, 0, 0, 0, 0, 0, 0, 0, 0, 0, 8, 0, 0, 0, 0, 0, 0, 0, 0, 0, 0, 0, 0, 0, 0, 0, 0, 0, 0, 0, 0, 0, 0, 0, '', 0, 3, 1, 0.2, 1, 1, 1, 0, 0, 0, 0, 0, 0, 0, 100, 1, 0, 0, 0, '', 16048);

-- Gameobject Spawns
DELETE FROM `gameobject` WHERE `map`=1008;
REPLACE INTO `gameobject` (`id`, `map`, `zoneId`, `areaId`, `spawnMask`, `phaseMask`, `position_x`, `position_y`, `position_z`, `orientation`, `rotation0`, `rotation1`, `rotation2`, `rotation3`, `spawntimesecs`, `animprogress`, `state`, `isActive`) VALUES 
(213526, 1008, 6125, 6125, 760, 1, 4023.15, 1907.6, 360, 3.14159, 0.000488281, 0.00030613, 0.292623, 0.995623, 300, 0, 1, 0),
(214441, 1008, 6125, 6125, 136, 1, 3848.87, 1044.63, 492.389, 0.0197337, 0, 0, 0, 1, 7200, 255, 1, 0),
(213245, 1008, 6125, 6125, 136, 1, 4014.96, 1295.43, 401.449, 0.872664, 0, 0, 1, -0.0000000437114, 7200, 255, 1, 0),
(214452, 1008, 6125, 6125, 136, 1, 4005.69, 1341.5, 466.304, 0.0109063, 0, 0, 0, 1, 7200, 255, 0, 0),
(213246, 1008, 6125, 6125, 136, 1, 4069.11, 1293.33, 401.449, 2.09439, 0, 0, 1, -0.0000000437114, 7200, 255, 1, 0),
(214452, 1008, 6125, 6125, 136, 1, 4077.35, 1341.2, 466.305, 0.0109063, 0, 0, 0, 1, 7200, 255, 0, 0),
(213248, 1008, 6125, 6125, 136, 1, 4014.91, 1389.01, 401.449, 5.32326, 0, 0, 1, -0.0000000437114, 7200, 255, 1, 0),
(213247, 1008, 6125, 6125, 136, 1, 4069.48, 1389.81, 401.449, 4.27606, 0, 0, 1, -0.0000000437114, 7200, 255, 2, 0),
(214696, 1008, 6125, 6125, 136, 1, 4177.42, 1341.57, 461.907, 0, 0, 0, 1, -0.0000000437114, 7200, 255, 1, 0),
(211693, 1008, 0, 0, 136, 1, 3745.49, 539.723, 639.013, 3.01941, 0, 0, 0.998135, 0.0610487, 7200, 255, 1, 0),
(210868, 1008, 0, 0, 136, 1, 3699.75, 545.34, 639.629, 3.01941, 0, 0, 0.998135, 0.0610487, 7200, 255, 1, 0),
(213939, 1008, 6125, 6125, 136, 1, 4023.06, 1871.54, 260.993, 0, 0, 0, 1, -0.0000000437114, 7200, 255, 2, 0),
(213942, 1008, 6125, 6125, 136, 1, 4023.06, 1873.38, 224.676, 0, 0, 0, 1, -0.0000000437114, 7200, 255, 2, 0),
(213529, 1008, 6125, 6125, 136, 1, 4023.16, 1907.61, 353.23, 3.14159, 0, 0, 1, -0.0000000437114, 7200, 255, 0, 0),
(213506, 1008, 6125, 6125, 136, 1, 4022.84, 1908.99, 358.941, 3.14159, 0, 0, 1, -0.0000000437114, 7200, 255, 0, 0),
(213527, 1008, 6125, 6125, 136, 1, 4023.16, 1907.61, 326.197, 3.14159, 0, 0, 1, -0.0000000437114, 7200, 255, 0, 0),
(213946, 1008, 6125, 6125, 136, 1, 4023.06, 1876.01, 181.318, 0, 0, 0, 1, -0.0000000437114, 7200, 255, 2, 0),
(213938, 1008, 6125, 6125, 136, 1, 3987.1, 1907.69, 260.993, 4.71239, 0, 0, 1, -0.0000000437114, 7200, 255, 2, 0),
(213943, 1008, 6125, 6125, 136, 1, 3988.94, 1907.69, 224.676, 4.71239, 0, 0, 1, -0.0000000437114, 7200, 255, 2, 0),
(213940, 1008, 6125, 6125, 136, 1, 4059.22, 1907.5, 260.993, 1.5708, 0, 0, 1, -0.0000000437114, 7200, 255, 2, 0),
(213950, 1008, 6125, 6125, 136, 1, 4023.06, 1878.39, 137.717, 0, 0, 0, 1, -0.0000000437114, 7200, 255, 2, 0),
(213941, 1008, 6125, 6125, 136, 1, 4057.38, 1907.5, 224.676, 1.5708, 0, 0, 1, -0.0000000437114, 7200, 255, 2, 0),
(213947, 1008, 6125, 6125, 136, 1, 3991.57, 1907.69, 181.318, 4.71239, 0, 0, 1, -0.0000000437114, 7200, 255, 2, 0),
(213945, 1008, 6125, 6125, 136, 1, 4054.75, 1907.5, 181.318, 1.5708, 0, 0, 1, -0.0000000437114, 7200, 255, 2, 0),
(213953, 1008, 6125, 6125, 136, 1, 4023.06, 1880.76, 95.6294, 0, 0, 0, 1, -0.0000000437114, 7200, 255, 2, 0),
(213951, 1008, 6125, 6125, 136, 1, 3993.95, 1907.69, 137.717, 4.71239, 0, 0, 1, -0.0000000437114, 7200, 255, 2, 0),
(213937, 1008, 6125, 6125, 136, 1, 4023.26, 1943.66, 260.993, 3.1431, 0, 0, 1, -0.0000000437114, 7200, 255, 2, 0),
(213944, 1008, 6125, 6125, 136, 1, 4023.26, 1941.81, 224.676, 3.1431, 0, 0, 1, -0.0000000437114, 7200, 255, 2, 0),
(213949, 1008, 6125, 6125, 136, 1, 4052.37, 1907.5, 137.717, 1.5708, 0, 0, 1, -0.0000000437114, 7200, 255, 2, 0),
(213954, 1008, 6125, 6125, 136, 1, 3996.32, 1907.69, 95.6294, 4.71239, 0, 0, 1, -0.0000000437114, 7200, 255, 2, 0),
(213948, 1008, 6125, 6125, 136, 1, 4023.26, 1939.19, 181.318, 3.1431, 0, 0, 1, -0.0000000437114, 7200, 255, 2, 0),
(213952, 1008, 6125, 6125, 136, 1, 4023.26, 1936.81, 137.717, 3.1431, 0, 0, 1, -0.0000000437114, 7200, 255, 2, 0),
(213955, 1008, 6125, 6125, 136, 1, 4023.26, 1934.44, 95.6294, 3.1431, 0, 0, 1, -0.0000000437114, 7200, 255, 2, 0),
(214497, 1008, 6125, 6125, 136, 1, 3899.17, 1140.78, 481.129, 4.71198, 0, 0, 0, 1, 7200, 255, 0, 0),
(213528, 1008, 6125, 6125, 136, 1, 4023.16, 1907.61, 300.17, 3.14159, 0, 0, 1, -0.0000000437114, 7200, 255, 0, 0),
(211628, 1008, 6125, 6125, 136, 1, 4028.32, 1352.85, 468.809, 5.25201, 0, 0, 0, 1, 7200, 255, 1, 0),
(211626, 1008, 6125, 6125, 136, 65535, 4027.3, 1331.39, 466.3, 3.11775, 0, 0, 0.999929, 0.0119199, 300, 0, 1, 0),
(215114, 1008, 6125, 6125, 136, 1, 4192.52, 1577.41, 438.804, 0.334916, 0, 0, 0, 1, 7200, 255, 0, 0),
(215114, 1008, 6125, 6125, 136, 1, 4262.08, 1577.39, 438.804, 2.74763, 0, 0, 0, 1, 7200, 255, 0, 0),
(215114, 1008, 6125, 6125, 136, 1, 4192.52, 1577.41, 438.804, 0.334916, 0, 0, 0, 1, 7200, 255, 0, 0),
(215114, 1008, 6125, 6125, 136, 1, 4262.08, 1577.39, 438.804, 2.74763, 0, 0, 0, 1, 7200, 255, 0, 0),
(215114, 1008, 6125, 6125, 136, 1, 4192.52, 1577.41, 438.804, 0.334916, 0, 0, 0, 1, 7200, 255, 0, 0),
(215114, 1008, 6125, 6125, 136, 1, 4262.08, 1577.39, 438.804, 2.74763, 0, 0, 0, 1, 7200, 255, 0, 0),
(215114, 1008, 6125, 6125, 136, 1, 4192.52, 1577.41, 438.804, 0.334916, 0, 0, 0, 1, 7200, 255, 0, 0),
(215114, 1008, 6125, 6125, 136, 1, 4262.08, 1577.39, 438.804, 2.74763, 0, 0, 0, 1, 7200, 255, 0, 0),
(214412, 1008, 6125, 6125, 136, 1, 4023.78, 1834.62, 358.788, 1.56657, 0, 0, 0, 1, 7200, 255, 0, 0),
(211650, 1008, 6125, 6125, 136, 1, 4023.13, 1863.6, 358.788, 4.70866, 0, 0, 0, 1, 7200, 255, 1, 0);
-- Creature spawns
DELETE FROM `creature` WHERE `map`=1008;
INSERT INTO `creature` (`id`, `map`, `zoneId`, `areaId`, `spawnMask`, `phaseMask`, `modelid`, `equipment_id`, `position_x`, `position_y`, `position_z`, `orientation`, `spawntimesecs`, `spawndist`, `currentwaypoint`, `curhealth`, `curmana`, `MovementType`, `npcflag`, `unit_flags`, `dynamicflags`, `isActive`) VALUES 
(60576, 1008, 6125, 6125, 136, 1, 0, 0, 3920.8, 1135.94, 481.138, 4.6941, 86400, 0, 0, 1, 0, 0, 0, 0, 0, 0),
(60576, 1008, 6125, 6125, 136, 1, 0, 0, 3925.01, 1132.46, 481.138, 4.6941, 86400, 0, 0, 1, 0, 0, 0, 0, 0, 0),
(60576, 1008, 6125, 6125, 136, 1, 0, 0, 3916.63, 1135.96, 481.138, 4.6941, 86400, 0, 0, 1, 0, 0, 0, 0, 0, 0),
(60576, 1008, 6125, 6125, 136, 1, 0, 0, 3920.46, 1128.57, 481.135, 4.6941, 86400, 0, 0, 1, 0, 0, 0, 0, 0, 0),
(60576, 1008, 6125, 6125, 136, 1, 0, 0, 3905.71, 1136.06, 481.129, 4.6941, 86400, 0, 0, 1, 0, 0, 0, 0, 0, 0),
(60576, 1008, 6125, 6125, 136, 1, 0, 0, 3912.78, 1132.16, 481.136, 4.6941, 86400, 0, 0, 1, 0, 0, 0, 0, 0, 0),
(60576, 1008, 6125, 6125, 136, 1, 0, 0, 3916.61, 1128.52, 481.133, 4.6941, 86400, 0, 0, 1, 0, 0, 0, 0, 0, 0),
(60576, 1008, 6125, 6125, 136, 1, 0, 0, 3908.99, 1132.18, 481.134, 4.6941, 86400, 0, 0, 1, 0, 0, 0, 0, 0, 0),
(60576, 1008, 6125, 6125, 136, 1, 0, 0, 3929.27, 1132.41, 481.139, 4.6941, 86400, 0, 0, 1, 0, 0, 0, 0, 0, 0),
(60576, 1008, 6125, 6125, 136, 1, 0, 0, 3933.33, 1136.25, 481.139, 4.6941, 86400, 0, 0, 1, 0, 0, 0, 0, 0, 0),
(60576, 1008, 6125, 6125, 136, 1, 0, 0, 3872.94, 1185.22, 466.262, 4.6941, 86400, 0, 0, 1, 0, 0, 0, 0, 0, 0),
(60576, 1008, 6125, 6125, 136, 1, 0, 0, 3876.92, 1185.11, 466.262, 4.6941, 86400, 0, 0, 1, 0, 0, 0, 0, 0, 0),
(60576, 1008, 6125, 6125, 136, 1, 0, 0, 3880.82, 1189.38, 466.262, 4.6941, 86400, 0, 0, 1, 0, 0, 0, 0, 0, 0),
(60576, 1008, 6125, 6125, 136, 1, 0, 0, 3872.98, 1193.28, 466.262, 4.6941, 86400, 0, 0, 1, 0, 0, 0, 0, 0, 0),
(60576, 1008, 6125, 6125, 136, 1, 0, 0, 3876.89, 1193.26, 466.262, 4.6941, 86400, 0, 0, 1, 0, 0, 0, 0, 0, 0),
(60576, 1008, 6125, 6125, 136, 1, 0, 0, 3868.94, 1197.4, 466.262, 4.6941, 86400, 0, 0, 1, 0, 0, 0, 0, 0, 0),
(60576, 1008, 6125, 6125, 136, 1, 0, 0, 3921.94, 1185.22, 466.262, 4.6941, 86400, 0, 0, 1, 0, 0, 0, 0, 0, 0),
(60576, 1008, 6125, 6125, 136, 1, 0, 0, 3880.82, 1197.23, 466.262, 4.6941, 86400, 0, 0, 1, 0, 0, 0, 0, 0, 0),
(60576, 1008, 6125, 6125, 136, 1, 0, 0, 3926.01, 1185.35, 466.262, 4.6941, 86400, 0, 0, 1, 0, 0, 0, 0, 0, 0),
(60576, 1008, 6125, 6125, 136, 1, 0, 0, 3917.95, 1189.41, 466.262, 4.6941, 86400, 0, 0, 1, 0, 0, 0, 0, 0, 0),
(64183, 1008, 6125, 6125, 136, 1, 0, 0, 3903.32, 1197.32, 466.17, 1.57357, 86400, 0, 0, 1, 0, 0, 0, 0, 0, 0),
(60576, 1008, 6125, 6125, 136, 1, 0, 0, 3872.9, 1201.39, 466.262, 4.6941, 86400, 0, 0, 1, 0, 0, 0, 0, 0, 0),
(64183, 1008, 6125, 6125, 136, 1, 0, 0, 3908.32, 1197.32, 466.17, 1.57357, 86400, 0, 0, 1, 0, 0, 0, 0, 0, 0),
(60576, 1008, 6125, 6125, 136, 1, 0, 0, 3884.92, 1201.6, 466.262, 4.6941, 86400, 0, 0, 1, 0, 0, 0, 0, 0, 0),
(60576, 1008, 6125, 6125, 136, 1, 0, 0, 3922.13, 1193.51, 466.262, 4.6941, 86400, 0, 0, 1, 0, 0, 0, 0, 0, 0),
(60576, 1008, 6125, 6125, 136, 1, 0, 0, 3868.77, 1205.5, 466.262, 4.6941, 86400, 0, 0, 1, 0, 0, 0, 0, 0, 0),
(60576, 1008, 6125, 6125, 136, 1, 0, 0, 3877.04, 1205.42, 466.262, 4.6941, 86400, 0, 0, 1, 0, 0, 0, 0, 0, 0),
(60576, 1008, 6125, 6125, 136, 1, 0, 0, 3880.85, 1205.58, 466.262, 4.6941, 86400, 0, 0, 1, 0, 0, 0, 0, 0, 0),
(60576, 1008, 6125, 6125, 136, 1, 0, 0, 3926.06, 1193.45, 466.262, 4.6941, 86400, 0, 0, 1, 0, 0, 0, 0, 0, 0),
(60576, 1008, 6125, 6125, 136, 1, 0, 0, 3917.9, 1197.15, 466.262, 4.6941, 86400, 0, 0, 1, 0, 0, 0, 0, 0, 0),
(60576, 1008, 6125, 6125, 136, 1, 0, 0, 3873.03, 1209.48, 466.262, 4.6941, 86400, 0, 0, 1, 0, 0, 0, 0, 0, 0),
(60576, 1008, 6125, 6125, 136, 1, 0, 0, 3913.49, 1201.49, 466.262, 4.6941, 86400, 0, 0, 1, 0, 0, 0, 0, 0, 0),
(60576, 1008, 6125, 6125, 136, 1, 0, 0, 3884.82, 1209.66, 466.262, 4.6941, 86400, 0, 0, 1, 0, 0, 0, 0, 0, 0),
(60576, 1008, 6125, 6125, 136, 1, 0, 0, 3930.04, 1197.62, 466.262, 4.6941, 86400, 0, 0, 1, 0, 0, 0, 0, 0, 0),
(60576, 1008, 6125, 6125, 136, 1, 0, 0, 3869.01, 1213.77, 466.262, 4.6941, 86400, 0, 0, 1, 0, 0, 0, 0, 0, 0),
(60576, 1008, 6125, 6125, 136, 1, 0, 0, 3926.04, 1201.54, 466.262, 4.6941, 86400, 0, 0, 1, 0, 0, 0, 0, 0, 0),
(60576, 1008, 6125, 6125, 136, 1, 0, 0, 3880.92, 1213.8, 466.262, 4.6941, 86400, 0, 0, 1, 0, 0, 0, 0, 0, 0),
(60576, 1008, 6125, 6125, 136, 1, 0, 0, 3917.97, 1205.61, 466.262, 4.6941, 86400, 0, 0, 1, 0, 0, 0, 0, 0, 0),
(64183, 1008, 6125, 6125, 136, 1, 0, 0, 3890.33, 1209.09, 466.17, 4.72358, 86400, 0, 0, 1, 0, 0, 0, 0, 0, 0),
(64183, 1008, 6125, 6125, 136, 1, 0, 0, 3895.33, 1209.13, 466.17, 4.72267, 86400, 0, 0, 1, 0, 0, 0, 0, 0, 0),
(60576, 1008, 6125, 6125, 136, 1, 0, 0, 3921.91, 1205.6, 466.262, 4.6941, 86400, 0, 0, 1, 0, 0, 0, 0, 0, 0),
(60576, 1008, 6125, 6125, 136, 1, 0, 0, 3913.52, 1209.67, 466.262, 4.6941, 86400, 0, 0, 1, 0, 0, 0, 0, 0, 0),
(60576, 1008, 6125, 6125, 136, 1, 0, 0, 3872.7, 1217.63, 466.262, 4.6941, 86400, 0, 0, 1, 0, 0, 0, 0, 0, 0),
(60576, 1008, 6125, 6125, 136, 1, 0, 0, 3877.09, 1217.67, 466.262, 4.6941, 86400, 0, 0, 1, 0, 0, 0, 0, 0, 0),
(60576, 1008, 6125, 6125, 136, 1, 0, 0, 3930.18, 1205.61, 466.262, 4.6941, 86400, 0, 0, 1, 0, 0, 0, 0, 0, 0),
(60576, 1008, 6125, 6125, 136, 1, 0, 0, 3926.06, 1209.53, 466.262, 4.6941, 86400, 0, 0, 1, 0, 0, 0, 0, 0, 0),
(60576, 1008, 6125, 6125, 136, 1, 0, 0, 3868.86, 1221.68, 466.262, 4.6941, 86400, 0, 0, 1, 0, 0, 0, 0, 0, 0),
(60576, 1008, 6125, 6125, 136, 1, 0, 0, 3917.91, 1213.86, 466.262, 4.6941, 86400, 0, 0, 1, 0, 0, 0, 0, 0, 0),
(60576, 1008, 6125, 6125, 136, 1, 0, 0, 3880.96, 1222.03, 466.262, 4.6941, 86400, 0, 0, 1, 0, 0, 0, 0, 0, 0),
(60576, 1008, 6125, 6125, 136, 1, 0, 0, 3930.1, 1213.7, 466.262, 4.6941, 86400, 0, 0, 1, 0, 0, 0, 0, 0, 0),
(60576, 1008, 6125, 6125, 136, 1, 0, 0, 3921.82, 1217.81, 466.262, 4.6941, 86400, 0, 0, 1, 0, 0, 0, 0, 0, 0),
(60576, 1008, 6125, 6125, 136, 1, 0, 0, 3925.96, 1217.38, 466.262, 4.6941, 86400, 0, 0, 1, 0, 0, 0, 0, 0, 0),
(60576, 1008, 6125, 6125, 136, 1, 0, 0, 3917.83, 1221.97, 466.262, 4.6941, 86400, 0, 0, 1, 0, 0, 0, 0, 0, 0),
(60576, 1008, 6125, 6125, 136, 1, 0, 0, 3930.22, 1221.98, 466.262, 4.6941, 86400, 0, 0, 1, 0, 0, 0, 0, 0, 0),
(60089, 1008, 6125, 6125, 136, 1, 0, 0, 3899.2, 1234.37, 466.262, 4.70953, 86400, 0, 0, 1, 0, 0, 0, 33554432, 0, 0),
(55091, 1008, 6125, 6125, 136, 1, 0, 0, 3874.41, 1488.01, 398.912, 1.48778, 86400, 0, 0, 1, 0, 0, 0, 33554432, 0, 0),
(55091, 1008, 6125, 6125, 136, 1, 0, 0, 3895.32, 1487.57, 398.912, 1.81724, 86400, 0, 0, 1, 0, 0, 0, 33554432, 0, 0),
(55091, 1008, 6125, 6125, 136, 1, 0, 0, 3853.1, 1491.93, 398.912, 1.14406, 86400, 0, 0, 1, 0, 0, 0, 33554432, 0, 0),
(55091, 1008, 6125, 6125, 136, 1, 0, 0, 3874.36, 1487.67, 368.308, 1.48759, 86400, 0, 0, 1, 0, 0, 0, 33554432, 0, 0),
(55091, 1008, 6125, 6125, 136, 1, 0, 0, 3895.4, 1487.82, 368.308, 1.81948, 86400, 0, 0, 1, 0, 0, 0, 33554432, 0, 0),
(55091, 1008, 6125, 6125, 136, 1, 0, 0, 3853.05, 1492.02, 368.308, 1.14278, 86400, 0, 0, 1, 0, 0, 0, 33554432, 0, 0),
(55091, 1008, 6125, 6125, 136, 1, 0, 0, 3835.31, 1502.11, 398.912, 0.826355, 86400, 0, 0, 1, 0, 0, 0, 33554432, 0, 0),
(55091, 1008, 6125, 6125, 136, 1, 0, 0, 3835.23, 1501.86, 368.308, 0.827864, 86400, 0, 0, 1, 0, 0, 0, 33554432, 0, 0),
(55091, 1008, 6125, 6125, 136, 1, 0, 0, 3820.21, 1518.86, 368.328, 0.485, 86400, 0, 0, 1, 0, 0, 0, 33554432, 0, 0),
(55091, 1008, 6125, 6125, 136, 1, 0, 0, 3814.52, 1537.24, 398.334, 0.195844, 86400, 0, 0, 1, 0, 0, 0, 33554432, 0, 0),
(55091, 1008, 6125, 6125, 136, 1, 0, 0, 3814.65, 1537.17, 367.727, 0.197297, 86400, 0, 0, 1, 0, 0, 0, 33554432, 0, 0),
(55091, 1008, 6125, 6125, 136, 1, 0, 0, 3813.39, 1550.42, 398.333, 6.27916, 86400, 0, 0, 1, 0, 0, 0, 33554432, 0, 0),
(55091, 1008, 6125, 6125, 136, 1, 0, 0, 3813.39, 1550.37, 367.725, 6.27987, 86400, 0, 0, 1, 0, 0, 0, 33554432, 0, 0),
(55091, 1008, 6125, 6125, 136, 1, 0, 0, 3814.84, 1563.42, 398.334, 6.08103, 86400, 0, 0, 1, 0, 0, 0, 33554432, 0, 0),
(55091, 1008, 6125, 6125, 136, 1, 0, 0, 3814.87, 1563.53, 367.727, 6.07921, 86400, 0, 0, 1, 0, 0, 0, 33554432, 0, 0),
(55091, 1008, 6125, 6125, 136, 1, 0, 0, 3820.61, 1581.48, 368.328, 5.79479, 86400, 0, 0, 1, 0, 0, 0, 33554432, 0, 0),
(55091, 1008, 6125, 6125, 136, 1, 0, 0, 3835.69, 1598.07, 398.912, 5.45383, 86400, 0, 0, 1, 0, 0, 0, 33554432, 0, 0),
(55091, 1008, 6125, 6125, 136, 1, 0, 0, 3835.51, 1598.21, 368.308, 5.45439, 86400, 0, 0, 1, 0, 0, 0, 33554432, 0, 0),
(55091, 1008, 6125, 6125, 136, 1, 0, 0, 3853.24, 1608.38, 398.912, 5.1372, 86400, 0, 0, 1, 0, 0, 0, 33554432, 0, 0),
(55091, 1008, 6125, 6125, 136, 1, 0, 0, 3874.46, 1612.36, 398.912, 4.7945, 86400, 0, 0, 1, 0, 0, 0, 33554432, 0, 0),
(55091, 1008, 6125, 6125, 136, 1, 0, 0, 3895.21, 1612.17, 398.912, 4.46545, 86400, 0, 0, 1, 0, 0, 0, 33554432, 0, 0),
(55091, 1008, 6125, 6125, 136, 1, 0, 0, 3853.46, 1607.82, 368.308, 5.13761, 86400, 0, 0, 1, 0, 0, 0, 33554432, 0, 0),
(55091, 1008, 6125, 6125, 136, 1, 0, 0, 3874.44, 1611.79, 368.308, 4.79552, 86400, 0, 0, 1, 0, 0, 0, 33554432, 0, 0),
(55091, 1008, 6125, 6125, 136, 1, 0, 0, 3895.31, 1612.19, 368.308, 4.46404, 86400, 0, 0, 1, 0, 0, 0, 33554432, 0, 0),
(60051, 1008, 6125, 6125, 136, 1, 0, 0, 3870.75, 1246.28, 466.364, 4.54348, 86400, 0, 0, 1, 0, 0, 0, 64, 0, 0),
(59915, 1008, 6125, 6125, 136, 1, 0, 0, 3919.89, 1258.59, 466.363, 4.66991, 86400, 0, 0, 1, 0, 0, 0, 64, 0, 0),
(60576, 1008, 6125, 6125, 136, 1, 0, 0, 3872.78, 1132.16, 481.136, 4.6941, 86400, 0, 0, 1, 0, 0, 0, 0, 0, 0),
(54020, 1008, 6125, 6125, 136, 1, 0, 0, 3874.55, 1483.5, 398.912, 1.59109, 86400, 0, 0, 1, 0, 0, 0, 33554432, 0, 0),
(54020, 1008, 6125, 6125, 136, 1, 0, 0, 3895.03, 1483.62, 398.912, 1.48814, 86400, 0, 0, 1, 0, 0, 0, 33554432, 0, 0),
(54020, 1008, 6125, 6125, 136, 1, 0, 0, 3851.71, 1487.36, 398.912, 1.28605, 86400, 0, 0, 1, 0, 0, 0, 33554432, 0, 0),
(54020, 1008, 6125, 6125, 136, 1, 0, 0, 3894.75, 1485.93, 368.308, 1.48814, 86400, 0, 0, 1, 0, 0, 0, 33554432, 0, 0),
(54020, 1008, 6125, 6125, 136, 1, 0, 0, 3874.31, 1483.42, 368.308, 1.55836, 86400, 0, 0, 1, 0, 0, 0, 33554432, 0, 0),
(54020, 1008, 6125, 6125, 136, 1, 0, 0, 3851.34, 1486.52, 368.308, 1.23063, 86400, 0, 0, 1, 0, 0, 0, 33554432, 0, 0),
(54020, 1008, 6125, 6125, 136, 1, 0, 0, 3832.24, 1498.48, 398.912, 0.810256, 86400, 0, 0, 1, 0, 0, 0, 33554432, 0, 0),
(54020, 1008, 6125, 6125, 136, 1, 0, 0, 3832.32, 1498.54, 368.308, 0.842962, 86400, 0, 0, 1, 0, 0, 0, 33554432, 0, 0),
(59481, 1008, 6125, 6125, 136, 1, 0, 0, 4014.51, 1297.34, 477.871, 0.986037, 86400, 0, 0, 1, 0, 0, 0, 33554496, 0, 0),
(61334, 1008, 6125, 6125, 136, 1, 0, 0, 3907.96, 1337.48, 466.686, 2.67733, 86400, 0, 0, 1, 0, 0, 0, 33587200, 0, 0),
(62004, 1008, 6125, 6125, 136, 1, 0, 0, 3900.33, 1340.38, 474.136, 0, 86400, 0, 0, 1, 0, 0, 0, 33554496, 0, 0),
(61334, 1008, 6125, 6125, 136, 1, 0, 0, 3892.1, 1341.48, 466.738, 6.01387, 86400, 0, 0, 1, 0, 0, 0, 33587200, 0, 0),
(54020, 1008, 6125, 6125, 136, 1, 0, 0, 3816.41, 1516.79, 368.328, 0.615614, 86400, 0, 0, 1, 0, 0, 0, 33554432, 0, 0),
(61989, 1008, 6125, 6125, 136, 1, 0, 0, 3989.33, 1330.74, 462.025, 3.12713, 86400, 0, 0, 1, 0, 0, 0, 33587200, 0, 0),
(61989, 1008, 6125, 6125, 136, 1, 0, 0, 3989.48, 1341.72, 462.061, 3.12713, 86400, 0, 0, 1, 0, 0, 0, 33587200, 0, 0),
(61989, 1008, 6125, 6125, 136, 1, 0, 0, 3989.33, 1336.22, 462.056, 3.12452, 86400, 0, 0, 1, 0, 0, 0, 33587200, 0, 0),
(54020, 1008, 6125, 6125, 136, 1, 0, 0, 3811.62, 1536.66, 398.334, 0.749377, 86400, 0, 0, 1, 0, 0, 0, 33554432, 0, 0),
(54020, 1008, 6125, 6125, 136, 1, 0, 0, 3811.99, 1536.68, 367.727, 0.22558, 86400, 0, 0, 1, 0, 0, 0, 33554432, 0, 0),
(59481, 1008, 6125, 6125, 136, 1, 0, 0, 4067.02, 1292.8, 477.094, 2.30378, 86400, 0, 0, 1, 0, 0, 0, 33554496, 0, 0),
(61989, 1008, 6125, 6125, 136, 1, 0, 0, 3989.54, 1347.24, 462.058, 3.13597, 86400, 0, 0, 1, 0, 0, 0, 33587200, 0, 0),
(61989, 1008, 6125, 6125, 136, 1, 0, 0, 3989.39, 1352.75, 462.025, 3.12713, 86400, 0, 0, 1, 0, 0, 0, 33587200, 0, 0),
(54020, 1008, 6125, 6125, 136, 1, 0, 0, 3810.9, 1550.59, 398.333, 6.22537, 86400, 0, 0, 1, 0, 0, 0, 33554432, 0, 0),
(54020, 1008, 6125, 6125, 136, 1, 0, 0, 3811, 1550.39, 367.725, 6.2521, 86400, 0, 0, 1, 0, 0, 0, 33554432, 0, 0),
(54020, 1008, 6125, 6125, 136, 1, 0, 0, 3812.21, 1564.12, 398.334, 5.77231, 86400, 0, 0, 1, 0, 0, 0, 33554432, 0, 0),
(54020, 1008, 6125, 6125, 136, 1, 0, 0, 3812.33, 1564.24, 367.727, 6.03922, 86400, 0, 0, 1, 0, 0, 0, 33554432, 0, 0),
(54020, 1008, 6125, 6125, 136, 1, 0, 0, 3816.66, 1583.92, 368.328, 5.70969, 86400, 0, 0, 1, 0, 0, 0, 33554432, 0, 0),
(54020, 1008, 6125, 6125, 136, 1, 0, 0, 3831.79, 1602.73, 398.912, 5.41683, 86400, 0, 0, 1, 0, 0, 0, 33554432, 0, 0),
(54020, 1008, 6125, 6125, 136, 1, 0, 0, 3831.36, 1602.7, 368.308, 5.42361, 86400, 0, 0, 1, 0, 0, 0, 33554432, 0, 0),
(59481, 1008, 6125, 6125, 136, 1, 0, 0, 4015.41, 1388.6, 477.997, 5.27373, 86400, 0, 0, 1, 0, 0, 0, 33554496, 0, 0),
(54020, 1008, 6125, 6125, 136, 1, 0, 0, 3850.7, 1613.53, 368.308, 5.07364, 86400, 0, 0, 1, 0, 0, 0, 33554432, 0, 0),
(54020, 1008, 6125, 6125, 136, 1, 0, 0, 3895.79, 1618.04, 368.307, 4.68944, 86400, 0, 0, 1, 0, 0, 0, 33554432, 0, 0),
(54020, 1008, 6125, 6125, 136, 1, 0, 0, 3874.32, 1618.01, 368.308, 4.71767, 86400, 0, 0, 1, 0, 0, 0, 33554432, 0, 0),
(54020, 1008, 6125, 6125, 136, 1, 0, 0, 3850.75, 1613.93, 398.912, 5.05781, 86400, 0, 0, 1, 0, 0, 0, 33554432, 0, 0),
(54020, 1008, 6125, 6125, 136, 1, 0, 0, 3895.53, 1617.47, 398.912, 4.8269, 86400, 0, 0, 1, 0, 0, 0, 33554432, 0, 0),
(54020, 1008, 6125, 6125, 136, 1, 0, 0, 3874.61, 1617.91, 398.912, 4.75497, 86400, 0, 0, 1, 0, 0, 0, 33554432, 0, 0),
(60576, 1008, 6125, 6125, 136, 1, 0, 0, 3876.61, 1128.52, 481.133, 4.6941, 86400, 0, 0, 1, 0, 0, 0, 0, 0, 0),
(60043, 1008, 6125, 6125, 136, 1, 0, 0, 3878.93, 1258.49, 466.363, 4.69497, 86400, 0, 0, 1, 0, 0, 0, 64, 0, 0),
(60047, 1008, 6125, 6125, 136, 1, 0, 0, 3928, 1246.34, 466.363, 4.71147, 86400, 0, 0, 1, 0, 0, 0, 64, 0, 0),
(60397, 1008, 6125, 6125, 136, 1, 0, 0, 3851.3, 1488.21, 490, 1.20249, 86400, 0, 0, 1, 0, 0, 0, 33536, 0, 0),
(60576, 1008, 6125, 6125, 136, 1, 0, 0, 3868.99, 1132.18, 481.134, 4.6941, 86400, 0, 0, 1, 0, 0, 0, 0, 0, 0),
(60398, 1008, 6125, 6125, 136, 1, 0, 0, 3895.27, 1484.05, 459.924, 1.58405, 86400, 0, 0, 1, 0, 0, 0, 33536, 0, 0),
(60397, 1008, 6125, 6125, 136, 1, 0, 0, 3851.66, 1489.27, 429.32, 1.20012, 86400, 0, 0, 1, 0, 0, 0, 33536, 0, 0),
(60398, 1008, 6125, 6125, 136, 1, 0, 0, 3874.86, 1484.86, 459.924, 1.60658, 86400, 0, 0, 1, 0, 0, 0, 33536, 0, 0),
(60397, 1008, 6125, 6125, 136, 1, 0, 0, 3851.98, 1488.65, 459.924, 1.22704, 86400, 0, 0, 1, 0, 0, 0, 33536, 0, 0),
(60398, 1008, 6125, 6125, 136, 1, 0, 0, 3874.7, 1485.1, 490, 1.59977, 86400, 0, 0, 1, 0, 0, 0, 33536, 0, 0),
(60398, 1008, 6125, 6125, 136, 1, 0, 0, 3895.26, 1485.07, 490, 1.58457, 86400, 0, 0, 1, 0, 0, 0, 33536, 0, 0),
(60397, 1008, 6125, 6125, 136, 1, 0, 0, 3851.89, 1487.59, 520.605, 1.24056, 86400, 0, 0, 1, 0, 0, 0, 33536, 0, 0),
(60398, 1008, 6125, 6125, 136, 1, 0, 0, 3874.22, 1484.84, 429.319, 1.57923, 86400, 0, 0, 1, 0, 0, 0, 33536, 0, 0),
(60398, 1008, 6125, 6125, 136, 1, 0, 0, 3895.48, 1484.39, 429.319, 1.59516, 86400, 0, 0, 1, 0, 0, 0, 33536, 0, 0),
(60398, 1008, 6125, 6125, 136, 1, 0, 0, 3895.24, 1484.05, 520.605, 1.58261, 86400, 0, 0, 1, 0, 0, 0, 33536, 0, 0),
(59481, 1008, 6125, 6125, 136, 1, 0, 0, 4069.09, 1389.19, 477.657, 4.19489, 86400, 0, 0, 1, 0, 0, 0, 33554496, 0, 0),
(60397, 1008, 6125, 6125, 136, 1, 0, 0, 3833.06, 1499.37, 459.924, 0.966363, 86400, 0, 0, 1, 0, 0, 0, 33536, 0, 0),
(60397, 1008, 6125, 6125, 136, 1, 0, 0, 3833.46, 1499.3, 490, 0.984137, 86400, 0, 0, 1, 0, 0, 0, 33536, 0, 0),
(60397, 1008, 6125, 6125, 136, 1, 0, 0, 3833.55, 1499.74, 429.32, 0.975778, 86400, 0, 0, 1, 0, 0, 0, 33536, 0, 0),
(60397, 1008, 6125, 6125, 136, 1, 0, 0, 3832.84, 1498.75, 520.605, 0.974517, 86400, 0, 0, 1, 0, 0, 0, 33536, 0, 0),
(60398, 1008, 6125, 6125, 136, 1, 0, 0, 3816.74, 1516.6, 459.927, 0.512551, 86400, 0, 0, 1, 0, 0, 0, 33536, 0, 0),
(60143, 1008, 6125, 6125, 136, 1, 0, 0, 4276.96, 1341.28, 454.459, 3.13439, 86400, 0, 0, 1, 0, 0, 0, 0, 0, 0),
(60558, 1008, 6125, 6125, 136, 1, 0, 0, 4236.47, 1416.19, 454.417, 2.41795, 86400, 0, 0, 1, 0, 0, 0, 256, 0, 0),
(60559, 1008, 6125, 6125, 136, 1, 0, 0, 4231.94, 1420.63, 454.417, 2.57676, 86400, 0, 0, 1, 0, 0, 0, 256, 0, 0),
(60559, 1008, 6125, 6125, 136, 1, 0, 0, 4231.53, 1426.77, 454.417, 3.61512, 86400, 0, 0, 1, 0, 0, 0, 256, 0, 0),
(61139, 1008, 6125, 6125, 136, 1, 0, 0, 4051.02, 1533.01, 378.917, 4.3926, 86400, 0, 0, 1, 0, 0, 0, 32768, 0, 0),
(61139, 1008, 6125, 6125, 136, 1, 0, 0, 4034.11, 1533.26, 378.916, 4.54068, 86400, 0, 0, 1, 0, 0, 0, 32768, 0, 0),
(59481, 1008, 6125, 6125, 136, 1, 0, 0, 4014.51, 1297.34, 477.871, 0.986037, 86400, 0, 0, 1, 0, 0, 0, 33554496, 0, 0),
(59481, 1008, 6125, 6125, 136, 1, 0, 0, 4067.02, 1292.8, 477.094, 2.30378, 86400, 0, 0, 1, 0, 0, 0, 33554496, 0, 0),
(60009, 1008, 6125, 6125, 136, 1, 0, 0, 4041.98, 1341.86, 466.388, 3.14016, 86400, 0, 0, 1, 0, 0, 0, 32832, 0, 0),
(59481, 1008, 6125, 6125, 136, 1, 0, 0, 4015.41, 1388.6, 477.997, 5.27373, 86400, 0, 0, 1, 0, 0, 0, 33554496, 0, 0),
(59481, 1008, 6125, 6125, 136, 1, 0, 0, 4069.09, 1389.19, 477.657, 4.19489, 86400, 0, 0, 1, 0, 0, 0, 33554496, 0, 0),
(59481, 1008, 6125, 6125, 136, 1, 0, 0, 4014.51, 1297.34, 477.871, 0.986037, 86400, 0, 0, 1, 0, 0, 0, 33554496, 0, 0),
(59481, 1008, 6125, 6125, 136, 1, 0, 0, 4067.02, 1292.8, 477.094, 2.30378, 86400, 0, 0, 1, 0, 0, 0, 33554496, 0, 0),
(59481, 1008, 6125, 6125, 136, 1, 0, 0, 4069.09, 1389.19, 477.657, 4.19489, 86400, 0, 0, 1, 0, 0, 0, 33554496, 0, 0),
(60558, 1008, 6125, 6125, 136, 1, 0, 0, 4217.07, 1433.1, 454.417, 5.5714, 86400, 0, 0, 1, 0, 0, 0, 256, 0, 0),
(60385, 1008, 6125, 6125, 136, 1, 0, 0, 4220.87, 1416.62, 454.417, 5.10825, 86400, 0, 0, 1, 0, 0, 0, 256, 0, 0),
(60558, 1008, 6125, 6125, 136, 1, 0, 0, 4215.48, 1415.93, 454.417, 0.570452, 86400, 0, 0, 1, 0, 0, 0, 256, 0, 0),
(59481, 1008, 6125, 6125, 136, 1, 0, 0, 4014.51, 1297.34, 477.871, 0.986037, 86400, 0, 0, 1, 0, 0, 0, 33554496, 0, 0),
(59481, 1008, 6125, 6125, 136, 1, 0, 0, 4067.02, 1292.8, 477.094, 2.30378, 86400, 0, 0, 1, 0, 0, 0, 33554496, 0, 0),
(59481, 1008, 6125, 6125, 136, 1, 0, 0, 4015.41, 1388.6, 477.997, 5.27373, 86400, 0, 0, 1, 0, 0, 0, 33554496, 0, 0),
(59481, 1008, 6125, 6125, 136, 1, 0, 0, 4069.09, 1389.19, 477.657, 4.19489, 86400, 0, 0, 1, 0, 0, 0, 33554496, 0, 0),
(59481, 1008, 6125, 6125, 136, 1, 0, 0, 4014.51, 1297.34, 477.871, 0.986037, 86400, 0, 0, 1, 0, 0, 0, 33554496, 0, 0),
(59481, 1008, 6125, 6125, 136, 1, 0, 0, 4067.02, 1292.8, 477.094, 2.30378, 86400, 0, 0, 1, 0, 0, 0, 33554496, 0, 0),
(59481, 1008, 6125, 6125, 136, 1, 0, 0, 4015.41, 1388.6, 477.997, 5.27373, 86400, 0, 0, 1, 0, 0, 0, 33554496, 0, 0),
(60402, 1008, 6125, 6125, 136, 1, 0, 0, 4206.05, 1334.78, 462.047, 2.86247, 86400, 0, 0, 1, 0, 0, 0, 32768, 0, 0),
(60381, 1008, 6125, 6125, 136, 1, 0, 0, 4206.97, 1347.24, 462.046, 4.57039, 86400, 0, 0, 1, 0, 0, 0, 0, 0, 0),
(60381, 1008, 6125, 6125, 136, 1, 0, 0, 4192.91, 1335.86, 462.045, 1.37012, 86400, 0, 0, 1, 0, 0, 0, 0, 0, 0),
(60402, 1008, 6125, 6125, 136, 1, 0, 0, 4194.42, 1350.17, 462.045, 3.65015, 86400, 0, 0, 1, 0, 0, 0, 32768, 0, 0),
(60402, 1008, 6125, 6125, 136, 1, 0, 0, 4201.39, 1343.25, 462.045, 3.46207, 86400, 0, 0, 1, 0, 0, 0, 32768, 0, 0),
(60381, 1008, 6125, 6125, 136, 1, 0, 0, 4198.63, 1327.7, 462.043, 2.66567, 86400, 0, 0, 1, 0, 0, 0, 0, 0, 0),
(60381, 1008, 6125, 6125, 136, 1, 0, 0, 4199.41, 1350.28, 462.046, 2.71999, 86400, 0, 0, 1, 0, 0, 0, 0, 0, 0),
(60402, 1008, 6125, 6125, 136, 1, 0, 0, 4200.11, 1334.72, 462.046, 2.85898, 86400, 0, 0, 1, 0, 0, 0, 32768, 0, 0),
(60375, 1008, 6125, 6125, 136, 1, 0, 0, 4188.57, 1332.68, 462.045, 3.04629, 86400, 0, 0, 1, 0, 0, 0, 0, 0, 0),
(60375, 1008, 6125, 6125, 136, 1, 0, 0, 4189.33, 1350.75, 462.045, 3.23793, 86400, 0, 0, 1, 0, 0, 0, 0, 0, 0),
(60375, 1008, 6125, 6125, 136, 1, 0, 0, 4289.68, 1418.53, 445.533, 5.2589, 86400, 0, 0, 1, 0, 0, 0, 0, 0, 0),
(60402, 1008, 6125, 6125, 136, 1, 0, 0, 4290.28, 1415.94, 445.467, 2.09009, 86400, 0, 0, 1, 0, 0, 0, 32768, 0, 0),
(60381, 1008, 6125, 6125, 136, 1, 0, 0, 4295.84, 1435.16, 445.566, 1.47497, 86400, 0, 0, 1, 0, 0, 0, 0, 0, 0),
(60381, 1008, 6125, 6125, 136, 1, 0, 0, 4289.36, 1435.08, 445.293, 3.41964, 86400, 0, 0, 1, 0, 0, 0, 0, 0, 0),
(64529, 1008, 6125, 6125, 136, 2, 0, 0, 4277.09, 1341.36, 454.543, 1.5708, 86400, 0, 0, 1, 0, 0, 16777216, 33554688, 0, 0),
(64600, 1008, 6125, 6125, 136, 2, 0, 0, 4231.44, 1341.77, 465.775, 6.27484, 86400, 0, 0, 1, 0, 0, 16777216, 33554688, 0, 0),
(65227, 1008, 6125, 6125, 136, 2, 0, 0, 4236.93, 1341.77, 485.554, 6.27484, 86400, 0, 0, 1, 0, 0, 16777216, 33554688, 0, 0),
(65227, 1008, 6125, 6125, 136, 2, 0, 0, 4248.43, 1313.66, 485.554, 0.782998, 86400, 0, 0, 1, 0, 0, 16777216, 33554688, 0, 0),
(64600, 1008, 6125, 6125, 136, 2, 0, 0, 4276.99, 1293.52, 465.775, 1.54814, 86400, 0, 0, 1, 0, 0, 16777216, 33554688, 0, 0),
(65227, 1008, 6125, 6125, 136, 2, 0, 0, 4276.56, 1301.63, 485.554, 1.54814, 86400, 0, 0, 1, 0, 0, 16777216, 33554688, 0, 0),
(64600, 1008, 6125, 6125, 136, 2, 0, 0, 4276.99, 1387.54, 465.775, 4.7077, 86400, 0, 0, 1, 0, 0, 16777216, 33554688, 0, 0),
(65227, 1008, 6125, 6125, 136, 2, 0, 0, 4276.99, 1381.8, 485.554, 4.7077, 86400, 0, 0, 1, 0, 0, 16777216, 33554688, 0, 0),
(65227, 1008, 6125, 6125, 136, 2, 0, 0, 4304.83, 1312.96, 485.554, 2.31009, 86400, 0, 0, 1, 0, 0, 16777216, 33554688, 0, 0),
(64600, 1008, 6125, 6125, 136, 2, 0, 0, 4310.77, 1306.64, 465.775, 2.31009, 86400, 0, 0, 1, 0, 0, 16777216, 33554688, 0, 0),
(64600, 1008, 6125, 6125, 136, 2, 0, 0, 4310.12, 1373.95, 465.775, 3.91861, 86400, 0, 0, 1, 0, 0, 16777216, 33554688, 0, 0),
(65227, 1008, 6125, 6125, 136, 2, 0, 0, 4305.43, 1369.18, 485.554, 3.91861, 86400, 0, 0, 1, 0, 0, 16777216, 33554688, 0, 0),
(64600, 1008, 6125, 6125, 136, 2, 0, 0, 4323.97, 1340.7, 465.775, 3.10306, 86400, 0, 0, 1, 0, 0, 16777216, 33554688, 0, 0),
(65227, 1008, 6125, 6125, 136, 2, 0, 0, 4316.87, 1340.9, 485.554, 3.10306, 86400, 0, 0, 1, 0, 0, 16777216, 33554688, 0, 0),
(61352, 1008, 6125, 6125, 136, 1, 0, 0, 4226.74, 1486.16, 432.797, 1.51494, 86400, 0, 0, 1, 0, 0, 0, 33554432, 0, 0),
(61131, 1008, 6125, 6125, 136, 1, 0, 0, 3955.47, 1537.91, 369.645, 2.99139, 86400, 0, 0, 1, 0, 0, 0, 32832, 0, 0),
(61131, 1008, 6125, 6125, 136, 1, 0, 0, 3951.66, 1549.92, 369.645, 3.10212, 86400, 0, 0, 1, 0, 0, 0, 32832, 0, 0),
(61347, 1008, 6125, 6125, 136, 1, 0, 0, 4165.69, 1525.21, 423.868, 0.013956, 86400, 0, 0, 1, 0, 0, 0, 33816576, 0, 0),
(61347, 1008, 6125, 6125, 136, 1, 0, 0, 4165.89, 1513.72, 423.847, 0.013956, 86400, 0, 0, 1, 0, 0, 0, 33816576, 0, 0),
(61347, 1008, 6125, 6125, 136, 1, 0, 0, 4167.29, 1519.28, 423.851, 0.013956, 86400, 0, 0, 1, 0, 0, 0, 33816576, 0, 0),
(61429, 1008, 6125, 6125, 136, 1, 0, 0, 4159.4, 1519.39, 423.825, 0.0520637, 86400, 0, 0, 1, 0, 0, 0, 33816576, 0, 0),
(61345, 1008, 6125, 6125, 136, 1, 0, 0, 4272.91, 1532.09, 431.591, 3.14465, 86400, 0, 0, 1, 0, 0, 0, 0, 0, 0),
(61345, 1008, 6125, 6125, 136, 1, 0, 0, 4265.91, 1532.07, 427.32, 3.14465, 86400, 0, 0, 1, 0, 0, 0, 0, 0, 0),
(61345, 1008, 6125, 6125, 136, 1, 0, 0, 4269.36, 1527.65, 429.889, 3.14465, 86400, 0, 0, 1, 0, 0, 0, 0, 0, 0),
(61345, 1008, 6125, 6125, 136, 1, 0, 0, 4268.87, 1535.48, 429.461, 3.14465, 86400, 0, 0, 1, 0, 0, 0, 0, 0, 0),
(61427, 1008, 6125, 6125, 136, 1, 0, 0, 4259.74, 1532.29, 423.961, 3.16313, 86400, 0, 0, 1, 0, 0, 0, 33816576, 0, 0),
(61423, 1008, 6125, 6125, 136, 1, 0, 0, 4227.69, 1556.34, 424.048, 4.76357, 86400, 0, 0, 1, 0, 0, 0, 33816576, 0, 0),
(61250, 1008, 6125, 6125, 136, 1, 0, 0, 4195.52, 1495.25, 424.018, 1.47879, 86400, 0, 0, 1, 0, 0, 0, 33816576, 0, 0),
(61250, 1008, 6125, 6125, 136, 1, 0, 0, 4183.19, 1495.07, 424.018, 1.58427, 86400, 0, 0, 1, 0, 0, 0, 33816576, 0, 0),
(61250, 1008, 6125, 6125, 136, 1, 0, 0, 4207.33, 1494.25, 424.018, 1.47879, 86400, 0, 0, 1, 0, 0, 0, 33816576, 0, 0),
(61250, 1008, 6125, 6125, 136, 1, 0, 0, 4188.12, 1495.42, 424.018, 1.47879, 86400, 0, 0, 1, 0, 0, 0, 33816576, 0, 0),
(61250, 1008, 6125, 6125, 136, 1, 0, 0, 4201.6, 1494.65, 424.018, 1.47879, 86400, 0, 0, 1, 0, 0, 0, 33816576, 0, 0),
(61341, 1008, 6125, 6125, 136, 1, 0, 0, 4213.84, 1555.62, 424.018, 5.42814, 86400, 0, 0, 1, 0, 0, 0, 33816576, 0, 0),
(61341, 1008, 6125, 6125, 136, 1, 0, 0, 4241.1, 1554.23, 424.018, 3.89252, 86400, 0, 0, 1, 0, 0, 0, 33816576, 0, 0),
(61421, 1008, 6125, 6125, 136, 1, 0, 0, 4191.94, 1491.25, 424.018, 1.49366, 86400, 0, 0, 1, 0, 0, 0, 33816576, 0, 0),
(65343, 1008, 6125, 6125, 136, 1, 0, 0, 4233.5, 1609.28, 410.444, 1.64426, 86400, 0, 0, 1, 0, 0, 0, 32768, 0, 0),
(65343, 1008, 6125, 6125, 136, 1, 0, 0, 4231.43, 1604.59, 410.362, 4.68638, 86400, 0, 0, 1, 0, 0, 0, 32768, 0, 0),
(65343, 1008, 6125, 6125, 136, 1, 0, 0, 4170.36, 1542.88, 383.228, 5.33641, 86400, 0, 0, 1, 0, 0, 0, 32768, 0, 0),
(65343, 1008, 6125, 6125, 136, 1, 0, 0, 4176.5, 1553.8, 383.228, 4.3614, 86400, 0, 0, 1, 0, 0, 0, 32768, 0, 0),
(65343, 1008, 6125, 6125, 136, 1, 0, 0, 4175.82, 1546.69, 383.228, 2.10538, 86400, 0, 0, 1, 0, 0, 0, 32768, 0, 0),
(65343, 1008, 6125, 6125, 136, 1, 0, 0, 4172.22, 1550.63, 383.228, 3.61859, 86400, 0, 0, 1, 0, 0, 0, 32768, 0, 0),
(65343, 1008, 6125, 6125, 136, 1, 0, 0, 4218.24, 1601.5, 410.36, 0.220755, 86400, 0, 0, 1, 0, 0, 0, 32768, 0, 0),
(65343, 1008, 6125, 6125, 136, 1, 0, 0, 4228.82, 1614.21, 410.473, 6.19513, 86400, 0, 0, 1, 0, 0, 0, 32768, 0, 0),
(61131, 1008, 6125, 6125, 136, 1, 0, 0, 4083.79, 1550.24, 378.834, 6.28128, 86400, 0, 0, 1, 0, 0, 0, 32832, 0, 0),
(61139, 1008, 6125, 6125, 136, 1, 0, 0, 4095.42, 1567.56, 378.917, 1.54345, 86400, 0, 0, 1, 0, 0, 0, 32768, 0, 0),
(65343, 1008, 6125, 6125, 136, 1, 0, 0, 4141.31, 1535.53, 383.249, 3.97171, 86400, 0, 0, 1, 0, 0, 0, 32768, 0, 0),
(65343, 1008, 6125, 6125, 136, 1, 0, 0, 4140.81, 1531.59, 383.256, 4.00881, 86400, 0, 0, 1, 0, 0, 0, 32768, 0, 0),
(61139, 1008, 6125, 6125, 136, 1, 0, 0, 4051.02, 1567.58, 378.917, 1.85608, 86400, 0, 0, 1, 0, 0, 0, 32768, 0, 0),
(61131, 1008, 6125, 6125, 136, 1, 0, 0, 4044.59, 1560.88, 378.917, 1.4935, 86400, 0, 0, 1, 0, 0, 0, 32832, 0, 0),
(65343, 1008, 6125, 6125, 136, 1, 0, 0, 4136.17, 1534.63, 383.269, 2.34027, 86400, 0, 0, 1, 0, 0, 0, 32768, 0, 0),
(61139, 1008, 6125, 6125, 136, 1, 0, 0, 4034.06, 1567.33, 378.917, 1.65153, 86400, 0, 0, 1, 0, 0, 0, 32768, 0, 0),
(65343, 1008, 6125, 6125, 136, 1, 0, 0, 4137.77, 1570.01, 383.268, 0.809125, 86400, 0, 0, 1, 0, 0, 0, 32768, 0, 0),
(60776, 1008, 6125, 6125, 136, 1, 0, 0, 4054.24, 1876.64, 358.872, 5.49779, 86400, 0, 0, 1, 0, 0, 0, 33554432, 0, 0),
(65343, 1008, 6125, 6125, 136, 1, 0, 0, 4164.86, 1602.38, 396.767, 3.36168, 86400, 0, 0, 1, 0, 0, 0, 32768, 0, 0),
(65343, 1008, 6125, 6125, 136, 1, 0, 0, 4163.45, 1606.2, 396.766, 5.73101, 86400, 0, 0, 1, 0, 0, 0, 32768, 0, 0),
(60513, 1008, 6125, 6125, 8, 65535, 0, 0, 4249.03, 1369.91, 467.063, 5.47662, 86400, 0, 0, 10, 0, 0, 0, 0, 0, 0),
(59677, 1008, 6125, 6125, 136, 1, 0, 0, 4101.95, 1517.09, 375.731, 0, 86400, 0, 0, 1, 0, 0, 0, 33554432, 0, 0),
(60776, 1008, 6125, 6125, 136, 1, 0, 0, 3992.02, 1876.64, 358.872, 3.92699, 86400, 0, 0, 1, 0, 0, 0, 33554432, 0, 0),
(60776, 1008, 6125, 6125, 136, 1, 0, 0, 4067.13, 1907.75, 358.872, 0, 86400, 0, 0, 1, 0, 0, 0, 33554432, 0, 0),
(65297, 1008, 6125, 6125, 136, 1, 0, 0, 4023.13, 1907.75, 378.083, 4.71239, 86400, 0, 0, 1, 0, 0, 0, 33555200, 0, 0),
(60776, 1008, 6125, 6125, 136, 1, 0, 0, 4054.24, 1938.86, 358.872, 0.785398, 86400, 0, 0, 1, 0, 0, 0, 33554432, 0, 0),
(64947, 1008, 6125, 6125, 136, 1, 0, 0, 4059.69, 1692.13, 363.301, 0.0000399968, 86400, 0, 0, 1, 0, 0, 0, 32832, 0, 0),
(64061, 1008, 6125, 6125, 136, 1, 0, 0, 4059.66, 1700.13, 363.304, 0.0000623791, 86400, 0, 0, 1, 0, 0, 0, 32832, 0, 0),
(60776, 1008, 6125, 6125, 136, 1, 0, 0, 3979.13, 1907.75, 358.872, 3.14159, 86400, 0, 0, 1, 0, 0, 0, 33554432, 0, 0),
(59677, 1008, 6125, 6125, 136, 1, 0, 0, 4101.83, 1596.03, 376.201, 0, 86400, 0, 0, 1, 0, 0, 0, 33554432, 0, 0),
(60513, 1008, 6125, 6125, 8, 65535, 0, 0, 4247.64, 1312.42, 470.603, 0.790948, 86400, 0, 0, 10, 0, 0, 0, 0, 0, 0),
(60513, 1008, 6125, 6125, 8, 65535, 0, 0, 4305.35, 1312.46, 466.542, 2.34918, 86400, 0, 0, 3939410, 0, 0, 0, 0, 0, 0),
(60513, 1008, 6125, 6125, 8, 65535, 0, 0, 4305.45, 1369.34, 467.333, 3.9027, 86400, 0, 0, 10, 0, 0, 0, 0, 0, 0),
(60512, 1008, 6125, 6125, 8, 65535, 0, 0, 4305.59, 1369.29, 458.192, 3.88057, 86400, 0, 0, 1, 0, 0, 0, 0, 0, 0),
(60512, 1008, 6125, 6125, 8, 65535, 0, 0, 4304.81, 1312.98, 457.941, 2.35734, 86400, 0, 0, 1, 0, 0, 0, 0, 0, 0),
(60512, 1008, 6125, 6125, 8, 65535, 0, 0, 4249.13, 1369.97, 458.153, 5.49849, 86400, 0, 0, 1, 0, 0, 0, 0, 0, 0),
(60512, 1008, 6125, 6125, 8, 65535, 0, 0, 4248.53, 1313.52, 458.282, 0.799902, 86400, 0, 0, 1, 0, 0, 0, 0, 0, 0),
(60984, 1008, 6125, 6125, 136, 1, 0, 0, 4227.09, 1594.16, 438.841, 4.68889, 86400, 0, 0, 1, 0, 0, 0, 33554432, 0, 0),
(60776, 1008, 6125, 6125, 136, 1, 0, 0, 3992.02, 1938.86, 358.872, 2.35619, 86400, 0, 0, 1, 0, 0, 0, 33554432, 0, 0),
(59677, 1008, 6125, 6125, 136, 1, 0, 0, 4044.16, 1518.42, 376.107, 0, 86400, 0, 0, 1, 0, 0, 0, 33554432, 0, 0),
(59677, 1008, 6125, 6125, 136, 1, 0, 0, 4044.86, 1595.62, 376.14, 0, 86400, 0, 0, 1, 0, 0, 0, 33554432, 0, 0),
(61131, 1008, 6125, 6125, 136, 1, 0, 0, 3955.4, 1563.09, 369.645, 3.14108, 86400, 0, 0, 1, 0, 0, 0, 32832, 0, 0),
(60398, 1008, 6125, 6125, 136, 1, 0, 0, 3894.26, 1615.77, 429.319, 4.66848, 86400, 0, 0, 1, 0, 0, 0, 33536, 0, 0),
(60398, 1008, 6125, 6125, 136, 1, 0, 0, 3894.93, 1615.93, 459.924, 4.62488, 86400, 0, 0, 1, 0, 0, 0, 33536, 0, 0),
(64063, 1008, 6125, 6125, 136, 1, 0, 0, 4023.23, 1828.29, 358.858, 4.61707, 86400, 0, 0, 1, 0, 0, 0, 32832, 0, 0),
(64061, 1008, 6125, 6125, 136, 1, 0, 0, 4030.54, 1829.01, 358.867, 4.61707, 86400, 0, 0, 1, 0, 0, 0, 32832, 0, 0),
(64947, 1008, 6125, 6125, 136, 1, 0, 0, 4015.55, 1828.8, 358.867, 4.61707, 86400, 0, 0, 1, 0, 0, 0, 32832, 0, 0),
(64947, 1008, 6125, 6125, 136, 1, 0, 0, 4017.13, 1847.62, 358.875, 4.71423, 86400, 0, 0, 1, 0, 0, 0, 32832, 0, 0),
(64061, 1008, 6125, 6125, 136, 1, 0, 0, 4029.98, 1847.68, 358.875, 4.71423, 86400, 0, 0, 1, 0, 0, 0, 32832, 0, 0),
(64063, 1008, 6125, 6125, 136, 1, 0, 0, 4036.97, 1853.23, 358.872, 4.71423, 86400, 0, 0, 1, 0, 0, 0, 32832, 0, 0),
(64068, 1008, 6125, 6125, 136, 1, 0, 0, 4023.67, 1844.99, 358.872, 4.71423, 86400, 0, 0, 1, 0, 0, 0, 32832, 0, 0),
(64063, 1008, 6125, 6125, 136, 1, 0, 0, 4009.41, 1852.47, 358.873, 4.71423, 86400, 0, 0, 1, 0, 0, 0, 32832, 0, 0),
(60398, 1008, 6125, 6125, 136, 1, 0, 0, 3873.93, 1615.6, 429.319, 4.68575, 86400, 0, 0, 1, 0, 0, 0, 33536, 0, 0),
(60960, 1008, 6125, 6125, 136, 1, 0, 0, 3988.48, 1873.1, 358.872, 3.91917, 86400, 0, 0, 1, 0, 0, 0, 33554688, 0, 0),
(60960, 1008, 6125, 6125, 136, 1, 0, 0, 4057.78, 1873.1, 358.872, 5.48581, 86400, 0, 0, 1, 0, 0, 0, 33554688, 0, 0),
(60960, 1008, 6125, 6125, 136, 1, 0, 0, 3974.13, 1907.75, 358.872, 3.14504, 86400, 0, 0, 1, 0, 0, 0, 33554688, 0, 0),
(60960, 1008, 6125, 6125, 136, 1, 0, 0, 4072.13, 1907.75, 358.872, 0.0145568, 86400, 0, 0, 1, 0, 0, 0, 33554688, 0, 0),
(60960, 1008, 6125, 6125, 136, 1, 0, 0, 3988.48, 1942.4, 358.872, 2.28128, 86400, 0, 0, 1, 0, 0, 0, 33554688, 0, 0),
(60960, 1008, 6125, 6125, 136, 1, 0, 0, 4057.78, 1942.4, 358.872, 0.752778, 86400, 0, 0, 1, 0, 0, 0, 33554688, 0, 0),
(61330, 1008, 6125, 6125, 136, 1, 0, 0, 4023.13, 1907.75, 358.872, 4.71239, 86400, 0, 0, 1, 0, 0, 0, 33555200, 0, 0),
(65293, 1008, 6125, 6125, 136, 1, 0, 0, 4023.13, 1907.75, 378.167, 4.71239, 86400, 0, 0, 1, 0, 0, 0, 33554432, 0, 0),
(60410, 1008, 6125, 6125, 136, 1, 0, 0, 4023.13, 1907.75, 360, 4.71239, 86400, 0, 0, 1, 0, 0, 0, 0, 0, 0),
(65343, 1008, 6125, 6125, 136, 1, 0, 0, 4175.6, 1552.45, 383.228, 5.69304, 86400, 0, 0, 1, 0, 0, 0, 32768, 0, 0),
(65343, 1008, 6125, 6125, 136, 1, 0, 0, 4173.1, 1552.37, 383.228, 5.86426, 86400, 0, 0, 1, 0, 0, 0, 32768, 0, 0),
(65343, 1008, 6125, 6125, 136, 1, 0, 0, 4163.44, 1605.81, 396.766, 4.92499, 86400, 0, 0, 1, 0, 0, 0, 32768, 0, 0),
(60410, 1008, 6125, 6125, 136, 1, 0, 0, 4023.13, 1907.75, 360, 4.71239, 86400, 0, 0, 1, 0, 0, 0, 0, 0, 0),
(65343, 1008, 6125, 6125, 136, 1, 0, 0, 4174.42, 1553.15, 383.228, 3.89554, 86400, 0, 0, 1, 0, 0, 0, 32768, 0, 0),
(65343, 1008, 6125, 6125, 136, 1, 0, 0, 4163.42, 1606.07, 396.766, 5.87176, 86400, 0, 0, 1, 0, 0, 0, 32768, 0, 0),
(60410, 1008, 6125, 6125, 136, 1, 0, 0, 4023.13, 1907.75, 360, 4.71239, 86400, 0, 0, 1, 0, 0, 0, 0, 0, 0),
(60576, 1008, 6125, 6125, 136, 1, 0, 0, 3893.33, 1136.25, 481.139, 4.6941, 86400, 0, 0, 1, 0, 0, 0, 0, 0, 0),
(60576, 1008, 6125, 6125, 136, 1, 0, 0, 3889.27, 1132.41, 481.139, 4.6941, 86400, 0, 0, 1, 0, 0, 0, 0, 0, 0),
(60576, 1008, 6125, 6125, 136, 1, 0, 0, 3880.8, 1135.94, 481.138, 4.6941, 86400, 0, 0, 1, 0, 0, 0, 0, 0, 0),
(60576, 1008, 6125, 6125, 136, 1, 0, 0, 3885.01, 1132.46, 481.138, 4.6941, 86400, 0, 0, 1, 0, 0, 0, 0, 0, 0),
(60576, 1008, 6125, 6125, 136, 1, 0, 0, 3876.63, 1135.96, 481.138, 4.6941, 86400, 0, 0, 1, 0, 0, 0, 0, 0, 0),
(60576, 1008, 6125, 6125, 136, 1, 0, 0, 3880.46, 1128.57, 481.135, 4.6941, 86400, 0, 0, 1, 0, 0, 0, 0, 0, 0),
(60576, 1008, 6125, 6125, 136, 1, 0, 0, 3865.71, 1136.06, 481.129, 4.6941, 86400, 0, 0, 1, 0, 0, 0, 0, 0, 0),
(60400, 1008, 6125, 6125, 8, 1, 0, 0, 3863.11, 1569.68, 362.199, 0.0657048, 86400, 0, 0, 360, 0, 0, 0, 0, 0, 0);