DELETE FROM creature WHERE map=1136;
INSERT INTO `creature` VALUES ('NULL', '71742', '1136', '6738', '6738', '8', '1', '0', '0', '1296.95', '-5118.7', '-287.724', '3.02712', '300', '0', '0', '229880', '0', '0', '0', '0', '0', '0', '0', '0', null);
INSERT INTO `creature` VALUES ('NULL', '72981', '1136', '6738', '6738', '8', '1', '0', '0', '1901.25', '-5515.76', '-294.894', '2.21012', '300', '0', '0', '1005725', '0', '0', '0', '0', '0', '0', '0', '0', null);
INSERT INTO `creature` VALUES ('NULL', '71515', '1136', '6738', '6738', '8', '1', '0', '0', '1606.81', '-4627.8', '-66.6923', '0.969965', '300', '0', '0', '348909600', '0', '0', '0', '0', '0', '0', '0', '0', null);
INSERT INTO `creature` VALUES ('NULL', '73587', '1136', '6738', '6738', '8', '1', '0', '0', '1897.77', '-5006.03', '-253.595', '2.49285', '300', '0', '0', '114940', '0', '0', '0', '0', '0', '0', '0', '0', null);
INSERT INTO `creature` VALUES ('NULL', '72658', '1136', '6738', '6738', '8', '1', '0', '0', '1185.95', '967.417', '415.68', '1.93088', '7200', '5', '0', '1', '0', '1', '0', '0', '0', '0', '0', '0', null);
INSERT INTO `creature` VALUES ('NULL', '71742', '1136', '6738', '6738', '8', '1', '0', '0', '1292.41', '-5134.3', '-287.698', '2.96803', '300', '0', '0', '229880', '0', '0', '0', '0', '0', '0', '0', '0', null);
INSERT INTO `creature` VALUES ('NULL', '73889', '1136', '6738', '6738', '8', '1', '0', '0', '1200.31', '-4431.17', '21.3655', '1.50325', '300', '0', '0', '11494', '0', '0', '0', '0', '0', '0', '0', '0', null);
INSERT INTO `creature` VALUES ('NULL', '71865', '1136', '6738', '6738', '8', '1', '0', '0', '1049.31', '-5637.37', '-317.602', '6.14841', '300', '0', '0', '161370688', '0', '0', '0', '0', '0', '0', '0', '0', null);
INSERT INTO `creature` VALUES ('NULL', '72658', '1136', '6738', '6738', '8', '1', '0', '0', '1184.43', '968.608', '415.985', '1.78747', '7200', '0', '0', '1', '0', '0', '0', '0', '0', '0', '0', '0', null);
INSERT INTO `creature` VALUES ('NULL', '72658', '1136', '6738', '6738', '8', '1', '0', '0', '1182.22', '964.219', '416.8', '3.39182', '7200', '0', '0', '1', '0', '0', '0', '0', '0', '0', '0', '0', null);
INSERT INTO `creature` VALUES ('NULL', '71504', '1136', '6738', '6738', '8', '1', '0', '0', '1955.97', '-5609.09', '-309.326', '2.15858', '300', '0', '0', '297599840', '0', '0', '0', '0', '0', '0', '0', '0', null);
INSERT INTO `creature` VALUES ('NULL', '71543', '1136', '6738', '6738', '8', '1', '0', '0', '1440.5', '751.802', '245.933', '4.66331', '300', '0', '0', '61931456', '0', '0', '0', '0', '0', '0', '0', '0', null);
INSERT INTO `creature` VALUES ('NULL', '71475', '1136', '6738', '6738', '8', '1', '0', '0', '1216.65', '1017.45', '418.063', '1.5335', '300', '0', '0', '114345088', '0', '0', '0', '0', '0', '0', '0', '0', null);
INSERT INTO `creature` VALUES ('NULL', '72276', '1136', '6738', '6738', '8', '1', '0', '0', '776.765', '976.053', '356.34', '4.95391', '300', '0', '0', '401246048', '0', '0', '0', '0', '0', '0', '0', '0', null);
INSERT INTO `creature` VALUES ('NULL', '71480', '1136', '6738', '6738', '8', '1', '0', '0', '1207.28', '1030.65', '418.255', '5.00496', '300', '0', '0', '101404352', '0', '0', '0', '0', '0', '0', '0', '0', null);
INSERT INTO `creature` VALUES ('NULL', '71734', '1136', '6738', '6738', '8', '1', '0', '0', '748.115', '1113.21', '356.072', '4.91071', '300', '0', '0', '384486400', '0', '0', '0', '0', '0', '0', '0', '0', null);
INSERT INTO `creature` VALUES ('NULL', '71479', '1136', '6738', '6738', '8', '1', '0', '0', '1209.88', '1022.98', '418.063', '0.619725', '300', '0', '0', '113399984', '0', '0', '0', '0', '0', '0', '0', '0', null);
INSERT INTO `creature` VALUES ('NULL', '71454', '1136', '6738', '6738', '8', '1', '0', '0', '1914.2', '-4950.65', '-198.977', '3.70582', '300', '0', '0', '376822368', '0', '0', '0', '0', '0', '0', '0', '0', null);
INSERT INTO `creature` VALUES ('NULL', '71466', '1136', '6738', '6738', '8', '1', '0', '0', '1360.05', '-4374.56', '26.0313', '3.42307', '300', '0', '0', '451401792', '0', '0', '0', '0', '0', '0', '0', '0', null);
INSERT INTO `creature` VALUES ('NULL', '71858', '1136', '6738', '6738', '8', '1', '0', '0', '1598.36', '-4378.24', '20.6123', '3.6312', '300', '0', '0', '348909600', '0', '0', '0', '0', '0', '0', '0', '0', null);
INSERT INTO `creature` VALUES ('NULL', '71859', '1136', '6738', '6738', '8', '1', '0', '0', '1601.19', '-4382.41', '20.4229', '3.50946', '300', '0', '0', '348909600', '0', '0', '0', '0', '0', '0', '0', '0', null);
INSERT INTO `creature` VALUES ('NULL', '71529', '1136', '6738', '6738', '8', '1', '0', '0', '1198.05', '-5121.75', '-289.941', '0.695798', '300', '0', '0', '444859744', '0', '0', '0', '0', '0', '0', '0', '0', null);
INSERT INTO `creature` VALUES ('NULL', '71161', '1136', '6738', '6738', '8', '1', '0', '0', '1580.88', '-5685.58', '-314.636', '3.7078', '300', '0', '0', '61059180', '0', '0', '0', '0', '0', '0', '0', '0', null);
INSERT INTO `creature` VALUES ('NULL', '72249', '1136', '6738', '6738', '8', '1', '0', '0', '1422.65', '-4891.88', '11.265', '1.78396', '300', '0', '0', '138691568', '0', '0', '0', '0', '0', '0', '0', '0', null);
INSERT INTO `creature` VALUES ('NULL', '72658', '1136', '6738', '6738', '8', '1', '0', '0', '1183.71', '961.275', '416.308', '5.08938', '300', '0', '0', '459760', '0', '0', '0', '0', '0', '0', '0', '0', null);
INSERT INTO `creature` VALUES ('NULL', '72658', '1136', '6738', '6738', '8', '1', '0', '0', '1171.71', '956.061', '418.504', '0.647951', '300', '0', '0', '459760', '0', '0', '0', '0', '0', '0', '0', '0', null);
INSERT INTO `creature` VALUES ('NULL', '72658', '1136', '6738', '6738', '8', '1', '0', '0', '1148.16', '957.046', '426.642', '5.38783', '300', '0', '0', '459760', '0', '0', '0', '0', '0', '0', '0', '0', null);
INSERT INTO `creature` VALUES ('NULL', '72658', '1136', '6738', '6738', '8', '1', '0', '0', '1137.86', '955.293', '427.331', '0.0785346', '300', '0', '0', '459760', '0', '0', '0', '0', '0', '0', '0', '0', null);
INSERT INTO `creature` VALUES ('NULL', '72658', '1136', '6738', '6738', '8', '1', '0', '0', '1115.02', '913.705', '404.099', '3.87515', '300', '0', '0', '459760', '0', '0', '0', '0', '0', '0', '0', '0', null);
INSERT INTO `creature` VALUES ('NULL', '72658', '1136', '6738', '6738', '8', '1', '0', '0', '1082.4', '903.183', '390.574', '3.78875', '300', '0', '0', '459760', '0', '0', '0', '0', '0', '0', '0', '0', null);
INSERT INTO `creature` VALUES ('NULL', '72658', '1136', '6738', '6738', '8', '1', '0', '0', '1156.01', '982.821', '422.146', '4.08328', '300', '0', '0', '459760', '0', '0', '0', '0', '0', '0', '0', '0', null);
INSERT INTO `creature` VALUES ('NULL', '72658', '1136', '6738', '6738', '8', '1', '0', '0', '1169.4', '968.341', '419.98', '5.84257', '300', '0', '0', '459760', '0', '0', '0', '0', '0', '0', '0', '0', null);
INSERT INTO `creature` VALUES ('NULL', '73586', '1136', '6738', '6738', '8', '1', '0', '0', '2017.26', '-4968.42', '-248.659', '0.54935', '300', '0', '0', '2298800', '0', '0', '0', '0', '0', '0', '0', '0', null);
UPDATE `creature_template` SET `faction_A`='14', `faction_H`='14', `InhabitType`='1' WHERE (`entry`='69534');
UPDATE `creature_template` SET `faction_A`='14', `faction_H`='14', `InhabitType`='1' WHERE (`entry`='69510');
DELETE FROM creature_template WHERE entry IN (71742,72981,71515,73587,72658,73889,71865,71504,71543,71475,72276,71480,71734,71479,71454,71466,71858,71859
,71529,71161,72249,73586);
INSERT INTO `creature_template` (`entry`, `difficulty_entry_1`, `difficulty_entry_2`, `difficulty_entry_3`, `difficulty_entry_4`, `difficulty_entry_5`, `difficulty_entry_6`, `difficulty_entry_7`, `difficulty_entry_8`, `difficulty_entry_9`, `difficulty_entry_10`, `difficulty_entry_11`, `difficulty_entry_12`, `difficulty_entry_13`, `difficulty_entry_14`, `difficulty_entry_15`, `KillCredit1`, `KillCredit2`, `modelid1`, `modelid2`, `modelid3`, `modelid4`, `name`, `subname`, `IconName`, `gossip_menu_id`, `minlevel`, `maxlevel`, `exp`, `exp_unk`, `faction_A`, `faction_H`, `npcflag`, `npcflag2`, `speed_walk`, `speed_run`, `speed_fly`, `scale`, `rank`, `mindmg`, `maxdmg`, `dmgschool`, `attackpower`, `dmg_multiplier`, `baseattacktime`, `rangeattacktime`, `unit_class`, `unit_flags`, `unit_flags2`, `dynamicflags`, `family`, `trainer_type`, `trainer_spell`, `trainer_class`, `trainer_race`, `minrangedmg`, `maxrangedmg`, `rangedattackpower`, `type`, `type_flags`, `type_flags2`, `lootid`, `pickpocketloot`, `skinloot`, `resistance1`, `resistance2`, `resistance3`, `resistance4`, `resistance5`, `resistance6`, `spell1`, `spell2`, `spell3`, `spell4`, `spell5`, `spell6`, `spell7`, `spell8`, `PetSpellDataId`, `VehicleId`, `mingold`, `maxgold`, `AIName`, `MovementType`, `InhabitType`, `HoverHeight`, `Health_mod`, `Mana_mod`, `Mana_mod_extra`, `Armor_mod`, `RacialLeader`, `questItem1`, `questItem2`, `questItem3`, `questItem4`, `questItem5`, `questItem6`, `movementId`, `RegenHealth`, `equipment_id`, `mechanic_immune_mask`, `flags_extra`, `ScriptName`, `WDBVerified`) VALUES (71161, 0, 0, 0, 0, 0, 0, 0, 0, 0, 0, 0, 0, 0, 0, 0, 0, 0, 48682, 0, 0, 0, 'Kil\'ruk the Wind-Reaver', '', '', 0, 93, 93, 4, 0, 16, 16, 0, 0, 1, 1.14286, 1.14286, 1, 3, 17839, 24339, 0, 51299, 1, 2000, 2000, 1, 0, 0, 0, 0, 0, 0, 0, 0, 0, 0, 0, 7, 2097260, 0, 71161, 0, 0, 0, 0, 0, 0, 0, 0, 0, 0, 0, 0, 0, 0, 0, 0, 0, 0, 0, 0, '', 0, 3, 1, 140, 1, 1, 1, 0, 0, 0, 0, 0, 0, 0, 172, 1, 0, 0, 0, '', 17614);
INSERT INTO `creature_template` (`entry`, `difficulty_entry_1`, `difficulty_entry_2`, `difficulty_entry_3`, `difficulty_entry_4`, `difficulty_entry_5`, `difficulty_entry_6`, `difficulty_entry_7`, `difficulty_entry_8`, `difficulty_entry_9`, `difficulty_entry_10`, `difficulty_entry_11`, `difficulty_entry_12`, `difficulty_entry_13`, `difficulty_entry_14`, `difficulty_entry_15`, `KillCredit1`, `KillCredit2`, `modelid1`, `modelid2`, `modelid3`, `modelid4`, `name`, `subname`, `IconName`, `gossip_menu_id`, `minlevel`, `maxlevel`, `exp`, `exp_unk`, `faction_A`, `faction_H`, `npcflag`, `npcflag2`, `speed_walk`, `speed_run`, `speed_fly`, `scale`, `rank`, `mindmg`, `maxdmg`, `dmgschool`, `attackpower`, `dmg_multiplier`, `baseattacktime`, `rangeattacktime`, `unit_class`, `unit_flags`, `unit_flags2`, `dynamicflags`, `family`, `trainer_type`, `trainer_spell`, `trainer_class`, `trainer_race`, `minrangedmg`, `maxrangedmg`, `rangedattackpower`, `type`, `type_flags`, `type_flags2`, `lootid`, `pickpocketloot`, `skinloot`, `resistance1`, `resistance2`, `resistance3`, `resistance4`, `resistance5`, `resistance6`, `spell1`, `spell2`, `spell3`, `spell4`, `spell5`, `spell6`, `spell7`, `spell8`, `PetSpellDataId`, `VehicleId`, `mingold`, `maxgold`, `AIName`, `MovementType`, `InhabitType`, `HoverHeight`, `Health_mod`, `Mana_mod`, `Mana_mod_extra`, `Armor_mod`, `RacialLeader`, `questItem1`, `questItem2`, `questItem3`, `questItem4`, `questItem5`, `questItem6`, `movementId`, `RegenHealth`, `equipment_id`, `mechanic_immune_mask`, `flags_extra`, `ScriptName`, `WDBVerified`) VALUES (71454, 0, 0, 0, 0, 0, 0, 0, 0, 0, 0, 0, 0, 0, 0, 0, 0, 0, 49070, 0, 0, 0, 'Malkorok', '', '', 0, 93, 93, 4, 0, 16, 16, 0, 0, 1, 1.14286, 1.14286, 1, 3, 17839, 24339, 0, 51299, 1, 2000, 2000, 1, 0, 0, 0, 0, 0, 0, 0, 0, 0, 0, 0, 7, 2097260, 0, 71454, 0, 0, 0, 0, 0, 0, 0, 0, 0, 0, 0, 0, 0, 0, 0, 0, 0, 0, 2620402, 2620402, '', 0, 3, 1, 864, 1, 1, 1, 0, 0, 0, 0, 0, 0, 0, 186, 1, 0, 0, 0, '', 17614);
INSERT INTO `creature_template` (`entry`, `difficulty_entry_1`, `difficulty_entry_2`, `difficulty_entry_3`, `difficulty_entry_4`, `difficulty_entry_5`, `difficulty_entry_6`, `difficulty_entry_7`, `difficulty_entry_8`, `difficulty_entry_9`, `difficulty_entry_10`, `difficulty_entry_11`, `difficulty_entry_12`, `difficulty_entry_13`, `difficulty_entry_14`, `difficulty_entry_15`, `KillCredit1`, `KillCredit2`, `modelid1`, `modelid2`, `modelid3`, `modelid4`, `name`, `subname`, `IconName`, `gossip_menu_id`, `minlevel`, `maxlevel`, `exp`, `exp_unk`, `faction_A`, `faction_H`, `npcflag`, `npcflag2`, `speed_walk`, `speed_run`, `speed_fly`, `scale`, `rank`, `mindmg`, `maxdmg`, `dmgschool`, `attackpower`, `dmg_multiplier`, `baseattacktime`, `rangeattacktime`, `unit_class`, `unit_flags`, `unit_flags2`, `dynamicflags`, `family`, `trainer_type`, `trainer_spell`, `trainer_class`, `trainer_race`, `minrangedmg`, `maxrangedmg`, `rangedattackpower`, `type`, `type_flags`, `type_flags2`, `lootid`, `pickpocketloot`, `skinloot`, `resistance1`, `resistance2`, `resistance3`, `resistance4`, `resistance5`, `resistance6`, `spell1`, `spell2`, `spell3`, `spell4`, `spell5`, `spell6`, `spell7`, `spell8`, `PetSpellDataId`, `VehicleId`, `mingold`, `maxgold`, `AIName`, `MovementType`, `InhabitType`, `HoverHeight`, `Health_mod`, `Mana_mod`, `Mana_mod_extra`, `Armor_mod`, `RacialLeader`, `questItem1`, `questItem2`, `questItem3`, `questItem4`, `questItem5`, `questItem6`, `movementId`, `RegenHealth`, `equipment_id`, `mechanic_immune_mask`, `flags_extra`, `ScriptName`, `WDBVerified`) VALUES (71466, 0, 0, 0, 0, 0, 0, 0, 0, 0, 0, 0, 0, 0, 0, 0, 0, 0, 49024, 0, 0, 0, 'Iron Juggernaut', '', '', 0, 93, 93, 4, 0, 16, 16, 0, 0, 1, 1.14286, 1.14286, 1, 3, 17839, 24339, 0, 51299, 1, 2000, 2000, 1, 0, 0, 0, 0, 0, 0, 0, 0, 0, 0, 0, 9, 270532716, 0, 71466, 0, 0, 0, 0, 0, 0, 0, 0, 0, 0, 0, 0, 0, 0, 0, 0, 0, 0, 2617391, 2617391, '', 0, 3, 1, 1035, 0, 1, 1, 0, 0, 0, 0, 0, 0, 0, 178, 1, 0, 0, 0, '', 17614);
INSERT INTO `creature_template` (`entry`, `difficulty_entry_1`, `difficulty_entry_2`, `difficulty_entry_3`, `difficulty_entry_4`, `difficulty_entry_5`, `difficulty_entry_6`, `difficulty_entry_7`, `difficulty_entry_8`, `difficulty_entry_9`, `difficulty_entry_10`, `difficulty_entry_11`, `difficulty_entry_12`, `difficulty_entry_13`, `difficulty_entry_14`, `difficulty_entry_15`, `KillCredit1`, `KillCredit2`, `modelid1`, `modelid2`, `modelid3`, `modelid4`, `name`, `subname`, `IconName`, `gossip_menu_id`, `minlevel`, `maxlevel`, `exp`, `exp_unk`, `faction_A`, `faction_H`, `npcflag`, `npcflag2`, `speed_walk`, `speed_run`, `speed_fly`, `scale`, `rank`, `mindmg`, `maxdmg`, `dmgschool`, `attackpower`, `dmg_multiplier`, `baseattacktime`, `rangeattacktime`, `unit_class`, `unit_flags`, `unit_flags2`, `dynamicflags`, `family`, `trainer_type`, `trainer_spell`, `trainer_class`, `trainer_race`, `minrangedmg`, `maxrangedmg`, `rangedattackpower`, `type`, `type_flags`, `type_flags2`, `lootid`, `pickpocketloot`, `skinloot`, `resistance1`, `resistance2`, `resistance3`, `resistance4`, `resistance5`, `resistance6`, `spell1`, `spell2`, `spell3`, `spell4`, `spell5`, `spell6`, `spell7`, `spell8`, `PetSpellDataId`, `VehicleId`, `mingold`, `maxgold`, `AIName`, `MovementType`, `InhabitType`, `HoverHeight`, `Health_mod`, `Mana_mod`, `Mana_mod_extra`, `Armor_mod`, `RacialLeader`, `questItem1`, `questItem2`, `questItem3`, `questItem4`, `questItem5`, `questItem6`, `movementId`, `RegenHealth`, `equipment_id`, `mechanic_immune_mask`, `flags_extra`, `ScriptName`, `WDBVerified`) VALUES (71475, 0, 0, 0, 0, 0, 0, 0, 0, 0, 0, 0, 0, 0, 0, 0, 0, 0, 48918, 0, 0, 0, 'Rook Stonetoe', '', '', 0, 93, 93, 4, 0, 16, 16, 0, 0, 1, 1.14286, 1.14286, 1, 3, 17839, 24339, 0, 51299, 1, 2000, 2000, 1, 0, 0, 0, 0, 0, 0, 0, 0, 0, 0, 0, 7, 2097260, 0, 71475, 0, 0, 0, 0, 0, 0, 0, 0, 0, 0, 0, 0, 0, 0, 0, 0, 0, 0, 0, 0, '', 0, 3, 1, 262.18, 1, 1, 1, 0, 0, 0, 0, 0, 0, 0, 157, 1, 0, 0, 0, '', 17614);
INSERT INTO `creature_template` (`entry`, `difficulty_entry_1`, `difficulty_entry_2`, `difficulty_entry_3`, `difficulty_entry_4`, `difficulty_entry_5`, `difficulty_entry_6`, `difficulty_entry_7`, `difficulty_entry_8`, `difficulty_entry_9`, `difficulty_entry_10`, `difficulty_entry_11`, `difficulty_entry_12`, `difficulty_entry_13`, `difficulty_entry_14`, `difficulty_entry_15`, `KillCredit1`, `KillCredit2`, `modelid1`, `modelid2`, `modelid3`, `modelid4`, `name`, `subname`, `IconName`, `gossip_menu_id`, `minlevel`, `maxlevel`, `exp`, `exp_unk`, `faction_A`, `faction_H`, `npcflag`, `npcflag2`, `speed_walk`, `speed_run`, `speed_fly`, `scale`, `rank`, `mindmg`, `maxdmg`, `dmgschool`, `attackpower`, `dmg_multiplier`, `baseattacktime`, `rangeattacktime`, `unit_class`, `unit_flags`, `unit_flags2`, `dynamicflags`, `family`, `trainer_type`, `trainer_spell`, `trainer_class`, `trainer_race`, `minrangedmg`, `maxrangedmg`, `rangedattackpower`, `type`, `type_flags`, `type_flags2`, `lootid`, `pickpocketloot`, `skinloot`, `resistance1`, `resistance2`, `resistance3`, `resistance4`, `resistance5`, `resistance6`, `spell1`, `spell2`, `spell3`, `spell4`, `spell5`, `spell6`, `spell7`, `spell8`, `PetSpellDataId`, `VehicleId`, `mingold`, `maxgold`, `AIName`, `MovementType`, `InhabitType`, `HoverHeight`, `Health_mod`, `Mana_mod`, `Mana_mod_extra`, `Armor_mod`, `RacialLeader`, `questItem1`, `questItem2`, `questItem3`, `questItem4`, `questItem5`, `questItem6`, `movementId`, `RegenHealth`, `equipment_id`, `mechanic_immune_mask`, `flags_extra`, `ScriptName`, `WDBVerified`) VALUES (71479, 0, 0, 0, 0, 0, 0, 0, 0, 0, 0, 0, 0, 0, 0, 0, 0, 0, 48917, 0, 0, 0, 'He Softfoot', '', '', 0, 93, 93, 4, 0, 16, 16, 0, 0, 1, 1.14286, 1.14286, 1, 3, 17839, 24339, 0, 51299, 1, 2000, 2000, 1, 0, 0, 0, 0, 0, 0, 0, 0, 0, 0, 0, 7, 270532716, 0, 71479, 0, 0, 0, 0, 0, 0, 0, 0, 0, 0, 0, 0, 0, 0, 0, 0, 0, 0, 0, 0, '', 0, 3, 1, 260.01, 1, 1, 1, 0, 0, 0, 0, 0, 0, 0, 157, 1, 0, 0, 0, '', 17614);
INSERT INTO `creature_template` (`entry`, `difficulty_entry_1`, `difficulty_entry_2`, `difficulty_entry_3`, `difficulty_entry_4`, `difficulty_entry_5`, `difficulty_entry_6`, `difficulty_entry_7`, `difficulty_entry_8`, `difficulty_entry_9`, `difficulty_entry_10`, `difficulty_entry_11`, `difficulty_entry_12`, `difficulty_entry_13`, `difficulty_entry_14`, `difficulty_entry_15`, `KillCredit1`, `KillCredit2`, `modelid1`, `modelid2`, `modelid3`, `modelid4`, `name`, `subname`, `IconName`, `gossip_menu_id`, `minlevel`, `maxlevel`, `exp`, `exp_unk`, `faction_A`, `faction_H`, `npcflag`, `npcflag2`, `speed_walk`, `speed_run`, `speed_fly`, `scale`, `rank`, `mindmg`, `maxdmg`, `dmgschool`, `attackpower`, `dmg_multiplier`, `baseattacktime`, `rangeattacktime`, `unit_class`, `unit_flags`, `unit_flags2`, `dynamicflags`, `family`, `trainer_type`, `trainer_spell`, `trainer_class`, `trainer_race`, `minrangedmg`, `maxrangedmg`, `rangedattackpower`, `type`, `type_flags`, `type_flags2`, `lootid`, `pickpocketloot`, `skinloot`, `resistance1`, `resistance2`, `resistance3`, `resistance4`, `resistance5`, `resistance6`, `spell1`, `spell2`, `spell3`, `spell4`, `spell5`, `spell6`, `spell7`, `spell8`, `PetSpellDataId`, `VehicleId`, `mingold`, `maxgold`, `AIName`, `MovementType`, `InhabitType`, `HoverHeight`, `Health_mod`, `Mana_mod`, `Mana_mod_extra`, `Armor_mod`, `RacialLeader`, `questItem1`, `questItem2`, `questItem3`, `questItem4`, `questItem5`, `questItem6`, `movementId`, `RegenHealth`, `equipment_id`, `mechanic_immune_mask`, `flags_extra`, `ScriptName`, `WDBVerified`) VALUES (71480, 0, 0, 0, 0, 0, 0, 0, 0, 0, 0, 0, 0, 0, 0, 0, 0, 0, 48919, 0, 0, 0, 'Sun Tenderheart', '', '', 0, 90, 90, 4, 0, 16, 16, 0, 0, 1, 1.14286, 1.14286, 1, 3, 17839, 24339, 0, 51299, 1, 2000, 2000, 1, 0, 0, 0, 0, 0, 0, 0, 0, 0, 0, 0, 7, 2097260, 0, 71480, 0, 0, 0, 0, 0, 0, 0, 0, 0, 0, 0, 0, 0, 0, 0, 0, 0, 0, 2616545, 2616545, '', 0, 3, 1, 257.41, 1, 1, 1, 0, 0, 0, 0, 0, 0, 0, 157, 1, 0, 0, 0, '', 17614);
INSERT INTO `creature_template` (`entry`, `difficulty_entry_1`, `difficulty_entry_2`, `difficulty_entry_3`, `difficulty_entry_4`, `difficulty_entry_5`, `difficulty_entry_6`, `difficulty_entry_7`, `difficulty_entry_8`, `difficulty_entry_9`, `difficulty_entry_10`, `difficulty_entry_11`, `difficulty_entry_12`, `difficulty_entry_13`, `difficulty_entry_14`, `difficulty_entry_15`, `KillCredit1`, `KillCredit2`, `modelid1`, `modelid2`, `modelid3`, `modelid4`, `name`, `subname`, `IconName`, `gossip_menu_id`, `minlevel`, `maxlevel`, `exp`, `exp_unk`, `faction_A`, `faction_H`, `npcflag`, `npcflag2`, `speed_walk`, `speed_run`, `speed_fly`, `scale`, `rank`, `mindmg`, `maxdmg`, `dmgschool`, `attackpower`, `dmg_multiplier`, `baseattacktime`, `rangeattacktime`, `unit_class`, `unit_flags`, `unit_flags2`, `dynamicflags`, `family`, `trainer_type`, `trainer_spell`, `trainer_class`, `trainer_race`, `minrangedmg`, `maxrangedmg`, `rangedattackpower`, `type`, `type_flags`, `type_flags2`, `lootid`, `pickpocketloot`, `skinloot`, `resistance1`, `resistance2`, `resistance3`, `resistance4`, `resistance5`, `resistance6`, `spell1`, `spell2`, `spell3`, `spell4`, `spell5`, `spell6`, `spell7`, `spell8`, `PetSpellDataId`, `VehicleId`, `mingold`, `maxgold`, `AIName`, `MovementType`, `InhabitType`, `HoverHeight`, `Health_mod`, `Mana_mod`, `Mana_mod_extra`, `Armor_mod`, `RacialLeader`, `questItem1`, `questItem2`, `questItem3`, `questItem4`, `questItem5`, `questItem6`, `movementId`, `RegenHealth`, `equipment_id`, `mechanic_immune_mask`, `flags_extra`, `ScriptName`, `WDBVerified`) VALUES (71504, 0, 0, 0, 0, 0, 0, 0, 0, 0, 0, 0, 0, 0, 0, 0, 0, 0, 49329, 0, 0, 0, 'Siegecrafter Blackfuse', 'Blackfuse Company', '', 0, 93, 93, 4, 0, 16, 16, 0, 0, 1, 1.14286, 1.14286, 1, 3, 17839, 24339, 0, 51299, 1, 2000, 2000, 1, 0, 0, 0, 0, 0, 0, 0, 0, 0, 0, 0, 9, 2097260, 0, 71504, 0, 0, 0, 0, 0, 0, 0, 0, 0, 0, 0, 0, 0, 0, 0, 0, 0, 0, 2620876, 2620876, '', 0, 3, 1, 682.35, 1, 1, 1, 0, 0, 0, 0, 0, 0, 0, 187, 1, 0, 0, 0, '', 17614);
INSERT INTO `creature_template` (`entry`, `difficulty_entry_1`, `difficulty_entry_2`, `difficulty_entry_3`, `difficulty_entry_4`, `difficulty_entry_5`, `difficulty_entry_6`, `difficulty_entry_7`, `difficulty_entry_8`, `difficulty_entry_9`, `difficulty_entry_10`, `difficulty_entry_11`, `difficulty_entry_12`, `difficulty_entry_13`, `difficulty_entry_14`, `difficulty_entry_15`, `KillCredit1`, `KillCredit2`, `modelid1`, `modelid2`, `modelid3`, `modelid4`, `name`, `subname`, `IconName`, `gossip_menu_id`, `minlevel`, `maxlevel`, `exp`, `exp_unk`, `faction_A`, `faction_H`, `npcflag`, `npcflag2`, `speed_walk`, `speed_run`, `speed_fly`, `scale`, `rank`, `mindmg`, `maxdmg`, `dmgschool`, `attackpower`, `dmg_multiplier`, `baseattacktime`, `rangeattacktime`, `unit_class`, `unit_flags`, `unit_flags2`, `dynamicflags`, `family`, `trainer_type`, `trainer_spell`, `trainer_class`, `trainer_race`, `minrangedmg`, `maxrangedmg`, `rangedattackpower`, `type`, `type_flags`, `type_flags2`, `lootid`, `pickpocketloot`, `skinloot`, `resistance1`, `resistance2`, `resistance3`, `resistance4`, `resistance5`, `resistance6`, `spell1`, `spell2`, `spell3`, `spell4`, `spell5`, `spell6`, `spell7`, `spell8`, `PetSpellDataId`, `VehicleId`, `mingold`, `maxgold`, `AIName`, `MovementType`, `InhabitType`, `HoverHeight`, `Health_mod`, `Mana_mod`, `Mana_mod_extra`, `Armor_mod`, `RacialLeader`, `questItem1`, `questItem2`, `questItem3`, `questItem4`, `questItem5`, `questItem6`, `movementId`, `RegenHealth`, `equipment_id`, `mechanic_immune_mask`, `flags_extra`, `ScriptName`, `WDBVerified`) VALUES (71515, 0, 0, 0, 0, 0, 0, 0, 0, 0, 0, 0, 0, 0, 0, 0, 0, 0, 48995, 0, 0, 0, 'General Nazgrim', '', '', 0, 93, 93, 4, 0, 16, 16, 0, 0, 1, 1.14286, 1.14286, 1, 3, 17839, 24339, 0, 51299, 1, 2000, 2000, 1, 0, 0, 0, 0, 0, 0, 0, 0, 0, 0, 0, 7, 2097260, 0, 71515, 0, 0, 0, 0, 0, 0, 0, 0, 0, 0, 0, 0, 0, 0, 0, 0, 0, 0, 2618750, 2618750, '', 0, 3, 1, 800, 0.01, 1, 1, 0, 0, 0, 0, 0, 0, 0, 180, 1, 0, 0, 0, '', 17614);
INSERT INTO `creature_template` (`entry`, `difficulty_entry_1`, `difficulty_entry_2`, `difficulty_entry_3`, `difficulty_entry_4`, `difficulty_entry_5`, `difficulty_entry_6`, `difficulty_entry_7`, `difficulty_entry_8`, `difficulty_entry_9`, `difficulty_entry_10`, `difficulty_entry_11`, `difficulty_entry_12`, `difficulty_entry_13`, `difficulty_entry_14`, `difficulty_entry_15`, `KillCredit1`, `KillCredit2`, `modelid1`, `modelid2`, `modelid3`, `modelid4`, `name`, `subname`, `IconName`, `gossip_menu_id`, `minlevel`, `maxlevel`, `exp`, `exp_unk`, `faction_A`, `faction_H`, `npcflag`, `npcflag2`, `speed_walk`, `speed_run`, `speed_fly`, `scale`, `rank`, `mindmg`, `maxdmg`, `dmgschool`, `attackpower`, `dmg_multiplier`, `baseattacktime`, `rangeattacktime`, `unit_class`, `unit_flags`, `unit_flags2`, `dynamicflags`, `family`, `trainer_type`, `trainer_spell`, `trainer_class`, `trainer_race`, `minrangedmg`, `maxrangedmg`, `rangedattackpower`, `type`, `type_flags`, `type_flags2`, `lootid`, `pickpocketloot`, `skinloot`, `resistance1`, `resistance2`, `resistance3`, `resistance4`, `resistance5`, `resistance6`, `spell1`, `spell2`, `spell3`, `spell4`, `spell5`, `spell6`, `spell7`, `spell8`, `PetSpellDataId`, `VehicleId`, `mingold`, `maxgold`, `AIName`, `MovementType`, `InhabitType`, `HoverHeight`, `Health_mod`, `Mana_mod`, `Mana_mod_extra`, `Armor_mod`, `RacialLeader`, `questItem1`, `questItem2`, `questItem3`, `questItem4`, `questItem5`, `questItem6`, `movementId`, `RegenHealth`, `equipment_id`, `mechanic_immune_mask`, `flags_extra`, `ScriptName`, `WDBVerified`) VALUES (71529, 0, 0, 0, 0, 0, 0, 0, 0, 0, 0, 0, 0, 0, 0, 0, 0, 0, 51144, 0, 0, 0, 'Thok the Bloodthirsty', '', '', 0, 93, 93, 4, 0, 16, 16, 0, 0, 1, 1.14286, 1.14286, 1, 3, 17839, 24339, 0, 51299, 1, 2000, 2000, 1, 0, 0, 0, 0, 0, 0, 0, 0, 0, 0, 0, 1, 2097260, 0, 71529, 0, 0, 0, 0, 0, 0, 0, 0, 0, 0, 0, 0, 0, 0, 0, 0, 0, 0, 2624705, 2624705, '', 0, 3, 1, 1020, 0.01, 1, 1, 0, 0, 0, 0, 0, 0, 0, 150, 1, 0, 0, 0, '', 17614);
INSERT INTO `creature_template` (`entry`, `difficulty_entry_1`, `difficulty_entry_2`, `difficulty_entry_3`, `difficulty_entry_4`, `difficulty_entry_5`, `difficulty_entry_6`, `difficulty_entry_7`, `difficulty_entry_8`, `difficulty_entry_9`, `difficulty_entry_10`, `difficulty_entry_11`, `difficulty_entry_12`, `difficulty_entry_13`, `difficulty_entry_14`, `difficulty_entry_15`, `KillCredit1`, `KillCredit2`, `modelid1`, `modelid2`, `modelid3`, `modelid4`, `name`, `subname`, `IconName`, `gossip_menu_id`, `minlevel`, `maxlevel`, `exp`, `exp_unk`, `faction_A`, `faction_H`, `npcflag`, `npcflag2`, `speed_walk`, `speed_run`, `speed_fly`, `scale`, `rank`, `mindmg`, `maxdmg`, `dmgschool`, `attackpower`, `dmg_multiplier`, `baseattacktime`, `rangeattacktime`, `unit_class`, `unit_flags`, `unit_flags2`, `dynamicflags`, `family`, `trainer_type`, `trainer_spell`, `trainer_class`, `trainer_race`, `minrangedmg`, `maxrangedmg`, `rangedattackpower`, `type`, `type_flags`, `type_flags2`, `lootid`, `pickpocketloot`, `skinloot`, `resistance1`, `resistance2`, `resistance3`, `resistance4`, `resistance5`, `resistance6`, `spell1`, `spell2`, `spell3`, `spell4`, `spell5`, `spell6`, `spell7`, `spell8`, `PetSpellDataId`, `VehicleId`, `mingold`, `maxgold`, `AIName`, `MovementType`, `InhabitType`, `HoverHeight`, `Health_mod`, `Mana_mod`, `Mana_mod_extra`, `Armor_mod`, `RacialLeader`, `questItem1`, `questItem2`, `questItem3`, `questItem4`, `questItem5`, `questItem6`, `movementId`, `RegenHealth`, `equipment_id`, `mechanic_immune_mask`, `flags_extra`, `ScriptName`, `WDBVerified`) VALUES (71543, 0, 0, 0, 0, 0, 0, 0, 0, 0, 0, 0, 0, 0, 0, 0, 0, 0, 49056, 0, 0, 0, 'Immerseus', 'Tears of the Vale', '', 0, 93, 93, 4, 0, 16, 16, 0, 0, 1, 1.14286, 1.14286, 1, 3, 17839, 24339, 0, 51299, 1, 2000, 2000, 1, 0, 0, 0, 0, 0, 0, 0, 0, 0, 0, 0, 4, 2097260, 0, 71543, 0, 0, 0, 0, 0, 0, 0, 0, 0, 0, 0, 0, 0, 0, 0, 0, 0, 0, 0, 0, '', 0, 3, 1, 142, 1, 1, 1, 0, 0, 0, 0, 0, 0, 0, 0, 1, 0, 0, 0, '', 17614);
INSERT INTO `creature_template` (`entry`, `difficulty_entry_1`, `difficulty_entry_2`, `difficulty_entry_3`, `difficulty_entry_4`, `difficulty_entry_5`, `difficulty_entry_6`, `difficulty_entry_7`, `difficulty_entry_8`, `difficulty_entry_9`, `difficulty_entry_10`, `difficulty_entry_11`, `difficulty_entry_12`, `difficulty_entry_13`, `difficulty_entry_14`, `difficulty_entry_15`, `KillCredit1`, `KillCredit2`, `modelid1`, `modelid2`, `modelid3`, `modelid4`, `name`, `subname`, `IconName`, `gossip_menu_id`, `minlevel`, `maxlevel`, `exp`, `exp_unk`, `faction_A`, `faction_H`, `npcflag`, `npcflag2`, `speed_walk`, `speed_run`, `speed_fly`, `scale`, `rank`, `mindmg`, `maxdmg`, `dmgschool`, `attackpower`, `dmg_multiplier`, `baseattacktime`, `rangeattacktime`, `unit_class`, `unit_flags`, `unit_flags2`, `dynamicflags`, `family`, `trainer_type`, `trainer_spell`, `trainer_class`, `trainer_race`, `minrangedmg`, `maxrangedmg`, `rangedattackpower`, `type`, `type_flags`, `type_flags2`, `lootid`, `pickpocketloot`, `skinloot`, `resistance1`, `resistance2`, `resistance3`, `resistance4`, `resistance5`, `resistance6`, `spell1`, `spell2`, `spell3`, `spell4`, `spell5`, `spell6`, `spell7`, `spell8`, `PetSpellDataId`, `VehicleId`, `mingold`, `maxgold`, `AIName`, `MovementType`, `InhabitType`, `HoverHeight`, `Health_mod`, `Mana_mod`, `Mana_mod_extra`, `Armor_mod`, `RacialLeader`, `questItem1`, `questItem2`, `questItem3`, `questItem4`, `questItem5`, `questItem6`, `movementId`, `RegenHealth`, `equipment_id`, `mechanic_immune_mask`, `flags_extra`, `ScriptName`, `WDBVerified`) VALUES (71734, 0, 0, 0, 0, 0, 0, 0, 0, 0, 0, 0, 0, 0, 0, 0, 0, 0, 49098, 0, 0, 0, 'Sha of Pride', '', '', 0, 90, 90, 4, 0, 16, 16, 0, 0, 1, 1.14286, 1.14286, 1, 3, 17839, 24339, 0, 51299, 1, 2000, 2000, 1, 0, 0, 0, 0, 0, 0, 0, 0, 0, 0, 0, 4, 2097260, 0, 71734, 0, 0, 0, 0, 0, 0, 0, 0, 0, 0, 0, 0, 0, 0, 0, 0, 0, 0, 0, 0, '', 0, 3, 1, 976, 1, 1, 1, 0, 0, 0, 0, 0, 0, 0, 186, 1, 0, 0, 0, '', 17614);
INSERT INTO `creature_template` (`entry`, `difficulty_entry_1`, `difficulty_entry_2`, `difficulty_entry_3`, `difficulty_entry_4`, `difficulty_entry_5`, `difficulty_entry_6`, `difficulty_entry_7`, `difficulty_entry_8`, `difficulty_entry_9`, `difficulty_entry_10`, `difficulty_entry_11`, `difficulty_entry_12`, `difficulty_entry_13`, `difficulty_entry_14`, `difficulty_entry_15`, `KillCredit1`, `KillCredit2`, `modelid1`, `modelid2`, `modelid3`, `modelid4`, `name`, `subname`, `IconName`, `gossip_menu_id`, `minlevel`, `maxlevel`, `exp`, `exp_unk`, `faction_A`, `faction_H`, `npcflag`, `npcflag2`, `speed_walk`, `speed_run`, `speed_fly`, `scale`, `rank`, `mindmg`, `maxdmg`, `dmgschool`, `attackpower`, `dmg_multiplier`, `baseattacktime`, `rangeattacktime`, `unit_class`, `unit_flags`, `unit_flags2`, `dynamicflags`, `family`, `trainer_type`, `trainer_spell`, `trainer_class`, `trainer_race`, `minrangedmg`, `maxrangedmg`, `rangedattackpower`, `type`, `type_flags`, `type_flags2`, `lootid`, `pickpocketloot`, `skinloot`, `resistance1`, `resistance2`, `resistance3`, `resistance4`, `resistance5`, `resistance6`, `spell1`, `spell2`, `spell3`, `spell4`, `spell5`, `spell6`, `spell7`, `spell8`, `PetSpellDataId`, `VehicleId`, `mingold`, `maxgold`, `AIName`, `MovementType`, `InhabitType`, `HoverHeight`, `Health_mod`, `Mana_mod`, `Mana_mod_extra`, `Armor_mod`, `RacialLeader`, `questItem1`, `questItem2`, `questItem3`, `questItem4`, `questItem5`, `questItem6`, `movementId`, `RegenHealth`, `equipment_id`, `mechanic_immune_mask`, `flags_extra`, `ScriptName`, `WDBVerified`) VALUES (71742, 0, 0, 0, 0, 0, 0, 0, 0, 0, 0, 0, 0, 0, 0, 0, 0, 0, 49106, 0, 0, 0, 'Akolik', '', '', 0, 90, 90, 4, 0, 16, 16, 0, 0, 1, 1.14286, 1.14286, 1, 3, 17839, 24339, 0, 51299, 1, 2000, 2000, 1, 0, 0, 0, 0, 0, 0, 0, 0, 0, 0, 0, 7, 2097256, 0, 71858, 0, 0, 0, 0, 0, 0, 0, 0, 0, 0, 0, 0, 0, 0, 0, 0, 0, 0, 0, 0, '', 0, 3, 1, 20, 0.01, 1, 1, 0, 0, 0, 0, 0, 0, 0, 150, 1, 0, 0, 0, '', 17614);
INSERT INTO `creature_template` (`entry`, `difficulty_entry_1`, `difficulty_entry_2`, `difficulty_entry_3`, `difficulty_entry_4`, `difficulty_entry_5`, `difficulty_entry_6`, `difficulty_entry_7`, `difficulty_entry_8`, `difficulty_entry_9`, `difficulty_entry_10`, `difficulty_entry_11`, `difficulty_entry_12`, `difficulty_entry_13`, `difficulty_entry_14`, `difficulty_entry_15`, `KillCredit1`, `KillCredit2`, `modelid1`, `modelid2`, `modelid3`, `modelid4`, `name`, `subname`, `IconName`, `gossip_menu_id`, `minlevel`, `maxlevel`, `exp`, `exp_unk`, `faction_A`, `faction_H`, `npcflag`, `npcflag2`, `speed_walk`, `speed_run`, `speed_fly`, `scale`, `rank`, `mindmg`, `maxdmg`, `dmgschool`, `attackpower`, `dmg_multiplier`, `baseattacktime`, `rangeattacktime`, `unit_class`, `unit_flags`, `unit_flags2`, `dynamicflags`, `family`, `trainer_type`, `trainer_spell`, `trainer_class`, `trainer_race`, `minrangedmg`, `maxrangedmg`, `rangedattackpower`, `type`, `type_flags`, `type_flags2`, `lootid`, `pickpocketloot`, `skinloot`, `resistance1`, `resistance2`, `resistance3`, `resistance4`, `resistance5`, `resistance6`, `spell1`, `spell2`, `spell3`, `spell4`, `spell5`, `spell6`, `spell7`, `spell8`, `PetSpellDataId`, `VehicleId`, `mingold`, `maxgold`, `AIName`, `MovementType`, `InhabitType`, `HoverHeight`, `Health_mod`, `Mana_mod`, `Mana_mod_extra`, `Armor_mod`, `RacialLeader`, `questItem1`, `questItem2`, `questItem3`, `questItem4`, `questItem5`, `questItem6`, `movementId`, `RegenHealth`, `equipment_id`, `mechanic_immune_mask`, `flags_extra`, `ScriptName`, `WDBVerified`) VALUES (71858, 0, 0, 0, 0, 0, 0, 0, 0, 0, 0, 0, 0, 0, 0, 0, 0, 0, 49177, 0, 0, 0, 'Wavebinder Kardris', '', '', 0, 92, 92, 4, 0, 16, 16, 0, 0, 1, 1.14286, 1.14286, 1, 3, 17839, 24339, 0, 51299, 1, 2000, 2000, 1, 0, 0, 0, 0, 0, 0, 0, 0, 0, 0, 0, 7, 2097260, 0, 71859, 0, 0, 0, 0, 0, 0, 0, 0, 0, 0, 0, 0, 0, 0, 0, 0, 0, 0, 0, 0, '', 0, 3, 1, 800, 1, 1, 1, 0, 0, 0, 0, 0, 0, 0, 180, 1, 0, 0, 0, '', 17614);
INSERT INTO `creature_template` (`entry`, `difficulty_entry_1`, `difficulty_entry_2`, `difficulty_entry_3`, `difficulty_entry_4`, `difficulty_entry_5`, `difficulty_entry_6`, `difficulty_entry_7`, `difficulty_entry_8`, `difficulty_entry_9`, `difficulty_entry_10`, `difficulty_entry_11`, `difficulty_entry_12`, `difficulty_entry_13`, `difficulty_entry_14`, `difficulty_entry_15`, `KillCredit1`, `KillCredit2`, `modelid1`, `modelid2`, `modelid3`, `modelid4`, `name`, `subname`, `IconName`, `gossip_menu_id`, `minlevel`, `maxlevel`, `exp`, `exp_unk`, `faction_A`, `faction_H`, `npcflag`, `npcflag2`, `speed_walk`, `speed_run`, `speed_fly`, `scale`, `rank`, `mindmg`, `maxdmg`, `dmgschool`, `attackpower`, `dmg_multiplier`, `baseattacktime`, `rangeattacktime`, `unit_class`, `unit_flags`, `unit_flags2`, `dynamicflags`, `family`, `trainer_type`, `trainer_spell`, `trainer_class`, `trainer_race`, `minrangedmg`, `maxrangedmg`, `rangedattackpower`, `type`, `type_flags`, `type_flags2`, `lootid`, `pickpocketloot`, `skinloot`, `resistance1`, `resistance2`, `resistance3`, `resistance4`, `resistance5`, `resistance6`, `spell1`, `spell2`, `spell3`, `spell4`, `spell5`, `spell6`, `spell7`, `spell8`, `PetSpellDataId`, `VehicleId`, `mingold`, `maxgold`, `AIName`, `MovementType`, `InhabitType`, `HoverHeight`, `Health_mod`, `Mana_mod`, `Mana_mod_extra`, `Armor_mod`, `RacialLeader`, `questItem1`, `questItem2`, `questItem3`, `questItem4`, `questItem5`, `questItem6`, `movementId`, `RegenHealth`, `equipment_id`, `mechanic_immune_mask`, `flags_extra`, `ScriptName`, `WDBVerified`) VALUES (71859, 0, 0, 0, 0, 0, 0, 0, 0, 0, 0, 0, 0, 0, 0, 0, 0, 0, 49176, 0, 0, 0, 'Earthbreaker Haromm', '', '', 0, 92, 92, 4, 0, 16, 16, 0, 0, 1, 1.14286, 1.14286, 1, 3, 17839, 24339, 0, 51299, 1, 2000, 2000, 1, 0, 0, 0, 0, 0, 0, 0, 0, 0, 0, 0, 7, 2097260, 0, 71865, 0, 0, 0, 0, 0, 0, 0, 0, 0, 0, 0, 0, 0, 0, 0, 0, 0, 0, 2622388, 2622388, '', 0, 3, 1, 800, 1, 1, 1, 0, 0, 0, 0, 0, 0, 0, 180, 1, 0, 0, 0, '', 17614);
INSERT INTO `creature_template` (`entry`, `difficulty_entry_1`, `difficulty_entry_2`, `difficulty_entry_3`, `difficulty_entry_4`, `difficulty_entry_5`, `difficulty_entry_6`, `difficulty_entry_7`, `difficulty_entry_8`, `difficulty_entry_9`, `difficulty_entry_10`, `difficulty_entry_11`, `difficulty_entry_12`, `difficulty_entry_13`, `difficulty_entry_14`, `difficulty_entry_15`, `KillCredit1`, `KillCredit2`, `modelid1`, `modelid2`, `modelid3`, `modelid4`, `name`, `subname`, `IconName`, `gossip_menu_id`, `minlevel`, `maxlevel`, `exp`, `exp_unk`, `faction_A`, `faction_H`, `npcflag`, `npcflag2`, `speed_walk`, `speed_run`, `speed_fly`, `scale`, `rank`, `mindmg`, `maxdmg`, `dmgschool`, `attackpower`, `dmg_multiplier`, `baseattacktime`, `rangeattacktime`, `unit_class`, `unit_flags`, `unit_flags2`, `dynamicflags`, `family`, `trainer_type`, `trainer_spell`, `trainer_class`, `trainer_race`, `minrangedmg`, `maxrangedmg`, `rangedattackpower`, `type`, `type_flags`, `type_flags2`, `lootid`, `pickpocketloot`, `skinloot`, `resistance1`, `resistance2`, `resistance3`, `resistance4`, `resistance5`, `resistance6`, `spell1`, `spell2`, `spell3`, `spell4`, `spell5`, `spell6`, `spell7`, `spell8`, `PetSpellDataId`, `VehicleId`, `mingold`, `maxgold`, `AIName`, `MovementType`, `InhabitType`, `HoverHeight`, `Health_mod`, `Mana_mod`, `Mana_mod_extra`, `Armor_mod`, `RacialLeader`, `questItem1`, `questItem2`, `questItem3`, `questItem4`, `questItem5`, `questItem6`, `movementId`, `RegenHealth`, `equipment_id`, `mechanic_immune_mask`, `flags_extra`, `ScriptName`, `WDBVerified`) VALUES (71865, 0, 0, 0, 0, 0, 0, 0, 0, 0, 0, 0, 0, 0, 0, 0, 0, 0, 49585, 0, 0, 0, 'Garrosh Hellscream', 'Warchief', '', 0, 91, 91, 4, 0, 16, 16, 0, 0, 1, 1.14286, 1.14286, 1, 3, 17839, 24339, 0, 51299, 1, 2000, 2000, 1, 0, 0, 0, 0, 0, 0, 0, 0, 0, 0, 0, 7, 270532716, 0, 72249, 0, 0, 0, 0, 0, 0, 0, 0, 0, 0, 0, 0, 0, 0, 0, 0, 0, 0, 2617283, 2617283, '', 0, 3, 1, 370, 0, 1, 1, 0, 0, 0, 0, 0, 0, 0, 187, 1, 0, 0, 0, '', 17614);
INSERT INTO `creature_template` (`entry`, `difficulty_entry_1`, `difficulty_entry_2`, `difficulty_entry_3`, `difficulty_entry_4`, `difficulty_entry_5`, `difficulty_entry_6`, `difficulty_entry_7`, `difficulty_entry_8`, `difficulty_entry_9`, `difficulty_entry_10`, `difficulty_entry_11`, `difficulty_entry_12`, `difficulty_entry_13`, `difficulty_entry_14`, `difficulty_entry_15`, `KillCredit1`, `KillCredit2`, `modelid1`, `modelid2`, `modelid3`, `modelid4`, `name`, `subname`, `IconName`, `gossip_menu_id`, `minlevel`, `maxlevel`, `exp`, `exp_unk`, `faction_A`, `faction_H`, `npcflag`, `npcflag2`, `speed_walk`, `speed_run`, `speed_fly`, `scale`, `rank`, `mindmg`, `maxdmg`, `dmgschool`, `attackpower`, `dmg_multiplier`, `baseattacktime`, `rangeattacktime`, `unit_class`, `unit_flags`, `unit_flags2`, `dynamicflags`, `family`, `trainer_type`, `trainer_spell`, `trainer_class`, `trainer_race`, `minrangedmg`, `maxrangedmg`, `rangedattackpower`, `type`, `type_flags`, `type_flags2`, `lootid`, `pickpocketloot`, `skinloot`, `resistance1`, `resistance2`, `resistance3`, `resistance4`, `resistance5`, `resistance6`, `spell1`, `spell2`, `spell3`, `spell4`, `spell5`, `spell6`, `spell7`, `spell8`, `PetSpellDataId`, `VehicleId`, `mingold`, `maxgold`, `AIName`, `MovementType`, `InhabitType`, `HoverHeight`, `Health_mod`, `Mana_mod`, `Mana_mod_extra`, `Armor_mod`, `RacialLeader`, `questItem1`, `questItem2`, `questItem3`, `questItem4`, `questItem5`, `questItem6`, `movementId`, `RegenHealth`, `equipment_id`, `mechanic_immune_mask`, `flags_extra`, `ScriptName`, `WDBVerified`) VALUES (72249, 0, 0, 0, 0, 0, 0, 0, 0, 0, 0, 0, 0, 0, 0, 0, 0, 0, 49337, 0, 0, 0, 'Galakras', 'The Last Brood of Galakrond', '', 0, 93, 93, 4, 0, 16, 16, 0, 0, 1, 1.14286, 1.14286, 1, 3, 17839, 24339, 0, 51299, 1, 2000, 2000, 1, 0, 0, 0, 0, 0, 0, 0, 0, 0, 0, 0, 2, 2621548, 0, 72276, 0, 0, 0, 0, 0, 0, 0, 0, 0, 0, 0, 0, 0, 0, 0, 0, 0, 0, 2613428, 2613428, '', 0, 3, 1, 318, 0.01, 1, 1, 0, 0, 0, 0, 0, 0, 0, 150, 1, 0, 0, 0, '', 17614);
INSERT INTO `creature_template` (`entry`, `difficulty_entry_1`, `difficulty_entry_2`, `difficulty_entry_3`, `difficulty_entry_4`, `difficulty_entry_5`, `difficulty_entry_6`, `difficulty_entry_7`, `difficulty_entry_8`, `difficulty_entry_9`, `difficulty_entry_10`, `difficulty_entry_11`, `difficulty_entry_12`, `difficulty_entry_13`, `difficulty_entry_14`, `difficulty_entry_15`, `KillCredit1`, `KillCredit2`, `modelid1`, `modelid2`, `modelid3`, `modelid4`, `name`, `subname`, `IconName`, `gossip_menu_id`, `minlevel`, `maxlevel`, `exp`, `exp_unk`, `faction_A`, `faction_H`, `npcflag`, `npcflag2`, `speed_walk`, `speed_run`, `speed_fly`, `scale`, `rank`, `mindmg`, `maxdmg`, `dmgschool`, `attackpower`, `dmg_multiplier`, `baseattacktime`, `rangeattacktime`, `unit_class`, `unit_flags`, `unit_flags2`, `dynamicflags`, `family`, `trainer_type`, `trainer_spell`, `trainer_class`, `trainer_race`, `minrangedmg`, `maxrangedmg`, `rangedattackpower`, `type`, `type_flags`, `type_flags2`, `lootid`, `pickpocketloot`, `skinloot`, `resistance1`, `resistance2`, `resistance3`, `resistance4`, `resistance5`, `resistance6`, `spell1`, `spell2`, `spell3`, `spell4`, `spell5`, `spell6`, `spell7`, `spell8`, `PetSpellDataId`, `VehicleId`, `mingold`, `maxgold`, `AIName`, `MovementType`, `InhabitType`, `HoverHeight`, `Health_mod`, `Mana_mod`, `Mana_mod_extra`, `Armor_mod`, `RacialLeader`, `questItem1`, `questItem2`, `questItem3`, `questItem4`, `questItem5`, `questItem6`, `movementId`, `RegenHealth`, `equipment_id`, `mechanic_immune_mask`, `flags_extra`, `ScriptName`, `WDBVerified`) VALUES (72276, 0, 0, 0, 0, 0, 0, 0, 0, 0, 0, 0, 0, 0, 0, 0, 0, 0, 49360, 0, 0, 0, 'Amalgam of Corruption', '', '', 0, 93, 93, 4, 0, 16, 16, 0, 0, 1, 1.14286, 1.14286, 1, 3, 17839, 24339, 0, 51299, 1, 2000, 2000, 1, 0, 0, 0, 0, 0, 0, 0, 0, 0, 0, 0, 15, 2097260, 0, 0, 0, 0, 0, 0, 0, 0, 0, 0, 0, 0, 0, 0, 0, 0, 0, 0, 0, 0, 2619503, 2619503, '', 0, 3, 1, 920, 1, 1, 1, 0, 0, 0, 0, 0, 0, 0, 0, 1, 0, 0, 0, '', 17614);
INSERT INTO `creature_template` (`entry`, `difficulty_entry_1`, `difficulty_entry_2`, `difficulty_entry_3`, `difficulty_entry_4`, `difficulty_entry_5`, `difficulty_entry_6`, `difficulty_entry_7`, `difficulty_entry_8`, `difficulty_entry_9`, `difficulty_entry_10`, `difficulty_entry_11`, `difficulty_entry_12`, `difficulty_entry_13`, `difficulty_entry_14`, `difficulty_entry_15`, `KillCredit1`, `KillCredit2`, `modelid1`, `modelid2`, `modelid3`, `modelid4`, `name`, `subname`, `IconName`, `gossip_menu_id`, `minlevel`, `maxlevel`, `exp`, `exp_unk`, `faction_A`, `faction_H`, `npcflag`, `npcflag2`, `speed_walk`, `speed_run`, `speed_fly`, `scale`, `rank`, `mindmg`, `maxdmg`, `dmgschool`, `attackpower`, `dmg_multiplier`, `baseattacktime`, `rangeattacktime`, `unit_class`, `unit_flags`, `unit_flags2`, `dynamicflags`, `family`, `trainer_type`, `trainer_spell`, `trainer_class`, `trainer_race`, `minrangedmg`, `maxrangedmg`, `rangedattackpower`, `type`, `type_flags`, `type_flags2`, `lootid`, `pickpocketloot`, `skinloot`, `resistance1`, `resistance2`, `resistance3`, `resistance4`, `resistance5`, `resistance6`, `spell1`, `spell2`, `spell3`, `spell4`, `spell5`, `spell6`, `spell7`, `spell8`, `PetSpellDataId`, `VehicleId`, `mingold`, `maxgold`, `AIName`, `MovementType`, `InhabitType`, `HoverHeight`, `Health_mod`, `Mana_mod`, `Mana_mod_extra`, `Armor_mod`, `RacialLeader`, `questItem1`, `questItem2`, `questItem3`, `questItem4`, `questItem5`, `questItem6`, `movementId`, `RegenHealth`, `equipment_id`, `mechanic_immune_mask`, `flags_extra`, `ScriptName`, `WDBVerified`) VALUES (72658, 0, 0, 0, 0, 0, 0, 0, 0, 0, 0, 0, 0, 0, 0, 0, 0, 0, 42216, 0, 0, 0, 'Amalgamated Hubris', '', '', 0, 91, 91, 4, 0, 16, 16, 0, 0, 1, 1.14286, 1.14286, 1, 1, 11839, 17339, 0, 45299, 1, 2000, 2000, 1, 0, 0, 0, 0, 0, 0, 0, 0, 0, 0, 0, 4, 2097224, 0, 72658, 0, 0, 0, 0, 0, 0, 0, 0, 0, 0, 0, 0, 0, 0, 0, 0, 0, 0, 0, 0, '', 0, 3, 1, 40, 1, 1, 1, 0, 0, 0, 0, 0, 0, 0, 151, 1, 0, 0, 0, '', 17614);
INSERT INTO `creature_template` (`entry`, `difficulty_entry_1`, `difficulty_entry_2`, `difficulty_entry_3`, `difficulty_entry_4`, `difficulty_entry_5`, `difficulty_entry_6`, `difficulty_entry_7`, `difficulty_entry_8`, `difficulty_entry_9`, `difficulty_entry_10`, `difficulty_entry_11`, `difficulty_entry_12`, `difficulty_entry_13`, `difficulty_entry_14`, `difficulty_entry_15`, `KillCredit1`, `KillCredit2`, `modelid1`, `modelid2`, `modelid3`, `modelid4`, `name`, `subname`, `IconName`, `gossip_menu_id`, `minlevel`, `maxlevel`, `exp`, `exp_unk`, `faction_A`, `faction_H`, `npcflag`, `npcflag2`, `speed_walk`, `speed_run`, `speed_fly`, `scale`, `rank`, `mindmg`, `maxdmg`, `dmgschool`, `attackpower`, `dmg_multiplier`, `baseattacktime`, `rangeattacktime`, `unit_class`, `unit_flags`, `unit_flags2`, `dynamicflags`, `family`, `trainer_type`, `trainer_spell`, `trainer_class`, `trainer_race`, `minrangedmg`, `maxrangedmg`, `rangedattackpower`, `type`, `type_flags`, `type_flags2`, `lootid`, `pickpocketloot`, `skinloot`, `resistance1`, `resistance2`, `resistance3`, `resistance4`, `resistance5`, `resistance6`, `spell1`, `spell2`, `spell3`, `spell4`, `spell5`, `spell6`, `spell7`, `spell8`, `PetSpellDataId`, `VehicleId`, `mingold`, `maxgold`, `AIName`, `MovementType`, `InhabitType`, `HoverHeight`, `Health_mod`, `Mana_mod`, `Mana_mod_extra`, `Armor_mod`, `RacialLeader`, `questItem1`, `questItem2`, `questItem3`, `questItem4`, `questItem5`, `questItem6`, `movementId`, `RegenHealth`, `equipment_id`, `mechanic_immune_mask`, `flags_extra`, `ScriptName`, `WDBVerified`) VALUES (72981, 0, 0, 0, 0, 0, 0, 0, 0, 0, 0, 0, 0, 0, 0, 0, 0, 0, 51016, 0, 0, 0, 'Aggron', 'Blackfuse Company', '', 0, 92, 92, 4, 0, 16, 16, 0, 0, 1, 1.14286, 1.14286, 1, 1, 11839, 17339, 0, 45299, 1, 2000, 2000, 1, 0, 0, 0, 0, 0, 0, 0, 0, 0, 0, 0, 7, 2097224, 0, 0, 0, 0, 0, 0, 0, 0, 0, 0, 0, 0, 0, 0, 0, 0, 0, 0, 0, 0, 0, 0, '', 0, 3, 1, 87.5, 1, 1, 1, 0, 0, 0, 0, 0, 0, 0, 186, 1, 0, 0, 0, '', 17614);
INSERT INTO `creature_template` (`entry`, `difficulty_entry_1`, `difficulty_entry_2`, `difficulty_entry_3`, `difficulty_entry_4`, `difficulty_entry_5`, `difficulty_entry_6`, `difficulty_entry_7`, `difficulty_entry_8`, `difficulty_entry_9`, `difficulty_entry_10`, `difficulty_entry_11`, `difficulty_entry_12`, `difficulty_entry_13`, `difficulty_entry_14`, `difficulty_entry_15`, `KillCredit1`, `KillCredit2`, `modelid1`, `modelid2`, `modelid3`, `modelid4`, `name`, `subname`, `IconName`, `gossip_menu_id`, `minlevel`, `maxlevel`, `exp`, `exp_unk`, `faction_A`, `faction_H`, `npcflag`, `npcflag2`, `speed_walk`, `speed_run`, `speed_fly`, `scale`, `rank`, `mindmg`, `maxdmg`, `dmgschool`, `attackpower`, `dmg_multiplier`, `baseattacktime`, `rangeattacktime`, `unit_class`, `unit_flags`, `unit_flags2`, `dynamicflags`, `family`, `trainer_type`, `trainer_spell`, `trainer_class`, `trainer_race`, `minrangedmg`, `maxrangedmg`, `rangedattackpower`, `type`, `type_flags`, `type_flags2`, `lootid`, `pickpocketloot`, `skinloot`, `resistance1`, `resistance2`, `resistance3`, `resistance4`, `resistance5`, `resistance6`, `spell1`, `spell2`, `spell3`, `spell4`, `spell5`, `spell6`, `spell7`, `spell8`, `PetSpellDataId`, `VehicleId`, `mingold`, `maxgold`, `AIName`, `MovementType`, `InhabitType`, `HoverHeight`, `Health_mod`, `Mana_mod`, `Mana_mod_extra`, `Armor_mod`, `RacialLeader`, `questItem1`, `questItem2`, `questItem3`, `questItem4`, `questItem5`, `questItem6`, `movementId`, `RegenHealth`, `equipment_id`, `mechanic_immune_mask`, `flags_extra`, `ScriptName`, `WDBVerified`) VALUES (73586, 0, 0, 0, 0, 0, 0, 0, 0, 0, 0, 0, 0, 0, 0, 0, 0, 0, 38876, 0, 0, 0, 'Amber Kearnen', 'SI:7', 'speak', 0, 90, 90, 4, 0, 16, 16, 0, 0, 1, 1.14286, 1.14286, 1, 0, 9839, 14339, 0, 42299, 1, 2000, 2000, 1, 0, 0, 0, 0, 0, 0, 0, 0, 0, 0, 0, 7, 2097256, 0, 0, 0, 0, 0, 0, 0, 0, 0, 0, 0, 0, 0, 0, 0, 0, 0, 0, 0, 0, 0, 0, '', 0, 3, 1, 200, 80, 1, 1, 0, 0, 0, 0, 0, 0, 0, 144, 1, 0, 0, 0, '', 17614);
INSERT INTO `creature_template` (`entry`, `difficulty_entry_1`, `difficulty_entry_2`, `difficulty_entry_3`, `difficulty_entry_4`, `difficulty_entry_5`, `difficulty_entry_6`, `difficulty_entry_7`, `difficulty_entry_8`, `difficulty_entry_9`, `difficulty_entry_10`, `difficulty_entry_11`, `difficulty_entry_12`, `difficulty_entry_13`, `difficulty_entry_14`, `difficulty_entry_15`, `KillCredit1`, `KillCredit2`, `modelid1`, `modelid2`, `modelid3`, `modelid4`, `name`, `subname`, `IconName`, `gossip_menu_id`, `minlevel`, `maxlevel`, `exp`, `exp_unk`, `faction_A`, `faction_H`, `npcflag`, `npcflag2`, `speed_walk`, `speed_run`, `speed_fly`, `scale`, `rank`, `mindmg`, `maxdmg`, `dmgschool`, `attackpower`, `dmg_multiplier`, `baseattacktime`, `rangeattacktime`, `unit_class`, `unit_flags`, `unit_flags2`, `dynamicflags`, `family`, `trainer_type`, `trainer_spell`, `trainer_class`, `trainer_race`, `minrangedmg`, `maxrangedmg`, `rangedattackpower`, `type`, `type_flags`, `type_flags2`, `lootid`, `pickpocketloot`, `skinloot`, `resistance1`, `resistance2`, `resistance3`, `resistance4`, `resistance5`, `resistance6`, `spell1`, `spell2`, `spell3`, `spell4`, `spell5`, `spell6`, `spell7`, `spell8`, `PetSpellDataId`, `VehicleId`, `mingold`, `maxgold`, `AIName`, `MovementType`, `InhabitType`, `HoverHeight`, `Health_mod`, `Mana_mod`, `Mana_mod_extra`, `Armor_mod`, `RacialLeader`, `questItem1`, `questItem2`, `questItem3`, `questItem4`, `questItem5`, `questItem6`, `movementId`, `RegenHealth`, `equipment_id`, `mechanic_immune_mask`, `flags_extra`, `ScriptName`, `WDBVerified`) VALUES (73587, 0, 0, 0, 0, 0, 0, 0, 0, 0, 0, 0, 0, 0, 0, 0, 0, 0, 46910, 0, 0, 0, 'Admiral Taylor', '', 'speak', 0, 90, 90, 4, 0, 16, 16, 0, 0, 1, 1.14286, 1.14286, 1, 1, 11839, 17339, 0, 45299, 1, 2000, 2000, 1, 0, 0, 0, 0, 0, 0, 0, 0, 0, 0, 0, 7, 2097256, 0, 0, 0, 0, 0, 0, 0, 0, 0, 0, 0, 0, 0, 0, 0, 0, 0, 0, 0, 0, 0, 0, '', 0, 3, 1, 10, 1, 1, 1, 0, 0, 0, 0, 0, 0, 0, 144, 1, 0, 0, 0, '', 17614);
INSERT INTO `creature_template` (`entry`, `difficulty_entry_1`, `difficulty_entry_2`, `difficulty_entry_3`, `difficulty_entry_4`, `difficulty_entry_5`, `difficulty_entry_6`, `difficulty_entry_7`, `difficulty_entry_8`, `difficulty_entry_9`, `difficulty_entry_10`, `difficulty_entry_11`, `difficulty_entry_12`, `difficulty_entry_13`, `difficulty_entry_14`, `difficulty_entry_15`, `KillCredit1`, `KillCredit2`, `modelid1`, `modelid2`, `modelid3`, `modelid4`, `name`, `subname`, `IconName`, `gossip_menu_id`, `minlevel`, `maxlevel`, `exp`, `exp_unk`, `faction_A`, `faction_H`, `npcflag`, `npcflag2`, `speed_walk`, `speed_run`, `speed_fly`, `scale`, `rank`, `mindmg`, `maxdmg`, `dmgschool`, `attackpower`, `dmg_multiplier`, `baseattacktime`, `rangeattacktime`, `unit_class`, `unit_flags`, `unit_flags2`, `dynamicflags`, `family`, `trainer_type`, `trainer_spell`, `trainer_class`, `trainer_race`, `minrangedmg`, `maxrangedmg`, `rangedattackpower`, `type`, `type_flags`, `type_flags2`, `lootid`, `pickpocketloot`, `skinloot`, `resistance1`, `resistance2`, `resistance3`, `resistance4`, `resistance5`, `resistance6`, `spell1`, `spell2`, `spell3`, `spell4`, `spell5`, `spell6`, `spell7`, `spell8`, `PetSpellDataId`, `VehicleId`, `mingold`, `maxgold`, `AIName`, `MovementType`, `InhabitType`, `HoverHeight`, `Health_mod`, `Mana_mod`, `Mana_mod_extra`, `Armor_mod`, `RacialLeader`, `questItem1`, `questItem2`, `questItem3`, `questItem4`, `questItem5`, `questItem6`, `movementId`, `RegenHealth`, `equipment_id`, `mechanic_immune_mask`, `flags_extra`, `ScriptName`, `WDBVerified`) VALUES (73889, 0, 0, 0, 0, 0, 0, 0, 0, 0, 0, 0, 0, 0, 0, 0, 0, 0, 51602, 0, 0, 0, 'Advisor Mukkdor', '', '', 0, 90, 90, 4, 0, 16, 16, 0, 0, 1, 1.14286, 1.14286, 1, 1, 11839, 17339, 0, 45299, 1, 2000, 2000, 1, 0, 0, 0, 0, 0, 0, 0, 0, 0, 0, 0, 7, 0, 0, 0, 0, 0, 0, 0, 0, 0, 0, 0, 0, 0, 0, 0, 0, 0, 0, 0, 0, 0, 0, 0, '', 0, 3, 1, 1, 1, 1, 1, 0, 0, 0, 0, 0, 0, 0, 0, 1, 0, 0, 0, '', 17614);
DELETE FROM `creature_loot_template` WHERE entry='71161';
INSERT INTO `creature_loot_template` VALUES ('71161', '89112', '10.21', '1', '0', '3', '19');
INSERT INTO `creature_loot_template` VALUES ('71161', '99751', '9.24', '1', '0', '1', '1');
INSERT INTO `creature_loot_template` VALUES ('71161', '99752', '7.96', '1', '0', '1', '1');
INSERT INTO `creature_loot_template` VALUES ('71161', '99753', '8.77', '1', '0', '1', '1');
INSERT INTO `creature_loot_template` VALUES ('71161', '104165', '8.53', '1', '0', '1', '1');
INSERT INTO `creature_loot_template` VALUES ('71161', '105714', '11.03', '1', '0', '1', '1');
DELETE FROM `creature_loot_template` WHERE entry='71454';
INSERT INTO `creature_loot_template` VALUES ('71454', '105714', '14.11', '1', '0', '1', '1');
DELETE FROM `creature_loot_template` WHERE entry='71466';
INSERT INTO `creature_loot_template` VALUES ('71466', '105714', '15', '1', '0', '1', '1');
INSERT INTO `creature_loot_template` VALUES ('71466', '94593', '15', '1', '0', '1', '1');
INSERT INTO `creature_loot_template` VALUES ('71466', '87208', '15', '1', '0', '1', '1');
INSERT INTO `creature_loot_template` VALUES ('71466', '87209', '15', '1', '0', '1', '1');
INSERT INTO `creature_loot_template` VALUES ('71466', '94594', '15', '1', '0', '1', '1');
DELETE FROM `creature_loot_template` WHERE entry='71504';
INSERT INTO `creature_loot_template` VALUES ('71504', '99754', '16', '1', '0', '1', '1');
INSERT INTO `creature_loot_template` VALUES ('71504', '99756', '11', '1', '0', '1', '1');
INSERT INTO `creature_loot_template` VALUES ('71504', '99755', '9', '1', '0', '1', '1');
INSERT INTO `creature_loot_template` VALUES ('71504', '104158', '7', '1', '0', '1', '1');
INSERT INTO `creature_loot_template` VALUES ('71504', '105714', '4', '1', '0', '1', '1');
DELETE FROM `creature_loot_template` WHERE entry='71515';
INSERT INTO `creature_loot_template` VALUES ('71515', '99747', '8', '1', '0', '1', '1');
INSERT INTO `creature_loot_template` VALUES ('71515', '99745', '8', '1', '0', '1', '1');
INSERT INTO `creature_loot_template` VALUES ('71515', '99746', '8', '1', '0', '1', '1');
INSERT INTO `creature_loot_template` VALUES ('71515', '105714', '8', '1', '0', '1', '1');
INSERT INTO `creature_loot_template` VALUES ('71515', '21524', '8', '1', '0', '1', '1');
INSERT INTO `creature_loot_template` VALUES ('71515', '94593', '8', '1', '0', '1', '1');
INSERT INTO `creature_loot_template` VALUES ('71515', '87208', '8', '1', '0', '1', '1');
INSERT INTO `creature_loot_template` VALUES ('71515', '87209', '8', '1', '0', '1', '1');
INSERT INTO `creature_loot_template` VALUES ('71515', '94594', '8', '1', '0', '1', '1');
DELETE FROM `creature_loot_template` WHERE entry='71529';
INSERT INTO `creature_loot_template` VALUES ('71529', '99750', '6', '1', '0', '1', '1');
INSERT INTO `creature_loot_template` VALUES ('71529', '99748', '6', '1', '0', '1', '1');
INSERT INTO `creature_loot_template` VALUES ('71529', '99749', '6', '1', '0', '1', '1');
INSERT INTO `creature_loot_template` VALUES ('71529', '105714', '6', '1', '0', '1', '1');
DELETE FROM `creature_loot_template` WHERE entry='71734';
INSERT INTO `creature_loot_template` VALUES ('71734', '99742', '6', '1', '0', '1', '1');
INSERT INTO `creature_loot_template` VALUES ('71734', '99743', '6', '1', '0', '1', '1');
INSERT INTO `creature_loot_template` VALUES ('71734', '99744', '6', '1', '0', '1', '1');
INSERT INTO `creature_loot_template` VALUES ('71734', '104162', '6', '1', '0', '1', '1');
INSERT INTO `creature_loot_template` VALUES ('71734', '104163', '6', '1', '0', '1', '1');
INSERT INTO `creature_loot_template` VALUES ('71734', '94593', '6', '1', '0', '1', '1');
INSERT INTO `creature_loot_template` VALUES ('71734', '105713', '6', '1', '0', '1', '1');
INSERT INTO `creature_loot_template` VALUES ('71734', '87208', '6', '1', '0', '1', '1');
INSERT INTO `creature_loot_template` VALUES ('71734', '87209', '6', '1', '0', '1', '1');
INSERT INTO `creature_loot_template` VALUES ('71734', '94594', '6', '1', '0', '1', '1');
DELETE FROM `creature_loot_template` WHERE entry='71858';
INSERT INTO `creature_loot_template` VALUES ('71858', '105714', '6', '1', '0', '1', '1');
INSERT INTO `creature_loot_template` VALUES ('71858', '99742', '6', '1', '0', '1', '1');
INSERT INTO `creature_loot_template` VALUES ('71858', '105751', '6', '1', '0', '1', '1');
INSERT INTO `creature_loot_template` VALUES ('71858', '94593', '6', '1', '0', '1', '1');
INSERT INTO `creature_loot_template` VALUES ('71858', '87208', '6', '1', '0', '1', '1');
INSERT INTO `creature_loot_template` VALUES ('71858', '87209', '6', '1', '0', '1', '1');
INSERT INTO `creature_loot_template` VALUES ('71858', '94594', '6', '1', '0', '1', '1');
DELETE FROM `creature_loot_template` WHERE entry='71859';
INSERT INTO `creature_loot_template` VALUES ('71859', '44970', '5', '1', '0', '3', '19');
INSERT INTO `creature_loot_template` VALUES ('71859', '105714', '6', '1', '0', '1', '1');
INSERT INTO `creature_loot_template` VALUES ('71859', '105751', '6', '1', '0', '1', '1');
INSERT INTO `creature_loot_template` VALUES ('71859', '87208', '6', '1', '0', '1', '1');
INSERT INTO `creature_loot_template` VALUES ('71859', '87209', '6', '1', '0', '1', '1');
INSERT INTO `creature_loot_template` VALUES ('71859', '94593', '6', '1', '0', '1', '1');
INSERT INTO `creature_loot_template` VALUES ('71859', '94594', '6', '1', '0', '1', '1');
DELETE FROM `creature_loot_template` WHERE entry='71865';
INSERT INTO `creature_loot_template` VALUES ('71865', '105863', '5', '1', '0', '3', '19');
INSERT INTO `creature_loot_template` VALUES ('71865', '105864', '9', '1', '0', '1', '1');
INSERT INTO `creature_loot_template` VALUES ('71865', '105865', '13', '1', '0', '1', '1');
INSERT INTO `creature_loot_template` VALUES ('71865', '105714', '17', '1', '0', '1', '1');
DELETE FROM `creature_loot_template` WHERE entry='72249';
INSERT INTO `creature_loot_template` VALUES ('72249', '21525', '5', '1', '0', '3', '19');
INSERT INTO `creature_loot_template` VALUES ('72249', '105714', '6', '1', '0', '1', '1');
INSERT INTO `creature_loot_template` VALUES ('72249', '105751', '6', '1', '0', '1', '1');
INSERT INTO `creature_loot_template` VALUES ('72249', '94593', '6', '1', '0', '1', '1');
INSERT INTO `creature_loot_template` VALUES ('72249', '87208', '6', '1', '0', '1', '1');
INSERT INTO `creature_loot_template` VALUES ('72249', '87209', '6', '1', '0', '1', '1');
INSERT INTO `creature_loot_template` VALUES ('72249', '94594', '6', '1', '0', '1', '1');
DELETE FROM `creature_loot_template` WHERE entry='72276';
INSERT INTO `creature_loot_template` VALUES ('72276', '105713', '12', '1', '0', '1', '1');
INSERT INTO `creature_loot_template` VALUES ('72276', '94593', '9', '1', '0', '1', '1');
INSERT INTO `creature_loot_template` VALUES ('72276', '87208', '20', '1', '0', '1', '1');
INSERT INTO `creature_loot_template` VALUES ('72276', '87209', '14', '1', '0', '1', '1');
INSERT INTO `creature_loot_template` VALUES ('72276', '94594', '22', '1', '0', '1', '1');
